Input name	RefMet_ID	Formula	Exact mass	Super class	Main class	Sub class	PubChem_CID	ChEBI_ID	HMDB_ID	LM_ID	KEGG_ID	INCHI_KEY	SMILES	Standardized name	ChEBI_ID_Step1_reactome	Reactome_Pathways_Step1	KEGG_Compounds_Step1	KEGG_Pathways_Step1	CHEBI_Exact_From_Names	CHEBI_Fuzzy_From_Names	CHEBI_From_Names_All	CHEBI_ID_Step2	KEGG_Exact_From_Names	KEGG_Fuzzy_From_Names	KEGG_From_Names_All	KEGG_ID_Step2	ChEBI_ID_Step2_reactome	Reactome_Pathways_Step2	KEGG_Compounds_Step2	KEGG_Pathways_Step2	CHEBI_RO_Equivalents	CHEBI_ID_Step3	KEGG_ID_Step3	ChEBI_ID_Step3_reactome	Reactome_Pathways_Step3	KEGG_Compounds_Step3	KEGG_Pathways_Step3	CHEBI_is_a_Equivalents	CHEBI_ID_Step4	KEGG_ID_Step4	ChEBI_ID_Step4_reactome	Reactome_Pathways_Step4	KEGG_Compounds_Step4	KEGG_Pathways_Step4	CHEBI_IsA_Generalisation	Reactome_Pathways_IsA_Generalisation	n_pathways_isa_generalisation
DG(41:5)	RM0134386	C44H76O5	684.5693	Glycerolipids	Diradylglycerols	DAG								DG 41:5					CHEBI:132491	CHEBI:132491	CHEBI:132491	CHEBI:132491										CHEBI:132491							CHEBI:132491						CHEBI:18035	R-HSA-112043,R-HSA-1250196,R-HSA-192456,R-HSA-202424,R-HSA-202433,R-HSA-2029485,R-HSA-2871809,R-HSA-2871837,R-HSA-418890,R-HSA-5218921,R-HSA-5607764,R-HSA-6809371,R-HSA-8963889,R-HSA-8963901,R-HSA-8964058,R-HSA-9027277,R-HSA-9648002,R-HSA-9664323,R-HSA-9680350,R-HSA-975634	20
1-(2,5-Dimethoxyphenyl)-1-[(trimethylsilyl)oxy]propan-2-amine	-	-	-	-	-	-	-		-	-		-	-	-					CHEBI:183262	CHEBI:183262	CHEBI:183262	CHEBI:183262										CHEBI:183262							CHEBI:183262								0
FA(18:1)	RM0140004	C18H34O2	282.2559	Fatty Acyls	Fatty acids	Unsaturated FA								Octadecenoic acid					CHEBI:25634,CHEBI:140948	CHEBI:25634,CHEBI:140948,CHEBI:140948,CHEBI:16196	CHEBI:25634,CHEBI:140948,CHEBI:16196	CHEBI:16196,CHEBI:25634,CHEBI:140948	C00712	C00712	C00712	C00712			C00712	map00061,map00073,map01040,map01060,map04212	CHEBI:30823,CHEBI:78049	CHEBI:16196,CHEBI:25634,CHEBI:30823,CHEBI:78049,CHEBI:140948	C00712	CHEBI:30823	R-HSA-112310,R-HSA-2453902,R-HSA-381771,R-HSA-400511,R-HSA-416476,R-HSA-434316,R-HSA-444209,R-HSA-444209,R-HSA-5619108,R-HSA-804914,R-HSA-9673163,R-HSA-975634	C00712	map00061,map00073,map01040,map01060,map04212	CHEBI:27997,CHEBI:28194,CHEBI:28727,CHEBI:30825,CHEBI:30827,CHEBI:30828,CHEBI:30829,CHEBI:32375,CHEBI:32377,CHEBI:36021,CHEBI:36022,CHEBI:36023,CHEBI:50464,CHEBI:50498,CHEBI:50572,CHEBI:50573,CHEBI:50575,CHEBI:82617,CHEBI:82618,CHEBI:132944,CHEBI:143770,CHEBI:192538,CHEBI:192539,CHEBI:194438,CHEBI:194454,CHEBI:195300	CHEBI:16196,CHEBI:25634,CHEBI:27997,CHEBI:28194,CHEBI:28727,CHEBI:30823,CHEBI:30825,CHEBI:30827,CHEBI:30828,CHEBI:30829,CHEBI:32375,CHEBI:32377,CHEBI:36021,CHEBI:36022,CHEBI:36023,CHEBI:50464,CHEBI:50498,CHEBI:50572,CHEBI:50573,CHEBI:50575,CHEBI:78049,CHEBI:82617,CHEBI:82618,CHEBI:132944,CHEBI:140948,CHEBI:143770,CHEBI:192538,CHEBI:192539,CHEBI:194438,CHEBI:194454,CHEBI:195300	C00712,C01712,C08363,C08367	CHEBI:27997,CHEBI:30823	R-HSA-381771,R-HSA-416476,R-HSA-444209,R-HSA-112310,R-HSA-2453902,R-HSA-381771,R-HSA-400511,R-HSA-416476,R-HSA-434316,R-HSA-444209,R-HSA-444209,R-HSA-5619108,R-HSA-804914,R-HSA-9673163,R-HSA-975634	C00712	map00061,map00073,map01040,map01060,map04212			0
PC(17:1_18:2)	RM0025431	C43H80NO8P	769.5622	Glycerophospholipids	Glycerophosphocholines	PC								PC 17:1_18:2																																	0
2,2,4,6,6-pentamethyl-Heptane	-	-	-	-	-	-	-		-	-		-	-	-																																	0
FA(18:2)	RM0137483	C18H32O2	280.2402	Fatty Acyls	Fatty acids	Unsaturated FA								Octadecadienoic acid					CHEBI:25627,CHEBI:140949	CHEBI:25627,CHEBI:140949,CHEBI:140949	CHEBI:25627,CHEBI:140949	CHEBI:25627,CHEBI:140949									CHEBI:25626	CHEBI:25626,CHEBI:25627,CHEBI:140949						CHEBI:17351,CHEBI:17539,CHEBI:24993,CHEBI:30245,CHEBI:32798,CHEBI:34496,CHEBI:36025,CHEBI:36331,CHEBI:38393,CHEBI:38401,CHEBI:38402,CHEBI:44526,CHEBI:72651,CHEBI:75108,CHEBI:77200,CHEBI:77852,CHEBI:77895,CHEBI:78705,CHEBI:78730,CHEBI:82749,CHEBI:83063,CHEBI:83066,CHEBI:86141,CHEBI:88464,CHEBI:92157,CHEBI:94780,CHEBI:133820,CHEBI:137802,CHEBI:138083,CHEBI:165453,CHEBI:165454,CHEBI:165493,CHEBI:165767,CHEBI:165769,CHEBI:165770,CHEBI:165771,CHEBI:165772,CHEBI:165773,CHEBI:170098,CHEBI:181324,CHEBI:183601,CHEBI:186839,CHEBI:186883,CHEBI:187051,CHEBI:187256,CHEBI:188305,CHEBI:190309,CHEBI:190732,CHEBI:194440,CHEBI:194450,CHEBI:194480	CHEBI:17351,CHEBI:17539,CHEBI:24993,CHEBI:25626,CHEBI:25627,CHEBI:30245,CHEBI:32798,CHEBI:34496,CHEBI:36025,CHEBI:36331,CHEBI:38393,CHEBI:38401,CHEBI:38402,CHEBI:44526,CHEBI:72651,CHEBI:75108,CHEBI:77200,CHEBI:77852,CHEBI:77895,CHEBI:78705,CHEBI:78730,CHEBI:82749,CHEBI:83063,CHEBI:83066,CHEBI:86141,CHEBI:88464,CHEBI:92157,CHEBI:94780,CHEBI:133820,CHEBI:137802,CHEBI:138083,CHEBI:140949,CHEBI:165453,CHEBI:165454,CHEBI:165493,CHEBI:165767,CHEBI:165769,CHEBI:165770,CHEBI:165771,CHEBI:165772,CHEBI:165773,CHEBI:170098,CHEBI:181324,CHEBI:183601,CHEBI:186839,CHEBI:186883,CHEBI:187051,CHEBI:187256,CHEBI:188305,CHEBI:190309,CHEBI:190732,CHEBI:194440,CHEBI:194450,CHEBI:194480	C01595,C04056,C14767	CHEBI:17351,CHEBI:34496	R-HSA-1368108,R-HSA-1989781,R-HSA-1989781,R-HSA-2046105,R-HSA-2151201,R-HSA-2426168,R-HSA-2453902,R-HSA-381340,R-HSA-400206,R-HSA-5619108,R-HSA-804914,R-HSA-9707564,R-HSA-9707616,R-HSA-975634,R-HSA-9931509,R-HSA-9933387,R-HSA-1989781,R-HSA-381340,R-HSA-381340,R-HSA-8943724,R-HSA-8943724,R-HSA-9841922,R-HSA-9841922,R-HSA-9844594	C01595,C04056,C14767	map01100,map00591,map01040,map01060,map00591,map00591,map03320			0
DG(20:5_22:6)	RM0033722	C45H66O5	686.4910	Glycerolipids	Diradylglycerols	DAG								DG 20:5_22:6																																	0
Octadecanoic acid	RM0153574	C18H36O2	284.2715	Fatty Acyls	Fatty acids	Saturated FA	5281	CHEBI:28842	HMDB0000827	LMFA01010018	C01530	QIQXTHQIDYTFRH-UHFFFAOYSA-N	CCCCCCCCCCCCCCCCCC(=O)O	Stearic acid			C01530	map01100,map00061,map01040,map01060,map04745	CHEBI:28842,CHEBI:28842	CHEBI:28842,CHEBI:28842	CHEBI:28842,CHEBI:28842	CHEBI:28842	C01530	C01530	C01530	C01530			C01530	map01100,map00061,map01040,map01060,map04745	CHEBI:25629	CHEBI:25629,CHEBI:28842	C01530			C01530	map01100,map00061,map01040,map01060,map04745		CHEBI:25629,CHEBI:28842	C01530			C01530	map01100,map00061,map01040,map01060,map04745	CHEBI:15904	R-HSA-1369062,R-HSA-192456,R-HSA-3000471,R-HSA-390247,R-HSA-5684045,R-HSA-77289,R-HSA-8963901,R-HSA-8964058,R-HSA-975634	9
(E)-11-Octadecenoic acid	RM0152793	C18H34O2	282.2559	Fatty Acyls	Fatty acids	Unsaturated FA	5281127	CHEBI:28727	HMDB0003231	LMFA01030077	C08367	UWHZIFQPPBDJPM-BQYQJAHWSA-N	CCCCCC/C=C/CCCCCCCCCC(=O)O	trans-Vaccenic acid					CHEBI:28727	CHEBI:28727	CHEBI:28727	CHEBI:28727	C08367	C08367	C08367	C08367					CHEBI:30828	CHEBI:28727,CHEBI:30828	C08367						CHEBI:28727,CHEBI:30828	C08367					CHEBI:15904,CHEBI:35366	R-HSA-1369062,R-HSA-1482883,R-HSA-167826,R-HSA-192456,R-HSA-3000471,R-HSA-390247,R-HSA-422085,R-HSA-426048,R-HSA-5684045,R-HSA-6809371,R-HSA-6811436,R-HSA-77289,R-HSA-8963889,R-HSA-8963901,R-HSA-8964038,R-HSA-8964058,R-HSA-975634	17
NAE(22:5)	RM0153911	C24H39NO2	373.2981	Fatty Acyls	Fatty amides	NAE								Docosapentaenoyl-EA						CHEBI:134164	CHEBI:134164	CHEBI:134164										CHEBI:134164							CHEBI:134164						CHEBI:18059,CHEBI:30879	R-HSA-1222556,R-HSA-1369062,R-HSA-1483166,R-HSA-2022377,R-HSA-5682294,R-HSA-804914,R-HSA-8935690,R-HSA-8941413	8
Heptadecanoic acid	RM0149933	C17H34O2	270.2559	Fatty Acyls	Fatty acids	Saturated FA	10465	CHEBI:32365	HMDB0002259	LMFA01010017		KEMQGTRYUADPNZ-UHFFFAOYSA-N	CCCCCCCCCCCCCCCCC(=O)O	Margaric acid					CHEBI:32365	CHEBI:32365	CHEBI:32365	CHEBI:32365									CHEBI:32366	CHEBI:32365,CHEBI:32366							CHEBI:32365,CHEBI:32366						CHEBI:15904	R-HSA-1369062,R-HSA-192456,R-HSA-3000471,R-HSA-390247,R-HSA-5684045,R-HSA-77289,R-HSA-8963901,R-HSA-8964058,R-HSA-975634	9
DG(34:0_18:1)	RM0033593	C55H106O5	846.8040	Glycerolipids	Diradylglycerols	DAG								DG 18:1_34:0																																	0
DG(17:0)	RM0174321	C20H38O5	358.2719	Glycerolipids	Diradylglycerols	DAG								DG 17:0																																	0
FA(20:4)	RM0152034	C20H32O2	304.2402	Fatty Acyls	Fatty acids	Unsaturated FA								Eicosatetraenoic acid					CHEBI:166893,CHEBI:36033	CHEBI:166893,CHEBI:36033,CHEBI:132539	CHEBI:166893,CHEBI:36033,CHEBI:132539	CHEBI:36033,CHEBI:132539,CHEBI:166893									CHEBI:62920	CHEBI:36033,CHEBI:62920,CHEBI:132539,CHEBI:166893						CHEBI:15843,CHEBI:32395,CHEBI:36035,CHEBI:36038,CHEBI:36039,CHEBI:36040,CHEBI:36042,CHEBI:36045,CHEBI:36232,CHEBI:36302,CHEBI:36306,CHEBI:64014,CHEBI:71488,CHEBI:71563,CHEBI:78806,CHEBI:82835	CHEBI:15843,CHEBI:32395,CHEBI:36033,CHEBI:36035,CHEBI:36038,CHEBI:36039,CHEBI:36040,CHEBI:36042,CHEBI:36045,CHEBI:36232,CHEBI:36302,CHEBI:36306,CHEBI:62920,CHEBI:64014,CHEBI:71488,CHEBI:71563,CHEBI:78806,CHEBI:82835,CHEBI:132539,CHEBI:166893	C00219	CHEBI:32395	R-HSA-111995,R-HSA-112310,R-HSA-1368108,R-HSA-140180,R-HSA-1989781,R-HSA-1989781,R-HSA-2029485,R-HSA-211935,R-HSA-211958,R-HSA-2142670,R-HSA-2142688,R-HSA-2142691,R-HSA-2142696,R-HSA-2142712,R-HSA-2142753,R-HSA-2142753,R-HSA-2142770,R-HSA-2142816,R-HSA-2151201,R-HSA-2162123,R-HSA-2426168,R-HSA-381340,R-HSA-400206,R-HSA-426048,R-HSA-5579011,R-HSA-5668599,R-HSA-75876,R-HSA-9707564,R-HSA-9707616,R-HSA-9931509,R-HSA-9933387	C00219	map01100,map00590,map00591,map01040,map04216,map04217,map04611,map04664,map04666,map04923,map04912,map04913,map04921,map04925,map04270,map04726,map04730,map04723,map04745,map04750,map05146,map05140,map07034			0
trans-13-Octadecenoic acid	-	-	-	-	-	-	-		-	-		-	-	-					CHEBI:143770	CHEBI:143770	CHEBI:143770	CHEBI:143770										CHEBI:143770							CHEBI:143770						CHEBI:15904,CHEBI:35366	R-HSA-1369062,R-HSA-1482883,R-HSA-167826,R-HSA-192456,R-HSA-3000471,R-HSA-390247,R-HSA-422085,R-HSA-426048,R-HSA-5684045,R-HSA-6809371,R-HSA-6811436,R-HSA-77289,R-HSA-8963889,R-HSA-8963901,R-HSA-8964038,R-HSA-8964058,R-HSA-975634	17
2-Hydroxy-3-methylbutyric acid	RM0153673	C5H10O3	118.0630	Fatty Acyls	Fatty acids	Hydroxy FA	853180	CHEBI:60631	HMDB0000407	LMFA01050390		NGEWQZIDQIYUNV-BYPYZUCNSA-N	CC(C)[C@@H](C(=O)O)O	2-Hydroxy-3-methylbutyric acid					CHEBI:60645	CHEBI:60645	CHEBI:60645	CHEBI:60631,CHEBI:60645									CHEBI:46415,CHEBI:64669,CHEBI:145660,CHEBI:744019	CHEBI:46415,CHEBI:60631,CHEBI:60645,CHEBI:64669,CHEBI:145660,CHEBI:744019							CHEBI:46415,CHEBI:60631,CHEBI:60645,CHEBI:64669,CHEBI:145660,CHEBI:744019						CHEBI:33575	R-HSA-6809371	1
DG(24:3)	RM0033610	C27H46O5	450.3345	Glycerolipids	Diradylglycerols	DAG								DG 24:3																																	0
D-(-)-Ribofuranose	RM0006551	C5H10O5	150.0528	Carbohydrates	Monosaccharides	Pentoses	5779	CHEBI:47013	HMDB0000283		C00121	HMFHBZSHGGEWLO-SOOFDHNKSA-N	C([C@@H]1[C@H]([C@H](C(O)O1)O)O)O	Ribose	CHEBI:47013	R-HSA-71336	C00121	map01100,map00030,map02010,map02030	CHEBI:27476,CHEBI:45506,CHEBI:47013,CHEBI:33942	CHEBI:27476,CHEBI:45506,CHEBI:47013,CHEBI:33942	CHEBI:27476,CHEBI:45506,CHEBI:47013,CHEBI:33942	CHEBI:27476,CHEBI:33942,CHEBI:45506,CHEBI:47013	C00121,C08353	C00121,C08353	C00121,C08353	C00121,C08353	CHEBI:47013	R-HSA-71336	C00121	map01100,map00030,map02010,map02030	CHEBI:47004,CHEBI:47012	CHEBI:27476,CHEBI:33942,CHEBI:45506,CHEBI:47004,CHEBI:47012,CHEBI:47013	C00121,C08353	CHEBI:47013	R-HSA-71336	C00121	map01100,map00030,map02010,map02030	CHEBI:16988,CHEBI:46997,CHEBI:46998,CHEBI:47000,CHEBI:47002,CHEBI:47005,CHEBI:47006,CHEBI:47007,CHEBI:47008,CHEBI:47010,CHEBI:47011,CHEBI:47014,CHEBI:47015,CHEBI:47024	CHEBI:16988,CHEBI:27476,CHEBI:33942,CHEBI:45506,CHEBI:46997,CHEBI:46998,CHEBI:47000,CHEBI:47002,CHEBI:47004,CHEBI:47005,CHEBI:47006,CHEBI:47007,CHEBI:47008,CHEBI:47010,CHEBI:47011,CHEBI:47012,CHEBI:47013,CHEBI:47014,CHEBI:47015,CHEBI:47024	C00121,C08353,C16639	CHEBI:47013	R-HSA-71336	C00121	map01100,map00030,map02010,map02030			0
DG(16:0_34:1)	RM0174293	C53H102O5	818.7727	Glycerolipids	Diradylglycerols	DAG								DG 16:0_34:1																																	0
NAE(22:4)	RM0153083	C24H41NO2	375.3137	Fatty Acyls	Fatty amides	NAE	5282273	CHEBI:34478	HMDB0013626	LMFA08040047	C13829	FMVHVRYFQIXOAF-DOFZRALJSA-N	CCCCC/C=C\C/C=C\C/C=C\C/C=C\CCCCCC(=O)NCCO	Adrenoyl-EA						CHEBI:134163	CHEBI:134163	CHEBI:34478,CHEBI:134163	C13829	C13829	C13829	C13829						CHEBI:34478,CHEBI:134163	C13829					CHEBI:109536	CHEBI:34478,CHEBI:109536,CHEBI:134163	C13829					CHEBI:18059,CHEBI:30879	R-HSA-1222556,R-HSA-1369062,R-HSA-1483166,R-HSA-2022377,R-HSA-5682294,R-HSA-804914,R-HSA-8935690,R-HSA-8941413	8
Glycerol	RM0135887	C3H8O3	92.0473	Organic oxygen compounds	Alcohols and polyols	1,2-diols	753	CHEBI:17754	HMDB0000131		C00116	PEDCQBHIVMGVHV-UHFFFAOYSA-N	C(C(CO)O)O	Glycerol	CHEBI:17754	R-HSA-1482883,R-HSA-1483148,R-HSA-1483206,R-HSA-163560,R-HSA-192456,R-HSA-426048,R-HSA-432030,R-HSA-432047,R-HSA-75109	C00116	map01100,map01110,map01120,map00040,map00052,map00561,map02010,map04923,map04723,map04714	CHEBI:17754,CHEBI:17754,CHEBI:17754	CHEBI:17754,CHEBI:17754,CHEBI:17754	CHEBI:17754,CHEBI:17754,CHEBI:17754	CHEBI:17754	C00116	C00116	C00116	C00116	CHEBI:17754	R-HSA-1482883,R-HSA-1483148,R-HSA-1483206,R-HSA-163560,R-HSA-192456,R-HSA-426048,R-HSA-432030,R-HSA-432047,R-HSA-75109	C00116	map01100,map01110,map01120,map00040,map00052,map00561,map02010,map04923,map04723,map04714		CHEBI:17754	C00116	CHEBI:17754	R-HSA-1482883,R-HSA-1483148,R-HSA-1483206,R-HSA-163560,R-HSA-192456,R-HSA-426048,R-HSA-432030,R-HSA-432047,R-HSA-75109	C00116	map01100,map01110,map01120,map00040,map00052,map00561,map02010,map04923,map04723,map04714		CHEBI:17754	C00116	CHEBI:17754	R-HSA-1482883,R-HSA-1483148,R-HSA-1483206,R-HSA-163560,R-HSA-192456,R-HSA-426048,R-HSA-432030,R-HSA-432047,R-HSA-75109	C00116	map01100,map01110,map01120,map00040,map00052,map00561,map02010,map04923,map04723,map04714			0
3-Hydroxyisovaleric acid	RM0152879	C5H10O3	118.0630	Fatty Acyls	Fatty acids	Hydroxy FA	69362	CHEBI:37084	HMDB0000754	LMFA01050396		AXFYFNCPONWUHW-UHFFFAOYSA-N	CC(C)(CC(=O)O)O	3-Hydroxyisovaleric acid					CHEBI:37084	CHEBI:37084	CHEBI:37084	CHEBI:37084									CHEBI:82957	CHEBI:37084,CHEBI:82957							CHEBI:37084,CHEBI:82957						CHEBI:33575	R-HSA-6809371	1
1,2-Benzenedicarboxylic acid, bis(2-methylpropyl) ester	-	-	-	-	-	-	-		-	-		-	-	-																																	0
DG(37:7)	RM0004504	C40H64O5	624.4754	Glycerolipids	Diradylglycerols	DAG								DG 37:7																																	0
D-(+)-Talofuranose	-	-	-	-	-	-	-		-	-		-	-	-																																	0
3,4-Dihydroxybutanoic acid	RM0153368	C4H8O4	120.0423	Fatty Acyls	Fatty acids	Hydroxy FA	10920498	CHEBI:137814	HMDB0000337	LMFA01050378		DZAIOXUZHHTJKN-VKHMYHEASA-N	C([C@@H](CO)O)C(=O)O	3,4-Dihydroxybutyric acid					CHEBI:86371	CHEBI:86371	CHEBI:86371	CHEBI:86371,CHEBI:137814										CHEBI:86371,CHEBI:137814							CHEBI:86371,CHEBI:137814						CHEBI:24654,CHEBI:33575	R-HSA-3000471,R-HSA-3000480,R-HSA-3000484,R-HSA-5686938,R-HSA-6809371	5
TG(18:0_18:1_20:3)	RM0074000	C59H106O6	910.7989	Glycerolipids	Triradylglycerols	TAG								TG 18:0_18:1_20:3																																	0
TG(16:0_18:1_24:5)	-	-	-	-	-	-	-		-	-		-	-	-																																	0
2,6-dimethyl-Nonane	-	-	-	-	-	-	-		-	-		-	-	-																																	0
TG(18:1_18:2_22:5)	RM0068241	C61H102O6	930.7676	Glycerolipids	Triradylglycerols	TAG								TG 18:1_18:2_22:5																																	0
2,5-Dimethoxymandelic acid	-	-	-	-	-	-	-		-	-		-	-	-					CHEBI:183270	CHEBI:183270	CHEBI:183270	CHEBI:183270										CHEBI:183270							CHEBI:183270								0
Palmitic Acid	RM0153571	C16H32O2	256.2402	Fatty Acyls	Fatty acids	Saturated FA	985	CHEBI:15756	HMDB0000220	LMFA01010001	C00249	IPCSVZSSVZVIGE-UHFFFAOYSA-N	CCCCCCCCCCCCCCCC(=O)O	Palmitic acid			C00249	map01100,map01212,map00061,map00062,map00071,map00073,map01040,map00563,map01060	CHEBI:15756,CHEBI:15756,CHEBI:15756	CHEBI:15756,CHEBI:15756,CHEBI:15756	CHEBI:15756,CHEBI:15756,CHEBI:15756	CHEBI:15756	C00249	C00249	C00249	C00249			C00249	map01100,map01212,map00061,map00062,map00071,map00073,map01040,map00563,map01060	CHEBI:7896	CHEBI:7896,CHEBI:15756	C00249	CHEBI:7896	R-HSA-112310,R-HSA-1368108,R-HSA-163560,R-HSA-192456,R-HSA-1989781,R-HSA-1989781,R-HSA-203615,R-HSA-2151201,R-HSA-2187335,R-HSA-2426168,R-HSA-2453902,R-HSA-373760,R-HSA-381340,R-HSA-381771,R-HSA-400206,R-HSA-400511,R-HSA-416476,R-HSA-434316,R-HSA-444209,R-HSA-444209,R-HSA-5619108,R-HSA-75105,R-HSA-75876,R-HSA-75896,R-HSA-804914,R-HSA-9009391,R-HSA-9648002,R-HSA-9707564,R-HSA-9707616,R-HSA-975634,R-HSA-9845614,R-HSA-9931509,R-HSA-9933387	C00249	map01100,map01212,map00061,map00062,map00071,map00073,map01040,map00563,map01060		CHEBI:7896,CHEBI:15756	C00249	CHEBI:7896	R-HSA-112310,R-HSA-1368108,R-HSA-163560,R-HSA-192456,R-HSA-1989781,R-HSA-1989781,R-HSA-203615,R-HSA-2151201,R-HSA-2187335,R-HSA-2426168,R-HSA-2453902,R-HSA-373760,R-HSA-381340,R-HSA-381771,R-HSA-400206,R-HSA-400511,R-HSA-416476,R-HSA-434316,R-HSA-444209,R-HSA-444209,R-HSA-5619108,R-HSA-75105,R-HSA-75876,R-HSA-75896,R-HSA-804914,R-HSA-9009391,R-HSA-9648002,R-HSA-9707564,R-HSA-9707616,R-HSA-975634,R-HSA-9845614,R-HSA-9931509,R-HSA-9933387	C00249	map01100,map01212,map00061,map00062,map00071,map00073,map01040,map00563,map01060			0
Proline	RM0135899	C5H9NO2	115.0633	Organic acids	Amino acids and peptides	Amino acids	145742	CHEBI:17203	HMDB0000162		C00148	ONIBWKKTOPOVIA-BYPYZUCNSA-N	C1C[C@@H](C(=O)O)NC1	Proline			C00148	map01100,map01110,map01230,map00330,map00470,map00332,map00401,map00404,map00333,map00970,map02010,map04974,map04978,map05230	CHEBI:17203,CHEBI:17203,CHEBI:26271	CHEBI:17203,CHEBI:17203,CHEBI:26271	CHEBI:17203,CHEBI:17203,CHEBI:26271	CHEBI:17203,CHEBI:26271	C00148,C16435	C00148,C16435	C00148,C16435	C00148,C16435			C00148	map01100,map01110,map01230,map00330,map00470,map00332,map00401,map00404,map00333,map00970,map02010,map04974,map04978,map05230	CHEBI:16313,CHEBI:32862,CHEBI:32864,CHEBI:32867,CHEBI:32868,CHEBI:32871,CHEBI:32872,CHEBI:57726,CHEBI:60039	CHEBI:16313,CHEBI:17203,CHEBI:26271,CHEBI:32862,CHEBI:32864,CHEBI:32867,CHEBI:32868,CHEBI:32871,CHEBI:32872,CHEBI:57726,CHEBI:60039	C00148,C00763,C16435	CHEBI:60039	R-HSA-352230,R-HSA-379716,R-HSA-379726,R-HSA-428559,R-HSA-442660,R-HSA-5619041,R-HSA-5619101,R-HSA-5660686,R-HSA-70688,R-HSA-8964539	C00148,C00763	map01100,map01110,map01230,map00330,map00470,map00332,map00401,map00404,map00333,map00970,map02010,map04974,map04978,map05230,map01100,map00330,map00470	CHEBI:192088	CHEBI:16313,CHEBI:17203,CHEBI:26271,CHEBI:32862,CHEBI:32864,CHEBI:32867,CHEBI:32868,CHEBI:32871,CHEBI:32872,CHEBI:57726,CHEBI:60039,CHEBI:192088	C00148,C00763,C16435	CHEBI:60039	R-HSA-352230,R-HSA-379716,R-HSA-379726,R-HSA-428559,R-HSA-442660,R-HSA-5619041,R-HSA-5619101,R-HSA-5660686,R-HSA-70688,R-HSA-8964539	C00148,C00763	map01100,map01110,map01230,map00330,map00470,map00332,map00401,map00404,map00333,map00970,map02010,map04974,map04978,map05230,map01100,map00330,map00470			0
3,5-di-tert-Butyl-4-hydroxyacetophenone	-	-	-	-	-	-	-		-	-		-	-	-					CHEBI:183278	CHEBI:183278	CHEBI:183278	CHEBI:183278										CHEBI:183278							CHEBI:183278								0
TG(18:1_19:1_18:2)	RM0021462	C58H104O6	896.7833	Glycerolipids	Triradylglycerols	TAG								TG 18:1_18:2_19:1																																	0
1-Monopalmitin	RM0075518	C19H38O4	330.2770	Glycerolipids	Monoradylglycerols	MAG	3084463	CHEBI:75542	HMDB0011564	LMGL01010009		QHZLMUACJMDIAE-SFHVURJKSA-N	CCCCCCCCCCCCCCCC(=O)OC[C@H](CO)O	MG 16:0/0:0/0:0						CHEBI:75542	CHEBI:75542	CHEBI:75542									CHEBI:64757	CHEBI:64757,CHEBI:75542							CHEBI:64757,CHEBI:75542						CHEBI:17408	R-HSA-1482883,R-HSA-1483206,R-HSA-192456,R-HSA-6814848	4
PE(16:0_18:1)	RM0134725	C39H76NO8P	717.5309	Glycerophospholipids	Glycerophosphoethanolamines	PE								PE 16:0_18:1																																	0
PC(16:0_18:1)	RM0090134	C42H82NO8P	759.5778	Glycerophospholipids	Glycerophosphocholines	PC								PC 16:0_18:1					CHEBI:167249	CHEBI:167249,CHEBI:167249	CHEBI:167249	CHEBI:167249										CHEBI:167249							CHEBI:167249						CHEBI:57643	R-HSA-111995,R-HSA-1369062,R-HSA-1482788,R-HSA-1482798,R-HSA-1482839,R-HSA-1483101,R-HSA-1483148,R-HSA-1483166,R-HSA-1483191,R-HSA-1483196,R-HSA-1660661,R-HSA-2029485,R-HSA-2142753,R-HSA-382556,R-HSA-5678771,R-HSA-5683678,R-HSA-5683826,R-HSA-5688399,R-HSA-6811436,R-HSA-8964058,R-HSA-9680350	21
TG(18:1_18:2_22:6)	RM0110832	C61H100O6	928.7520	Glycerolipids	Triradylglycerols	TAG								TG 18:1_18:2_22:6																																	0
2-Palmitoylglycerol	RM0135021	C19H38O4	330.2770	Glycerolipids	Monoradylglycerols	MAG	123409	CHEBI:75455	HMDB0011533	LMGL01010025		BBNYCLAREVXOSG-UHFFFAOYSA-N	CCCCCCCCCCCCCCCC(=O)OC(CO)CO	MG 0:0/16:0/0:0					CHEBI:75455	CHEBI:75455	CHEBI:75455	CHEBI:75455										CHEBI:75455							CHEBI:75455						CHEBI:17389	R-HSA-1482883,R-HSA-163560,R-HSA-75109	3
D-(-)-Citramalic acid	-	-	-	-	-	-	-		-	-		-	-	-																																	0
TG(17:1_18:1_22:6)	RM0009419	C60H100O6	916.7520	Glycerolipids	Triradylglycerols	TAG								TG 17:1_18:1_22:6																																	0
FA(44:5)	RM0174035	C44H78O2	638.6002	Fatty Acyls	Fatty acids	Unsaturated FA								FA 44:5																																	0
TG(16:1_18:2_20:4)	RM0110430	C57H96O6	876.7207	Glycerolipids	Triradylglycerols	TAG								TG 16:1_18:2_20:4																																	0
TG(16:0_18:1_22:6)	RM0112841	C59H100O6	904.7520	Glycerolipids	Triradylglycerols	TAG								TG 16:0_18:1_22:6																																	0
8-Methylnonanoic acid	-	-	-	-	-	-	-		-	-		-	-	-					CHEBI:176811	CHEBI:176811	CHEBI:176811	CHEBI:176811										CHEBI:176811							CHEBI:176811						CHEBI:59554	R-HSA-390247,R-HSA-77289	2
DG(16:0_36:2)	-	-	-	-	-	-	-		-	-		-	-	-																																	0
TG(20:0_18:1_18:2)	RM0061394	C59H108O6	912.8146	Glycerolipids	Triradylglycerols	TAG								TG 18:1_18:2_20:0																																	0
TG(18:0_18:1_20:4)	RM0062016	C59H104O6	908.7833	Glycerolipids	Triradylglycerols	TAG								TG 18:0_18:1_20:4																																	0
PE(36:4)	RM0029374	C41H74NO8P	739.5152	Glycerophospholipids	Glycerophosphoethanolamines	PE								PE 36:4					CHEBI:134271,CHEBI:71730,CHEBI:73117	CHEBI:134271,CHEBI:134271,CHEBI:71730,CHEBI:71730,CHEBI:73117	CHEBI:134271,CHEBI:71730,CHEBI:73117	CHEBI:71730,CHEBI:73117,CHEBI:134271									CHEBI:73009	CHEBI:71730,CHEBI:73009,CHEBI:73117,CHEBI:134271						CHEBI:136152,CHEBI:136176,CHEBI:167261	CHEBI:71730,CHEBI:73009,CHEBI:73117,CHEBI:134271,CHEBI:136152,CHEBI:136176,CHEBI:167261						CHEBI:36314,CHEBI:64612	R-HSA-1482788,R-HSA-1660661	2
TG(16:0_23:0_18:2)	RM0064577	C60H112O6	928.8459	Glycerolipids	Triradylglycerols	TAG								TG 16:0_18:2_23:0																																	0
2-Aminomalonic acid	RM0136061	C3H5NO4	119.0219	Organic acids	Amino acids and peptides	Amino acids	100714	CHEBI:17475	HMDB0001147		C00872	JINBYESILADKFW-UHFFFAOYSA-N	C(C(=O)O)(C(=O)O)N	Aminomalonic acid					CHEBI:17475,CHEBI:17475	CHEBI:17475,CHEBI:17475	CHEBI:17475,CHEBI:17475	CHEBI:17475	C00872	C00872	C00872	C00872					CHEBI:58158	CHEBI:17475,CHEBI:58158	C00872						CHEBI:17475,CHEBI:58158	C00872					CHEBI:33575	R-HSA-6809371	1
DG(40:4)	RM0035411	C43H76O5	672.5693	Glycerolipids	Diradylglycerols	DAG								DG 40:4					CHEBI:87222,CHEBI:87223,CHEBI:88951,CHEBI:88975,CHEBI:89035,CHEBI:89056,CHEBI:89057,CHEBI:89163,CHEBI:89178,CHEBI:89235,CHEBI:89653,CHEBI:89708,CHEBI:89783,CHEBI:89798,CHEBI:89806,CHEBI:89820,CHEBI:89838,CHEBI:89839,CHEBI:90043	CHEBI:87222,CHEBI:87223,CHEBI:88951,CHEBI:88975,CHEBI:89035,CHEBI:89056,CHEBI:89057,CHEBI:89163,CHEBI:89178,CHEBI:89235,CHEBI:89653,CHEBI:89708,CHEBI:89783,CHEBI:89798,CHEBI:89806,CHEBI:89820,CHEBI:89838,CHEBI:89839,CHEBI:90043	CHEBI:87222,CHEBI:87223,CHEBI:88951,CHEBI:88975,CHEBI:89035,CHEBI:89056,CHEBI:89057,CHEBI:89163,CHEBI:89178,CHEBI:89235,CHEBI:89653,CHEBI:89708,CHEBI:89783,CHEBI:89798,CHEBI:89806,CHEBI:89820,CHEBI:89838,CHEBI:89839,CHEBI:90043	CHEBI:87222,CHEBI:87223,CHEBI:88951,CHEBI:88975,CHEBI:89035,CHEBI:89056,CHEBI:89057,CHEBI:89163,CHEBI:89178,CHEBI:89235,CHEBI:89653,CHEBI:89708,CHEBI:89783,CHEBI:89798,CHEBI:89806,CHEBI:89820,CHEBI:89838,CHEBI:89839,CHEBI:90043										CHEBI:87222,CHEBI:87223,CHEBI:88951,CHEBI:88975,CHEBI:89035,CHEBI:89056,CHEBI:89057,CHEBI:89163,CHEBI:89178,CHEBI:89235,CHEBI:89653,CHEBI:89708,CHEBI:89783,CHEBI:89798,CHEBI:89806,CHEBI:89820,CHEBI:89838,CHEBI:89839,CHEBI:90043						CHEBI:134564	CHEBI:87222,CHEBI:87223,CHEBI:88951,CHEBI:88975,CHEBI:89035,CHEBI:89056,CHEBI:89057,CHEBI:89163,CHEBI:89178,CHEBI:89235,CHEBI:89653,CHEBI:89708,CHEBI:89783,CHEBI:89798,CHEBI:89806,CHEBI:89820,CHEBI:89838,CHEBI:89839,CHEBI:90043,CHEBI:134564						CHEBI:17815,CHEBI:18035	R-HSA-112043,R-HSA-114508,R-HSA-114516,R-HSA-114604,R-HSA-1169091,R-HSA-1169092,R-HSA-1250196,R-HSA-139853,R-HSA-1482883,R-HSA-1483191,R-HSA-1483206,R-HSA-1483213,R-HSA-1489509,R-HSA-162710,R-HSA-163560,R-HSA-1660661,R-HSA-1855204,R-HSA-192456,R-HSA-202424,R-HSA-202433,R-HSA-2029485,R-HSA-2179392,R-HSA-2871809,R-HSA-2871837,R-HSA-3000170,R-HSA-354192,R-HSA-392517,R-HSA-399997,R-HSA-4086398,R-HSA-416476,R-HSA-416993,R-HSA-418217,R-HSA-418597,R-HSA-418890,R-HSA-419408,R-HSA-426048,R-HSA-434316,R-HSA-4419969,R-HSA-5099900,R-HSA-5218921,R-HSA-5607764,R-HSA-5673001,R-HSA-6809371,R-HSA-75109,R-HSA-76005,R-HSA-8963889,R-HSA-8963901,R-HSA-8964058,R-HSA-9027277,R-HSA-9648002,R-HSA-9664323,R-HSA-9680350,R-HSA-9717207,R-HSA-975634,R-HSA-983695	55
L-Valine	RM0136018	C5H11NO2	117.0790	Organic acids	Amino acids and peptides	Amino acids	6287	CHEBI:16414	HMDB0000883		C00183	KZSNJWFQEVHDMF-BYPYZUCNSA-N	CC(C)[C@@H](C(=O)O)N	Valine			C00183	map01100,map01110,map01210,map01230,map01240,map00280,map00290,map00460,map00770,map00966,map00311,map01060,map01063,map00970,map02010,map04974,map04978,map05230	CHEBI:16414,CHEBI:27266,CHEBI:30015,CHEBI:57762	CHEBI:16414,CHEBI:27266,CHEBI:30015,CHEBI:57762	CHEBI:16414,CHEBI:27266,CHEBI:30015,CHEBI:57762	CHEBI:16414,CHEBI:27266,CHEBI:30015,CHEBI:57762	C00183,C16436	C00183,C16436	C00183,C16436	C00183,C16436	CHEBI:57762	R-HSA-211945,R-HSA-352230,R-HSA-379716,R-HSA-379726,R-HSA-442660,R-HSA-5619044,R-HSA-5619094,R-HSA-5659735,R-HSA-70895,R-HSA-70895,R-HSA-71240	C00183	map01100,map01110,map01210,map01230,map01240,map00280,map00290,map00460,map00770,map00966,map00311,map01060,map01063,map00970,map02010,map04974,map04978,map05230	CHEBI:27477,CHEBI:32851,CHEBI:32852,CHEBI:32855,CHEBI:32856,CHEBI:32859,CHEBI:32860,CHEBI:50328,CHEBI:74338	CHEBI:16414,CHEBI:27266,CHEBI:27477,CHEBI:30015,CHEBI:32851,CHEBI:32852,CHEBI:32855,CHEBI:32856,CHEBI:32859,CHEBI:32860,CHEBI:50328,CHEBI:57762,CHEBI:74338	C00183,C06417,C16436	CHEBI:57762	R-HSA-211945,R-HSA-352230,R-HSA-379716,R-HSA-379726,R-HSA-442660,R-HSA-5619044,R-HSA-5619094,R-HSA-5659735,R-HSA-70895,R-HSA-70895,R-HSA-71240	C00183	map01100,map01110,map01210,map01230,map01240,map00280,map00290,map00460,map00770,map00966,map00311,map01060,map01063,map00970,map02010,map04974,map04978,map05230	CHEBI:87977,CHEBI:192086	CHEBI:16414,CHEBI:27266,CHEBI:27477,CHEBI:30015,CHEBI:32851,CHEBI:32852,CHEBI:32855,CHEBI:32856,CHEBI:32859,CHEBI:32860,CHEBI:50328,CHEBI:57762,CHEBI:74338,CHEBI:87977,CHEBI:192086	C00183,C06417,C16436	CHEBI:57762	R-HSA-211945,R-HSA-352230,R-HSA-379716,R-HSA-379726,R-HSA-442660,R-HSA-5619044,R-HSA-5619094,R-HSA-5659735,R-HSA-70895,R-HSA-70895,R-HSA-71240	C00183	map01100,map01110,map01210,map01230,map01240,map00280,map00290,map00460,map00770,map00966,map00311,map01060,map01063,map00970,map02010,map04974,map04978,map05230			0
2-Hydroxybutyric acid	RM0153654	C4H8O3	104.0473	Fatty Acyls	Fatty acids	Hydroxy FA	11266	CHEBI:1148	HMDB0000008	LMFA01050004	C05984	AFENDNXGAFYKQO-UHFFFAOYSA-N	CCC(C(=O)O)O	2-Hydroxybutyric acid			C05984	map00640	CHEBI:1148,CHEBI:1148,CHEBI:50613	CHEBI:1148,CHEBI:1148,CHEBI:50613	CHEBI:1148,CHEBI:1148,CHEBI:50613	CHEBI:1148,CHEBI:50613	C05984	C05984	C05984	C05984			C05984	map00640	CHEBI:50612,CHEBI:64552,CHEBI:73709,CHEBI:232384	CHEBI:1148,CHEBI:50612,CHEBI:50613,CHEBI:64552,CHEBI:73709,CHEBI:232384	C05984			C05984	map00640		CHEBI:1148,CHEBI:50612,CHEBI:50613,CHEBI:64552,CHEBI:73709,CHEBI:232384	C05984			C05984	map00640	CHEBI:24654	R-HSA-3000471,R-HSA-3000480,R-HSA-3000484,R-HSA-5686938	4
TG(16:0_18:2_20:4)	RM0061010	C57H98O6	878.7363	Glycerolipids	Triradylglycerols	TAG								TG 16:0_18:2_20:4																																	0
D-(+)-Arabitol	RM0135975	C5H12O5	152.0685	Carbohydrates	Monosaccharides	Sugar alcohols	94154	CHEBI:18333	HMDB0000568		C01904	HEBKCHPVOIAQTA-QWWZWVQMSA-N	C([C@H]([C@@H]([C@@H](CO)O)O)O)O	Arabitol			C01904	map01100,map00040	CHEBI:22605	CHEBI:22605	CHEBI:22605	CHEBI:18333,CHEBI:22605	C01904	C01904	C01904	C01904			C01904	map01100,map00040	CHEBI:18403	CHEBI:18333,CHEBI:18403,CHEBI:22605	C00532,C01904			C00532,C01904	map01100,map00040,map01100,map00040		CHEBI:18333,CHEBI:18403,CHEBI:22605	C00532,C01904			C00532,C01904	map01100,map00040,map01100,map00040			0
TG(16:0_18:2_22:6)	RM0025211	C59H98O6	902.7363	Glycerolipids	Triradylglycerols	TAG								TG 16:0_18:2_22:6																																	0
Tryptophan	RM0136024	C11H12N2O2	204.0899	Organic acids	Amino acids and peptides	Amino acids	6305	CHEBI:16828	HMDB0000929		C00078	QIVBCDIJIAJPQS-VIFPVBQESA-N	c1ccc2c(c1)c(C[C@@H](C(=O)O)N)c[nH]2	Tryptophan			C00078	map01100,map01110,map01210,map01230,map01240,map00260,map00380,map00400,map00901,map00996,map00966,map00404,map00999,map00997,map01060,map01061,map01063,map01070,map00970,map04974,map04978,map04726,map04361,map05230,map05143	CHEBI:16828,CHEBI:16828,CHEBI:16828,CHEBI:27897,CHEBI:27897,CHEBI:57719,CHEBI:57912	CHEBI:16828,CHEBI:16828,CHEBI:16828,CHEBI:27897,CHEBI:27897,CHEBI:57719,CHEBI:57912	CHEBI:16828,CHEBI:16828,CHEBI:16828,CHEBI:27897,CHEBI:27897,CHEBI:57719,CHEBI:57912	CHEBI:16828,CHEBI:27897,CHEBI:57719,CHEBI:57912	C00078,C00806	C00078,C00806	C00078,C00806	C00078,C00806	CHEBI:57912	R-HSA-209931,R-HSA-352230,R-HSA-379716,R-HSA-379726,R-HSA-442660,R-HSA-5619044,R-HSA-5619094,R-HSA-5659735,R-HSA-71240	C00078	map01100,map01110,map01210,map01230,map01240,map00260,map00380,map00400,map00901,map00996,map00966,map00404,map00999,map00997,map01060,map01061,map01063,map01070,map00970,map04974,map04978,map04726,map04361,map05230,map05143	CHEBI:16296,CHEBI:32702,CHEBI:32704,CHEBI:32716,CHEBI:32717,CHEBI:32727,CHEBI:32728,CHEBI:64554	CHEBI:16296,CHEBI:16828,CHEBI:27897,CHEBI:32702,CHEBI:32704,CHEBI:32716,CHEBI:32717,CHEBI:32727,CHEBI:32728,CHEBI:57719,CHEBI:57912,CHEBI:64554	C00078,C00525,C00806	CHEBI:16296,CHEBI:57912	R-HSA-418594,R-HSA-420499,R-HSA-9717207,R-HSA-9717207,R-HSA-209931,R-HSA-352230,R-HSA-379716,R-HSA-379726,R-HSA-442660,R-HSA-5619044,R-HSA-5619094,R-HSA-5659735,R-HSA-71240	C00078	map01100,map01110,map01210,map01230,map01240,map00260,map00380,map00400,map00901,map00996,map00966,map00404,map00999,map00997,map01060,map01061,map01063,map01070,map00970,map04974,map04978,map04726,map04361,map05230,map05143		CHEBI:16296,CHEBI:16828,CHEBI:27897,CHEBI:32702,CHEBI:32704,CHEBI:32716,CHEBI:32717,CHEBI:32727,CHEBI:32728,CHEBI:57719,CHEBI:57912,CHEBI:64554	C00078,C00525,C00806	CHEBI:16296,CHEBI:57912	R-HSA-418594,R-HSA-420499,R-HSA-9717207,R-HSA-9717207,R-HSA-209931,R-HSA-352230,R-HSA-379716,R-HSA-379726,R-HSA-442660,R-HSA-5619044,R-HSA-5619094,R-HSA-5659735,R-HSA-71240	C00078	map01100,map01110,map01210,map01230,map01240,map00260,map00380,map00400,map00901,map00996,map00966,map00404,map00999,map00997,map01060,map01061,map01063,map01070,map00970,map04974,map04978,map04726,map04361,map05230,map05143			0
FA(22:6)	RM0137845	C22H32O2	328.2402	Fatty Acyls	Fatty acids	Unsaturated FA								Docosahexaenoic acid					CHEBI:28125,CHEBI:36005,CHEBI:132544	CHEBI:28125,CHEBI:36005,CHEBI:132544,CHEBI:132544	CHEBI:28125,CHEBI:36005,CHEBI:132544	CHEBI:28125,CHEBI:36005,CHEBI:132544	C06429	C06429	C06429	C06429			C06429	map01040	CHEBI:77016,CHEBI:78060	CHEBI:28125,CHEBI:36005,CHEBI:77016,CHEBI:78060,CHEBI:132544	C06429	CHEBI:77016	R-HSA-2046106,R-HSA-211976,R-HSA-2453902,R-HSA-381771,R-HSA-416476,R-HSA-444209,R-HSA-9018677,R-HSA-9027307,R-HSA-9027604,R-HSA-9841922,R-HSA-9841922,R-HSA-9844594	C06429	map01040		CHEBI:28125,CHEBI:36005,CHEBI:77016,CHEBI:78060,CHEBI:132544	C06429	CHEBI:77016	R-HSA-2046106,R-HSA-211976,R-HSA-2453902,R-HSA-381771,R-HSA-416476,R-HSA-444209,R-HSA-9018677,R-HSA-9027307,R-HSA-9027604,R-HSA-9841922,R-HSA-9841922,R-HSA-9844594	C06429	map01040			0
TG(23:0_18:2_18:2)	RM0105471	C62H112O6	952.8459	Glycerolipids	Triradylglycerols	TAG								TG 18:2_18:2_23:0																																	0
TG(18:0_18:2_20:4)	RM0087341	C59H102O6	906.7676	Glycerolipids	Triradylglycerols	TAG								TG 18:0_18:2_20:4																																	0
Glucopyranose	RM0135901	C6H12O6	180.0634	Carbohydrates	Monosaccharides	Hexoses	5793	CHEBI:4167	HMDB0304632		C00031	WQZGKKKJIJFFOK-GASJEMHNSA-N	C([C@@H]1[C@H]([C@@H]([C@H](C(O)O1)O)O)O)O	Glucose	CHEBI:4167	R-HSA-170822,R-HSA-189085,R-HSA-189085,R-HSA-189200,R-HSA-381771,R-HSA-418594,R-HSA-420499,R-HSA-422085,R-HSA-422356,R-HSA-532668,R-HSA-5619043,R-HSA-5619047,R-HSA-5619056,R-HSA-5619068,R-HSA-5619073,R-HSA-5619098,R-HSA-5652227,R-HSA-5653890,R-HSA-5656364,R-HSA-5658208,R-HSA-70171,R-HSA-70221,R-HSA-70263,R-HSA-8981373,R-HSA-901042,R-HSA-964739,R-HSA-9717207,R-HSA-9717207,R-HSA-9840310	C00031	map01100,map01110,map00010,map00030,map00052,map00500,map00566,map00074,map00520,map00901,map00521,map00524,map02010,map02060,map02020,map04066,map04068,map04152,map04148,map04113,map05111,map04911,map04910,map04922,map04917,map04976,map04973,map04978,map04742,map05230,map05415,map04930,map04932,map04931,map04933	CHEBI:17234,CHEBI:17234,CHEBI:4167,CHEBI:4167,CHEBI:42758,CHEBI:37661	CHEBI:17234,CHEBI:17234,CHEBI:4167,CHEBI:4167,CHEBI:42758,CHEBI:37661	CHEBI:17234,CHEBI:17234,CHEBI:4167,CHEBI:4167,CHEBI:42758,CHEBI:37661	CHEBI:4167,CHEBI:17234,CHEBI:37661,CHEBI:42758	C00031,C00293	C00031,C00293	C00031,C00293	C00031,C00293	CHEBI:4167,CHEBI:17234	R-HSA-170822,R-HSA-189085,R-HSA-189085,R-HSA-189200,R-HSA-381771,R-HSA-418594,R-HSA-420499,R-HSA-422085,R-HSA-422356,R-HSA-532668,R-HSA-5619043,R-HSA-5619047,R-HSA-5619056,R-HSA-5619068,R-HSA-5619073,R-HSA-5619098,R-HSA-5652227,R-HSA-5653890,R-HSA-5656364,R-HSA-5658208,R-HSA-70171,R-HSA-70221,R-HSA-70263,R-HSA-8981373,R-HSA-901042,R-HSA-964739,R-HSA-9717207,R-HSA-9717207,R-HSA-9840310,R-HSA-9931953	C00031	map01100,map01110,map00010,map00030,map00052,map00500,map00566,map00074,map00520,map00901,map00521,map00524,map02010,map02060,map02020,map04066,map04068,map04152,map04148,map04113,map05111,map04911,map04910,map04922,map04917,map04976,map04973,map04978,map04742,map05230,map05415,map04930,map04932,map04931,map04933	CHEBI:37626	CHEBI:4167,CHEBI:17234,CHEBI:37626,CHEBI:37661,CHEBI:42758	C00031,C00293	CHEBI:4167,CHEBI:17234	R-HSA-170822,R-HSA-189085,R-HSA-189085,R-HSA-189200,R-HSA-381771,R-HSA-418594,R-HSA-420499,R-HSA-422085,R-HSA-422356,R-HSA-532668,R-HSA-5619043,R-HSA-5619047,R-HSA-5619056,R-HSA-5619068,R-HSA-5619073,R-HSA-5619098,R-HSA-5652227,R-HSA-5653890,R-HSA-5656364,R-HSA-5658208,R-HSA-70171,R-HSA-70221,R-HSA-70263,R-HSA-8981373,R-HSA-901042,R-HSA-964739,R-HSA-9717207,R-HSA-9717207,R-HSA-9840310,R-HSA-9931953	C00031	map01100,map01110,map00010,map00030,map00052,map00500,map00566,map00074,map00520,map00901,map00521,map00524,map02010,map02060,map02020,map04066,map04068,map04152,map04148,map04113,map05111,map04911,map04910,map04922,map04917,map04976,map04973,map04978,map04742,map05230,map05415,map04930,map04932,map04931,map04933	CHEBI:15903,CHEBI:17634,CHEBI:17925,CHEBI:37624,CHEBI:37627,CHEBI:37630,CHEBI:37631,CHEBI:37663,CHEBI:88300,CHEBI:134625,CHEBI:145606,CHEBI:145664,CHEBI:147589,CHEBI:148749,CHEBI:149114,CHEBI:152105	CHEBI:4167,CHEBI:15903,CHEBI:17234,CHEBI:17634,CHEBI:17925,CHEBI:37624,CHEBI:37626,CHEBI:37627,CHEBI:37630,CHEBI:37631,CHEBI:37661,CHEBI:37663,CHEBI:42758,CHEBI:88300,CHEBI:134625,CHEBI:145606,CHEBI:145664,CHEBI:147589,CHEBI:148749,CHEBI:149114,CHEBI:152105	C00031,C00221,C00267,C00293	CHEBI:4167,CHEBI:15903,CHEBI:17234,CHEBI:17634	R-HSA-170822,R-HSA-189085,R-HSA-189085,R-HSA-189200,R-HSA-381771,R-HSA-418594,R-HSA-420499,R-HSA-422085,R-HSA-422356,R-HSA-532668,R-HSA-5619043,R-HSA-5619047,R-HSA-5619056,R-HSA-5619068,R-HSA-5619073,R-HSA-5619098,R-HSA-5652227,R-HSA-5653890,R-HSA-5656364,R-HSA-5658208,R-HSA-70171,R-HSA-70221,R-HSA-70263,R-HSA-8981373,R-HSA-901042,R-HSA-964739,R-HSA-9717207,R-HSA-9717207,R-HSA-9840310,R-HSA-9683686,R-HSA-9694548,R-HSA-9768727,R-HSA-9931953,R-HSA-9768919	C00031,C00221,C00267	map01100,map01110,map00010,map00030,map00052,map00500,map00566,map00074,map00520,map00901,map00521,map00524,map02010,map02060,map02020,map04066,map04068,map04152,map04148,map04113,map05111,map04911,map04910,map04922,map04917,map04976,map04973,map04978,map04742,map05230,map05415,map04930,map04932,map04931,map04933,map01100,map01110,map01120,map01200,map00010,map00030,map01100,map01110,map01120,map01200,map01250,map00010,map00051,map00052,map00520,map01060,map01061,map01062,map01063,map01064,map01065,map01066,map01070,map04964			0
D-Glucose	RM0135901	C6H12O6	180.0634	Carbohydrates	Monosaccharides	Hexoses	5793	CHEBI:4167	HMDB0304632		C00031	WQZGKKKJIJFFOK-GASJEMHNSA-N	C([C@@H]1[C@H]([C@@H]([C@H](C(O)O1)O)O)O)O	Glucose	CHEBI:4167	R-HSA-170822,R-HSA-189085,R-HSA-189085,R-HSA-189200,R-HSA-381771,R-HSA-418594,R-HSA-420499,R-HSA-422085,R-HSA-422356,R-HSA-532668,R-HSA-5619043,R-HSA-5619047,R-HSA-5619056,R-HSA-5619068,R-HSA-5619073,R-HSA-5619098,R-HSA-5652227,R-HSA-5653890,R-HSA-5656364,R-HSA-5658208,R-HSA-70171,R-HSA-70221,R-HSA-70263,R-HSA-8981373,R-HSA-901042,R-HSA-964739,R-HSA-9717207,R-HSA-9717207,R-HSA-9840310	C00031	map01100,map01110,map00010,map00030,map00052,map00500,map00566,map00074,map00520,map00901,map00521,map00524,map02010,map02060,map02020,map04066,map04068,map04152,map04148,map04113,map05111,map04911,map04910,map04922,map04917,map04976,map04973,map04978,map04742,map05230,map05415,map04930,map04932,map04931,map04933	CHEBI:17234,CHEBI:17234,CHEBI:4167,CHEBI:4167,CHEBI:42758,CHEBI:17634	CHEBI:17234,CHEBI:17234,CHEBI:4167,CHEBI:4167,CHEBI:42758,CHEBI:17634	CHEBI:17234,CHEBI:17234,CHEBI:4167,CHEBI:4167,CHEBI:42758,CHEBI:17634	CHEBI:4167,CHEBI:17234,CHEBI:17634,CHEBI:42758	C00031,C00293	C00031,C00293	C00031,C00293	C00031,C00293	CHEBI:4167,CHEBI:17234,CHEBI:17634	R-HSA-170822,R-HSA-189085,R-HSA-189085,R-HSA-189200,R-HSA-381771,R-HSA-418594,R-HSA-420499,R-HSA-422085,R-HSA-422356,R-HSA-532668,R-HSA-5619043,R-HSA-5619047,R-HSA-5619056,R-HSA-5619068,R-HSA-5619073,R-HSA-5619098,R-HSA-5652227,R-HSA-5653890,R-HSA-5656364,R-HSA-5658208,R-HSA-70171,R-HSA-70221,R-HSA-70263,R-HSA-8981373,R-HSA-901042,R-HSA-964739,R-HSA-9717207,R-HSA-9717207,R-HSA-9840310,R-HSA-9931953,R-HSA-9768919	C00031	map01100,map01110,map00010,map00030,map00052,map00500,map00566,map00074,map00520,map00901,map00521,map00524,map02010,map02060,map02020,map04066,map04068,map04152,map04148,map04113,map05111,map04911,map04910,map04922,map04917,map04976,map04973,map04978,map04742,map05230,map05415,map04930,map04932,map04931,map04933	CHEBI:37626	CHEBI:4167,CHEBI:17234,CHEBI:17634,CHEBI:37626,CHEBI:42758	C00031,C00293	CHEBI:4167,CHEBI:17234,CHEBI:17634	R-HSA-170822,R-HSA-189085,R-HSA-189085,R-HSA-189200,R-HSA-381771,R-HSA-418594,R-HSA-420499,R-HSA-422085,R-HSA-422356,R-HSA-532668,R-HSA-5619043,R-HSA-5619047,R-HSA-5619056,R-HSA-5619068,R-HSA-5619073,R-HSA-5619098,R-HSA-5652227,R-HSA-5653890,R-HSA-5656364,R-HSA-5658208,R-HSA-70171,R-HSA-70221,R-HSA-70263,R-HSA-8981373,R-HSA-901042,R-HSA-964739,R-HSA-9717207,R-HSA-9717207,R-HSA-9840310,R-HSA-9931953,R-HSA-9768919	C00031	map01100,map01110,map00010,map00030,map00052,map00500,map00566,map00074,map00520,map00901,map00521,map00524,map02010,map02060,map02020,map04066,map04068,map04152,map04148,map04113,map05111,map04911,map04910,map04922,map04917,map04976,map04973,map04978,map04742,map05230,map05415,map04930,map04932,map04931,map04933	CHEBI:15903,CHEBI:17925,CHEBI:37624,CHEBI:37627,CHEBI:37630,CHEBI:37631,CHEBI:37661,CHEBI:37663,CHEBI:88300,CHEBI:134625,CHEBI:145606,CHEBI:145664,CHEBI:147589,CHEBI:148749,CHEBI:149114,CHEBI:152105	CHEBI:4167,CHEBI:15903,CHEBI:17234,CHEBI:17634,CHEBI:17925,CHEBI:37624,CHEBI:37626,CHEBI:37627,CHEBI:37630,CHEBI:37631,CHEBI:37661,CHEBI:37663,CHEBI:42758,CHEBI:88300,CHEBI:134625,CHEBI:145606,CHEBI:145664,CHEBI:147589,CHEBI:148749,CHEBI:149114,CHEBI:152105	C00031,C00221,C00267,C00293	CHEBI:4167,CHEBI:15903,CHEBI:17234,CHEBI:17634	R-HSA-170822,R-HSA-189085,R-HSA-189085,R-HSA-189200,R-HSA-381771,R-HSA-418594,R-HSA-420499,R-HSA-422085,R-HSA-422356,R-HSA-532668,R-HSA-5619043,R-HSA-5619047,R-HSA-5619056,R-HSA-5619068,R-HSA-5619073,R-HSA-5619098,R-HSA-5652227,R-HSA-5653890,R-HSA-5656364,R-HSA-5658208,R-HSA-70171,R-HSA-70221,R-HSA-70263,R-HSA-8981373,R-HSA-901042,R-HSA-964739,R-HSA-9717207,R-HSA-9717207,R-HSA-9840310,R-HSA-9683686,R-HSA-9694548,R-HSA-9768727,R-HSA-9931953,R-HSA-9768919	C00031,C00221,C00267	map01100,map01110,map00010,map00030,map00052,map00500,map00566,map00074,map00520,map00901,map00521,map00524,map02010,map02060,map02020,map04066,map04068,map04152,map04148,map04113,map05111,map04911,map04910,map04922,map04917,map04976,map04973,map04978,map04742,map05230,map05415,map04930,map04932,map04931,map04933,map01100,map01110,map01120,map01200,map00010,map00030,map01100,map01110,map01120,map01200,map01250,map00010,map00051,map00052,map00520,map01060,map01061,map01062,map01063,map01064,map01065,map01066,map01070,map04964			0
5-(cyclohexylmethyl)-2-Pyrrolidinone	-	-	-	-	-	-	-		-	-		-	-	-																																	0
TG(18:0_18:1_22:5)	RM0113059	C61H106O6	934.7989	Glycerolipids	Triradylglycerols	TAG								TG 18:0_18:1_22:5																																	0
TG(16:0_18:1_22:5)	RM0083982	C59H102O6	906.7676	Glycerolipids	Triradylglycerols	TAG								TG 16:0_18:1_22:5																																	0
PE(18:0_20:4)	RM0134782	C43H78NO8P	767.5465	Glycerophospholipids	Glycerophosphoethanolamines	PE								PE 18:0_20:4					CHEBI:141597	CHEBI:141597,CHEBI:141597	CHEBI:141597	CHEBI:141597										CHEBI:141597							CHEBI:141597						CHEBI:36314	R-HSA-1482788	1
PC(16:0_16:0)	RM0135046	C40H80NO8P	733.5622	Glycerophospholipids	Glycerophosphocholines	PC	452110	CHEBI:72999	HMDB0000564	LMGP01010564	C00157	KILNVBDSWZSGLL-KXQOOQHDSA-N	CCCCCCCCCCCCCCCC(=O)OC[C@H](COP(=O)([O-])OCC[N+](C)(C)C)OC(=O)CCCCCCCCCCCCCCC	PC 16:0/16:0			C00157	map01100,map01110,map00564,map00590,map00591,map00592,map04981,map04723,map05231	CHEBI:72999,CHEBI:167306	CHEBI:40265,CHEBI:89009,CHEBI:72999,CHEBI:72999,CHEBI:167306,CHEBI:167306	CHEBI:72999,CHEBI:40265,CHEBI:89009,CHEBI:167306	CHEBI:40265,CHEBI:72999,CHEBI:89009,CHEBI:167306	C00157	C00157	C00157	C00157			C00157	map01100,map01110,map00564,map00590,map00591,map00592,map04981,map04723,map05231		CHEBI:40265,CHEBI:72999,CHEBI:89009,CHEBI:167306	C00157			C00157	map01100,map01110,map00564,map00590,map00591,map00592,map04981,map04723,map05231		CHEBI:40265,CHEBI:72999,CHEBI:89009,CHEBI:167306	C00157			C00157	map01100,map01110,map00564,map00590,map00591,map00592,map04981,map04723,map05231	CHEBI:36313,CHEBI:36916,CHEBI:57643	R-HSA-111995,R-HSA-1369062,R-HSA-1482788,R-HSA-1482798,R-HSA-1482839,R-HSA-1483101,R-HSA-1483148,R-HSA-1483166,R-HSA-1483191,R-HSA-1483196,R-HSA-1660661,R-HSA-2029485,R-HSA-2142753,R-HSA-382556,R-HSA-5678771,R-HSA-5683678,R-HSA-5683826,R-HSA-5688399,R-HSA-6811436,R-HSA-8964058,R-HSA-936837,R-HSA-9680350	22
PI(40:4)	RM0098286	C49H87O13P	914.5884	Glycerophospholipids	Glycerophosphoinositols	PI								PI 40:4					CHEBI:140365,CHEBI:88573,CHEBI:88574,CHEBI:88661,CHEBI:88678,CHEBI:89124,CHEBI:89154,CHEBI:89244,CHEBI:89245,CHEBI:89297,CHEBI:89304	CHEBI:140365,CHEBI:140365,CHEBI:88573,CHEBI:88574,CHEBI:88661,CHEBI:88678,CHEBI:89124,CHEBI:89154,CHEBI:89244,CHEBI:89245,CHEBI:89297,CHEBI:89304	CHEBI:140365,CHEBI:88573,CHEBI:88574,CHEBI:88661,CHEBI:88678,CHEBI:89124,CHEBI:89154,CHEBI:89244,CHEBI:89245,CHEBI:89297,CHEBI:89304	CHEBI:88573,CHEBI:88574,CHEBI:88661,CHEBI:88678,CHEBI:89124,CHEBI:89154,CHEBI:89244,CHEBI:89245,CHEBI:89297,CHEBI:89304,CHEBI:140365										CHEBI:88573,CHEBI:88574,CHEBI:88661,CHEBI:88678,CHEBI:89124,CHEBI:89154,CHEBI:89244,CHEBI:89245,CHEBI:89297,CHEBI:89304,CHEBI:140365						CHEBI:140370	CHEBI:88573,CHEBI:88574,CHEBI:88661,CHEBI:88678,CHEBI:89124,CHEBI:89154,CHEBI:89244,CHEBI:89245,CHEBI:89297,CHEBI:89304,CHEBI:140365,CHEBI:140370						CHEBI:28874	R-HSA-198933	1
TG(16:0_18:1_20:4)	RM0070378	C57H100O6	880.7520	Glycerolipids	Triradylglycerols	TAG								TG 16:0_18:1_20:4																																	0
TG(19:0_18:1_18:2)	RM0109734	C58H106O6	898.7989	Glycerolipids	Triradylglycerols	TAG								TG 18:1_18:2_19:0																																	0
TG(18:0_18:1_20:1)	RM0111201	C59H110O6	914.8302	Glycerolipids	Triradylglycerols	TAG								TG 18:0_18:1_20:1																																	0
undecyl-Cyclohexane	-	-	-	-	-	-	-		-	-		-	-	-					CHEBI:183291	CHEBI:183291	CHEBI:183291	CHEBI:183291										CHEBI:183291							CHEBI:183291								0
Decanoic acid	RM0153468	C10H20O2	172.1463	Fatty Acyls	Fatty acids	Saturated FA	2969	CHEBI:30813	HMDB0000511	LMFA01010010	C01571	GHVNFZFCNZKVNT-UHFFFAOYSA-N	CCCCCCCCCC(=O)O	Capric acid	CHEBI:30813	R-HSA-5210891,R-HSA-9679191	C01571	map01100,map00061	CHEBI:30813,CHEBI:89029	CHEBI:30813,CHEBI:89029	CHEBI:30813,CHEBI:89029	CHEBI:30813,CHEBI:89029	C01571	C01571	C01571	C01571	CHEBI:30813	R-HSA-5210891,R-HSA-9679191	C01571	map01100,map00061	CHEBI:27689	CHEBI:27689,CHEBI:30813,CHEBI:89029	C01571	CHEBI:27689,CHEBI:30813	R-HSA-422085,R-HSA-5619108,R-HSA-75105,R-HSA-804914,R-HSA-5210891,R-HSA-9679191	C01571	map01100,map00061		CHEBI:27689,CHEBI:30813,CHEBI:89029	C01571	CHEBI:27689,CHEBI:30813	R-HSA-422085,R-HSA-5619108,R-HSA-75105,R-HSA-804914,R-HSA-5210891,R-HSA-9679191	C01571	map01100,map00061			0
Butanedioic acid	RM0134982	C4H6O4	118.0266	Organic acids	TCA acids	TCA acids	1110	CHEBI:15741	HMDB0000254	LMFA01170043	C00042	KDYFGRWQOYBRFD-UHFFFAOYSA-N	C(CC(=O)O)C(=O)O	Succinic acid			C00042	map01100,map01110,map01120,map01200,map01220,map00020,map00620,map00630,map00640,map00650,map00190,map00720,map00920,map00250,map00310,map00350,map00360,map00760,map00361,map01060,map01061,map01062,map01063,map01064,map01065,map01066,map01070,map02020,map04024,map04922,map04727,map05230	CHEBI:15741,CHEBI:15741,CHEBI:15741	CHEBI:15741,CHEBI:15741,CHEBI:15741	CHEBI:15741,CHEBI:15741,CHEBI:15741	CHEBI:15741	C00042	C00042	C00042	C00042			C00042	map01100,map01110,map01120,map01200,map01220,map00020,map00620,map00630,map00640,map00650,map00190,map00720,map00920,map00250,map00310,map00350,map00360,map00760,map00361,map01060,map01061,map01062,map01063,map01064,map01065,map01066,map01070,map02020,map04024,map04922,map04727,map05230	CHEBI:30031,CHEBI:30779	CHEBI:15741,CHEBI:30031,CHEBI:30779	C00042	CHEBI:30031	R-HSA-112122,R-HSA-112126,R-HSA-1234174,R-HSA-1234176,R-HSA-1234176,R-HSA-1650814,R-HSA-2299718,R-HSA-2559580,R-HSA-3214842,R-HSA-373076,R-HSA-389599,R-HSA-418594,R-HSA-5221030,R-HSA-5625886,R-HSA-611105,R-HSA-6782861,R-HSA-71262,R-HSA-71403,R-HSA-73943,R-HSA-77108,R-HSA-916853,R-HSA-9629569,R-HSA-9629569,R-HSA-9821002,R-HSA-9918432,R-HSA-9955298	C00042	map01100,map01110,map01120,map01200,map01220,map00020,map00620,map00630,map00640,map00650,map00190,map00720,map00920,map00250,map00310,map00350,map00360,map00760,map00361,map01060,map01061,map01062,map01063,map01064,map01065,map01066,map01070,map02020,map04024,map04922,map04727,map05230		CHEBI:15741,CHEBI:30031,CHEBI:30779	C00042	CHEBI:30031	R-HSA-112122,R-HSA-112126,R-HSA-1234174,R-HSA-1234176,R-HSA-1234176,R-HSA-1650814,R-HSA-2299718,R-HSA-2559580,R-HSA-3214842,R-HSA-373076,R-HSA-389599,R-HSA-418594,R-HSA-5221030,R-HSA-5625886,R-HSA-611105,R-HSA-6782861,R-HSA-71262,R-HSA-71403,R-HSA-73943,R-HSA-77108,R-HSA-916853,R-HSA-9629569,R-HSA-9629569,R-HSA-9821002,R-HSA-9918432,R-HSA-9955298	C00042	map01100,map01110,map01120,map01200,map01220,map00020,map00620,map00630,map00640,map00650,map00190,map00720,map00920,map00250,map00310,map00350,map00360,map00760,map00361,map01060,map01061,map01062,map01063,map01064,map01065,map01066,map01070,map02020,map04024,map04922,map04727,map05230			0
TG(23:0_18:1_18:1)	RM0109664	C62H116O6	956.8772	Glycerolipids	Triradylglycerols	TAG								TG 18:1_18:1_23:0																																	0
Dodecane, 4,6-dimethyl-	-	-	-	-	-	-	-		-	-		-	-	-																																	0
TG(18:1_18:2_18:3)	RM0111188	C57H98O6	878.7363	Glycerolipids	Triradylglycerols	TAG								TG 18:1_18:2_18:3																																	0
SM(17:1;2O/14:0)	RM0024736	C36H73N2O6P	660.5206	Sphingolipids	Phosphosphingolipids	SM	134761427			LMSP03019BKR		QMORVHRQDRSPJQ-WSYRTZMQSA-N	CCCCCCCCCCCC/C=C/[C@H]([C@H](COP(=O)([O-])OCC[N+](C)(C)C)NC(=O)CCCCCCCCCCCCC)O	SM 17:1;O2/14:0																																	0
TG(16:0_18:1_20:3)	RM0024896	C57H102O6	882.7676	Glycerolipids	Triradylglycerols	TAG								TG 16:0_18:1_20:3																																	0
TG(16:0_18:1_20:1)	RM0115882	C57H106O6	886.7989	Glycerolipids	Triradylglycerols	TAG								TG 16:0_18:1_20:1																																	0
NAE(14:0)	RM0153871	C16H33NO2	271.2511	Fatty Acyls	Fatty amides	NAE	8890	CHEBI:85262		LMFA08040042		JHIXEZNTXMFXEK-UHFFFAOYSA-N	CCCCCCCCCCCCCC(=O)NCCO	Myristoyl-EA	CHEBI:85262	R-HSA-112310			CHEBI:85262	CHEBI:85262	CHEBI:85262	CHEBI:85262					CHEBI:85262	R-HSA-112310				CHEBI:85262		CHEBI:85262	R-HSA-112310				CHEBI:85262		CHEBI:85262	R-HSA-112310					0
Hexadecanamide	RM0150638	C16H33NO	255.2562	Fatty Acyls	Fatty amides	Primary amides	69421	CHEBI:74475	HMDB0012273	LMFA08010009		HSEMFIZWXHQJAE-UHFFFAOYSA-N	CCCCCCCCCCCCCCCC(=O)N	Palmitamide					CHEBI:74475	CHEBI:74475	CHEBI:74475	CHEBI:74475										CHEBI:74475							CHEBI:74475						CHEBI:18059	R-HSA-1222556,R-HSA-1369062,R-HSA-5682294,R-HSA-804914,R-HSA-8941413	5
2,4-Di-tert-butylphenol	RM0053030	C14H22O	206.1671	Benzenoids	Benzenes	Phenylpropanes	7311	CHEBI:89188	HMDB0013816			ICKWICRCANNIBI-UHFFFAOYSA-N	CC(C)(C)c1ccc(c(c1)C(C)(C)C)O	2,4-Ditert-butylphenol					CHEBI:89188	CHEBI:89188	CHEBI:89188	CHEBI:89188										CHEBI:89188							CHEBI:89188								0
TG(18:1_24:1_18:2)	RM0113230	C63H114O6	966.8615	Glycerolipids	Triradylglycerols	TAG								TG 18:1_18:2_24:1																																	0
PE(18:2_20:4)	RM0001467	C43H74NO8P	763.5152	Glycerophospholipids	Glycerophosphoethanolamines	PE								PE 18:2_20:4																																	0
TG(16:0_20:4_22:6)	RM0068042	C61H98O6	926.7363	Glycerolipids	Triradylglycerols	TAG								TG 16:0_20:4_22:6																																	0
TG(18:1_20:4_22:6)	RM0070518	C63H100O6	952.7520	Glycerolipids	Triradylglycerols	TAG								TG 18:1_20:4_22:6																																	0
DG(38:2)	RM0035087	C41H76O5	648.5693	Glycerolipids	Diradylglycerols	DAG								DG 38:2					CHEBI:86984,CHEBI:88394,CHEBI:88477,CHEBI:88483,CHEBI:88510,CHEBI:88709,CHEBI:88957,CHEBI:88960,CHEBI:89000,CHEBI:89030,CHEBI:89631,CHEBI:89826,CHEBI:89833	CHEBI:86984,CHEBI:88394,CHEBI:88477,CHEBI:88483,CHEBI:88510,CHEBI:88709,CHEBI:88957,CHEBI:88960,CHEBI:89000,CHEBI:89030,CHEBI:89631,CHEBI:89826,CHEBI:89833	CHEBI:86984,CHEBI:88394,CHEBI:88477,CHEBI:88483,CHEBI:88510,CHEBI:88709,CHEBI:88957,CHEBI:88960,CHEBI:89000,CHEBI:89030,CHEBI:89631,CHEBI:89826,CHEBI:89833	CHEBI:86984,CHEBI:88394,CHEBI:88477,CHEBI:88483,CHEBI:88510,CHEBI:88709,CHEBI:88957,CHEBI:88960,CHEBI:89000,CHEBI:89030,CHEBI:89631,CHEBI:89826,CHEBI:89833										CHEBI:86984,CHEBI:88394,CHEBI:88477,CHEBI:88483,CHEBI:88510,CHEBI:88709,CHEBI:88957,CHEBI:88960,CHEBI:89000,CHEBI:89030,CHEBI:89631,CHEBI:89826,CHEBI:89833						CHEBI:86985	CHEBI:86984,CHEBI:86985,CHEBI:88394,CHEBI:88477,CHEBI:88483,CHEBI:88510,CHEBI:88709,CHEBI:88957,CHEBI:88960,CHEBI:89000,CHEBI:89030,CHEBI:89631,CHEBI:89826,CHEBI:89833						CHEBI:18035	R-HSA-112043,R-HSA-1250196,R-HSA-192456,R-HSA-202424,R-HSA-202433,R-HSA-2029485,R-HSA-2871809,R-HSA-2871837,R-HSA-418890,R-HSA-5218921,R-HSA-5607764,R-HSA-6809371,R-HSA-8963889,R-HSA-8963901,R-HSA-8964058,R-HSA-9027277,R-HSA-9648002,R-HSA-9664323,R-HSA-9680350,R-HSA-975634	20
Hentriacontane	-	-	-	-	-	-	-		-	-		-	-	-					CHEBI:5659,CHEBI:5659	CHEBI:5659,CHEBI:5659	CHEBI:5659	CHEBI:5659	C08376	C08376	C08376	C08376						CHEBI:5659	C08376						CHEBI:5659	C08376							0
TG(14:1_18:1_20:4)	RM0067835	C55H94O6	850.7050	Glycerolipids	Triradylglycerols	TAG								TG 14:1_18:1_20:4																																	0
TG(18:1_18:2_18:2)	RM0016715	C57H100O6	880.7520	Glycerolipids	Triradylglycerols	TAG								TG 18:1_18:2_18:2																																	0
TG(16:0_18:1_19:1)	RM0115883	C56H104O6	872.7833	Glycerolipids	Triradylglycerols	TAG								TG 16:0_18:1_19:1																																	0
cis-1,2-dithiane-4,5-diol	-	-	-	-	-	-	-		-	-		-	-	-					CHEBI:28059,CHEBI:28059	CHEBI:28059,CHEBI:28059	CHEBI:28059	CHEBI:28059	C06484	C06484	C06484	C06484						CHEBI:28059	C06484						CHEBI:28059	C06484							0
PC(32:1)	RM0011317	C40H78NO8P	731.5465	Glycerophospholipids	Glycerophosphocholines	PC								PC 32:1					CHEBI:66849,CHEBI:88907,CHEBI:88931,CHEBI:89508,CHEBI:89586,CHEBI:89587,CHEBI:89652,CHEBI:89667,CHEBI:89680,CHEBI:89957,CHEBI:89966,CHEBI:74000	CHEBI:66849,CHEBI:66849,CHEBI:88907,CHEBI:88931,CHEBI:89508,CHEBI:89586,CHEBI:89587,CHEBI:89652,CHEBI:89667,CHEBI:89680,CHEBI:89957,CHEBI:89966,CHEBI:74000	CHEBI:66849,CHEBI:88907,CHEBI:88931,CHEBI:89508,CHEBI:89586,CHEBI:89587,CHEBI:89652,CHEBI:89667,CHEBI:89680,CHEBI:89957,CHEBI:89966,CHEBI:74000	CHEBI:66849,CHEBI:74000,CHEBI:88907,CHEBI:88931,CHEBI:89508,CHEBI:89586,CHEBI:89587,CHEBI:89652,CHEBI:89667,CHEBI:89680,CHEBI:89957,CHEBI:89966										CHEBI:66849,CHEBI:74000,CHEBI:88907,CHEBI:88931,CHEBI:89508,CHEBI:89586,CHEBI:89587,CHEBI:89652,CHEBI:89667,CHEBI:89680,CHEBI:89957,CHEBI:89966						CHEBI:73793,CHEBI:84808,CHEBI:86092,CHEBI:89731,CHEBI:134592,CHEBI:143714,CHEBI:166942,CHEBI:167246	CHEBI:66849,CHEBI:73793,CHEBI:74000,CHEBI:84808,CHEBI:86092,CHEBI:88907,CHEBI:88931,CHEBI:89508,CHEBI:89586,CHEBI:89587,CHEBI:89652,CHEBI:89667,CHEBI:89680,CHEBI:89731,CHEBI:89957,CHEBI:89966,CHEBI:134592,CHEBI:143714,CHEBI:166942,CHEBI:167246						CHEBI:36313,CHEBI:57643	R-HSA-111995,R-HSA-1369062,R-HSA-1482788,R-HSA-1482798,R-HSA-1482839,R-HSA-1483101,R-HSA-1483148,R-HSA-1483166,R-HSA-1483191,R-HSA-1483196,R-HSA-1660661,R-HSA-2029485,R-HSA-2142753,R-HSA-382556,R-HSA-5678771,R-HSA-5683678,R-HSA-5683826,R-HSA-5688399,R-HSA-6811436,R-HSA-8964058,R-HSA-9680350	21
(1-methyldodecyl)-Benzene	-	-	-	-	-	-	-		-	-		-	-	-					CHEBI:183286	CHEBI:183286	CHEBI:183286	CHEBI:183286										CHEBI:183286							CHEBI:183286								0
(Z)-Docos-9-enenitrile	-	-	-	-	-	-	-		-	-		-	-	-					CHEBI:183260	CHEBI:183260	CHEBI:183260	CHEBI:183260										CHEBI:183260							CHEBI:183260								0
3-Hydroxybutyric acid	RM0153056	C4H8O3	104.0473	Fatty Acyls	Fatty acids	Hydroxy FA	441	CHEBI:20067	HMDB0000357	LMFA01050005	C01089	WHBMMWSBFZVSSR-UHFFFAOYSA-N	CC(CC(=O)O)O	3-Hydroxybutyric acid	CHEBI:20067	R-HSA-3296197,R-HSA-373076,R-HSA-418594	C01089	map01100,map00650,map04024	CHEBI:20067	CHEBI:20067	CHEBI:20067	CHEBI:20067	C01089	C01089	C01089	C01089	CHEBI:20067	R-HSA-3296197,R-HSA-373076,R-HSA-418594	C01089	map01100,map00650,map04024	CHEBI:37054	CHEBI:20067,CHEBI:37054	C01089	CHEBI:20067,CHEBI:37054	R-HSA-3296197,R-HSA-373076,R-HSA-418594,R-HSA-433692,R-HSA-5619070,R-HSA-9749641	C01089	map01100,map00650,map04024	CHEBI:10983,CHEBI:11047,CHEBI:17066,CHEBI:17290	CHEBI:10983,CHEBI:11047,CHEBI:17066,CHEBI:17290,CHEBI:20067,CHEBI:37054	C01089,C03197	CHEBI:10983,CHEBI:17066,CHEBI:20067,CHEBI:37054	R-HSA-77111,R-HSA-77108,R-HSA-77111,R-HSA-3296197,R-HSA-373076,R-HSA-418594,R-HSA-433692,R-HSA-5619070,R-HSA-9749641	C01089	map01100,map00650,map04024			0
TG(17:0_18:1_18:2)	RM0062038	C56H102O6	870.7676	Glycerolipids	Triradylglycerols	TAG								TG 17:0_18:1_18:2																																	0
PE(18:0_22:6)	RM0001469	C45H78NO8P	791.5465	Glycerophospholipids	Glycerophosphoethanolamines	PE								PE 18:0_22:6																																	0
Trisaminol	-	-	-	-	-	-	-		-	-		-	-	-																																	0
LPE(22:5)	RM0134461	C27H46NO7P	527.3012	Glycerophospholipids	Glycerophosphoethanolamines	LPE								LPE 22:5					CHEBI:131993	CHEBI:131993,CHEBI:131993	CHEBI:131993	CHEBI:131993										CHEBI:131993						CHEBI:138523,CHEBI:140966,CHEBI:140967,CHEBI:145270,CHEBI:145292	CHEBI:131993,CHEBI:138523,CHEBI:140966,CHEBI:140967,CHEBI:145270,CHEBI:145292						CHEBI:36314	R-HSA-1482788	1
TG(18:1_18:2_20:4)	RM0062078	C59H100O6	904.7520	Glycerolipids	Triradylglycerols	TAG								TG 18:1_18:2_20:4																																	0
2-methyl-Hexadecane	-	-	-	-	-	-	-		-	-		-	-	-																																	0
TG(18:2_18:2_18:3)	RM0024932	C57H96O6	876.7207	Glycerolipids	Triradylglycerols	TAG								TG 18:2_18:2_18:3																																	0
PC(O-34:2)	RM0052177	C42H82NO7P	743.5829	Glycerophospholipids	Glycerophosphocholines	O-PC								PC O-34:2					CHEBI:64544	CHEBI:64544,CHEBI:64544	CHEBI:64544	CHEBI:64544										CHEBI:64544						CHEBI:86231,CHEBI:167218,CHEBI:167279	CHEBI:64544,CHEBI:86231,CHEBI:167218,CHEBI:167279						CHEBI:36313	R-HSA-1482788	1
SM(32:1;3O)	RM0008928	C37H75N2O7P	690.5312	Sphingolipids	Phosphosphingolipids	SM								SM 32:1;O3																																	0
DG(38:10)	RM0033545	C41H60O5	632.4441	Glycerolipids	Diradylglycerols	DAG								DG 38:10																																	0
TG(18:1_18:1_18:2)	RM0113224	C57H102O6	882.7676	Glycerolipids	Triradylglycerols	TAG								TG 18:1_18:1_18:2																																	0
Citric acid	RM0135884	C6H8O7	192.0270	Organic acids	TCA acids	TCA acids	311	CHEBI:30769	HMDB0000094		C00158	KRKNYBCHXYNGOX-UHFFFAOYSA-N	C(C(=O)O)C(CC(=O)O)(C(=O)O)O	Citric acid			C00158	map01100,map01110,map01120,map01200,map01210,map01230,map01240,map00020,map00630,map00720,map00250,map00975,map01060,map01061,map01062,map01063,map01064,map01065,map01066,map01070,map02020,map04922,map04742,map05230	CHEBI:30769,CHEBI:30769,CHEBI:30769	CHEBI:30769,CHEBI:30769,CHEBI:30769	CHEBI:30769,CHEBI:30769,CHEBI:30769	CHEBI:30769	C00158	C00158	C00158	C00158			C00158	map01100,map01110,map01120,map01200,map01210,map01230,map01240,map00020,map00630,map00720,map00250,map00975,map01060,map01061,map01062,map01063,map01064,map01065,map01066,map01070,map02020,map04922,map04742,map05230	CHEBI:16947,CHEBI:35804,CHEBI:35808,CHEBI:132362	CHEBI:16947,CHEBI:30769,CHEBI:35804,CHEBI:35808,CHEBI:132362	C00158	CHEBI:16947	R-HSA-200425,R-HSA-389542,R-HSA-428643,R-HSA-70171,R-HSA-71403,R-HSA-75105,R-HSA-9729555,R-HSA-9955298	C00158	map01100,map01110,map01120,map01200,map01210,map01230,map01240,map00020,map00630,map00720,map00250,map00975,map01060,map01061,map01062,map01063,map01064,map01065,map01066,map01070,map02020,map04922,map04742,map05230	CHEBI:35802,CHEBI:35806,CHEBI:35809,CHEBI:35810	CHEBI:16947,CHEBI:30769,CHEBI:35802,CHEBI:35804,CHEBI:35806,CHEBI:35808,CHEBI:35809,CHEBI:35810,CHEBI:132362	C00158	CHEBI:16947	R-HSA-200425,R-HSA-389542,R-HSA-428643,R-HSA-70171,R-HSA-71403,R-HSA-75105,R-HSA-9729555,R-HSA-9955298	C00158	map01100,map01110,map01120,map01200,map01210,map01230,map01240,map00020,map00630,map00720,map00250,map00975,map01060,map01061,map01062,map01063,map01064,map01065,map01066,map01070,map02020,map04922,map04742,map05230			0
O-methoxycarbonyl-(9H-fluoren-9-yl)methanol	-	-	-	-	-	-	-		-	-		-	-	-					CHEBI:183261	CHEBI:183261	CHEBI:183261	CHEBI:183261										CHEBI:183261							CHEBI:183261								0
LPE(22:6)	RM0134455	C27H44NO7P	525.2855	Glycerophospholipids	Glycerophosphoethanolamines	LPE								LPE 22:6					CHEBI:72734	CHEBI:72734,CHEBI:72734	CHEBI:72734	CHEBI:72734										CHEBI:72734						CHEBI:72747,CHEBI:72749	CHEBI:72734,CHEBI:72747,CHEBI:72749						CHEBI:36314	R-HSA-1482788	1
TG(18:0_18:1_18:2)	RM0111187	C57H104O6	884.7833	Glycerolipids	Triradylglycerols	TAG								TG 18:0_18:1_18:2																																	0
TG(16:0_21:0_18:1)	RM0064571	C58H110O6	902.8302	Glycerolipids	Triradylglycerols	TAG								TG 16:0_18:1_21:0																																	0
TG(18:0_18:1_18:1)	RM0134324	C57H106O6	886.7989	Glycerolipids	Triradylglycerols	TAG								TG 18:0_18:1_18:1					CHEBI:167303	CHEBI:167303,CHEBI:167303	CHEBI:167303	CHEBI:167303										CHEBI:167303							CHEBI:167303						CHEBI:17855	R-HSA-1482883,R-HSA-163560,R-HSA-192456,R-HSA-202733,R-HSA-3000471,R-HSA-3000480,R-HSA-3000484,R-HSA-3000497,R-HSA-432142,R-HSA-5686938,R-HSA-6809371,R-HSA-75109,R-HSA-8856825,R-HSA-8856828,R-HSA-8866423,R-HSA-8963888,R-HSA-8963889,R-HSA-8963901,R-HSA-8964011,R-HSA-8964026,R-HSA-8964038,R-HSA-8964041,R-HSA-8964046,R-HSA-8964058,R-HSA-8964572,R-HSA-9707616,R-HSA-975634,R-HSA-9918432,R-HSA-9918481,R-HSA-9918487,R-HSA-9920588,R-HSA-9920951	32
beta-D-(+)-Xylopyranose	-	-	-	-	-	-	-		-	-		-	-	-																																	0
TG(18:1_18:2_24:4)	RM0113236	C63H108O6	960.8146	Glycerolipids	Triradylglycerols	TAG								TG 18:1_18:2_24:4																																	0
2,4,6-trimethyl-Octane	-	-	-	-	-	-	-		-	-		-	-	-																																	0
4-Hydroxybutanoic acid	RM0153113	C4H8O3	104.0473	Fatty Acyls	Fatty acids	Hydroxy FA	10413	CHEBI:30830	HMDB0000710	LMFA01050006	C00989	SJZRECIVHVDYJC-UHFFFAOYSA-N	C(CC(=O)O)CO	4-Hydroxybutyric acid			C00989	map01100,map01120,map01200,map00650,map00720	CHEBI:30830,CHEBI:30830	CHEBI:30830,CHEBI:30830	CHEBI:30830,CHEBI:30830	CHEBI:30830	C00989,C01991	C00989,C01991	C00989,C01991	C00989,C01991			C00989	map01100,map01120,map01200,map00650,map00720	CHEBI:16724	CHEBI:16724,CHEBI:30830	C00989,C01991	CHEBI:16724	R-HSA-611105,R-HSA-71403,R-HSA-880009,R-HSA-9854311	C00989	map01100,map01120,map01200,map00650,map00720		CHEBI:16724,CHEBI:30830	C00989,C01991	CHEBI:16724	R-HSA-611105,R-HSA-71403,R-HSA-880009,R-HSA-9854311	C00989	map01100,map01120,map01200,map00650,map00720			0
PE(16:0_20:4)	RM0134803	C41H74NO8P	739.5152	Glycerophospholipids	Glycerophosphoethanolamines	PE								PE 16:0_20:4					CHEBI:167261	CHEBI:167261,CHEBI:167261	CHEBI:167261	CHEBI:167261										CHEBI:167261						CHEBI:73009,CHEBI:73117	CHEBI:73009,CHEBI:73117,CHEBI:167261						CHEBI:36314	R-HSA-1482788	1
TG(17:0_18:2_20:4)	RM0065221	C58H100O6	892.7520	Glycerolipids	Triradylglycerols	TAG								TG 17:0_18:2_20:4																																	0
TG(16:0_18:0_20:1)	RM0019865	C57H108O6	888.8146	Glycerolipids	Triradylglycerols	TAG								TG 16:0_18:0_20:1																																	0
TG(16:1_18:1_18:2)	RM0061076	C55H98O6	854.7363	Glycerolipids	Triradylglycerols	TAG								TG 16:1_18:1_18:2																																	0
PE(16:0_18:2)	RM0011470	C39H74NO8P	715.5152	Glycerophospholipids	Glycerophosphoethanolamines	PE								PE 16:0_18:2																																	0
TG(16:0_18:1_18:2)	RM0134340	C55H100O6	856.7520	Glycerolipids	Triradylglycerols	TAG								TG 16:0_18:1_18:2																																	0
TG(15:0_18:2_18:3)	RM0016669	C54H94O6	838.7050	Glycerolipids	Triradylglycerols	TAG								TG 15:0_18:2_18:3																																	0
TG(16:0_18:1_24:1)	RM0112839	C61H114O6	942.8615	Glycerolipids	Triradylglycerols	TAG								TG 16:0_18:1_24:1																																	0
TG(16:0_23:0_18:1)	RM0117619	C60H114O6	930.8615	Glycerolipids	Triradylglycerols	TAG								TG 16:0_18:1_23:0																																	0
TG(17:1_18:1_18:2)	RM0061506	C56H100O6	868.7520	Glycerolipids	Triradylglycerols	TAG								TG 17:1_18:1_18:2																																	0
(E)-2-Butenedioic acid	RM0135891	C4H4O4	116.0110	Organic acids	TCA acids	TCA acids	444972	CHEBI:18012	HMDB0000134		C00122	VZCYOOQTPOCHFL-OWOJBTEDSA-N	C(=C\C(=O)O)/C(=O)O	Fumaric acid			C00122	map01100,map01110,map01120,map01200,map01220,map00020,map00620,map00650,map00190,map00720,map00250,map00220,map00350,map00360,map00760,map00643,map01060,map01061,map01062,map01063,map01064,map01065,map01066,map01070,map02020,map04922,map05200,map05230,map05211	CHEBI:18012,CHEBI:18012,CHEBI:18012	CHEBI:18012,CHEBI:18012,CHEBI:18012	CHEBI:18012,CHEBI:18012,CHEBI:18012	CHEBI:18012	C00122	C00122	C00122	C00122			C00122	map01100,map01110,map01120,map01200,map01220,map00020,map00620,map00650,map00190,map00720,map00250,map00220,map00350,map00360,map00760,map00643,map01060,map01061,map01062,map01063,map01064,map01065,map01066,map01070,map02020,map04922,map05200,map05230,map05211	CHEBI:29806,CHEBI:37154	CHEBI:18012,CHEBI:29806,CHEBI:37154	C00122	CHEBI:29806	R-HSA-611105,R-HSA-70268,R-HSA-70635,R-HSA-71403,R-HSA-73817,R-HSA-8963684,R-HSA-9854311	C00122	map01100,map01110,map01120,map01200,map01220,map00020,map00620,map00650,map00190,map00720,map00250,map00220,map00350,map00360,map00760,map00643,map01060,map01061,map01062,map01063,map01064,map01065,map01066,map01070,map02020,map04922,map05200,map05230,map05211		CHEBI:18012,CHEBI:29806,CHEBI:37154	C00122	CHEBI:29806	R-HSA-611105,R-HSA-70268,R-HSA-70635,R-HSA-71403,R-HSA-73817,R-HSA-8963684,R-HSA-9854311	C00122	map01100,map01110,map01120,map01200,map01220,map00020,map00620,map00650,map00190,map00720,map00250,map00220,map00350,map00360,map00760,map00643,map01060,map01061,map01062,map01063,map01064,map01065,map01066,map01070,map02020,map04922,map05200,map05230,map05211			0
PC(40:6)	RM0134817	C48H84NO8P	833.5935	Glycerophospholipids	Glycerophosphocholines	PC								PC 40:6					CHEBI:64431	CHEBI:64431,CHEBI:64431	CHEBI:64431	CHEBI:64431										CHEBI:64431						CHEBI:73868,CHEBI:84829,CHEBI:84830,CHEBI:86205,CHEBI:136070,CHEBI:136080,CHEBI:136090,CHEBI:136095,CHEBI:145314	CHEBI:64431,CHEBI:73868,CHEBI:84829,CHEBI:84830,CHEBI:86205,CHEBI:136070,CHEBI:136080,CHEBI:136090,CHEBI:136095,CHEBI:145314						CHEBI:57643	R-HSA-111995,R-HSA-1369062,R-HSA-1482788,R-HSA-1482798,R-HSA-1482839,R-HSA-1483101,R-HSA-1483148,R-HSA-1483166,R-HSA-1483191,R-HSA-1483196,R-HSA-1660661,R-HSA-2029485,R-HSA-2142753,R-HSA-382556,R-HSA-5678771,R-HSA-5683678,R-HSA-5683826,R-HSA-5688399,R-HSA-6811436,R-HSA-8964058,R-HSA-9680350	21
Tyrosine	RM0135896	C9H11NO3	181.0739	Organic acids	Amino acids and peptides	Amino acids	6057	CHEBI:17895	HMDB0000158		C00082	OUYCCCASQSFEME-QMMMGPOBSA-N	c1cc(ccc1C[C@@H](C(=O)O)N)O	Tyrosine			C00082	map01100,map01110,map01210,map01230,map01240,map00680,map00350,map00360,map00400,map00460,map00730,map00130,map01059,map01055,map00940,map00950,map00965,map00966,map00261,map00401,map00998,map00999,map00997,map01060,map01063,map00970,map04917,map04916,map04974,map04728,map05230,map05012,map05030,map05031,map05034	CHEBI:17895,CHEBI:17895,CHEBI:18186,CHEBI:18186	CHEBI:17895,CHEBI:17895,CHEBI:18186,CHEBI:18186	CHEBI:17895,CHEBI:17895,CHEBI:18186,CHEBI:18186	CHEBI:17895,CHEBI:18186	C00082,C01536	C00082,C01536	C00082,C01536	C00082,C01536			C00082	map01100,map01110,map01210,map01230,map01240,map00680,map00350,map00360,map00400,map00460,map00730,map00130,map01059,map01055,map00940,map00950,map00965,map00966,map00261,map00401,map00998,map00999,map00997,map01060,map01063,map00970,map04917,map04916,map04974,map04728,map05230,map05012,map05030,map05031,map05034	CHEBI:28479,CHEBI:32760,CHEBI:32761,CHEBI:32762,CHEBI:32773,CHEBI:32774,CHEBI:32775,CHEBI:32784,CHEBI:32785,CHEBI:32786,CHEBI:58315,CHEBI:58570	CHEBI:17895,CHEBI:18186,CHEBI:28479,CHEBI:32760,CHEBI:32761,CHEBI:32762,CHEBI:32773,CHEBI:32774,CHEBI:32775,CHEBI:32784,CHEBI:32785,CHEBI:32786,CHEBI:58315,CHEBI:58570	C00082,C01536,C06420	CHEBI:58315	R-HSA-209905,R-HSA-209968,R-HSA-352230,R-HSA-379716,R-HSA-379726,R-HSA-442660,R-HSA-5619044,R-HSA-5659735,R-HSA-5662702,R-HSA-71240,R-HSA-8955332,R-HSA-8963684,R-HSA-8964208	C00082	map01100,map01110,map01210,map01230,map01240,map00680,map00350,map00360,map00400,map00460,map00730,map00130,map01059,map01055,map00940,map00950,map00965,map00966,map00261,map00401,map00998,map00999,map00997,map01060,map01063,map00970,map04917,map04916,map04974,map04728,map05230,map05012,map05030,map05031,map05034	CHEBI:192085	CHEBI:17895,CHEBI:18186,CHEBI:28479,CHEBI:32760,CHEBI:32761,CHEBI:32762,CHEBI:32773,CHEBI:32774,CHEBI:32775,CHEBI:32784,CHEBI:32785,CHEBI:32786,CHEBI:58315,CHEBI:58570,CHEBI:192085	C00082,C01536,C06420	CHEBI:58315	R-HSA-209905,R-HSA-209968,R-HSA-352230,R-HSA-379716,R-HSA-379726,R-HSA-442660,R-HSA-5619044,R-HSA-5659735,R-HSA-5662702,R-HSA-71240,R-HSA-8955332,R-HSA-8963684,R-HSA-8964208	C00082	map01100,map01110,map01210,map01230,map01240,map00680,map00350,map00360,map00400,map00460,map00730,map00130,map01059,map01055,map00940,map00950,map00965,map00966,map00261,map00401,map00998,map00999,map00997,map01060,map01063,map00970,map04917,map04916,map04974,map04728,map05230,map05012,map05030,map05031,map05034			0
2,5-di-tert-Butyl-1,4-benzoquinone	-	-	-	-	-	-	-		-	-		-	-	-					CHEBI:183272	CHEBI:183272	CHEBI:183272	CHEBI:183272										CHEBI:183272							CHEBI:183272						CHEBI:36141	R-HSA-211945	1
TG(24:0_18:1_18:1)	RM0109149	C63H118O6	970.8928	Glycerolipids	Triradylglycerols	TAG								TG 18:1_18:1_24:0																																	0
PC(38:6)	RM0097851	C46H80NO8P	805.5622	Glycerophospholipids	Glycerophosphocholines	PC								PC 38:6					CHEBI:64519,CHEBI:88422,CHEBI:88434,CHEBI:88564,CHEBI:88915,CHEBI:88927,CHEBI:89064,CHEBI:89065,CHEBI:89083,CHEBI:89106,CHEBI:89107,CHEBI:89289,CHEBI:89290,CHEBI:89425,CHEBI:89447,CHEBI:89452,CHEBI:89469,CHEBI:89563,CHEBI:89565,CHEBI:89579,CHEBI:89655,CHEBI:89657,CHEBI:89926,CHEBI:74963	CHEBI:64519,CHEBI:64519,CHEBI:88422,CHEBI:88434,CHEBI:88564,CHEBI:88915,CHEBI:88927,CHEBI:89064,CHEBI:89065,CHEBI:89083,CHEBI:89106,CHEBI:89107,CHEBI:89289,CHEBI:89290,CHEBI:89425,CHEBI:89447,CHEBI:89452,CHEBI:89469,CHEBI:89563,CHEBI:89565,CHEBI:89579,CHEBI:89655,CHEBI:89657,CHEBI:89926,CHEBI:74963	CHEBI:64519,CHEBI:88422,CHEBI:88434,CHEBI:88564,CHEBI:88915,CHEBI:88927,CHEBI:89064,CHEBI:89065,CHEBI:89083,CHEBI:89106,CHEBI:89107,CHEBI:89289,CHEBI:89290,CHEBI:89425,CHEBI:89447,CHEBI:89452,CHEBI:89469,CHEBI:89563,CHEBI:89565,CHEBI:89579,CHEBI:89655,CHEBI:89657,CHEBI:89926,CHEBI:74963	CHEBI:64519,CHEBI:74963,CHEBI:88422,CHEBI:88434,CHEBI:88564,CHEBI:88915,CHEBI:88927,CHEBI:89064,CHEBI:89065,CHEBI:89083,CHEBI:89106,CHEBI:89107,CHEBI:89289,CHEBI:89290,CHEBI:89425,CHEBI:89447,CHEBI:89452,CHEBI:89469,CHEBI:89563,CHEBI:89565,CHEBI:89579,CHEBI:89655,CHEBI:89657,CHEBI:89926										CHEBI:64519,CHEBI:74963,CHEBI:88422,CHEBI:88434,CHEBI:88564,CHEBI:88915,CHEBI:88927,CHEBI:89064,CHEBI:89065,CHEBI:89083,CHEBI:89106,CHEBI:89107,CHEBI:89289,CHEBI:89290,CHEBI:89425,CHEBI:89447,CHEBI:89452,CHEBI:89469,CHEBI:89563,CHEBI:89565,CHEBI:89579,CHEBI:89655,CHEBI:89657,CHEBI:89926						CHEBI:84563,CHEBI:84797,CHEBI:86182,CHEBI:86183,CHEBI:86184,CHEBI:86186,CHEBI:86187,CHEBI:134598,CHEBI:136088	CHEBI:64519,CHEBI:74963,CHEBI:84563,CHEBI:84797,CHEBI:86182,CHEBI:86183,CHEBI:86184,CHEBI:86186,CHEBI:86187,CHEBI:88422,CHEBI:88434,CHEBI:88564,CHEBI:88915,CHEBI:88927,CHEBI:89064,CHEBI:89065,CHEBI:89083,CHEBI:89106,CHEBI:89107,CHEBI:89289,CHEBI:89290,CHEBI:89425,CHEBI:89447,CHEBI:89452,CHEBI:89469,CHEBI:89563,CHEBI:89565,CHEBI:89579,CHEBI:89655,CHEBI:89657,CHEBI:89926,CHEBI:134598,CHEBI:136088						CHEBI:36313,CHEBI:57643	R-HSA-111995,R-HSA-1369062,R-HSA-1482788,R-HSA-1482798,R-HSA-1482839,R-HSA-1483101,R-HSA-1483148,R-HSA-1483166,R-HSA-1483191,R-HSA-1483196,R-HSA-1660661,R-HSA-2029485,R-HSA-2142753,R-HSA-382556,R-HSA-5678771,R-HSA-5683678,R-HSA-5683826,R-HSA-5688399,R-HSA-6811436,R-HSA-8964058,R-HSA-9680350	21
PC(36:4)	RM0010761	C44H80NO8P	781.5622	Glycerophospholipids	Glycerophosphocholines	PC								PC 36:4					CHEBI:64520,CHEBI:77694,CHEBI:88864,CHEBI:88895,CHEBI:88909,CHEBI:88932,CHEBI:88990,CHEBI:89125,CHEBI:89179,CHEBI:89411,CHEBI:89412,CHEBI:89420,CHEBI:89429,CHEBI:89437,CHEBI:89458,CHEBI:89459,CHEBI:89514,CHEBI:89534,CHEBI:89535,CHEBI:73003,CHEBI:89547,CHEBI:89692,CHEBI:89693,CHEBI:89735,CHEBI:89740,CHEBI:89866,CHEBI:89903,CHEBI:89946,CHEBI:89947,CHEBI:89967,CHEBI:89990	CHEBI:77694,CHEBI:64520,CHEBI:64520,CHEBI:88864,CHEBI:88895,CHEBI:88909,CHEBI:88932,CHEBI:88990,CHEBI:89125,CHEBI:89179,CHEBI:89411,CHEBI:89412,CHEBI:89420,CHEBI:89429,CHEBI:89437,CHEBI:89458,CHEBI:89459,CHEBI:89514,CHEBI:89534,CHEBI:89535,CHEBI:73003,CHEBI:89547,CHEBI:89692,CHEBI:89693,CHEBI:89735,CHEBI:89740,CHEBI:89866,CHEBI:89903,CHEBI:89946,CHEBI:89947,CHEBI:89967,CHEBI:89990	CHEBI:64520,CHEBI:77694,CHEBI:88864,CHEBI:88895,CHEBI:88909,CHEBI:88932,CHEBI:88990,CHEBI:89125,CHEBI:89179,CHEBI:89411,CHEBI:89412,CHEBI:89420,CHEBI:89429,CHEBI:89437,CHEBI:89458,CHEBI:89459,CHEBI:89514,CHEBI:89534,CHEBI:89535,CHEBI:73003,CHEBI:89547,CHEBI:89692,CHEBI:89693,CHEBI:89735,CHEBI:89740,CHEBI:89866,CHEBI:89903,CHEBI:89946,CHEBI:89947,CHEBI:89967,CHEBI:89990	CHEBI:64520,CHEBI:73003,CHEBI:77694,CHEBI:88864,CHEBI:88895,CHEBI:88909,CHEBI:88932,CHEBI:88990,CHEBI:89125,CHEBI:89179,CHEBI:89411,CHEBI:89412,CHEBI:89420,CHEBI:89429,CHEBI:89437,CHEBI:89458,CHEBI:89459,CHEBI:89514,CHEBI:89534,CHEBI:89535,CHEBI:89547,CHEBI:89692,CHEBI:89693,CHEBI:89735,CHEBI:89740,CHEBI:89866,CHEBI:89903,CHEBI:89946,CHEBI:89947,CHEBI:89967,CHEBI:89990										CHEBI:64520,CHEBI:73003,CHEBI:77694,CHEBI:88864,CHEBI:88895,CHEBI:88909,CHEBI:88932,CHEBI:88990,CHEBI:89125,CHEBI:89179,CHEBI:89411,CHEBI:89412,CHEBI:89420,CHEBI:89429,CHEBI:89437,CHEBI:89458,CHEBI:89459,CHEBI:89514,CHEBI:89534,CHEBI:89535,CHEBI:89547,CHEBI:89692,CHEBI:89693,CHEBI:89735,CHEBI:89740,CHEBI:89866,CHEBI:89903,CHEBI:89946,CHEBI:89947,CHEBI:89967,CHEBI:89990						CHEBI:42027,CHEBI:84794,CHEBI:84815,CHEBI:86123,CHEBI:86127,CHEBI:86130,CHEBI:86133,CHEBI:86134,CHEBI:134596,CHEBI:136085,CHEBI:140161,CHEBI:167250	CHEBI:42027,CHEBI:64520,CHEBI:73003,CHEBI:77694,CHEBI:84794,CHEBI:84815,CHEBI:86123,CHEBI:86127,CHEBI:86130,CHEBI:86133,CHEBI:86134,CHEBI:88864,CHEBI:88895,CHEBI:88909,CHEBI:88932,CHEBI:88990,CHEBI:89125,CHEBI:89179,CHEBI:89411,CHEBI:89412,CHEBI:89420,CHEBI:89429,CHEBI:89437,CHEBI:89458,CHEBI:89459,CHEBI:89514,CHEBI:89534,CHEBI:89535,CHEBI:89547,CHEBI:89692,CHEBI:89693,CHEBI:89735,CHEBI:89740,CHEBI:89866,CHEBI:89903,CHEBI:89946,CHEBI:89947,CHEBI:89967,CHEBI:89990,CHEBI:134596,CHEBI:136085,CHEBI:140161,CHEBI:167250						CHEBI:36313,CHEBI:57643,CHEBI:75063	R-HSA-111995,R-HSA-1369062,R-HSA-1482788,R-HSA-1482798,R-HSA-1482839,R-HSA-1483101,R-HSA-1483148,R-HSA-1483166,R-HSA-1483191,R-HSA-1483196,R-HSA-1660661,R-HSA-2029485,R-HSA-2142753,R-HSA-382556,R-HSA-5678771,R-HSA-5683678,R-HSA-5683826,R-HSA-5688399,R-HSA-6811436,R-HSA-8964058,R-HSA-9680350	21
Benzenepropanoic acid, 3,5-bis(1,1-dimethylethyl)-4-hydroxy-, methyl ester	-	-	-	-	-	-	-		-	-		-	-	-					CHEBI:183289	CHEBI:183289	CHEBI:183289	CHEBI:183289										CHEBI:183289							CHEBI:183289								0
PC(O-16:1_18:2)	RM0134913	C42H80NO7P	741.5672	Glycerophospholipids	Glycerophosphocholines	O-PC								PC O-16:1/18:2						CHEBI:136121	CHEBI:136121	CHEBI:136121										CHEBI:136121							CHEBI:136121						CHEBI:36313	R-HSA-1482788	1
TG(16:0_18:2_18:3)	RM0073447	C55H96O6	852.7207	Glycerolipids	Triradylglycerols	TAG								TG 16:0_18:2_18:3																																	0
TG(16:0_18:1_18:1)	RM0134322	C55H102O6	858.7676	Glycerolipids	Triradylglycerols	TAG								TG 16:0_18:1_18:1					CHEBI:167299	CHEBI:167299,CHEBI:167299	CHEBI:167299	CHEBI:167299										CHEBI:167299							CHEBI:167299						CHEBI:17855	R-HSA-1482883,R-HSA-163560,R-HSA-192456,R-HSA-202733,R-HSA-3000471,R-HSA-3000480,R-HSA-3000484,R-HSA-3000497,R-HSA-432142,R-HSA-5686938,R-HSA-6809371,R-HSA-75109,R-HSA-8856825,R-HSA-8856828,R-HSA-8866423,R-HSA-8963888,R-HSA-8963889,R-HSA-8963901,R-HSA-8964011,R-HSA-8964026,R-HSA-8964038,R-HSA-8964041,R-HSA-8964046,R-HSA-8964058,R-HSA-8964572,R-HSA-9707616,R-HSA-975634,R-HSA-9918432,R-HSA-9918481,R-HSA-9918487,R-HSA-9920588,R-HSA-9920951	32
D-(-)-Erythrose	RM0171550	C4H8O4	120.0423	Carbohydrates	Monosaccharides	Tetroses	94176	CHEBI:27904	HMDB0002649		C01796	YTBSYETUWUMLBZ-IUYQGCFVSA-N	C(=O)[C@@H]([C@@H](CO)O)O	Erythrose					CHEBI:33946	CHEBI:33946	CHEBI:33946	CHEBI:27904,CHEBI:33946	C01796	C01796	C01796	C01796					CHEBI:21288	CHEBI:21288,CHEBI:27904,CHEBI:33946	C01796						CHEBI:21288,CHEBI:27904,CHEBI:33946	C01796							0
TG(16:0_18:0_18:1)	RM0003461	C55H104O6	860.7833	Glycerolipids	Triradylglycerols	TAG								TG 16:0_18:0_18:1																																	0
Phenylalanine	RM0135897	C9H11NO2	165.0790	Organic acids	Amino acids and peptides	Amino acids	6140	CHEBI:17295	HMDB0000159		C00079	COLNVLDHVKWLRT-QMMMGPOBSA-N	c1ccc(cc1)C[C@@H](C(=O)O)N	Phenylalanine			C00079	map01100,map01110,map01210,map01230,map00360,map00400,map00460,map00470,map00904,map00940,map00960,map00996,map00966,map00999,map00997,map01060,map01061,map01063,map01064,map01070,map00970,map02010,map04974,map04978,map05230	CHEBI:17295,CHEBI:28044,CHEBI:28044,CHEBI:58095	CHEBI:17295,CHEBI:28044,CHEBI:28044,CHEBI:58095	CHEBI:17295,CHEBI:28044,CHEBI:28044,CHEBI:58095	CHEBI:17295,CHEBI:28044,CHEBI:58095	C00079,C02057	C00079,C02057	C00079,C02057	C00079,C02057	CHEBI:58095	R-HSA-1474151,R-HSA-2022377,R-HSA-2160456,R-HSA-352230,R-HSA-379716,R-HSA-379726,R-HSA-442660,R-HSA-5619044,R-HSA-5659735,R-HSA-71240,R-HSA-8964208,R-HSA-9673163	C00079	map01100,map01110,map01210,map01230,map00360,map00400,map00460,map00470,map00904,map00940,map00960,map00996,map00966,map00999,map00997,map01060,map01061,map01063,map01064,map01070,map00970,map02010,map04974,map04978,map05230	CHEBI:16998,CHEBI:32486,CHEBI:32487,CHEBI:32494,CHEBI:32495,CHEBI:32504,CHEBI:32505,CHEBI:57981	CHEBI:16998,CHEBI:17295,CHEBI:28044,CHEBI:32486,CHEBI:32487,CHEBI:32494,CHEBI:32495,CHEBI:32504,CHEBI:32505,CHEBI:57981,CHEBI:58095	C00079,C02057,C02265	CHEBI:58095	R-HSA-1474151,R-HSA-2022377,R-HSA-2160456,R-HSA-352230,R-HSA-379716,R-HSA-379726,R-HSA-442660,R-HSA-5619044,R-HSA-5659735,R-HSA-71240,R-HSA-8964208,R-HSA-9673163	C00079,C02265	map01100,map01110,map01210,map01230,map00360,map00400,map00460,map00470,map00904,map00940,map00960,map00996,map00966,map00999,map00997,map01060,map01061,map01063,map01064,map01070,map00970,map02010,map04974,map04978,map05230,map01100,map00360,map00470,map04742	CHEBI:192084	CHEBI:16998,CHEBI:17295,CHEBI:28044,CHEBI:32486,CHEBI:32487,CHEBI:32494,CHEBI:32495,CHEBI:32504,CHEBI:32505,CHEBI:57981,CHEBI:58095,CHEBI:192084	C00079,C02057,C02265	CHEBI:58095	R-HSA-1474151,R-HSA-2022377,R-HSA-2160456,R-HSA-352230,R-HSA-379716,R-HSA-379726,R-HSA-442660,R-HSA-5619044,R-HSA-5659735,R-HSA-71240,R-HSA-8964208,R-HSA-9673163	C00079,C02265	map01100,map01110,map01210,map01230,map00360,map00400,map00460,map00470,map00904,map00940,map00960,map00996,map00966,map00999,map00997,map01060,map01061,map01063,map01064,map01070,map00970,map02010,map04974,map04978,map05230,map01100,map00360,map00470,map04742			0
TG(8:0_16:1_18:2)	RM0021488	C45H80O6	716.5955	Glycerolipids	Triradylglycerols	TAG								TG 8:0_16:1_18:2																																	0
DG(40:5)	RM0033573	C43H74O5	670.5536	Glycerolipids	Diradylglycerols	DAG								DG 40:5					CHEBI:87224	CHEBI:87224	CHEBI:87224	CHEBI:87224										CHEBI:87224						CHEBI:87225,CHEBI:134565,CHEBI:134570,CHEBI:137142	CHEBI:87224,CHEBI:87225,CHEBI:134565,CHEBI:134570,CHEBI:137142						CHEBI:18035	R-HSA-112043,R-HSA-1250196,R-HSA-192456,R-HSA-202424,R-HSA-202433,R-HSA-2029485,R-HSA-2871809,R-HSA-2871837,R-HSA-418890,R-HSA-5218921,R-HSA-5607764,R-HSA-6809371,R-HSA-8963889,R-HSA-8963901,R-HSA-8964058,R-HSA-9027277,R-HSA-9648002,R-HSA-9664323,R-HSA-9680350,R-HSA-975634	20
PE(16:0_22:5)	RM0044207	C43H76NO8P	765.5309	Glycerophospholipids	Glycerophosphoethanolamines	PE								PE 16:0_22:5																																	0
SM(38:1;3O)	RM0162042	C43H87N2O7P	774.6251	Sphingolipids	Phosphosphingolipids	SM								SM 38:1;O3																																	0
D-(-)-Lactic acid	RM0136088	C3H6O3	90.0317	Organic acids	Hydroxy acids	Alpha hydroxy acids	61503	CHEBI:42111	HMDB0001311		C00256	JVTAAEKCZFNVCJ-UWTATZPHSA-N	C[C@H](C(=O)O)O	D-Lactic acid			C00256	map01100,map01120,map00620,map01502	CHEBI:42111,CHEBI:42111	CHEBI:42111,CHEBI:42111	CHEBI:42111,CHEBI:42111	CHEBI:42111	C00256	C00256	C00256	C00256			C00256	map01100,map01120,map00620,map01502	CHEBI:422,CHEBI:16004,CHEBI:16651	CHEBI:422,CHEBI:16004,CHEBI:16651,CHEBI:42111	C00186,C00256	CHEBI:422,CHEBI:16004,CHEBI:16651	R-HSA-196807,R-HSA-3296197,R-HSA-381753,R-HSA-381753,R-HSA-418594,R-HSA-428643,R-HSA-433692,R-HSA-561048,R-HSA-5619070,R-HSA-70268,R-HSA-9749641,R-HSA-70268,R-HSA-196807,R-HSA-428643,R-HSA-433692,R-HSA-561048,R-HSA-5619071,R-HSA-70268,R-HSA-9749641	C00186,C00256	map01100,map01110,map01120,map00010,map00051,map00620,map00640,map00643,map04066,map04024,map04148,map04922,map05230,map01100,map01120,map00620,map01502		CHEBI:422,CHEBI:16004,CHEBI:16651,CHEBI:42111	C00186,C00256	CHEBI:422,CHEBI:16004,CHEBI:16651	R-HSA-196807,R-HSA-3296197,R-HSA-381753,R-HSA-381753,R-HSA-418594,R-HSA-428643,R-HSA-433692,R-HSA-561048,R-HSA-5619070,R-HSA-70268,R-HSA-9749641,R-HSA-70268,R-HSA-196807,R-HSA-428643,R-HSA-433692,R-HSA-561048,R-HSA-5619071,R-HSA-70268,R-HSA-9749641	C00186,C00256	map01100,map01110,map01120,map00010,map00051,map00620,map00640,map00643,map04066,map04024,map04148,map04922,map05230,map01100,map01120,map00620,map01502			0
2-Monostearin	-	-	-	-	-	-	-		-	-		-	-	-																																	0
LPE(18:0)	RM0017276	C23H48NO7P	481.3168	Glycerophospholipids	Glycerophosphoethanolamines	LPE								LPE 18:0					CHEBI:64576,CHEBI:72387,CHEBI:133145	CHEBI:133145,CHEBI:64576,CHEBI:64576,CHEBI:72387,CHEBI:72387	CHEBI:64576,CHEBI:72387,CHEBI:133145	CHEBI:64576,CHEBI:72387,CHEBI:133145									CHEBI:133144	CHEBI:64576,CHEBI:72387,CHEBI:133144,CHEBI:133145						CHEBI:75036,CHEBI:83047	CHEBI:64576,CHEBI:72387,CHEBI:75036,CHEBI:83047,CHEBI:133144,CHEBI:133145						CHEBI:28936,CHEBI:36314	R-HSA-1482788,R-HSA-1482839,R-HSA-1483152	3
L-Threitol	-	-	-	-	-	-	-		-	-		-	-	-					CHEBI:42090	CHEBI:42090	CHEBI:42090	CHEBI:42090									CHEBI:48300	CHEBI:42090,CHEBI:48300	C16884						CHEBI:42090,CHEBI:48300	C16884							0
meso-Erythritol	RM0136218	C4H10O4	122.0579	Carbohydrates	Monosaccharides	Sugar alcohols	222285	CHEBI:17113	HMDB0002994		C00503	UNXHWFMMPAWVPI-ZXZARUISSA-N	C([C@@H]([C@@H](CO)O)O)O	Erythritol			C00503	map02010	CHEBI:17113,CHEBI:17113	CHEBI:17113,CHEBI:17113	CHEBI:17113,CHEBI:17113	CHEBI:17113	C00503	C00503	C00503	C00503			C00503	map02010		CHEBI:17113	C00503			C00503	map02010		CHEBI:17113	C00503			C00503	map02010			0
Ribonic acid	RM0138937	C5H10O6	166.0477	Carbohydrates	Monosaccharides	Sugar acids	5460677	CHEBI:21077	HMDB0000867		C01685	QXKAIJAYHKCRRA-BXXZVTAOSA-N	C([C@H]([C@H]([C@H](C(=O)O)O)O)O)O	Ribonic acid					CHEBI:33511	CHEBI:33511	CHEBI:33511	CHEBI:21077,CHEBI:33511	C01685	C01685	C01685	C01685					CHEBI:17773,CHEBI:87765	CHEBI:17773,CHEBI:21077,CHEBI:33511,CHEBI:87765	C01685						CHEBI:17773,CHEBI:21077,CHEBI:33511,CHEBI:87765	C01685					CHEBI:33575	R-HSA-6809371	1
Arachidic acid	RM0137828	C20H40O2	312.3028	Fatty Acyls	Fatty acids	Saturated FA	10467	CHEBI:28822	HMDB0002212	LMFA01010020	C06425	VKOBVWXKNCXXDE-UHFFFAOYSA-N	CCCCCCCCCCCCCCCCCCCC(=O)O	Arachidic acid	CHEBI:28822	R-HSA-5619108,R-HSA-804914	C06425	map01040	CHEBI:28822,CHEBI:28822	CHEBI:28822,CHEBI:28822	CHEBI:28822,CHEBI:28822	CHEBI:28822	C06425	C06425	C06425	C06425	CHEBI:28822	R-HSA-5619108,R-HSA-804914	C06425	map01040	CHEBI:32360	CHEBI:28822,CHEBI:32360	C06425	CHEBI:28822	R-HSA-5619108,R-HSA-804914	C06425	map01040		CHEBI:28822,CHEBI:32360	C06425	CHEBI:28822	R-HSA-5619108,R-HSA-804914	C06425	map01040			0
TG(19:1_18:2_18:2)	RM0117077	C58H102O6	894.7676	Glycerolipids	Triradylglycerols	TAG								TG 18:2_18:2_19:1																																	0
TG(17:1_18:2_18:2)	RM0107942	C56H98O6	866.7363	Glycerolipids	Triradylglycerols	TAG								TG 17:1_18:2_18:2																																	0
TG(16:1_18:2_18:3)	RM0110763	C55H94O6	850.7050	Glycerolipids	Triradylglycerols	TAG								TG 16:1_18:2_18:3																																	0
Octanoic acid	RM0134956	C8H16O2	144.1150	Fatty Acyls	Fatty acids	Saturated FA	379	CHEBI:28837	HMDB0000482	LMFA01010008	C06423	WWZKQHOCKIZLMA-UHFFFAOYSA-N	CCCCCCCC(=O)O	Caprylic acid	CHEBI:28837	R-HSA-381753,R-HSA-381753,R-HSA-422085	C06423	map01100,map01240,map00061,map00785,map01060,map01066	CHEBI:28837	CHEBI:28837	CHEBI:28837	CHEBI:28837	C06423	C06423	C06423	C06423	CHEBI:28837	R-HSA-381753,R-HSA-381753,R-HSA-422085	C06423	map01100,map01240,map00061,map00785,map01060,map01066	CHEBI:25646	CHEBI:25646,CHEBI:28837	C06423	CHEBI:28837	R-HSA-381753,R-HSA-381753,R-HSA-422085	C06423	map01100,map01240,map00061,map00785,map01060,map01066		CHEBI:25646,CHEBI:28837	C06423	CHEBI:28837	R-HSA-381753,R-HSA-381753,R-HSA-422085	C06423	map01100,map01240,map00061,map00785,map01060,map01066			0
Diglycerol	RM0160348	C6H14O5	166.0841	Glycerolipids	Monoradylglycerols	O-MG	42953	CHEBI:140430				GPLRAVKSCUXZTP-UHFFFAOYSA-N	C(C(COCC(CO)O)O)O	Diglycerol					CHEBI:140430	CHEBI:140430	CHEBI:140430	CHEBI:140430										CHEBI:140430							CHEBI:140430						CHEBI:52575	R-HSA-75109	1
Stearic acid	RM0153574	C18H36O2	284.2715	Fatty Acyls	Fatty acids	Saturated FA	5281	CHEBI:28842	HMDB0000827	LMFA01010018	C01530	QIQXTHQIDYTFRH-UHFFFAOYSA-N	CCCCCCCCCCCCCCCCCC(=O)O	Stearic acid			C01530	map01100,map00061,map01040,map01060,map04745	CHEBI:28842,CHEBI:28842	CHEBI:28842,CHEBI:28842	CHEBI:28842,CHEBI:28842	CHEBI:28842	C01530	C01530	C01530	C01530			C01530	map01100,map00061,map01040,map01060,map04745	CHEBI:25629	CHEBI:25629,CHEBI:28842	C01530			C01530	map01100,map00061,map01040,map01060,map04745		CHEBI:25629,CHEBI:28842	C01530			C01530	map01100,map00061,map01040,map01060,map04745	CHEBI:15904	R-HSA-1369062,R-HSA-192456,R-HSA-3000471,R-HSA-390247,R-HSA-5684045,R-HSA-77289,R-HSA-8963901,R-HSA-8964058,R-HSA-975634	9
L-(+)-Lactic acid	RM0135904	C3H6O3	90.0317	Organic acids	Short-chain acids	Short-chain acids	107689	CHEBI:422	HMDB0000190		C00186	JVTAAEKCZFNVCJ-REOHCLBHSA-N	C[C@@H](C(=O)O)O	Lactic acid	CHEBI:422	R-HSA-196807,R-HSA-3296197,R-HSA-381753,R-HSA-381753,R-HSA-418594,R-HSA-428643,R-HSA-433692,R-HSA-561048,R-HSA-5619070,R-HSA-70268,R-HSA-9749641	C00186	map01100,map01110,map01120,map00010,map00051,map00620,map00640,map00643,map04066,map04024,map04148,map04922,map05230	CHEBI:28358,CHEBI:42111,CHEBI:78320,CHEBI:422	CHEBI:28358,CHEBI:42111,CHEBI:78320,CHEBI:422	CHEBI:28358,CHEBI:42111,CHEBI:78320,CHEBI:422	CHEBI:422,CHEBI:28358,CHEBI:42111,CHEBI:78320	C00186,C00256,C01432	C00186,C00256,C01432	C00186,C00256,C01432	C00186,C00256,C01432	CHEBI:422	R-HSA-196807,R-HSA-3296197,R-HSA-381753,R-HSA-381753,R-HSA-418594,R-HSA-428643,R-HSA-433692,R-HSA-561048,R-HSA-5619070,R-HSA-70268,R-HSA-9749641	C00186,C00256	map01100,map01110,map01120,map00010,map00051,map00620,map00640,map00643,map04066,map04024,map04148,map04922,map05230,map01100,map01120,map00620,map01502	CHEBI:16004,CHEBI:16651,CHEBI:24996	CHEBI:422,CHEBI:16004,CHEBI:16651,CHEBI:24996,CHEBI:28358,CHEBI:42111,CHEBI:78320	C00186,C00256,C01432	CHEBI:422,CHEBI:16004,CHEBI:16651	R-HSA-196807,R-HSA-3296197,R-HSA-381753,R-HSA-381753,R-HSA-418594,R-HSA-428643,R-HSA-433692,R-HSA-561048,R-HSA-5619070,R-HSA-70268,R-HSA-9749641,R-HSA-70268,R-HSA-196807,R-HSA-428643,R-HSA-433692,R-HSA-561048,R-HSA-5619071,R-HSA-70268,R-HSA-9749641	C00186,C00256	map01100,map01110,map01120,map00010,map00051,map00620,map00640,map00643,map04066,map04024,map04148,map04922,map05230,map01100,map01120,map00620,map01502		CHEBI:422,CHEBI:16004,CHEBI:16651,CHEBI:24996,CHEBI:28358,CHEBI:42111,CHEBI:78320	C00186,C00256,C01432	CHEBI:422,CHEBI:16004,CHEBI:16651	R-HSA-196807,R-HSA-3296197,R-HSA-381753,R-HSA-381753,R-HSA-418594,R-HSA-428643,R-HSA-433692,R-HSA-561048,R-HSA-5619070,R-HSA-70268,R-HSA-9749641,R-HSA-70268,R-HSA-196807,R-HSA-428643,R-HSA-433692,R-HSA-561048,R-HSA-5619071,R-HSA-70268,R-HSA-9749641	C00186,C00256	map01100,map01110,map01120,map00010,map00051,map00620,map00640,map00643,map04066,map04024,map04148,map04922,map05230,map01100,map01120,map00620,map01502			0
D-(-)-Fructofuranose	RM0136734	C6H12O6	180.0634	Carbohydrates	Monosaccharides	Hexoses	2723872	CHEBI:37714	HMDB0062538		C00095	LKDRXBCSQODPBY-VRPWFDPXSA-N	C1[C@H]([C@H]([C@@H](C(CO)(O)O1)O)O)O	Fructose			C00095	map01100,map01110,map01120,map01250,map00051,map00052,map00500,map00520,map02010,map02060,map04973,map04742,map05415,map04931	CHEBI:28645,CHEBI:28757,CHEBI:28757	CHEBI:28645,CHEBI:28757,CHEBI:28757	CHEBI:28645,CHEBI:28757,CHEBI:28757	CHEBI:28645,CHEBI:28757,CHEBI:37714	C00095,C01496,C02336	C00095,C01496,C02336	C00095,C01496,C02336	C00095,C01496,C02336	CHEBI:28645	R-HSA-70350	C00095	map01100,map01110,map01120,map01250,map00051,map00052,map00500,map00520,map02010,map02060,map04973,map04742,map05415,map04931	CHEBI:43703	CHEBI:28645,CHEBI:28757,CHEBI:37714,CHEBI:43703	C00095,C01496,C02336	CHEBI:28645	R-HSA-70350	C00095	map01100,map01110,map01120,map01250,map00051,map00052,map00500,map00520,map02010,map02060,map04973,map04742,map05415,map04931	CHEBI:15824,CHEBI:28120,CHEBI:28614,CHEBI:37715,CHEBI:37719,CHEBI:37720,CHEBI:37721,CHEBI:37722,CHEBI:37723,CHEBI:37724,CHEBI:37725,CHEBI:37727,CHEBI:37728,CHEBI:37729,CHEBI:41005,CHEBI:48095	CHEBI:15824,CHEBI:28120,CHEBI:28614,CHEBI:28645,CHEBI:28757,CHEBI:37714,CHEBI:37715,CHEBI:37719,CHEBI:37720,CHEBI:37721,CHEBI:37722,CHEBI:37723,CHEBI:37724,CHEBI:37725,CHEBI:37727,CHEBI:37728,CHEBI:37729,CHEBI:41005,CHEBI:43703,CHEBI:48095	C00095,C01496,C01719,C02336,C05003,C10906	CHEBI:15824,CHEBI:28645,CHEBI:48095	R-HSA-189085,R-HSA-189200,R-HSA-196791,R-HSA-211916,R-HSA-418594,R-HSA-420499,R-HSA-5619047,R-HSA-5619098,R-HSA-5657562,R-HSA-8981373,R-HSA-9717207,R-HSA-9717207,R-HSA-70350,R-HSA-5652227	C00095	map01100,map01110,map01120,map01250,map00051,map00052,map00500,map00520,map02010,map02060,map04973,map04742,map05415,map04931			0
2,3,6,7-tetramethyl-Octane	-	-	-	-	-	-	-		-	-		-	-	-					CHEBI:151050	CHEBI:151050	CHEBI:151050	CHEBI:151050										CHEBI:151050							CHEBI:151050								0
PE(38:6)	RM0001619	C43H74NO8P	763.5152	Glycerophospholipids	Glycerophosphoethanolamines	PE								PE 38:6					CHEBI:134428,CHEBI:71739,CHEBI:79097	CHEBI:134428,CHEBI:79097,CHEBI:71739,CHEBI:71739	CHEBI:134428,CHEBI:71739,CHEBI:79097	CHEBI:71739,CHEBI:79097,CHEBI:134428									CHEBI:78261	CHEBI:71739,CHEBI:78261,CHEBI:79097,CHEBI:134428						CHEBI:136154,CHEBI:136177	CHEBI:71739,CHEBI:78261,CHEBI:79097,CHEBI:134428,CHEBI:136154,CHEBI:136177						CHEBI:36314,CHEBI:64612	R-HSA-1482788,R-HSA-1660661	2
SM(36:1;3O)	RM0008932	C41H83N2O7P	746.5938	Sphingolipids	Phosphosphingolipids	SM								SM 36:1;O3																																	0
TG(16:0_18:0_22:0)	RM0067995	C59H114O6	918.8615	Glycerolipids	Triradylglycerols	TAG								TG 16:0_18:0_22:0																																	0
PE(16:0_22:6)	RM0104542	C43H74NO8P	763.5152	Glycerophospholipids	Glycerophosphoethanolamines	PE								PE 16:0_22:6																																	0
TG(17:0_16:1_18:1)	RM0073443	C54H100O6	844.7520	Glycerolipids	Triradylglycerols	TAG								TG 16:1_17:0_18:1																																	0
TG(18:0_22:0_18:1)	RM0018661	C61H116O6	944.8772	Glycerolipids	Triradylglycerols	TAG								TG 18:0_18:1_22:0																																	0
PC(17:0_18:1)	RM0090135	C43H84NO8P	773.5935	Glycerophospholipids	Glycerophosphocholines	PC								PC 17:0_18:1					CHEBI:167254	CHEBI:167254,CHEBI:167254	CHEBI:167254	CHEBI:167254										CHEBI:167254							CHEBI:167254						CHEBI:57643	R-HSA-111995,R-HSA-1369062,R-HSA-1482788,R-HSA-1482798,R-HSA-1482839,R-HSA-1483101,R-HSA-1483148,R-HSA-1483166,R-HSA-1483191,R-HSA-1483196,R-HSA-1660661,R-HSA-2029485,R-HSA-2142753,R-HSA-382556,R-HSA-5678771,R-HSA-5683678,R-HSA-5683826,R-HSA-5688399,R-HSA-6811436,R-HSA-8964058,R-HSA-9680350	21
NAE(20:2)	RM0153135	C22H41NO2	351.3137	Fatty Acyls	Fatty amides	NAE	5283444	CHEBI:73733		LMFA08040002		MWQCBVWCBTUPDQ-HZJYTTRNSA-N	CCCCC/C=C\C/C=C\CCCCCCCCCC(=O)NCCO	Eicosadienoyl-EA								CHEBI:73733										CHEBI:73733							CHEBI:73733						CHEBI:18059,CHEBI:30879	R-HSA-1222556,R-HSA-1369062,R-HSA-1483166,R-HSA-2022377,R-HSA-5682294,R-HSA-804914,R-HSA-8935690,R-HSA-8941413	8
TG(14:0_18:2_18:3)	RM0076456	C53H92O6	824.6894	Glycerolipids	Triradylglycerols	TAG								TG 14:0_18:2_18:3																																	0
PE(18:1_20:4)	RM0001489	C43H76NO8P	765.5309	Glycerophospholipids	Glycerophosphoethanolamines	PE								PE 18:1_20:4					CHEBI:167265	CHEBI:167265,CHEBI:167265	CHEBI:167265	CHEBI:167265										CHEBI:167265							CHEBI:167265						CHEBI:36314	R-HSA-1482788	1
DG(18:1_20:4)	RM0034180	C41H70O5	642.5223	Glycerolipids	Diradylglycerols	DAG								DG 18:1_20:4																																	0
TG(16:0_22:0_18:1)	RM0104628	C59H112O6	916.8459	Glycerolipids	Triradylglycerols	TAG								TG 16:0_18:1_22:0																																	0
2-Allyl-1,4-dimethoxybenzene	-	-	-	-	-	-	-		-	-		-	-	-					CHEBI:167412	CHEBI:167412	CHEBI:167412	CHEBI:167412										CHEBI:167412							CHEBI:167412								0
LPE(20:4)	RM0097815	C25H44NO7P	501.2855	Glycerophospholipids	Glycerophosphoethanolamines	LPE								LPE 20:4					CHEBI:64569,CHEBI:64395	CHEBI:64395,CHEBI:64569,CHEBI:64569	CHEBI:64569,CHEBI:64395	CHEBI:64395,CHEBI:64569										CHEBI:64395,CHEBI:64569						CHEBI:72741,CHEBI:72742,CHEBI:72746,CHEBI:76091,CHEBI:136143	CHEBI:64395,CHEBI:64569,CHEBI:72741,CHEBI:72742,CHEBI:72746,CHEBI:76091,CHEBI:136143						CHEBI:29017,CHEBI:36314	R-HSA-1482788,R-HSA-1482798,R-HSA-1482839,R-HSA-1483152	4
CAR(18:1)	RM0153915	C25H47NO4	425.3505	Fatty Acyls	Fatty esters	Acyl carnitines								CAR 18:1																																	0
ST(27:1;O;S)	RM0011849	C27H46O4S	466.3117	Sterol Lipids	Sterol/Bile acid conjugates(In-silico)	Sulfate conjugates(In-silico)								ST 27:1;O;S					CHEBI:228715	CHEBI:228715	CHEBI:228715	CHEBI:228715										CHEBI:228715							CHEBI:228715						CHEBI:35341	R-HSA-196071	1
TG(15:0_18:1_18:2)	RM0025561	C54H98O6	842.7363	Glycerolipids	Triradylglycerols	TAG								TG 15:0_18:1_18:2																																	0
DG(16:0_24:6)	RM0174288	C43H72O5	668.5380	Glycerolipids	Diradylglycerols	DAG								DG 16:0_24:6																																	0
Glycerol monostearate	-	-	-	-	-	-	-		-	-		-	-	-					CHEBI:75456	CHEBI:75456	CHEBI:75456	CHEBI:75456										CHEBI:75456							CHEBI:75456						CHEBI:17389	R-HSA-1482883,R-HSA-163560,R-HSA-75109	3
CE(16:0)	RM0135709	C43H76O2	624.5845	Sterol Lipids	Sterol esters	Chol. esters	246520	CHEBI:3663	HMDB0000885	LMST01020005	C11251	BBJQPKLGPMQWBU-JADYGXMDSA-N	CCCCCCCCCCCCCCCC(=O)O[C@H]1CC[C@@]2(C)C(=CC[C@H]3[C@@H]4CC[C@H]([C@H](C)CCCC(C)C)[C@@]4(C)CC[C@H]23)C1	CE 16:0					CHEBI:191864,CHEBI:3663	CHEBI:191864,CHEBI:191864,CHEBI:3663	CHEBI:191864,CHEBI:3663	CHEBI:3663,CHEBI:191864	C11251	C11251	C11251	C11251						CHEBI:3663,CHEBI:191864	C11251						CHEBI:3663,CHEBI:191864	C11251					CHEBI:17002	R-HSA-163560,R-HSA-192456,R-HSA-202733,R-HSA-211945,R-HSA-2168880,R-HSA-3000471,R-HSA-3000480,R-HSA-3000484,R-HSA-3000497,R-HSA-432142,R-HSA-5686938,R-HSA-8856825,R-HSA-8856828,R-HSA-8866423,R-HSA-8963888,R-HSA-8963896,R-HSA-8963901,R-HSA-8964011,R-HSA-8964026,R-HSA-8964038,R-HSA-8964041,R-HSA-8964046,R-HSA-8964058,R-HSA-8964572,R-HSA-9707616,R-HSA-975634,R-HSA-9918432,R-HSA-9918481,R-HSA-9918487,R-HSA-9920588,R-HSA-9920951	31
TG(16:0_18:0_18:0)	RM0112573	C55H106O6	862.7989	Glycerolipids	Triradylglycerols	TAG								TG 16:0_18:0_18:0																																	0
(Z)-Oleic Acid	-	-	-	-	-	-	-		-	-		-	-	-																																	0
CAR(18:2)	RM0154158	C25H45NO4	423.3349	Fatty Acyls	Fatty esters	Acyl carnitines								CAR 18:2																																	0
TG(16:0_17:1_18:1)	RM0064507	C54H100O6	844.7520	Glycerolipids	Triradylglycerols	TAG								TG 16:0_17:1_18:1																																	0
Xylitol	RM0034160	C5H12O5	152.0685	Carbohydrates	Monosaccharides	Sugar alcohols	6912	CHEBI:17151	HMDB0002917		C00379	HEBKCHPVOIAQTA-SCDXWVJYSA-N	C([C@@H]([C@H]([C@@H](CO)O)O)O)O	Xylitol	CHEBI:17151	R-HSA-5661270	C00379	map01100,map00040,map02010	CHEBI:17151,CHEBI:17151	CHEBI:17151,CHEBI:17151	CHEBI:17151,CHEBI:17151	CHEBI:17151	C00379	C00379	C00379	C00379	CHEBI:17151	R-HSA-5661270	C00379	map01100,map00040,map02010		CHEBI:17151	C00379	CHEBI:17151	R-HSA-5661270	C00379	map01100,map00040,map02010		CHEBI:17151	C00379	CHEBI:17151	R-HSA-5661270	C00379	map01100,map00040,map02010			0
TG(16:0_17:0_18:1)	RM0064501	C54H102O6	846.7676	Glycerolipids	Triradylglycerols	TAG								TG 16:0_17:0_18:1																																	0
bromo-Cycloheptane	-	-	-	-	-	-	-		-	-		-	-	-					CHEBI:183290	CHEBI:183290	CHEBI:183290	CHEBI:183290										CHEBI:183290							CHEBI:183290								0
PC(O-38:8)	RM0052191	C46H78NO7P	787.5516	Glycerophospholipids	Glycerophosphocholines	O-PC								PC O-38:8																																	0
LPC(18:2/0:0)	RM0134486	C26H50NO7P	519.3325	Glycerophospholipids	Glycerophosphocholines	LPC								LPC 18:2/0:0					CHEBI:136082,CHEBI:28733,CHEBI:91309	CHEBI:136082,CHEBI:28733,CHEBI:91309	CHEBI:136082,CHEBI:28733,CHEBI:91309	CHEBI:28733,CHEBI:91309,CHEBI:136082	C04100	C04100	C04100	C04100						CHEBI:28733,CHEBI:91309,CHEBI:136082	C04100						CHEBI:28733,CHEBI:91309,CHEBI:136082	C04100					CHEBI:58168,CHEBI:60479	R-HSA-111995,R-HSA-1482839,R-HSA-1483115,R-HSA-2142753,R-HSA-3000471,R-HSA-3000480,R-HSA-3000484,R-HSA-5686938,R-HSA-6814848	9
1,2-Cyclohexanedicarboxylic acid, nonyl 4-octyl ester	-	-	-	-	-	-	-		-	-		-	-	-					CHEBI:183264	CHEBI:183264	CHEBI:183264	CHEBI:183264										CHEBI:183264							CHEBI:183264								0
(1-butylheptyl)-Benzene	-	-	-	-	-	-	-		-	-		-	-	-																																	0
PE(P-18:1_20:4)	RM0054420	C43H76NO7P	749.5359	Glycerophospholipids	Glycerophosphoethanolamines	O-PE								PE P-18:1/20:4					CHEBI:167292,CHEBI:85021	CHEBI:167292,CHEBI:167292,CHEBI:85021	CHEBI:167292,CHEBI:85021	CHEBI:85021,CHEBI:167292										CHEBI:85021,CHEBI:167292							CHEBI:85021,CHEBI:167292						CHEBI:17476	R-HSA-1482788	1
PC(O-44:4)	RM0097434	C52H98NO7P	879.7081	Glycerophospholipids	Glycerophosphocholines	O-PC								PC O-44:4					CHEBI:67084,CHEBI:89996,CHEBI:89998	CHEBI:67084,CHEBI:67084,CHEBI:89996,CHEBI:89998	CHEBI:67084,CHEBI:89996,CHEBI:89998	CHEBI:67084,CHEBI:89996,CHEBI:89998										CHEBI:67084,CHEBI:89996,CHEBI:89998						CHEBI:86456	CHEBI:67084,CHEBI:86456,CHEBI:89996,CHEBI:89998						CHEBI:36313	R-HSA-1482788	1
Erythrono-1,4-lactone	RM0135945	C4H6O4	118.0266	Organoheterocyclic compounds	Lactones	Gamma butyrolactones	5325915	CHEBI:87625	HMDB0000349			SGMJBNSHAZVGMC-PWNYCUMCSA-N	C1[C@H]([C@H](C(=O)O1)O)O	Erythrono-1,4-lactone					CHEBI:87625	CHEBI:87625	CHEBI:87625	CHEBI:87625										CHEBI:87625							CHEBI:87625								0
TG(10:0_18:1_18:2)	RM0067226	C49H88O6	772.6581	Glycerolipids	Triradylglycerols	TAG								TG 10:0_18:1_18:2																																	0
(R*,S*)-2,3-Dihydroxybutanoic acid	-	-	-	-	-	-	-		-	-		-	-	-																																	0
PE(18:0_18:1)	RM0134779	C41H80NO8P	745.5622	Glycerophospholipids	Glycerophosphoethanolamines	PE								PE 18:0_18:1					CHEBI:167263	CHEBI:167263,CHEBI:167263	CHEBI:167263	CHEBI:167263										CHEBI:167263							CHEBI:167263						CHEBI:36314	R-HSA-1482788	1
DG(18:0_26:6)	RM0174354	C47H80O5	724.6006	Glycerolipids	Diradylglycerols	DAG								DG 18:0_26:6																																	0
PE(P-18:0_20:4)	RM0017454	C43H78NO7P	751.5516	Glycerophospholipids	Glycerophosphoethanolamines	O-PE								PE P-18:0/20:4					CHEBI:167289	CHEBI:136212,CHEBI:167289,CHEBI:167289,CHEBI:79207	CHEBI:167289,CHEBI:136212,CHEBI:79207	CHEBI:79207,CHEBI:136212,CHEBI:167289									CHEBI:78342	CHEBI:78342,CHEBI:79207,CHEBI:136212,CHEBI:167289							CHEBI:78342,CHEBI:79207,CHEBI:136212,CHEBI:167289						CHEBI:17476	R-HSA-1482788	1
SM(16:1;2O/14:0)	RM0059999	C35H71N2O6P	646.5050	Sphingolipids	Phosphosphingolipids	SM	134727802			LMSP03019A6B		DRWSEQAGTUUHBS-FEBLJDHQSA-N	CCCCCCCCCCC/C=C/[C@H]([C@H](COP(=O)([O-])OCC[N+](C)(C)C)NC(=O)CCCCCCCCCCCCC)O	SM 16:1;O2/14:0																																	0
TG(18:0_18:0_18:1)	RM0110429	C57H108O6	888.8146	Glycerolipids	Triradylglycerols	TAG								TG 18:0_18:0_18:1																																	0
TG(18:0_18:1_22:4)	RM0113047	C61H108O6	936.8146	Glycerolipids	Triradylglycerols	TAG								TG 18:0_18:1_22:4																																	0
beta-D-Galactofuranose	-	-	-	-	-	-	-		-	-		-	-	-					CHEBI:59497	CHEBI:59497	CHEBI:59497	CHEBI:59497										CHEBI:59497							CHEBI:59497								0
DG(40:2)	RM0035089	C43H80O5	676.6006	Glycerolipids	Diradylglycerols	DAG								DG 40:2					CHEBI:172391	CHEBI:172391,CHEBI:172391	CHEBI:172391	CHEBI:172391										CHEBI:172391							CHEBI:172391						CHEBI:18035	R-HSA-112043,R-HSA-1250196,R-HSA-192456,R-HSA-202424,R-HSA-202433,R-HSA-2029485,R-HSA-2871809,R-HSA-2871837,R-HSA-418890,R-HSA-5218921,R-HSA-5607764,R-HSA-6809371,R-HSA-8963889,R-HSA-8963901,R-HSA-8964058,R-HSA-9027277,R-HSA-9648002,R-HSA-9664323,R-HSA-9680350,R-HSA-975634	20
TG(15:0_16:0_24:0)	RM0063828	C58H112O6	904.8459	Glycerolipids	Triradylglycerols	TAG								TG 15:0_16:0_24:0																																	0
Dopamine, N,N-dimethyl-, dimethyl ether	-	-	-	-	-	-	-		-	-		-	-	-					CHEBI:183295	CHEBI:183295	CHEBI:183295	CHEBI:183295										CHEBI:183295							CHEBI:183295								0
PE(18:2_18:2)	RM0008639	C41H74NO8P	739.5152	Glycerophospholipids	Glycerophosphoethanolamines	PE								PE 18:2/18:2						CHEBI:136176,CHEBI:84846,CHEBI:84848	CHEBI:136176,CHEBI:84846,CHEBI:84848	CHEBI:84846,CHEBI:84848,CHEBI:136176									CHEBI:172403	CHEBI:84846,CHEBI:84848,CHEBI:136176,CHEBI:172403							CHEBI:84846,CHEBI:84848,CHEBI:136176,CHEBI:172403						CHEBI:36314	R-HSA-1482788	1
3,4-Dimethoxymandelic acid	-	-	-	-	-	-	-		-	-		-	-	-					CHEBI:183277	CHEBI:183277	CHEBI:183277	CHEBI:183277										CHEBI:183277							CHEBI:183277								0
SM(36:2;2O)	RM0134100	C41H81N2O6P	728.5832	Sphingolipids	Phosphosphingolipids	SM								SM 36:2;O2																																	0
PE(P-16:0_18:2)	RM0134762	C39H74NO7P	699.5203	Glycerophospholipids	Glycerophosphoethanolamines	O-PE								PE P-16:0/18:2					CHEBI:167284	CHEBI:136189,CHEBI:167284,CHEBI:167284,CHEBI:84532	CHEBI:167284,CHEBI:136189,CHEBI:84532	CHEBI:84532,CHEBI:136189,CHEBI:167284									CHEBI:133649	CHEBI:84532,CHEBI:133649,CHEBI:136189,CHEBI:167284							CHEBI:84532,CHEBI:133649,CHEBI:136189,CHEBI:167284						CHEBI:17476	R-HSA-1482788	1
2,2'-Bipyridine	RM0200329	C10H8N2	156.0687	Organoheterocyclic compounds	Pyridines	Bipyridines and oligopyridines	1474	CHEBI:30351	HMDB0245352			ROFVEXUMMXZLPA-UHFFFAOYSA-N	c1ccnc(c1)c1ccccn1	2,2'-Bipyridine					CHEBI:30351	CHEBI:30351	CHEBI:30351	CHEBI:30351										CHEBI:30351							CHEBI:30351								0
TG(16:0_17:0_18:0)	RM0022669	C54H104O6	848.7833	Glycerolipids	Triradylglycerols	TAG								TG 16:0_17:0_18:0																																	0
2,5-Dimethoxyphenol	-	-	-	-	-	-	-		-	-		-	-	-					CHEBI:183271,CHEBI:183271	CHEBI:183271,CHEBI:183271	CHEBI:183271	CHEBI:183271										CHEBI:183271							CHEBI:183271								0
PC(O-36:4)	RM0017345	C44H82NO7P	767.5829	Glycerophospholipids	Glycerophosphocholines	O-PC								PC O-36:4					CHEBI:67064,CHEBI:89866,CHEBI:89903	CHEBI:67064,CHEBI:67064,CHEBI:89866,CHEBI:89903	CHEBI:67064,CHEBI:89866,CHEBI:89903	CHEBI:67064,CHEBI:89866,CHEBI:89903										CHEBI:67064,CHEBI:89866,CHEBI:89903						CHEBI:55430,CHEBI:138448,CHEBI:167217	CHEBI:55430,CHEBI:67064,CHEBI:89866,CHEBI:89903,CHEBI:138448,CHEBI:167217						CHEBI:36313	R-HSA-1482788	1
DG(28:2)	RM0004418	C31H56O5	508.4128	Glycerolipids	Diradylglycerols	DAG								DG 28:2					CHEBI:134285	CHEBI:134285	CHEBI:134285	CHEBI:134285										CHEBI:134285							CHEBI:134285						CHEBI:18035	R-HSA-112043,R-HSA-1250196,R-HSA-192456,R-HSA-202424,R-HSA-202433,R-HSA-2029485,R-HSA-2871809,R-HSA-2871837,R-HSA-418890,R-HSA-5218921,R-HSA-5607764,R-HSA-6809371,R-HSA-8963889,R-HSA-8963901,R-HSA-8964058,R-HSA-9027277,R-HSA-9648002,R-HSA-9664323,R-HSA-9680350,R-HSA-975634	20
TG(16:0_16:0_18:1)	RM0134321	C53H100O6	832.7520	Glycerolipids	Triradylglycerols	TAG								TG 16:0_16:0_18:1					CHEBI:167298	CHEBI:167298,CHEBI:167298	CHEBI:167298	CHEBI:167298										CHEBI:167298							CHEBI:167298						CHEBI:17855	R-HSA-1482883,R-HSA-163560,R-HSA-192456,R-HSA-202733,R-HSA-3000471,R-HSA-3000480,R-HSA-3000484,R-HSA-3000497,R-HSA-432142,R-HSA-5686938,R-HSA-6809371,R-HSA-75109,R-HSA-8856825,R-HSA-8856828,R-HSA-8866423,R-HSA-8963888,R-HSA-8963889,R-HSA-8963901,R-HSA-8964011,R-HSA-8964026,R-HSA-8964038,R-HSA-8964041,R-HSA-8964046,R-HSA-8964058,R-HSA-8964572,R-HSA-9707616,R-HSA-975634,R-HSA-9918432,R-HSA-9918481,R-HSA-9918487,R-HSA-9920588,R-HSA-9920951	32
D-(+)-Ribono-1,4-lactone	RM0155880	C5H8O5	148.0372	Carbohydrates	Monosaccharides	Pentoses	111064	CHEBI:74168	HMDB0001900		C02674	CUOKHACJLGPRHD-BXXZVTAOSA-N	C([C@@H]1[C@H]([C@H](C(=O)O1)O)O)O	Ribonolactone					CHEBI:37434,CHEBI:74168	CHEBI:37434,CHEBI:74168	CHEBI:37434,CHEBI:74168	CHEBI:37434,CHEBI:74168	C02674	C02674	C02674	C02674						CHEBI:37434,CHEBI:74168	C02674					CHEBI:17281	CHEBI:17281,CHEBI:37434,CHEBI:74168	C02674							0
TG(16:1_17:1_18:2)	RM0070383	C54H96O6	840.7207	Glycerolipids	Triradylglycerols	TAG								TG 16:1_17:1_18:2																																	0
Palmitic acid, 4-hydroxybutyl ester	-	-	-	-	-	-	-		-	-		-	-	-					CHEBI:183298	CHEBI:183298	CHEBI:183298	CHEBI:183298										CHEBI:183298							CHEBI:183298						CHEBI:18059	R-HSA-1222556,R-HSA-1369062,R-HSA-5682294,R-HSA-804914,R-HSA-8941413	5
CE(18:1)	RM0138765	C45H78O2	650.6002	Sterol Lipids	Sterol esters	Chol. esters								CE 18:1					CHEBI:183800,CHEBI:132001,CHEBI:46898	CHEBI:132001,CHEBI:183800,CHEBI:183800,CHEBI:46898	CHEBI:183800,CHEBI:132001,CHEBI:46898	CHEBI:46898,CHEBI:132001,CHEBI:183800	C14641	C14641	C14641	C14641						CHEBI:46898,CHEBI:132001,CHEBI:183800	C14641					CHEBI:46900,CHEBI:46902,CHEBI:88768,CHEBI:152049,CHEBI:234184	CHEBI:46898,CHEBI:46900,CHEBI:46902,CHEBI:88768,CHEBI:132001,CHEBI:152049,CHEBI:183800,CHEBI:234184	C14641					CHEBI:17002	R-HSA-163560,R-HSA-192456,R-HSA-202733,R-HSA-211945,R-HSA-2168880,R-HSA-3000471,R-HSA-3000480,R-HSA-3000484,R-HSA-3000497,R-HSA-432142,R-HSA-5686938,R-HSA-8856825,R-HSA-8856828,R-HSA-8866423,R-HSA-8963888,R-HSA-8963896,R-HSA-8963901,R-HSA-8964011,R-HSA-8964026,R-HSA-8964038,R-HSA-8964041,R-HSA-8964046,R-HSA-8964058,R-HSA-8964572,R-HSA-9707616,R-HSA-975634,R-HSA-9918432,R-HSA-9918481,R-HSA-9918487,R-HSA-9920588,R-HSA-9920951	31
DG(18:0_18:1)	RM0035650	C39H74O5	622.5536	Glycerolipids	Diradylglycerols	DAG								DG 18:0_18:1																																	0
PC(18:0_20:3)	RM0170562	C46H86NO8P	811.6091	Glycerophospholipids	Glycerophosphocholines	PC								PC 18:0_20:3																																	0
TG(17:0_18:0_18:1)	RM0031666	C56H106O6	874.7989	Glycerolipids	Triradylglycerols	TAG								TG 17:0_18:0_18:1																																	0
PC(17:0_20:3)	RM0011279	C45H84NO8P	797.5935	Glycerophospholipids	Glycerophosphocholines	PC								PC 17:0_20:3																																	0
TG(16:0_16:0_18:0)	RM0134320	C53H102O6	834.7676	Glycerolipids	Triradylglycerols	TAG								TG 16:0_16:0_18:0					CHEBI:167297	CHEBI:167297,CHEBI:167297	CHEBI:167297	CHEBI:167297										CHEBI:167297							CHEBI:167297						CHEBI:17855	R-HSA-1482883,R-HSA-163560,R-HSA-192456,R-HSA-202733,R-HSA-3000471,R-HSA-3000480,R-HSA-3000484,R-HSA-3000497,R-HSA-432142,R-HSA-5686938,R-HSA-6809371,R-HSA-75109,R-HSA-8856825,R-HSA-8856828,R-HSA-8866423,R-HSA-8963888,R-HSA-8963889,R-HSA-8963901,R-HSA-8964011,R-HSA-8964026,R-HSA-8964038,R-HSA-8964041,R-HSA-8964046,R-HSA-8964058,R-HSA-8964572,R-HSA-9707616,R-HSA-975634,R-HSA-9918432,R-HSA-9918481,R-HSA-9918487,R-HSA-9920588,R-HSA-9920951	32
Glutamine	RM0012560	C5H10N2O3	146.0691	Organic acids	Amino acids and peptides	Amino acids	5961	CHEBI:18050	HMDB0000641		C00064	ZDXPYRJPNDTMRX-VKHMYHEASA-N	C(CC(=O)N)[C@@H](C(=O)O)N	Glutamine			C00064	map01100,map01110,map01120,map01230,map01232,map01240,map00630,map00910,map00230,map00240,map00250,map00220,map00470,map00750,map01060,map00970,map02010,map02020,map04974,map04978,map04964,map04724,map04727,map04382,map05230	CHEBI:18050,CHEBI:28300,CHEBI:28300	CHEBI:18050,CHEBI:28300,CHEBI:28300	CHEBI:18050,CHEBI:28300,CHEBI:28300	CHEBI:18050,CHEBI:28300	C00064,C00303	C00064,C00303	C00064,C00303	C00064,C00303			C00064	map01100,map01110,map01120,map01230,map01232,map01240,map00630,map00910,map00230,map00240,map00250,map00220,map00470,map00750,map01060,map00970,map02010,map02020,map04974,map04978,map04964,map04724,map04727,map04382,map05230	CHEBI:17061,CHEBI:32665,CHEBI:32666,CHEBI:32672,CHEBI:32673,CHEBI:32678,CHEBI:32679,CHEBI:58000,CHEBI:58359	CHEBI:17061,CHEBI:18050,CHEBI:28300,CHEBI:32665,CHEBI:32666,CHEBI:32672,CHEBI:32673,CHEBI:32678,CHEBI:32679,CHEBI:58000,CHEBI:58359	C00064,C00303,C00819	CHEBI:58359	R-HSA-177162,R-HSA-196807,R-HSA-210455,R-HSA-210500,R-HSA-352230,R-HSA-379716,R-HSA-379726,R-HSA-4085023,R-HSA-442660,R-HSA-446210,R-HSA-499943,R-HSA-500753,R-HSA-5619044,R-HSA-5628897,R-HSA-5659735,R-HSA-73817,R-HSA-8963693,R-HSA-8964539,R-HSA-9748787	C00064,C00819	map01100,map01110,map01120,map01230,map01232,map01240,map00630,map00910,map00230,map00240,map00250,map00220,map00470,map00750,map01060,map00970,map02010,map02020,map04974,map04978,map04964,map04724,map04727,map04382,map05230,map01100,map00470		CHEBI:17061,CHEBI:18050,CHEBI:28300,CHEBI:32665,CHEBI:32666,CHEBI:32672,CHEBI:32673,CHEBI:32678,CHEBI:32679,CHEBI:58000,CHEBI:58359	C00064,C00303,C00819	CHEBI:58359	R-HSA-177162,R-HSA-196807,R-HSA-210455,R-HSA-210500,R-HSA-352230,R-HSA-379716,R-HSA-379726,R-HSA-4085023,R-HSA-442660,R-HSA-446210,R-HSA-499943,R-HSA-500753,R-HSA-5619044,R-HSA-5628897,R-HSA-5659735,R-HSA-73817,R-HSA-8963693,R-HSA-8964539,R-HSA-9748787	C00064,C00819	map01100,map01110,map01120,map01230,map01232,map01240,map00630,map00910,map00230,map00240,map00250,map00220,map00470,map00750,map01060,map00970,map02010,map02020,map04974,map04978,map04964,map04724,map04727,map04382,map05230,map01100,map00470			0
PE(18:1_18:1)	RM0134757	C41H78NO8P	743.5465	Glycerophospholipids	Glycerophosphoethanolamines	PE								PE 18:1/18:1					CHEBI:141591	CHEBI:136170,CHEBI:84839,CHEBI:84844,CHEBI:84845,CHEBI:141591,CHEBI:141591	CHEBI:136170,CHEBI:84839,CHEBI:84844,CHEBI:84845,CHEBI:141591	CHEBI:84839,CHEBI:84844,CHEBI:84845,CHEBI:136170,CHEBI:141591										CHEBI:84839,CHEBI:84844,CHEBI:84845,CHEBI:136170,CHEBI:141591						CHEBI:145846	CHEBI:84839,CHEBI:84844,CHEBI:84845,CHEBI:136170,CHEBI:141591,CHEBI:145846						CHEBI:36314	R-HSA-1482788	1
TG(18:1_18:1_20:1)	RM0117282	C59H108O6	912.8146	Glycerolipids	Triradylglycerols	TAG								TG 18:1_18:1_20:1																																	0
PC(18:0_18:1)	RM0171088	C44H86NO8P	787.6091	Glycerophospholipids	Glycerophosphocholines	PC								PC 18:0_18:1					CHEBI:167255	CHEBI:167255,CHEBI:167255	CHEBI:167255	CHEBI:167255										CHEBI:167255							CHEBI:167255						CHEBI:57643	R-HSA-111995,R-HSA-1369062,R-HSA-1482788,R-HSA-1482798,R-HSA-1482839,R-HSA-1483101,R-HSA-1483148,R-HSA-1483166,R-HSA-1483191,R-HSA-1483196,R-HSA-1660661,R-HSA-2029485,R-HSA-2142753,R-HSA-382556,R-HSA-5678771,R-HSA-5683678,R-HSA-5683826,R-HSA-5688399,R-HSA-6811436,R-HSA-8964058,R-HSA-9680350	21
Tridecane	RM0135031	C13H28	184.2191	Fatty Acyls	Hydrocarbons	Hydrocarbons	12388	CHEBI:35998	HMDB0034284	LMFA11000001	C13834	IIYFAKIEWZDVMP-UHFFFAOYSA-N	CCCCCCCCCCCCC	Tridecane					CHEBI:35998,CHEBI:35998,CHEBI:35998	CHEBI:35998,CHEBI:35998,CHEBI:35998	CHEBI:35998,CHEBI:35998,CHEBI:35998	CHEBI:35998	C13834	C13834	C13834	C13834						CHEBI:35998	C13834						CHEBI:35998	C13834							0
Caffeine	RM0032992	C8H10N4O2	194.0804	Nucleic acids	Purines	Xanthines	2519	CHEBI:27732	HMDB0001847		C07481	RYYVLZVUVIJVGH-UHFFFAOYSA-N	Cn1cnc2c1c(=O)n(C)c(=O)n2C	Caffeine	CHEBI:27732	R-HSA-211957,R-HSA-418594,R-HSA-420499,R-HSA-9717207,R-HSA-9717207	C07481	map01100,map01110,map01120,map00232,map01060,map01065	CHEBI:27732,CHEBI:27732,CHEBI:27732	CHEBI:27732,CHEBI:27732,CHEBI:27732	CHEBI:27732,CHEBI:27732,CHEBI:27732	CHEBI:27732	C07481	C07481	C07481	C07481	CHEBI:27732	R-HSA-211957,R-HSA-418594,R-HSA-420499,R-HSA-9717207,R-HSA-9717207	C07481	map01100,map01110,map01120,map00232,map01060,map01065		CHEBI:27732	C07481	CHEBI:27732	R-HSA-211957,R-HSA-418594,R-HSA-420499,R-HSA-9717207,R-HSA-9717207	C07481	map01100,map01110,map01120,map00232,map01060,map01065		CHEBI:27732	C07481	CHEBI:27732	R-HSA-211957,R-HSA-418594,R-HSA-420499,R-HSA-9717207,R-HSA-9717207	C07481	map01100,map01110,map01120,map00232,map01060,map01065			0
PC(34:3)	RM0134816	C42H78NO8P	755.5465	Glycerophospholipids	Glycerophosphocholines	PC								PC 34:3					CHEBI:64424,CHEBI:88918,CHEBI:89096,CHEBI:89119,CHEBI:89184,CHEBI:89414,CHEBI:89513,CHEBI:89517,CHEBI:89523,CHEBI:89532,CHEBI:89545,CHEBI:89601,CHEBI:89978,CHEBI:89979,CHEBI:89980	CHEBI:64424,CHEBI:64424,CHEBI:88918,CHEBI:89096,CHEBI:89119,CHEBI:89184,CHEBI:89414,CHEBI:89513,CHEBI:89517,CHEBI:89523,CHEBI:89532,CHEBI:89545,CHEBI:89601,CHEBI:89978,CHEBI:89979,CHEBI:89980	CHEBI:64424,CHEBI:88918,CHEBI:89096,CHEBI:89119,CHEBI:89184,CHEBI:89414,CHEBI:89513,CHEBI:89517,CHEBI:89523,CHEBI:89532,CHEBI:89545,CHEBI:89601,CHEBI:89978,CHEBI:89979,CHEBI:89980	CHEBI:64424,CHEBI:88918,CHEBI:89096,CHEBI:89119,CHEBI:89184,CHEBI:89414,CHEBI:89513,CHEBI:89517,CHEBI:89523,CHEBI:89532,CHEBI:89545,CHEBI:89601,CHEBI:89978,CHEBI:89979,CHEBI:89980										CHEBI:64424,CHEBI:88918,CHEBI:89096,CHEBI:89119,CHEBI:89184,CHEBI:89414,CHEBI:89513,CHEBI:89517,CHEBI:89523,CHEBI:89532,CHEBI:89545,CHEBI:89601,CHEBI:89978,CHEBI:89979,CHEBI:89980						CHEBI:84567,CHEBI:84786,CHEBI:84789,CHEBI:134595,CHEBI:134639,CHEBI:138447,CHEBI:167244	CHEBI:64424,CHEBI:84567,CHEBI:84786,CHEBI:84789,CHEBI:88918,CHEBI:89096,CHEBI:89119,CHEBI:89184,CHEBI:89414,CHEBI:89513,CHEBI:89517,CHEBI:89523,CHEBI:89532,CHEBI:89545,CHEBI:89601,CHEBI:89978,CHEBI:89979,CHEBI:89980,CHEBI:134595,CHEBI:134639,CHEBI:138447,CHEBI:167244						CHEBI:36313,CHEBI:57643	R-HSA-111995,R-HSA-1369062,R-HSA-1482788,R-HSA-1482798,R-HSA-1482839,R-HSA-1483101,R-HSA-1483148,R-HSA-1483166,R-HSA-1483191,R-HSA-1483196,R-HSA-1660661,R-HSA-2029485,R-HSA-2142753,R-HSA-382556,R-HSA-5678771,R-HSA-5683678,R-HSA-5683826,R-HSA-5688399,R-HSA-6811436,R-HSA-8964058,R-HSA-9680350	21
CAR(16:0)	RM0153848	C23H45NO4	399.3349	Fatty Acyls	Fatty esters	Acyl carnitines	11953816	CHEBI:17490	HMDB0000222	LMFA07070004	C02990	XOMRRQXKHMYMOC-OAQYLSRUSA-N	CCCCCCCCCCCCCCCC(=O)O[C@H](CC(=O)[O-])C[N+](C)(C)C	CAR 16:0	CHEBI:17490	R-HSA-200425	C02990	map01212,map00071				CHEBI:17490	C02990	C02990	C02990	C02990	CHEBI:17490	R-HSA-200425	C02990	map01212,map00071		CHEBI:17490	C02990	CHEBI:17490	R-HSA-200425	C02990	map01212,map00071		CHEBI:17490	C02990	CHEBI:17490	R-HSA-200425	C02990	map01212,map00071			0
Dodecanoic acid	RM0149943	C12H24O2	200.1776	Fatty Acyls	Fatty acids	Saturated FA	3893	CHEBI:30805	HMDB0000638	LMFA01010012	C02679	POULHZVOKOAJMA-UHFFFAOYSA-N	CCCCCCCCCCCC(=O)O	Lauric acid			C02679	map01100,map01110,map00061,map00333	CHEBI:30805,CHEBI:30805,CHEBI:30805	CHEBI:30805,CHEBI:30805,CHEBI:30805	CHEBI:30805,CHEBI:30805,CHEBI:30805	CHEBI:30805	C02679	C02679	C02679	C02679			C02679	map01100,map01110,map00061,map00333	CHEBI:18262	CHEBI:18262,CHEBI:30805	C02679	CHEBI:18262	R-HSA-112310,R-HSA-211935,R-HSA-381753,R-HSA-381753,R-HSA-381771,R-HSA-400511,R-HSA-416476,R-HSA-434316,R-HSA-444209,R-HSA-5619108,R-HSA-804914	C02679	map01100,map01110,map00061,map00333		CHEBI:18262,CHEBI:30805	C02679	CHEBI:18262	R-HSA-112310,R-HSA-211935,R-HSA-381753,R-HSA-381753,R-HSA-381771,R-HSA-400511,R-HSA-416476,R-HSA-434316,R-HSA-444209,R-HSA-5619108,R-HSA-804914	C02679	map01100,map01110,map00061,map00333			0
Myristic acid	RM0153483	C14H28O2	228.2089	Fatty Acyls	Fatty acids	Saturated FA	11005	CHEBI:28875	HMDB0000806	LMFA01010014	C06424	TUNFSRHWOTWDNC-UHFFFAOYSA-N	CCCCCCCCCCCCCC(=O)O	Myristic acid	CHEBI:28875	R-HSA-112310,R-HSA-381771,R-HSA-416476,R-HSA-444209,R-HSA-5619108,R-HSA-804914	C06424	map01100,map00061	CHEBI:28875,CHEBI:28875,CHEBI:28875	CHEBI:28875,CHEBI:28875,CHEBI:28875	CHEBI:28875,CHEBI:28875,CHEBI:28875	CHEBI:28875	C06424	C06424	C06424	C06424	CHEBI:28875	R-HSA-112310,R-HSA-381771,R-HSA-416476,R-HSA-444209,R-HSA-5619108,R-HSA-804914	C06424	map01100,map00061	CHEBI:30807	CHEBI:28875,CHEBI:30807	C06424	CHEBI:28875	R-HSA-112310,R-HSA-381771,R-HSA-416476,R-HSA-444209,R-HSA-5619108,R-HSA-804914	C06424	map01100,map00061		CHEBI:28875,CHEBI:30807	C06424	CHEBI:28875	R-HSA-112310,R-HSA-381771,R-HSA-416476,R-HSA-444209,R-HSA-5619108,R-HSA-804914	C06424	map01100,map00061			0
Octan-2-yl palmitate	-	-	-	-	-	-	-		-	-		-	-	-					CHEBI:183303	CHEBI:183303	CHEBI:183303	CHEBI:183303										CHEBI:183303							CHEBI:183303						CHEBI:18059	R-HSA-1222556,R-HSA-1369062,R-HSA-5682294,R-HSA-804914,R-HSA-8941413	5
LPC(18:2)	RM0048598	C26H50NO7P	519.3325	Glycerophospholipids	Glycerophosphocholines	LPC								LPC 18:2					CHEBI:64549,CHEBI:28733	CHEBI:28733,CHEBI:64549,CHEBI:64549	CHEBI:64549,CHEBI:28733	CHEBI:28733,CHEBI:64549	C04100	C04100	C04100	C04100						CHEBI:28733,CHEBI:64549	C04100					CHEBI:76084,CHEBI:91302,CHEBI:91309,CHEBI:136082,CHEBI:140444,CHEBI:141366	CHEBI:28733,CHEBI:64549,CHEBI:76084,CHEBI:91302,CHEBI:91309,CHEBI:136082,CHEBI:140444,CHEBI:141366	C04100					CHEBI:58168,CHEBI:60479	R-HSA-111995,R-HSA-1482839,R-HSA-1483115,R-HSA-2142753,R-HSA-3000471,R-HSA-3000480,R-HSA-3000484,R-HSA-5686938,R-HSA-6814848	9
TG(16:0_16:1_18:3)	RM0112812	C53H94O6	826.7050	Glycerolipids	Triradylglycerols	TAG								TG 16:0_16:1_18:3																																	0
NAE(14:1)	RM0174037	C16H31NO2	269.2355	Fatty Acyls	Fatty amides	NAE								NAE 14:1																																	0
LPC(18:3/0:0)	RM0163374	C26H48NO7P	517.3168	Glycerophospholipids	Glycerophosphocholines	LPC								LPC 18:3/0:0					CHEBI:131741,CHEBI:133456,CHEBI:88697,CHEBI:88698	CHEBI:131741,CHEBI:133456,CHEBI:88697,CHEBI:88698	CHEBI:131741,CHEBI:133456,CHEBI:88697,CHEBI:88698	CHEBI:88697,CHEBI:88698,CHEBI:131741,CHEBI:133456										CHEBI:88697,CHEBI:88698,CHEBI:131741,CHEBI:133456							CHEBI:88697,CHEBI:88698,CHEBI:131741,CHEBI:133456						CHEBI:58168,CHEBI:60479	R-HSA-111995,R-HSA-1482839,R-HSA-1483115,R-HSA-2142753,R-HSA-3000471,R-HSA-3000480,R-HSA-3000484,R-HSA-5686938,R-HSA-6814848	9
7,9-Di-tert-butyl-1-oxaspiro(4,5)deca-6,9-diene-2,8-dione	-	-	-	-	-	-	-		-	-		-	-	-																																	0
1,2-Ethenediol	-	-	-	-	-	-	-		-	-		-	-	-					CHEBI:183265	CHEBI:183265	CHEBI:183265	CHEBI:183265										CHEBI:183265							CHEBI:183265								0
Threonic acid	RM0049431	C4H8O5	136.0372	Carbohydrates	Monosaccharides	Sugar acids	5460407	CHEBI:15908	HMDB0000943		C01620	JPIJQSOTBSSVTP-STHAYSLISA-N	C([C@@H]([C@H](C(=O)O)O)O)O	Threonic acid			C01620	map01100,map00053	CHEBI:26984	CHEBI:26984	CHEBI:26984	CHEBI:15908,CHEBI:26984	C01620	C01620	C01620	C01620			C01620	map01100,map00053	CHEBI:15243,CHEBI:45912,CHEBI:49059,CHEBI:57561	CHEBI:15243,CHEBI:15908,CHEBI:26984,CHEBI:45912,CHEBI:49059,CHEBI:57561	C01620	CHEBI:57561	R-HSA-196836	C01620	map01100,map00053		CHEBI:15243,CHEBI:15908,CHEBI:26984,CHEBI:45912,CHEBI:49059,CHEBI:57561	C01620	CHEBI:57561	R-HSA-196836	C01620	map01100,map00053			0
PE(O-16:1_18:2)	RM0135962	C39H74NO7P	699.5203	Glycerophospholipids	Glycerophosphoethanolamines	O-PE								PE O-16:1/18:2					CHEBI:167223	CHEBI:167223,CHEBI:167223	CHEBI:167223	CHEBI:167223										CHEBI:167223						CHEBI:167284	CHEBI:167223,CHEBI:167284						CHEBI:17476	R-HSA-1482788	1
Triethylene glycol	RM0200114	C6H14O4	150.0892	Organic oxygen compounds	Ethers	Polyethylene glycols	8172	CHEBI:44926	HMDB0259193			ZIBGPFATKBEMQZ-UHFFFAOYSA-N	C(COCCOCCO)O	Triethylene glycol					CHEBI:44926,CHEBI:44926	CHEBI:44926,CHEBI:44926	CHEBI:44926,CHEBI:44926	CHEBI:44926										CHEBI:44926							CHEBI:44926						CHEBI:30879	R-HSA-1483166,R-HSA-2022377,R-HSA-8935690	3
TG(18:1_20:1_18:2)	RM0074001	C59H106O6	910.7989	Glycerolipids	Triradylglycerols	TAG								TG 18:1_18:2_20:1																																	0
Arabinitol	RM0135975	C5H12O5	152.0685	Carbohydrates	Monosaccharides	Sugar alcohols	94154	CHEBI:18333	HMDB0000568		C01904	HEBKCHPVOIAQTA-QWWZWVQMSA-N	C([C@H]([C@@H]([C@@H](CO)O)O)O)O	Arabitol			C01904	map01100,map00040	CHEBI:22605	CHEBI:22605	CHEBI:22605	CHEBI:18333,CHEBI:22605	C01904	C01904	C01904	C01904			C01904	map01100,map00040	CHEBI:18403	CHEBI:18333,CHEBI:18403,CHEBI:22605	C00532,C01904			C00532,C01904	map01100,map00040,map01100,map00040		CHEBI:18333,CHEBI:18403,CHEBI:22605	C00532,C01904			C00532,C01904	map01100,map00040,map01100,map00040			0
SM(18:1;2O/23:0)	RM0060143	C46H93N2O6P	800.6771	Sphingolipids	Phosphosphingolipids	SM	46891684	CHEBI:83880	HMDB0012105	LMSP03010078		SXZWBNWTCVLZJN-NMIJJABPSA-N	CCCCCCCCCCCCCCCCCCCCCCC(=O)N[C@@H](COP(=O)([O-])OCC[N+](C)(C)C)[C@@H](/C=C/CCCCCCCCCCCCC)O	SM 18:1;O2/23:0								CHEBI:83880										CHEBI:83880							CHEBI:83880						CHEBI:64583	R-HSA-1660661	1
SM(41:2;3O)	RM0186412	C46H91N2O7P	814.6564	Sphingolipids	Phosphosphingolipids	SM								SM 41:2;O3																																	0
PC(38:4)	RM0010755	C46H84NO8P	809.5935	Glycerophospholipids	Glycerophosphocholines	PC								PC 38:4					CHEBI:64526,CHEBI:88846,CHEBI:88859,CHEBI:88879,CHEBI:88883,CHEBI:88887,CHEBI:88893,CHEBI:88910,CHEBI:88933,CHEBI:89081,CHEBI:89101,CHEBI:89102,CHEBI:89109,CHEBI:89115,CHEBI:89181,CHEBI:89183,CHEBI:89292,CHEBI:89293,CHEBI:89375,CHEBI:89423,CHEBI:89444,CHEBI:89463,CHEBI:89464,CHEBI:89560,CHEBI:89572,CHEBI:89672,CHEBI:89690,CHEBI:89695,CHEBI:89923,CHEBI:89928,CHEBI:89955,CHEBI:89989,CHEBI:74965	CHEBI:64526,CHEBI:64526,CHEBI:88846,CHEBI:88859,CHEBI:88879,CHEBI:88883,CHEBI:88887,CHEBI:88893,CHEBI:88910,CHEBI:88933,CHEBI:89081,CHEBI:89101,CHEBI:89102,CHEBI:89109,CHEBI:89115,CHEBI:89181,CHEBI:89183,CHEBI:89292,CHEBI:89293,CHEBI:89375,CHEBI:89423,CHEBI:89444,CHEBI:89463,CHEBI:89464,CHEBI:89560,CHEBI:89572,CHEBI:89672,CHEBI:89690,CHEBI:89695,CHEBI:89923,CHEBI:89928,CHEBI:89955,CHEBI:89989,CHEBI:74965	CHEBI:64526,CHEBI:88846,CHEBI:88859,CHEBI:88879,CHEBI:88883,CHEBI:88887,CHEBI:88893,CHEBI:88910,CHEBI:88933,CHEBI:89081,CHEBI:89101,CHEBI:89102,CHEBI:89109,CHEBI:89115,CHEBI:89181,CHEBI:89183,CHEBI:89292,CHEBI:89293,CHEBI:89375,CHEBI:89423,CHEBI:89444,CHEBI:89463,CHEBI:89464,CHEBI:89560,CHEBI:89572,CHEBI:89672,CHEBI:89690,CHEBI:89695,CHEBI:89923,CHEBI:89928,CHEBI:89955,CHEBI:89989,CHEBI:74965	CHEBI:64526,CHEBI:74965,CHEBI:88846,CHEBI:88859,CHEBI:88879,CHEBI:88883,CHEBI:88887,CHEBI:88893,CHEBI:88910,CHEBI:88933,CHEBI:89081,CHEBI:89101,CHEBI:89102,CHEBI:89109,CHEBI:89115,CHEBI:89181,CHEBI:89183,CHEBI:89292,CHEBI:89293,CHEBI:89375,CHEBI:89423,CHEBI:89444,CHEBI:89463,CHEBI:89464,CHEBI:89560,CHEBI:89572,CHEBI:89672,CHEBI:89690,CHEBI:89695,CHEBI:89923,CHEBI:89928,CHEBI:89955,CHEBI:89989										CHEBI:64526,CHEBI:74965,CHEBI:88846,CHEBI:88859,CHEBI:88879,CHEBI:88883,CHEBI:88887,CHEBI:88893,CHEBI:88910,CHEBI:88933,CHEBI:89081,CHEBI:89101,CHEBI:89102,CHEBI:89109,CHEBI:89115,CHEBI:89181,CHEBI:89183,CHEBI:89292,CHEBI:89293,CHEBI:89375,CHEBI:89423,CHEBI:89444,CHEBI:89463,CHEBI:89464,CHEBI:89560,CHEBI:89572,CHEBI:89672,CHEBI:89690,CHEBI:89695,CHEBI:89923,CHEBI:89928,CHEBI:89955,CHEBI:89989						CHEBI:84573,CHEBI:84823,CHEBI:86178,CHEBI:89618,CHEBI:136066,CHEBI:167251,CHEBI:167256	CHEBI:64526,CHEBI:74965,CHEBI:84573,CHEBI:84823,CHEBI:86178,CHEBI:88846,CHEBI:88859,CHEBI:88879,CHEBI:88883,CHEBI:88887,CHEBI:88893,CHEBI:88910,CHEBI:88933,CHEBI:89081,CHEBI:89101,CHEBI:89102,CHEBI:89109,CHEBI:89115,CHEBI:89181,CHEBI:89183,CHEBI:89292,CHEBI:89293,CHEBI:89375,CHEBI:89423,CHEBI:89444,CHEBI:89463,CHEBI:89464,CHEBI:89560,CHEBI:89572,CHEBI:89618,CHEBI:89672,CHEBI:89690,CHEBI:89695,CHEBI:89923,CHEBI:89928,CHEBI:89955,CHEBI:89989,CHEBI:136066,CHEBI:167251,CHEBI:167256						CHEBI:36313,CHEBI:57643,CHEBI:75063	R-HSA-111995,R-HSA-1369062,R-HSA-1482788,R-HSA-1482798,R-HSA-1482839,R-HSA-1483101,R-HSA-1483148,R-HSA-1483166,R-HSA-1483191,R-HSA-1483196,R-HSA-1660661,R-HSA-2029485,R-HSA-2142753,R-HSA-382556,R-HSA-5678771,R-HSA-5683678,R-HSA-5683826,R-HSA-5688399,R-HSA-6811436,R-HSA-8964058,R-HSA-9680350	21
PC(O-36:3)	RM0052208	C44H84NO7P	769.5985	Glycerophospholipids	Glycerophosphocholines	O-PC								PC O-36:3					CHEBI:64537,CHEBI:89879,CHEBI:89881	CHEBI:64537,CHEBI:64537,CHEBI:89879,CHEBI:89881	CHEBI:64537,CHEBI:89879,CHEBI:89881	CHEBI:64537,CHEBI:89879,CHEBI:89881										CHEBI:64537,CHEBI:89879,CHEBI:89881						CHEBI:86436	CHEBI:64537,CHEBI:86436,CHEBI:89879,CHEBI:89881						CHEBI:36313	R-HSA-1482788	1
TG(22:0_18:1_18:2)	RM0068234	C61H112O6	940.8459	Glycerolipids	Triradylglycerols	TAG								TG 18:1_18:2_22:0																																	0
DG(18:1_18:2)	RM0034254	C39H70O5	618.5223	Glycerolipids	Diradylglycerols	DAG								DG 18:1_18:2																																	0
DG(40:3)	RM0134375	C43H78O5	674.5849	Glycerolipids	Diradylglycerols	DAG								DG 40:3					CHEBI:85858	CHEBI:85858	CHEBI:85858	CHEBI:85858										CHEBI:85858							CHEBI:85858						CHEBI:18035	R-HSA-112043,R-HSA-1250196,R-HSA-192456,R-HSA-202424,R-HSA-202433,R-HSA-2029485,R-HSA-2871809,R-HSA-2871837,R-HSA-418890,R-HSA-5218921,R-HSA-5607764,R-HSA-6809371,R-HSA-8963889,R-HSA-8963901,R-HSA-8964058,R-HSA-9027277,R-HSA-9648002,R-HSA-9664323,R-HSA-9680350,R-HSA-975634	20
m-Cresol	RM0022421	C7H8O	108.0575	Benzenoids	Phenols	Other phenols	342	CHEBI:17231	HMDB0002048		C04447	RLSSMJSEOOYNOY-UHFFFAOYSA-N	Cc1cccc(c1)O	m-Cresol					CHEBI:17231,CHEBI:17231,CHEBI:17231	CHEBI:17231,CHEBI:17231,CHEBI:17231	CHEBI:17231,CHEBI:17231,CHEBI:17231	CHEBI:17231	C01467,C04447	C01467,C04447	C01467,C04447	C01467,C04447			C01467	map01120,map01220,map00623		CHEBI:17231	C01467,C04447			C01467	map01120,map01220,map00623		CHEBI:17231	C01467,C04447			C01467	map01120,map01220,map00623			0
SM(17:1;2O/22:0)	RM0135566	C44H89N2O6P	772.6458	Sphingolipids	Phosphosphingolipids	SM	52931191	CHEBI:136275	HMDB0240621	LMSP03010066		BEHLQMQPYDCEFC-QVDCKBILSA-N	CCCCCCCCCCCCCCCCCCCCCC(=O)N[C@@H](COP(=O)([O-])OCC[N+](C)(C)C)[C@@H](/C=C/CCCCCCCCCCCC)O	SM 17:1;O2/22:0								CHEBI:136275										CHEBI:136275							CHEBI:136275						CHEBI:64583	R-HSA-1660661	1
TG(16:0_16:1_18:1)	RM0026558	C53H98O6	830.7363	Glycerolipids	Triradylglycerols	TAG								TG 16:0_16:1_18:1																																	0
TG(16:1_16:1_18:2)	RM0068098	C53H94O6	826.7050	Glycerolipids	Triradylglycerols	TAG								TG 16:1_16:1_18:2																																	0
LPC(O-18:1)	RM0133231	C26H54NO6P	507.3689	Glycerophospholipids	Glycerophosphocholines	O-LPC								LPC O-18:1					CHEBI:64591	CHEBI:64591	CHEBI:64591	CHEBI:64591										CHEBI:64591						CHEBI:64396,CHEBI:136120,CHEBI:136371	CHEBI:64396,CHEBI:64591,CHEBI:136120,CHEBI:136371						CHEBI:36313	R-HSA-1482788	1
PE(P-18:0_18:2)	RM0092659	C41H78NO7P	727.5516	Glycerophospholipids	Glycerophosphoethanolamines	O-PE								PE P-18:0/18:2					CHEBI:90483	CHEBI:136207,CHEBI:90483	CHEBI:90483,CHEBI:136207	CHEBI:90483,CHEBI:136207									CHEBI:133675	CHEBI:90483,CHEBI:133675,CHEBI:136207							CHEBI:90483,CHEBI:133675,CHEBI:136207						CHEBI:17476	R-HSA-1482788	1
PE(O-18:1_20:4)	RM0008857	C43H78NO7P	751.5516	Glycerophospholipids	Glycerophosphoethanolamines	O-PE								PE O-18:1/20:4					CHEBI:167228	CHEBI:167228,CHEBI:167228	CHEBI:167228	CHEBI:167228										CHEBI:167228						CHEBI:167289	CHEBI:167228,CHEBI:167289						CHEBI:17476	R-HSA-1482788	1
TG(18:0_20:4_22:6)	RM0020804	C63H102O6	954.7676	Glycerolipids	Triradylglycerols	TAG								TG 18:0_20:4_22:6																																	0
2,2-dimethyl-1-Octanol	-	-	-	-	-	-	-		-	-		-	-	-					CHEBI:183268	CHEBI:183268	CHEBI:183268	CHEBI:183268										CHEBI:183268							CHEBI:183268						CHEBI:30879	R-HSA-1483166,R-HSA-2022377,R-HSA-8935690	3
TG(16:0_18:0_19:0)	RM0064547	C56H108O6	876.8146	Glycerolipids	Triradylglycerols	TAG								TG 16:0_18:0_19:0																																	0
TG(16:0_16:1_18:2)	RM0112319	C53H96O6	828.7207	Glycerolipids	Triradylglycerols	TAG								TG 16:0_16:1_18:2																																	0
TG(16:0_18:0_24:0)	RM0068015	C61H118O6	946.8928	Glycerolipids	Triradylglycerols	TAG								TG 16:0_18:0_24:0																																	0
PC(14:0_20:4)	RM0000558	C42H76NO8P	753.5309	Glycerophospholipids	Glycerophosphocholines	PC								PC 14:0_20:4																																	0
Hexanedioic acid	RM0149937	C6H10O4	146.0579	Fatty Acyls	Fatty acids	Dicarboxylic acids	196	CHEBI:30832	HMDB0000448	LMFA01170048	C06104	WNLRTRBMVRJNCN-UHFFFAOYSA-N	C(CCC(=O)O)CC(=O)O	Adipic acid			C06104	map01100,map01120,map01220,map00930	CHEBI:30832,CHEBI:30832	CHEBI:30832,CHEBI:30832	CHEBI:30832,CHEBI:30832	CHEBI:30832	C06104	C06104	C06104	C06104			C06104	map01100,map01120,map01220,map00930	CHEBI:17128,CHEBI:30833	CHEBI:17128,CHEBI:30832,CHEBI:30833	C06104			C06104	map01100,map01120,map01220,map00930		CHEBI:17128,CHEBI:30832,CHEBI:30833	C06104			C06104	map01100,map01120,map01220,map00930	CHEBI:18059,CHEBI:33575	R-HSA-1222556,R-HSA-1369062,R-HSA-5682294,R-HSA-6809371,R-HSA-804914,R-HSA-8941413	6
PE(18:1_18:2)	RM0011593	C41H76NO8P	741.5309	Glycerophospholipids	Glycerophosphoethanolamines	PE								PE 18:1_18:2					CHEBI:141593	CHEBI:141593,CHEBI:141593	CHEBI:141593	CHEBI:141593										CHEBI:141593							CHEBI:141593						CHEBI:36314	R-HSA-1482788	1
TG(18:0_24:0_18:1)	RM0069294	C63H120O6	972.9085	Glycerolipids	Triradylglycerols	TAG								TG 18:0_18:1_24:0																																	0
ST(28:1;O;S)	RM0006303	C28H48O4S	480.3273	Sterol Lipids	Sterol/Bile acid conjugates(In-silico)	Sulfate conjugates(In-silico)								ST 28:1;O;S																																	0
1-Monooleoylglycerol	-	-	-	-	-	-	-		-	-		-	-	-																																	0
PE(O-16:1_20:4)	RM0054520	C41H74NO7P	723.5203	Glycerophospholipids	Glycerophosphoethanolamines	O-PE								PE O-16:1/20:4					CHEBI:167225	CHEBI:167225,CHEBI:167225	CHEBI:167225	CHEBI:167225										CHEBI:167225						CHEBI:167286	CHEBI:167225,CHEBI:167286								0
PC(36:5)	RM0134821	C44H78NO8P	779.5465	Glycerophospholipids	Glycerophosphocholines	PC								PC 36:5					CHEBI:64504,CHEBI:88436,CHEBI:88843,CHEBI:88862,CHEBI:88878,CHEBI:88911,CHEBI:88926,CHEBI:88936,CHEBI:89067,CHEBI:89356,CHEBI:89358,CHEBI:89418,CHEBI:89422,CHEBI:89439,CHEBI:89460,CHEBI:89558,CHEBI:89577,CHEBI:89578,CHEBI:89583,CHEBI:89584,CHEBI:89603,CHEBI:89694,CHEBI:89738,CHEBI:89931	CHEBI:64504,CHEBI:64504,CHEBI:88436,CHEBI:88843,CHEBI:88862,CHEBI:88878,CHEBI:88911,CHEBI:88926,CHEBI:88936,CHEBI:89067,CHEBI:89356,CHEBI:89358,CHEBI:89418,CHEBI:89422,CHEBI:89439,CHEBI:89460,CHEBI:89558,CHEBI:89577,CHEBI:89578,CHEBI:89583,CHEBI:89584,CHEBI:89603,CHEBI:89694,CHEBI:89738,CHEBI:89931	CHEBI:64504,CHEBI:88436,CHEBI:88843,CHEBI:88862,CHEBI:88878,CHEBI:88911,CHEBI:88926,CHEBI:88936,CHEBI:89067,CHEBI:89356,CHEBI:89358,CHEBI:89418,CHEBI:89422,CHEBI:89439,CHEBI:89460,CHEBI:89558,CHEBI:89577,CHEBI:89578,CHEBI:89583,CHEBI:89584,CHEBI:89603,CHEBI:89694,CHEBI:89738,CHEBI:89931	CHEBI:64504,CHEBI:88436,CHEBI:88843,CHEBI:88862,CHEBI:88878,CHEBI:88911,CHEBI:88926,CHEBI:88936,CHEBI:89067,CHEBI:89356,CHEBI:89358,CHEBI:89418,CHEBI:89422,CHEBI:89439,CHEBI:89460,CHEBI:89558,CHEBI:89577,CHEBI:89578,CHEBI:89583,CHEBI:89584,CHEBI:89603,CHEBI:89694,CHEBI:89738,CHEBI:89931										CHEBI:64504,CHEBI:88436,CHEBI:88843,CHEBI:88862,CHEBI:88878,CHEBI:88911,CHEBI:88926,CHEBI:88936,CHEBI:89067,CHEBI:89356,CHEBI:89358,CHEBI:89418,CHEBI:89422,CHEBI:89439,CHEBI:89460,CHEBI:89558,CHEBI:89577,CHEBI:89578,CHEBI:89583,CHEBI:89584,CHEBI:89603,CHEBI:89694,CHEBI:89738,CHEBI:89931						CHEBI:64505,CHEBI:84816,CHEBI:86137,CHEBI:132327,CHEBI:134640,CHEBI:136086	CHEBI:64504,CHEBI:64505,CHEBI:84816,CHEBI:86137,CHEBI:88436,CHEBI:88843,CHEBI:88862,CHEBI:88878,CHEBI:88911,CHEBI:88926,CHEBI:88936,CHEBI:89067,CHEBI:89356,CHEBI:89358,CHEBI:89418,CHEBI:89422,CHEBI:89439,CHEBI:89460,CHEBI:89558,CHEBI:89577,CHEBI:89578,CHEBI:89583,CHEBI:89584,CHEBI:89603,CHEBI:89694,CHEBI:89738,CHEBI:89931,CHEBI:132327,CHEBI:134640,CHEBI:136086						CHEBI:36313,CHEBI:57643	R-HSA-111995,R-HSA-1369062,R-HSA-1482788,R-HSA-1482798,R-HSA-1482839,R-HSA-1483101,R-HSA-1483148,R-HSA-1483166,R-HSA-1483191,R-HSA-1483196,R-HSA-1660661,R-HSA-2029485,R-HSA-2142753,R-HSA-382556,R-HSA-5678771,R-HSA-5683678,R-HSA-5683826,R-HSA-5688399,R-HSA-6811436,R-HSA-8964058,R-HSA-9680350	21
SM(17:2;2O/16:0)	RM0059527	C38H75N2O6P	686.5363	Sphingolipids	Phosphosphingolipids	SM								SM 17:2;O2/16:0																																	0
PE(O-18:2_20:4)	RM0098404	C43H76NO7P	749.5359	Glycerophospholipids	Glycerophosphoethanolamines	O-PE								PE O-18:2/20:4					CHEBI:141509,CHEBI:167232	CHEBI:141509,CHEBI:141509,CHEBI:167232,CHEBI:167232	CHEBI:141509,CHEBI:167232	CHEBI:141509,CHEBI:167232										CHEBI:141509,CHEBI:167232						CHEBI:167292	CHEBI:141509,CHEBI:167232,CHEBI:167292								0
PC(18:0_20:4)	RM0134946	C46H84NO8P	809.5935	Glycerophospholipids	Glycerophosphocholines	PC								PC 18:0_20:4					CHEBI:167256	CHEBI:167256,CHEBI:167256	CHEBI:167256	CHEBI:167256										CHEBI:167256							CHEBI:167256						CHEBI:57643	R-HSA-111995,R-HSA-1369062,R-HSA-1482788,R-HSA-1482798,R-HSA-1482839,R-HSA-1483101,R-HSA-1483148,R-HSA-1483166,R-HSA-1483191,R-HSA-1483196,R-HSA-1660661,R-HSA-2029485,R-HSA-2142753,R-HSA-382556,R-HSA-5678771,R-HSA-5683678,R-HSA-5683826,R-HSA-5688399,R-HSA-6811436,R-HSA-8964058,R-HSA-9680350	21
TG(18:0_18:1_22:6)	RM0110794	C61H104O6	932.7833	Glycerolipids	Triradylglycerols	TAG								TG 18:0_18:1_22:6																																	0
DG(38:3)	RM0134370	C41H74O5	646.5536	Glycerolipids	Diradylglycerols	DAG								DG 38:3					CHEBI:85706,CHEBI:88400,CHEBI:88482,CHEBI:88509,CHEBI:88959,CHEBI:89008,CHEBI:89010,CHEBI:89036,CHEBI:89037,CHEBI:89049,CHEBI:89159,CHEBI:89194,CHEBI:89222,CHEBI:89241,CHEBI:89794,CHEBI:89817	CHEBI:85706,CHEBI:88400,CHEBI:88482,CHEBI:88509,CHEBI:88959,CHEBI:89008,CHEBI:89010,CHEBI:89036,CHEBI:89037,CHEBI:89049,CHEBI:89159,CHEBI:89194,CHEBI:89222,CHEBI:89241,CHEBI:89794,CHEBI:89817	CHEBI:85706,CHEBI:88400,CHEBI:88482,CHEBI:88509,CHEBI:88959,CHEBI:89008,CHEBI:89010,CHEBI:89036,CHEBI:89037,CHEBI:89049,CHEBI:89159,CHEBI:89194,CHEBI:89222,CHEBI:89241,CHEBI:89794,CHEBI:89817	CHEBI:85706,CHEBI:88400,CHEBI:88482,CHEBI:88509,CHEBI:88959,CHEBI:89008,CHEBI:89010,CHEBI:89036,CHEBI:89037,CHEBI:89049,CHEBI:89159,CHEBI:89194,CHEBI:89222,CHEBI:89241,CHEBI:89794,CHEBI:89817										CHEBI:85706,CHEBI:88400,CHEBI:88482,CHEBI:88509,CHEBI:88959,CHEBI:89008,CHEBI:89010,CHEBI:89036,CHEBI:89037,CHEBI:89049,CHEBI:89159,CHEBI:89194,CHEBI:89222,CHEBI:89241,CHEBI:89794,CHEBI:89817						CHEBI:134562	CHEBI:85706,CHEBI:88400,CHEBI:88482,CHEBI:88509,CHEBI:88959,CHEBI:89008,CHEBI:89010,CHEBI:89036,CHEBI:89037,CHEBI:89049,CHEBI:89159,CHEBI:89194,CHEBI:89222,CHEBI:89241,CHEBI:89794,CHEBI:89817,CHEBI:134562						CHEBI:17815,CHEBI:18035	R-HSA-112043,R-HSA-114508,R-HSA-114516,R-HSA-114604,R-HSA-1169091,R-HSA-1169092,R-HSA-1250196,R-HSA-139853,R-HSA-1482883,R-HSA-1483191,R-HSA-1483206,R-HSA-1483213,R-HSA-1489509,R-HSA-162710,R-HSA-163560,R-HSA-1660661,R-HSA-1855204,R-HSA-192456,R-HSA-202424,R-HSA-202433,R-HSA-2029485,R-HSA-2179392,R-HSA-2871809,R-HSA-2871837,R-HSA-3000170,R-HSA-354192,R-HSA-392517,R-HSA-399997,R-HSA-4086398,R-HSA-416476,R-HSA-416993,R-HSA-418217,R-HSA-418597,R-HSA-418890,R-HSA-419408,R-HSA-426048,R-HSA-434316,R-HSA-4419969,R-HSA-5099900,R-HSA-5218921,R-HSA-5607764,R-HSA-5673001,R-HSA-6809371,R-HSA-75109,R-HSA-76005,R-HSA-8963889,R-HSA-8963901,R-HSA-8964058,R-HSA-9027277,R-HSA-9648002,R-HSA-9664323,R-HSA-9680350,R-HSA-9717207,R-HSA-975634,R-HSA-983695	55
Hexadecane	RM0150438	C16H34	226.2661	Fatty Acyls	Hydrocarbons	Hydrocarbons	11006	CHEBI:45296	HMDB0033792	LMFA11000577		DCAYPVUWAIABOU-UHFFFAOYSA-N	CCCCCCCCCCCCCCCC	Hexadecane					CHEBI:45296,CHEBI:45296	CHEBI:45296,CHEBI:45296	CHEBI:45296,CHEBI:45296	CHEBI:45296										CHEBI:45296							CHEBI:45296								0
PE(O-16:1_22:4)	RM0024389	C43H78NO7P	751.5516	Glycerophospholipids	Glycerophosphoethanolamines	O-PE								PE O-16:1/22:4																																	0
1-acetyl-2-methyl-Azetidine	-	-	-	-	-	-	-		-	-		-	-	-					CHEBI:183283	CHEBI:183283	CHEBI:183283	CHEBI:183283										CHEBI:183283							CHEBI:183283								0
TG(15:0_16:0_18:2)	RM0063823	C52H96O6	816.7207	Glycerolipids	Triradylglycerols	TAG								TG 15:0_16:0_18:2																																	0
TG(15:0_16:1_18:1)	RM0062074	C52H96O6	816.7207	Glycerolipids	Triradylglycerols	TAG								TG 15:0_16:1_18:1																																	0
TG(10:0_16:1_18:1)	RM0022768	C47H86O6	746.6424	Glycerolipids	Triradylglycerols	TAG								TG 10:0_16:1_18:1																																	0
2-Ethyl-1-dodecanol	-	-	-	-	-	-	-		-	-		-	-	-					CHEBI:183273	CHEBI:183273	CHEBI:183273	CHEBI:183273										CHEBI:183273							CHEBI:183273						CHEBI:30879	R-HSA-1483166,R-HSA-2022377,R-HSA-8935690	3
SM(11:0;2O/21:1)	-	-	-	-	-	-	-		-	-		-	-	-																																	0
1-Deoxypentitol	RM0049554	C5H12O4	136.0736	Carbohydrates	Monosaccharides	Sugar alcohols	270738	CHEBI:165244	HMDB0041486			FJGNTEKSQVNVTJ-UHFFFAOYSA-N	CC(C(C(CO)O)O)O	1-Deoxy-D-ribitol					CHEBI:165244	CHEBI:165244	CHEBI:165244	CHEBI:165244										CHEBI:165244							CHEBI:165244						CHEBI:30879	R-HSA-1483166,R-HSA-2022377,R-HSA-8935690	3
Oxalic acid	RM0149940	C2H2O4	89.9953	Fatty Acyls	Fatty acids	Dicarboxylic acids	971	CHEBI:16995	HMDB0002329		C00209	MUBZPKHOEPUJKR-UHFFFAOYSA-N	C(=O)(C(=O)O)O	Oxalic acid			C00209	map01100,map01120,map00630,map00230,map00625	CHEBI:16995,CHEBI:16995,CHEBI:16995	CHEBI:16995,CHEBI:16995,CHEBI:16995	CHEBI:16995,CHEBI:16995,CHEBI:16995	CHEBI:16995	C00209	C00209	C00209	C00209			C00209	map01100,map01120,map00630,map00230,map00625	CHEBI:30623,CHEBI:46904	CHEBI:16995,CHEBI:30623,CHEBI:46904	C00209	CHEBI:30623	R-HSA-174362,R-HSA-196836,R-HSA-389661,R-HSA-427601	C00209	map01100,map01120,map00630,map00230,map00625		CHEBI:16995,CHEBI:30623,CHEBI:46904	C00209	CHEBI:30623	R-HSA-174362,R-HSA-196836,R-HSA-389661,R-HSA-427601	C00209	map01100,map01120,map00630,map00230,map00625			0
DG(25:1)	RM0035321	C28H52O5	468.3815	Glycerolipids	Diradylglycerols	DAG								DG 25:1																																	0
PC(15:0_20:4)	RM0098329	C43H78NO8P	767.5465	Glycerophospholipids	Glycerophosphocholines	PC								PC 15:0_20:4																																	0
LPE(O-16:1)	RM0134468	C21H44NO6P	437.2906	Glycerophospholipids	Glycerophosphoethanolamines	O-LPE								LPE O-16:1					CHEBI:228762	CHEBI:228762	CHEBI:228762	CHEBI:228762										CHEBI:228762							CHEBI:228762						CHEBI:36314	R-HSA-1482788	1
PC(14:0_18:2)	RM0000621	C40H76NO8P	729.5309	Glycerophospholipids	Glycerophosphocholines	PC								PC 14:0_18:2																																	0
CE(18:2)	RM0016397	C45H76O2	648.5845	Sterol Lipids	Sterol esters	Chol. esters								CE 18:2					CHEBI:183799,CHEBI:132002,CHEBI:41509	CHEBI:132002,CHEBI:183799,CHEBI:183799,CHEBI:41509	CHEBI:183799,CHEBI:132002,CHEBI:41509	CHEBI:41509,CHEBI:132002,CHEBI:183799	C15441	C15441	C15441	C15441						CHEBI:41509,CHEBI:132002,CHEBI:183799	C15441					CHEBI:46903	CHEBI:41509,CHEBI:46903,CHEBI:132002,CHEBI:183799	C15441					CHEBI:17002	R-HSA-163560,R-HSA-192456,R-HSA-202733,R-HSA-211945,R-HSA-2168880,R-HSA-3000471,R-HSA-3000480,R-HSA-3000484,R-HSA-3000497,R-HSA-432142,R-HSA-5686938,R-HSA-8856825,R-HSA-8856828,R-HSA-8866423,R-HSA-8963888,R-HSA-8963896,R-HSA-8963901,R-HSA-8964011,R-HSA-8964026,R-HSA-8964038,R-HSA-8964041,R-HSA-8964046,R-HSA-8964058,R-HSA-8964572,R-HSA-9707616,R-HSA-975634,R-HSA-9918432,R-HSA-9918481,R-HSA-9918487,R-HSA-9920588,R-HSA-9920951	31
2-Pyridinecarboxylic acid	RM0136177	C6H5NO2	123.0320	Alkaloids	Pyridine alkaloids	Nicotinic acid alkaloids	1018	CHEBI:28747	HMDB0002243		C10164	SIOXPEMLGUPBBT-UHFFFAOYSA-N	c1ccnc(c1)C(=O)O	Picolinic acid			C10164	map01100,map00380	CHEBI:28747,CHEBI:28747	CHEBI:28747,CHEBI:28747	CHEBI:28747,CHEBI:28747	CHEBI:28747	C10164	C10164	C10164	C10164			C10164	map01100,map00380	CHEBI:38184	CHEBI:28747,CHEBI:38184	C10164			C10164	map01100,map00380		CHEBI:28747,CHEBI:38184	C10164			C10164	map01100,map00380	CHEBI:33575	R-HSA-6809371	1
PC(20:4_20:4)	RM0136719	C48H80NO8P	829.5622	Glycerophospholipids	Glycerophosphocholines	PC								PC 20:4/20:4						CHEBI:136101,CHEBI:60657	CHEBI:136101,CHEBI:60657	CHEBI:60657,CHEBI:136101										CHEBI:60657,CHEBI:136101							CHEBI:60657,CHEBI:136101						CHEBI:57643	R-HSA-111995,R-HSA-1369062,R-HSA-1482788,R-HSA-1482798,R-HSA-1482839,R-HSA-1483101,R-HSA-1483148,R-HSA-1483166,R-HSA-1483191,R-HSA-1483196,R-HSA-1660661,R-HSA-2029485,R-HSA-2142753,R-HSA-382556,R-HSA-5678771,R-HSA-5683678,R-HSA-5683826,R-HSA-5688399,R-HSA-6811436,R-HSA-8964058,R-HSA-9680350	21
PE(O-18:2_18:2)	RM0134801	C41H76NO7P	725.5359	Glycerophospholipids	Glycerophosphoethanolamines	O-PE								PE O-18:2/18:2					CHEBI:167230	CHEBI:167230,CHEBI:167230	CHEBI:167230	CHEBI:167230										CHEBI:167230						CHEBI:167290	CHEBI:167230,CHEBI:167290								0
alpha-D-(-)-Ribopyranose	-	-	-	-	-	-	-		-	-		-	-	-																																	0
D-Arabinopyranose	-	-	-	-	-	-	-		-	-		-	-	-					CHEBI:46994	CHEBI:46994	CHEBI:46994	CHEBI:46994	C00216	C00216	C00216	C00216			C00216	map01100,map01250,map00040,map00053,map00520		CHEBI:46994	C00216			C00216	map01100,map01250,map00040,map00053,map00520	CHEBI:40886,CHEBI:46987,CHEBI:46995,CHEBI:46996	CHEBI:40886,CHEBI:46987,CHEBI:46994,CHEBI:46995,CHEBI:46996	C00216,C02479,C02604,C11476			C00216	map01100,map01250,map00040,map00053,map00520			0
Benzophenone	RM0136655	C13H10O	182.0732	Benzenoids	Benzenes	Benzophenones	3102	CHEBI:41308	HMDB0032049		C06354	RWCCWEUUXYIKHB-UHFFFAOYSA-N	c1ccc(cc1)C(=O)c1ccccc1	Benzophenone					CHEBI:41308,CHEBI:41308	CHEBI:41308,CHEBI:41308	CHEBI:41308,CHEBI:41308	CHEBI:41308	C06354	C06354	C06354	C06354						CHEBI:41308	C06354						CHEBI:41308	C06354							0
2-Hydroxy-4-methoxybenzaldehyde	RM0199661	C8H8O3	152.0473	Benzenoids	Phenols	Methoxyphenols	69600					WZUODJNEIXSNEU-UHFFFAOYSA-N	COc1ccc(C=O)c(c1)O	2-Hydroxy-4-methoxybenzaldehyde					CHEBI:183274,CHEBI:183274	CHEBI:183274,CHEBI:183274	CHEBI:183274,CHEBI:183274	CHEBI:183274										CHEBI:183274							CHEBI:183274								0
SM(34:0;3O)	RM0028516	C39H81N2O7P	720.5781	Sphingolipids	Phosphosphingolipids	SM								SM 34:0;O3																																	0
(Z)-9-Octadecenamide	-	-	-	-	-	-	-		-	-		-	-	-					CHEBI:116314	CHEBI:116314	CHEBI:116314	CHEBI:116314										CHEBI:116314							CHEBI:116314						CHEBI:18059	R-HSA-1222556,R-HSA-1369062,R-HSA-5682294,R-HSA-804914,R-HSA-8941413	5
Dodecane	RM0150244	C12H26	170.2035	Fatty Acyls	Hydrocarbons	Hydrocarbons	8182	CHEBI:28817	HMDB0031444	LMFA11000004	C08374	SNRUBQQJIBEYMU-UHFFFAOYSA-N	CCCCCCCCCCCC	N-Dodecane					CHEBI:28817	CHEBI:28817	CHEBI:28817	CHEBI:28817	C08374	C08374	C08374	C08374						CHEBI:28817	C08374						CHEBI:28817	C08374							0
L-5-Oxoproline	RM0135924	C5H7NO3	129.0426	Organic acids	Amino acids and peptides	Amino acids	7405	CHEBI:18183	HMDB0000267		C01879	ODHCTXKNWHHXJC-VKHMYHEASA-N	C1CC(=O)N[C@@H]1C(=O)O	Pyroglutamic acid			C01879	map01100,map00480,map04382	CHEBI:16010,CHEBI:18183,CHEBI:18183,CHEBI:30652	CHEBI:16010,CHEBI:18183,CHEBI:18183,CHEBI:30652	CHEBI:16010,CHEBI:18183,CHEBI:18183,CHEBI:30652	CHEBI:16010,CHEBI:18183,CHEBI:30652	C01879	C01879	C01879	C01879			C01879	map01100,map00480,map04382	CHEBI:16924,CHEBI:57606,CHEBI:57948,CHEBI:58402	CHEBI:16010,CHEBI:16924,CHEBI:18183,CHEBI:30652,CHEBI:57606,CHEBI:57948,CHEBI:58402	C01879,C02237	CHEBI:58402	R-HSA-174403,R-HSA-5578998	C01879,C02237	map01100,map00480,map04382,map01100,map00470		CHEBI:16010,CHEBI:16924,CHEBI:18183,CHEBI:30652,CHEBI:57606,CHEBI:57948,CHEBI:58402	C01879,C02237	CHEBI:58402	R-HSA-174403,R-HSA-5578998	C01879,C02237	map01100,map00480,map04382,map01100,map00470			0
4-Hydroxybenzaldehyde	RM0042689	C7H6O2	122.0368	Benzenoids	Benzaldehydes	Hydroxybenzaldehydes	126	CHEBI:17597	HMDB0011718		C00633	RGHHSNMVTDWUBI-UHFFFAOYSA-N	c1cc(ccc1C=O)O	4-Hydroxybenzaldehyde	CHEBI:17597	R-HSA-2142789,R-HSA-2142789	C00633	map01100,map01120,map00627,map00623,map00363,map01061	CHEBI:17597,CHEBI:17597	CHEBI:17597,CHEBI:17597	CHEBI:17597,CHEBI:17597	CHEBI:17597	C00633	C00633	C00633	C00633	CHEBI:17597	R-HSA-2142789,R-HSA-2142789	C00633	map01100,map01120,map00627,map00623,map00363,map01061		CHEBI:17597	C00633	CHEBI:17597	R-HSA-2142789,R-HSA-2142789	C00633	map01100,map01120,map00627,map00623,map00363,map01061		CHEBI:17597	C00633	CHEBI:17597	R-HSA-2142789,R-HSA-2142789	C00633	map01100,map01120,map00627,map00623,map00363,map01061			0
(E)-9-Octadecenoic acid	RM0153285	C18H34O2	282.2559	Fatty Acyls	Fatty acids	Unsaturated FA	637517	CHEBI:27997	HMDB0000573	LMFA01030073	C01712	ZQPPMHVWECSIRJ-MDZDMXLPSA-N	CCCCCCCC/C=C/CCCCCCCC(=O)O	Elaidic acid	CHEBI:27997	R-HSA-381771,R-HSA-416476,R-HSA-444209			CHEBI:27997,CHEBI:27997	CHEBI:27997,CHEBI:27997	CHEBI:27997,CHEBI:27997	CHEBI:27997	C01712	C01712	C01712	C01712	CHEBI:27997	R-HSA-381771,R-HSA-416476,R-HSA-444209			CHEBI:30825	CHEBI:27997,CHEBI:30825	C01712	CHEBI:27997	R-HSA-381771,R-HSA-416476,R-HSA-444209				CHEBI:27997,CHEBI:30825	C01712	CHEBI:27997	R-HSA-381771,R-HSA-416476,R-HSA-444209					0
TG(15:0_16:0_18:0)	RM0109757	C52H100O6	820.7520	Glycerolipids	Triradylglycerols	TAG								TG 15:0_16:0_18:0																																	0
(Z)-2-Dodecene	-	-	-	-	-	-	-		-	-		-	-	-					CHEBI:167556	CHEBI:167556	CHEBI:167556	CHEBI:167556										CHEBI:167556							CHEBI:167556								0
Tetrahydrogeranyl formate	-	-	-	-	-	-	-		-	-		-	-	-																																	0
LPE(16:0)	RM0134456	C21H44NO7P	453.2855	Glycerophospholipids	Glycerophosphoethanolamines	LPE								LPE 16:0					CHEBI:72384,CHEBI:90452,CHEBI:131743,CHEBI:73134	CHEBI:131743,CHEBI:72384,CHEBI:72384,CHEBI:73134,CHEBI:90452,CHEBI:90452	CHEBI:72384,CHEBI:90452,CHEBI:131743,CHEBI:73134	CHEBI:72384,CHEBI:73134,CHEBI:90452,CHEBI:131743									CHEBI:73004,CHEBI:132926	CHEBI:72384,CHEBI:73004,CHEBI:73134,CHEBI:90452,CHEBI:131743,CHEBI:132926							CHEBI:72384,CHEBI:73004,CHEBI:73134,CHEBI:90452,CHEBI:131743,CHEBI:132926						CHEBI:28936,CHEBI:29017,CHEBI:36314	R-HSA-1482788,R-HSA-1482798,R-HSA-1482839,R-HSA-1483152	4
SM(34:7;3O)	-	-	-	-	-	-	-		-	-		-	-	-																																	0
5,6-dimethyl-Decane	-	-	-	-	-	-	-		-	-		-	-	-																																	0
Glycine	RM0135888	C2H5NO2	75.0320	Organic acids	Amino acids and peptides	Amino acids	750	CHEBI:15428	HMDB0000123		C00037	DHMQDGOQFOQNFH-UHFFFAOYSA-N	C(C(=O)O)N	Glycine			C00037	map01100,map01110,map01120,map01200,map01230,map01240,map00630,map00680,map00120,map00230,map00260,map00310,map00440,map00460,map00470,map00480,map00730,map00785,map00670,map00860,map01060,map00970,map02010,map04080,map04082,map02026,map04974,map04978,map04721,map05230,map01502	CHEBI:15428,CHEBI:15428,CHEBI:15428,CHEBI:29947,CHEBI:57305	CHEBI:15428,CHEBI:15428,CHEBI:15428,CHEBI:29947,CHEBI:57305	CHEBI:15428,CHEBI:15428,CHEBI:15428,CHEBI:29947,CHEBI:57305	CHEBI:15428,CHEBI:29947,CHEBI:57305	C00037	C00037	C00037	C00037	CHEBI:57305	R-HSA-112314,R-HSA-159418,R-HSA-174403,R-HSA-177128,R-HSA-177135,R-HSA-189451,R-HSA-193368,R-HSA-196757,R-HSA-2142691,R-HSA-2408508,R-HSA-352230,R-HSA-379716,R-HSA-379726,R-HSA-389661,R-HSA-3928662,R-HSA-3928662,R-HSA-428559,R-HSA-438066,R-HSA-438066,R-HSA-442660,R-HSA-442982,R-HSA-5423646,R-HSA-5579006,R-HSA-5619041,R-HSA-5619044,R-HSA-5619089,R-HSA-5619094,R-HSA-5659735,R-HSA-5673001,R-HSA-6783984,R-HSA-6798163,R-HSA-71262,R-HSA-71288,R-HSA-73817,R-HSA-8849932,R-HSA-8955332,R-HSA-9026762,R-HSA-9026766,R-HSA-9617324,R-HSA-9620244,R-HSA-9664535,R-HSA-9749641,R-HSA-9753281	C00037	map01100,map01110,map01120,map01200,map01230,map01240,map00630,map00680,map00120,map00230,map00260,map00310,map00440,map00460,map00470,map00480,map00730,map00785,map00670,map00860,map01060,map00970,map02010,map04080,map04082,map02026,map04974,map04978,map04721,map05230,map01502	CHEBI:32507,CHEBI:32508	CHEBI:15428,CHEBI:29947,CHEBI:32507,CHEBI:32508,CHEBI:57305	C00037	CHEBI:57305	R-HSA-112314,R-HSA-159418,R-HSA-174403,R-HSA-177128,R-HSA-177135,R-HSA-189451,R-HSA-193368,R-HSA-196757,R-HSA-2142691,R-HSA-2408508,R-HSA-352230,R-HSA-379716,R-HSA-379726,R-HSA-389661,R-HSA-3928662,R-HSA-3928662,R-HSA-428559,R-HSA-438066,R-HSA-438066,R-HSA-442660,R-HSA-442982,R-HSA-5423646,R-HSA-5579006,R-HSA-5619041,R-HSA-5619044,R-HSA-5619089,R-HSA-5619094,R-HSA-5659735,R-HSA-5673001,R-HSA-6783984,R-HSA-6798163,R-HSA-71262,R-HSA-71288,R-HSA-73817,R-HSA-8849932,R-HSA-8955332,R-HSA-9026762,R-HSA-9026766,R-HSA-9617324,R-HSA-9620244,R-HSA-9664535,R-HSA-9749641,R-HSA-9753281	C00037	map01100,map01110,map01120,map01200,map01230,map01240,map00630,map00680,map00120,map00230,map00260,map00310,map00440,map00460,map00470,map00480,map00730,map00785,map00670,map00860,map01060,map00970,map02010,map04080,map04082,map02026,map04974,map04978,map04721,map05230,map01502	CHEBI:132194,CHEBI:191950	CHEBI:15428,CHEBI:29947,CHEBI:32507,CHEBI:32508,CHEBI:57305,CHEBI:132194,CHEBI:191950	C00037	CHEBI:57305	R-HSA-112314,R-HSA-159418,R-HSA-174403,R-HSA-177128,R-HSA-177135,R-HSA-189451,R-HSA-193368,R-HSA-196757,R-HSA-2142691,R-HSA-2408508,R-HSA-352230,R-HSA-379716,R-HSA-379726,R-HSA-389661,R-HSA-3928662,R-HSA-3928662,R-HSA-428559,R-HSA-438066,R-HSA-438066,R-HSA-442660,R-HSA-442982,R-HSA-5423646,R-HSA-5579006,R-HSA-5619041,R-HSA-5619044,R-HSA-5619089,R-HSA-5619094,R-HSA-5659735,R-HSA-5673001,R-HSA-6783984,R-HSA-6798163,R-HSA-71262,R-HSA-71288,R-HSA-73817,R-HSA-8849932,R-HSA-8955332,R-HSA-9026762,R-HSA-9026766,R-HSA-9617324,R-HSA-9620244,R-HSA-9664535,R-HSA-9749641,R-HSA-9753281	C00037	map01100,map01110,map01120,map01200,map01230,map01240,map00630,map00680,map00120,map00230,map00260,map00310,map00440,map00460,map00470,map00480,map00730,map00785,map00670,map00860,map01060,map00970,map02010,map04080,map04082,map02026,map04974,map04978,map04721,map05230,map01502			0
D-(-)-Tagatofuranose	-	-	-	-	-	-	-		-	-		-	-	-																																	0
PC(O-38:6)	RM0134825	C46H82NO7P	791.5829	Glycerophospholipids	Glycerophosphocholines	O-PC								PC O-38:6					CHEBI:64536	CHEBI:64536,CHEBI:64536	CHEBI:64536	CHEBI:64536										CHEBI:64536						CHEBI:86248,CHEBI:136380	CHEBI:64536,CHEBI:86248,CHEBI:136380						CHEBI:36313	R-HSA-1482788	1
L-Threonine	RM0135900	C4H9NO3	119.0582	Organic acids	Amino acids and peptides	Amino acids	6288	CHEBI:16857	HMDB0000167		C00188	AYFVYJQAPQTCCC-GBXIJSLDSA-N	C[C@H]([C@@H](C(=O)O)N)O	Threonine			C00188	map01100,map01110,map01120,map01230,map00260,map00290,map00470,map00860,map00261,map01060,map00970,map02010,map04974,map04978	CHEBI:16857,CHEBI:26986,CHEBI:30013,CHEBI:57926	CHEBI:16857,CHEBI:26986,CHEBI:30013,CHEBI:57926	CHEBI:16857,CHEBI:26986,CHEBI:30013,CHEBI:57926	CHEBI:16857,CHEBI:26986,CHEBI:30013,CHEBI:57926	C00188	C00188	C00188	C00188	CHEBI:57926	R-HSA-352230,R-HSA-379716,R-HSA-379726,R-HSA-442660,R-HSA-6787450,R-HSA-8849175	C00188	map01100,map01110,map01120,map01230,map00260,map00290,map00470,map00860,map00261,map01060,map00970,map02010,map04974,map04978	CHEBI:16398,CHEBI:30014,CHEBI:32820,CHEBI:32822,CHEBI:32827,CHEBI:32828,CHEBI:32832,CHEBI:32833,CHEBI:57757	CHEBI:16398,CHEBI:16857,CHEBI:26986,CHEBI:30013,CHEBI:30014,CHEBI:32820,CHEBI:32822,CHEBI:32827,CHEBI:32828,CHEBI:32832,CHEBI:32833,CHEBI:57757,CHEBI:57926	C00188,C00820	CHEBI:57926	R-HSA-352230,R-HSA-379716,R-HSA-379726,R-HSA-442660,R-HSA-6787450,R-HSA-8849175	C00188,C00820	map01100,map01110,map01120,map01230,map00260,map00290,map00470,map00860,map00261,map01060,map00970,map02010,map04974,map04978,map01100,map00470	CHEBI:143887	CHEBI:16398,CHEBI:16857,CHEBI:26986,CHEBI:30013,CHEBI:30014,CHEBI:32820,CHEBI:32822,CHEBI:32827,CHEBI:32828,CHEBI:32832,CHEBI:32833,CHEBI:57757,CHEBI:57926,CHEBI:143887	C00188,C00820	CHEBI:57926	R-HSA-352230,R-HSA-379716,R-HSA-379726,R-HSA-442660,R-HSA-6787450,R-HSA-8849175	C00188,C00820	map01100,map01110,map01120,map01230,map00260,map00290,map00470,map00860,map00261,map01060,map00970,map02010,map04974,map04978,map01100,map00470			0
SM(37:6;2O)	RM0059657	C42H75N2O6P	734.5363	Sphingolipids	Phosphosphingolipids	SM								SM 37:6;O2																																	0
Dodecanamide	RM0155792	C12H25NO	199.1936	Fatty Acyls	Fatty amides	Primary amides	14256	CHEBI:34726	HMDB0251566	LMFA08010001	C13831	ILRSCQWREDREME-UHFFFAOYSA-N	CCCCCCCCCCCC(=O)N	Dodecanamide					CHEBI:34726	CHEBI:34726	CHEBI:34726	CHEBI:34726	C13831	C13831	C13831	C13831						CHEBI:34726	C13831						CHEBI:34726	C13831					CHEBI:18059	R-HSA-1222556,R-HSA-1369062,R-HSA-5682294,R-HSA-804914,R-HSA-8941413	5
SM(34:1;2O)	RM0134153	C39H79N2O6P	702.5676	Sphingolipids	Phosphosphingolipids	SM								SM 34:1;O2																																	0
TG(15:0_16:0_18:1)	RM0062045	C52H98O6	818.7363	Glycerolipids	Triradylglycerols	TAG								TG 15:0_16:0_18:1																																	0
SM(42:4;2O)	RM0134110	C47H89N2O6P	808.6458	Sphingolipids	Phosphosphingolipids	SM								SM 42:4;O2																																	0
SM(34:0;2O)	RM0134096	C39H81N2O6P	704.5832	Sphingolipids	Phosphosphingolipids	SM								SM 34:0;O2																																	0
SM(18:2;2O/21:0)	RM0135565	C44H87N2O6P	770.6302	Sphingolipids	Phosphosphingolipids	SM	52931187	CHEBI:136387		LMSP03010064		SDUGEKJCGFHJRC-IYXZHQORSA-N	CCCCCCCCCCCCCCCCCCCCC(=O)N[C@@H](COP(=O)([O-])OCC[N+](C)(C)C)[C@@H](/C=C/CCCCCCCC/C=C\CCC)O	SM 18:2;O2/21:0								CHEBI:136387										CHEBI:136387							CHEBI:136387						CHEBI:64583	R-HSA-1660661	1
Trimethylolpropane	-	-	-	-	-	-	-		-	-		-	-	-					CHEBI:183310	CHEBI:183310	CHEBI:183310	CHEBI:183310										CHEBI:183310							CHEBI:183310						CHEBI:30879	R-HSA-1483166,R-HSA-2022377,R-HSA-8935690	3
Malic acid	RM0135894	C4H6O5	134.0215	Organic acids	TCA acids	TCA acids	222656	CHEBI:30797	HMDB0000156		C00149	BJEPYKJPYRNKOW-REOHCLBHSA-N	C([C@@H](C(=O)O)O)C(=O)O	Malic acid			C00149	map01100,map01110,map01120,map01200,map00020,map00620,map00630,map00710,map00720,map00680,map01060,map01061,map01062,map01063,map01064,map01065,map01066,map01070,map02020,map04922,map04964,map04742,map05200,map05230,map05211	CHEBI:30797,CHEBI:6650,CHEBI:6650	CHEBI:30797,CHEBI:6650,CHEBI:6650	CHEBI:30797,CHEBI:6650,CHEBI:6650	CHEBI:6650,CHEBI:30797	C00149,C00711	C00149,C00711	C00149,C00711	C00149,C00711			C00149	map01100,map01110,map01120,map01200,map00020,map00620,map00630,map00710,map00720,map00680,map01060,map01061,map01062,map01063,map01064,map01065,map01066,map01070,map02020,map04922,map04964,map04742,map05200,map05230,map05211	CHEBI:15588,CHEBI:15589,CHEBI:15595,CHEBI:30796	CHEBI:6650,CHEBI:15588,CHEBI:15589,CHEBI:15595,CHEBI:30796,CHEBI:30797	C00149,C00497,C00711	CHEBI:15589	R-HSA-1614517,R-HSA-428643,R-HSA-70263,R-HSA-70268,R-HSA-71403,R-HSA-9856872	C00149,C00497	map01100,map01110,map01120,map01200,map00020,map00620,map00630,map00710,map00720,map00680,map01060,map01061,map01062,map01063,map01064,map01065,map01066,map01070,map02020,map04922,map04964,map04742,map05200,map05230,map05211,map01100,map00650		CHEBI:6650,CHEBI:15588,CHEBI:15589,CHEBI:15595,CHEBI:30796,CHEBI:30797	C00149,C00497,C00711	CHEBI:15589	R-HSA-1614517,R-HSA-428643,R-HSA-70263,R-HSA-70268,R-HSA-71403,R-HSA-9856872	C00149,C00497	map01100,map01110,map01120,map01200,map00020,map00620,map00630,map00710,map00720,map00680,map01060,map01061,map01062,map01063,map01064,map01065,map01066,map01070,map02020,map04922,map04964,map04742,map05200,map05230,map05211,map01100,map00650			0
1-Phenyl-1,2-ethanediol	-	-	-	-	-	-	-		-	-		-	-	-					CHEBI:183269	CHEBI:183269	CHEBI:183269	CHEBI:183269										CHEBI:183269							CHEBI:183269								0
PC(16:1_22:6)	RM0001076	C46H78NO8P	803.5465	Glycerophospholipids	Glycerophosphocholines	PC								PC 16:1_22:6																																	0
Heptanoic acid	RM0134955	C7H14O2	130.0994	Fatty Acyls	Fatty acids	Saturated FA	8094	CHEBI:45571	HMDB0000666	LMFA01010007	C17714	MNWFXJYAOYHMED-UHFFFAOYSA-N	CCCCCCC(=O)O	Heptylic acid	CHEBI:45571	R-HSA-381753,R-HSA-381753			CHEBI:45571	CHEBI:45571	CHEBI:45571	CHEBI:45571	C17714	C17714	C17714	C17714	CHEBI:45571	R-HSA-381753,R-HSA-381753			CHEBI:32362	CHEBI:32362,CHEBI:45571	C17714	CHEBI:45571	R-HSA-381753,R-HSA-381753				CHEBI:32362,CHEBI:45571	C17714	CHEBI:45571	R-HSA-381753,R-HSA-381753					0
(Z)-10-Heptadecenoic acid	-	-	-	-	-	-	-		-	-		-	-	-																																	0
(1-methyldecyl)-Benzene	-	-	-	-	-	-	-		-	-		-	-	-					CHEBI:183285	CHEBI:183285	CHEBI:183285	CHEBI:183285										CHEBI:183285							CHEBI:183285								0
DG(30:6)	RM0161584	C33H52O5	528.3815	Glycerolipids	Diradylglycerols	DAG								DG 30:6																																	0
DG(34:0)	RM0034126	C37H72O5	596.5380	Glycerolipids	Diradylglycerols	DAG								DG 34:0					CHEBI:77624,CHEBI:86974,CHEBI:88529,CHEBI:88798,CHEBI:89026	CHEBI:77624,CHEBI:86974,CHEBI:88529,CHEBI:88798,CHEBI:89026	CHEBI:77624,CHEBI:86974,CHEBI:88529,CHEBI:88798,CHEBI:89026	CHEBI:77624,CHEBI:86974,CHEBI:88529,CHEBI:88798,CHEBI:89026										CHEBI:77624,CHEBI:86974,CHEBI:88529,CHEBI:88798,CHEBI:89026						CHEBI:86975	CHEBI:77624,CHEBI:86974,CHEBI:86975,CHEBI:88529,CHEBI:88798,CHEBI:89026						CHEBI:18035	R-HSA-112043,R-HSA-1250196,R-HSA-192456,R-HSA-202424,R-HSA-202433,R-HSA-2029485,R-HSA-2871809,R-HSA-2871837,R-HSA-418890,R-HSA-5218921,R-HSA-5607764,R-HSA-6809371,R-HSA-8963889,R-HSA-8963901,R-HSA-8964058,R-HSA-9027277,R-HSA-9648002,R-HSA-9664323,R-HSA-9680350,R-HSA-975634	20
LPE(O-18:1)	RM0133223	C23H48NO6P	465.3219	Glycerophospholipids	Glycerophosphoethanolamines	O-LPE								LPE O-18:1					CHEBI:132561	CHEBI:132561,CHEBI:132561	CHEBI:132561	CHEBI:132561										CHEBI:132561						CHEBI:137157	CHEBI:132561,CHEBI:137157						CHEBI:36314	R-HSA-1482788	1
2-butyl-1-Octanol	-	-	-	-	-	-	-		-	-		-	-	-					CHEBI:84235	CHEBI:84235	CHEBI:84235	CHEBI:84235										CHEBI:84235							CHEBI:84235						CHEBI:30879	R-HSA-1483166,R-HSA-2022377,R-HSA-8935690	3
3,7-dimethyl-Undecane	-	-	-	-	-	-	-		-	-		-	-	-																																	0
TG(16:0_18:0_20:0)	RM0109077	C57H110O6	890.8302	Glycerolipids	Triradylglycerols	TAG								TG 16:0_18:0_20:0																																	0
DG(18:1_18:1)	RM0033995	C39H72O5	620.5380	Glycerolipids	Diradylglycerols	DAG								DG 18:1_18:1					CHEBI:167238	CHEBI:167238,CHEBI:167238	CHEBI:167238	CHEBI:167238										CHEBI:167238							CHEBI:167238						CHEBI:18035	R-HSA-112043,R-HSA-1250196,R-HSA-192456,R-HSA-202424,R-HSA-202433,R-HSA-2029485,R-HSA-2871809,R-HSA-2871837,R-HSA-418890,R-HSA-5218921,R-HSA-5607764,R-HSA-6809371,R-HSA-8963889,R-HSA-8963901,R-HSA-8964058,R-HSA-9027277,R-HSA-9648002,R-HSA-9664323,R-HSA-9680350,R-HSA-975634	20
SM(43:2;3O)	RM0186423	C48H95N2O7P	842.6877	Sphingolipids	Phosphosphingolipids	SM								SM 43:2;O3																																	0
LPC(14:0/0:0)	RM0134470	C22H46NO7P	467.3012	Glycerophospholipids	Glycerophosphocholines	LPC								LPC 14:0/0:0					CHEBI:64489	CHEBI:64489	CHEBI:64489	CHEBI:64489										CHEBI:64489							CHEBI:64489						CHEBI:58168,CHEBI:64483	R-HSA-111995,R-HSA-1482839,R-HSA-1483191,R-HSA-2142753,R-HSA-6814848	5
(Z)-13-Docosenamide	-	-	-	-	-	-	-		-	-		-	-	-					CHEBI:142245	CHEBI:142245	CHEBI:142245	CHEBI:142245										CHEBI:142245							CHEBI:142245						CHEBI:18059	R-HSA-1222556,R-HSA-1369062,R-HSA-5682294,R-HSA-804914,R-HSA-8941413	5
Levetiracetam	RM0031373	C8H14N2O2	170.1055	Organic acids	Amino acids and peptides	Amino acids	5284583	CHEBI:6437	HMDB0015333		C07841	HPHUVLMMVZITSG-LURJTMIESA-N	CC[C@@H](C(=O)N)N1CCCC1=O	Levetiracetam					CHEBI:6437,CHEBI:6437	CHEBI:6437,CHEBI:6437	CHEBI:6437,CHEBI:6437	CHEBI:6437	C07841	C07841	C07841	C07841						CHEBI:6437	C07841						CHEBI:6437	C07841							0
Triethanolamine	RM0118215	C6H15NO3	149.1052	Organic nitrogen compounds	Amines	Tertiary amines	7618	CHEBI:28621	HMDB0032538		C06771	GSEJCLTVZPLZKY-UHFFFAOYSA-N	C(CO)N(CCO)CCO	Triethanolamine			C06771	map00564	CHEBI:28621,CHEBI:28621	CHEBI:28621,CHEBI:28621	CHEBI:28621,CHEBI:28621	CHEBI:28621	C06771	C06771	C06771	C06771			C06771	map00564	CHEBI:132755	CHEBI:28621,CHEBI:132755	C06771			C06771	map00564		CHEBI:28621,CHEBI:132755	C06771			C06771	map00564	CHEBI:30879	R-HSA-1483166,R-HSA-2022377,R-HSA-8935690	3
MG(21:1)	RM0174896	C24H46O4	398.3396	Glycerolipids	Monoradylglycerols	MAG								MG 21:1																																	0
PE(O-18:1_18:2)	RM0054646	C41H78NO7P	727.5516	Glycerophospholipids	Glycerophosphoethanolamines	O-PE								PE O-18:1/18:2																																	0
DG(18:2_22:6)	RM0035009	C43H68O5	664.5067	Glycerolipids	Diradylglycerols	DAG								DG 18:2_22:6																																	0
3-cyclohexen-1-yl-Benzene	-	-	-	-	-	-	-		-	-		-	-	-					CHEBI:183287	CHEBI:183287	CHEBI:183287	CHEBI:183287										CHEBI:183287							CHEBI:183287								0
LPE(18:1)	RM0104274	C23H46NO7P	479.3012	Glycerophospholipids	Glycerophosphoethanolamines	LPE								LPE 18:1					CHEBI:64575,CHEBI:72388,CHEBI:75168,CHEBI:76231	CHEBI:75168,CHEBI:76231,CHEBI:64575,CHEBI:64575,CHEBI:72388,CHEBI:72388	CHEBI:64575,CHEBI:72388,CHEBI:75168,CHEBI:76231	CHEBI:64575,CHEBI:72388,CHEBI:75168,CHEBI:76231									CHEBI:74971,CHEBI:76088	CHEBI:64575,CHEBI:72388,CHEBI:74971,CHEBI:75168,CHEBI:76088,CHEBI:76231						CHEBI:136140,CHEBI:145254,CHEBI:145278	CHEBI:64575,CHEBI:72388,CHEBI:74971,CHEBI:75168,CHEBI:76088,CHEBI:76231,CHEBI:136140,CHEBI:145254,CHEBI:145278						CHEBI:28936,CHEBI:29017,CHEBI:36314	R-HSA-1482788,R-HSA-1482798,R-HSA-1482839,R-HSA-1483152	4
Heptadecane	RM0135032	C17H36	240.2817	Fatty Acyls	Hydrocarbons	Hydrocarbons	12398	CHEBI:16148	HMDB0059830	LMFA11000003	C01816	NDJKXXJCMXVBJW-UHFFFAOYSA-N	CCCCCCCCCCCCCCCCC	Heptadecane					CHEBI:16148,CHEBI:16148	CHEBI:16148,CHEBI:16148	CHEBI:16148,CHEBI:16148	CHEBI:16148	C01816	C01816	C01816	C01816						CHEBI:16148	C01816						CHEBI:16148	C01816							0
DG(36:1)	RM0134378	C39H74O5	622.5536	Glycerolipids	Diradylglycerols	DAG								DG 36:1					CHEBI:86980,CHEBI:88365,CHEBI:88447,CHEBI:88499,CHEBI:88530,CHEBI:88720,CHEBI:88800,CHEBI:88939,CHEBI:88996,CHEBI:89844,CHEBI:90071	CHEBI:86980,CHEBI:88365,CHEBI:88447,CHEBI:88499,CHEBI:88530,CHEBI:88720,CHEBI:88800,CHEBI:88939,CHEBI:88996,CHEBI:89844,CHEBI:90071	CHEBI:86980,CHEBI:88365,CHEBI:88447,CHEBI:88499,CHEBI:88530,CHEBI:88720,CHEBI:88800,CHEBI:88939,CHEBI:88996,CHEBI:89844,CHEBI:90071	CHEBI:86980,CHEBI:88365,CHEBI:88447,CHEBI:88499,CHEBI:88530,CHEBI:88720,CHEBI:88800,CHEBI:88939,CHEBI:88996,CHEBI:89844,CHEBI:90071										CHEBI:86980,CHEBI:88365,CHEBI:88447,CHEBI:88499,CHEBI:88530,CHEBI:88720,CHEBI:88800,CHEBI:88939,CHEBI:88996,CHEBI:89844,CHEBI:90071						CHEBI:75468,CHEBI:75558,CHEBI:134557,CHEBI:134561	CHEBI:75468,CHEBI:75558,CHEBI:86980,CHEBI:88365,CHEBI:88447,CHEBI:88499,CHEBI:88530,CHEBI:88720,CHEBI:88800,CHEBI:88939,CHEBI:88996,CHEBI:89844,CHEBI:90071,CHEBI:134557,CHEBI:134561						CHEBI:18035	R-HSA-112043,R-HSA-1250196,R-HSA-192456,R-HSA-202424,R-HSA-202433,R-HSA-2029485,R-HSA-2871809,R-HSA-2871837,R-HSA-418890,R-HSA-5218921,R-HSA-5607764,R-HSA-6809371,R-HSA-8963889,R-HSA-8963901,R-HSA-8964058,R-HSA-9027277,R-HSA-9648002,R-HSA-9664323,R-HSA-9680350,R-HSA-975634	20
PC(14:0_16:0)	RM0098405	C38H76NO8P	705.5309	Glycerophospholipids	Glycerophosphocholines	PC								PC 14:0_16:0					CHEBI:167242	CHEBI:167242,CHEBI:167242	CHEBI:167242	CHEBI:167242										CHEBI:167242							CHEBI:167242						CHEBI:57643	R-HSA-111995,R-HSA-1369062,R-HSA-1482788,R-HSA-1482798,R-HSA-1482839,R-HSA-1483101,R-HSA-1483148,R-HSA-1483166,R-HSA-1483191,R-HSA-1483196,R-HSA-1660661,R-HSA-2029485,R-HSA-2142753,R-HSA-382556,R-HSA-5678771,R-HSA-5683678,R-HSA-5683826,R-HSA-5688399,R-HSA-6811436,R-HSA-8964058,R-HSA-9680350	21
2-methyl-Pentadecane	-	-	-	-	-	-	-		-	-		-	-	-																																	0
DG(26:1)	RM0075498	C29H54O5	482.3971	Glycerolipids	Diradylglycerols	DAG								DG 26:1																																	0
Arabinose	RM0136634	C5H10O5	150.0528	Carbohydrates	Monosaccharides	Pentoses	66308	CHEBI:46983	HMDB0029942			PYMYPHUHKUWMLA-WDCZJNDASA-N	C(=O)[C@H]([C@@H]([C@@H](CO)O)O)O	Arabinose					CHEBI:22599	CHEBI:22599	CHEBI:22599	CHEBI:22599,CHEBI:46983									CHEBI:6182	CHEBI:6182,CHEBI:22599,CHEBI:46983	C11476					CHEBI:6178,CHEBI:17108,CHEBI:17535,CHEBI:28272,CHEBI:28772,CHEBI:30849,CHEBI:40886,CHEBI:46982,CHEBI:46987,CHEBI:46994,CHEBI:46995,CHEBI:46996,CHEBI:79054,CHEBI:79055,CHEBI:145590	CHEBI:6178,CHEBI:6182,CHEBI:17108,CHEBI:17535,CHEBI:22599,CHEBI:28272,CHEBI:28772,CHEBI:30849,CHEBI:40886,CHEBI:46982,CHEBI:46983,CHEBI:46987,CHEBI:46994,CHEBI:46995,CHEBI:46996,CHEBI:79054,CHEBI:79055,CHEBI:145590	C00216,C00259,C02479,C02604,C06115,C11476			C00216,C00259	map01100,map01250,map00040,map00053,map00520,map01100,map01250,map00040,map00053,map00520,map02010			0
SM(17:1;2O/24:1)	RM0138773	C46H91N2O6P	798.6615	Sphingolipids	Phosphosphingolipids	SM								SM 17:1;O2/24:1																																	0
ST(29:1;O;S)	RM0011853	C29H50O4S	494.3430	Sterol Lipids	Sterol/Bile acid conjugates(In-silico)	Sulfate conjugates(In-silico)								ST 29:1;O;S																																	0
PI(16:0_18:2)	RM0056506	C43H79O13P	834.5258	Glycerophospholipids	Glycerophosphoinositols	PI								PI 16:0_18:2																																	0
PC(16:0_18:2)	RM0104110	C42H80NO8P	757.5622	Glycerophospholipids	Glycerophosphocholines	PC								PC 16:0_18:2																																	0
4,6,8-trimethyl-1-Nonene	-	-	-	-	-	-	-		-	-		-	-	-					CHEBI:84223	CHEBI:84223	CHEBI:84223	CHEBI:84223										CHEBI:84223							CHEBI:84223								0
2,3,5,8-tetramethyl-Decane	-	-	-	-	-	-	-		-	-		-	-	-																																	0
1-Hydroxy-3-(octanoyloxy)propan-2-yl decanoate	-	-	-	-	-	-	-		-	-		-	-	-					CHEBI:183267	CHEBI:183267	CHEBI:183267	CHEBI:183267										CHEBI:183267							CHEBI:183267						CHEBI:18035	R-HSA-112043,R-HSA-1250196,R-HSA-192456,R-HSA-202424,R-HSA-202433,R-HSA-2029485,R-HSA-2871809,R-HSA-2871837,R-HSA-418890,R-HSA-5218921,R-HSA-5607764,R-HSA-6809371,R-HSA-8963889,R-HSA-8963901,R-HSA-8964058,R-HSA-9027277,R-HSA-9648002,R-HSA-9664323,R-HSA-9680350,R-HSA-975634	20
Galactopyranose	RM0034731	C6H12O6	180.0634	Carbohydrates	Monosaccharides	Hexoses	6036	CHEBI:4139	HMDB0033704		C00124	WQZGKKKJIJFFOK-SVZMEOIVSA-N	C([C@@H]1[C@@H]([C@@H]([C@H](C(O)O1)O)O)O)O	Galactose			C00124	map01100,map00052,map02060,map02030,map04973,map04978	CHEBI:28260,CHEBI:28260,CHEBI:37621	CHEBI:28260,CHEBI:28260,CHEBI:37621	CHEBI:28260,CHEBI:28260,CHEBI:37621	CHEBI:4139,CHEBI:28260,CHEBI:37621	C00124,C01582	C00124,C01582	C00124,C01582	C00124,C01582			C00124	map01100,map00052,map02060,map02030,map04973,map04978		CHEBI:4139,CHEBI:28260,CHEBI:37621	C00124,C01582			C00124	map01100,map00052,map02060,map02030,map04973,map04978	CHEBI:12936,CHEBI:17118,CHEBI:27667,CHEBI:28061,CHEBI:37617,CHEBI:37618,CHEBI:37619,CHEBI:37620,CHEBI:37662,CHEBI:42905,CHEBI:59497,CHEBI:143624,CHEBI:146456,CHEBI:146919,CHEBI:148031,CHEBI:149304,CHEBI:231865	CHEBI:4139,CHEBI:12936,CHEBI:17118,CHEBI:27667,CHEBI:28061,CHEBI:28260,CHEBI:37617,CHEBI:37618,CHEBI:37619,CHEBI:37620,CHEBI:37621,CHEBI:37662,CHEBI:42905,CHEBI:59497,CHEBI:143624,CHEBI:146456,CHEBI:146919,CHEBI:148031,CHEBI:149304,CHEBI:231865	C00124,C00962,C00984,C01582,C01825,C21066,C22957	CHEBI:17118,CHEBI:27667,CHEBI:28061	R-HSA-189085,R-HSA-5609976,R-HSA-5619098,R-HSA-8981373,R-HSA-70370,R-HSA-9931929,R-HSA-2022857,R-HSA-2024101,R-HSA-70370,R-HSA-70370,R-HSA-9840310	C00124,C00984,C01825,C21066	map01100,map00052,map02060,map02030,map04973,map04978,map01100,map01250,map00052,map00520,map01100,map01110,map01240,map00053,map02010			0
2,5-dimethoxy-Benzaldehyde	RM0199653	C9H10O3	166.0630	Benzenoids	Phenols	Methoxyphenols	66726					AFUKNJHPZAVHGQ-UHFFFAOYSA-N	COc1ccc(c(c1)C=O)OC	2,5-Dimethoxybenzaldehyde					CHEBI:183284	CHEBI:183284	CHEBI:183284	CHEBI:183284										CHEBI:183284							CHEBI:183284								0
PC(16:0_18:0)	RM0000437	C42H84NO8P	761.5935	Glycerophospholipids	Glycerophosphocholines	PC								PC 16:0_18:0					CHEBI:167248	CHEBI:167248,CHEBI:167248	CHEBI:167248	CHEBI:167248										CHEBI:167248							CHEBI:167248						CHEBI:57643	R-HSA-111995,R-HSA-1369062,R-HSA-1482788,R-HSA-1482798,R-HSA-1482839,R-HSA-1483101,R-HSA-1483148,R-HSA-1483166,R-HSA-1483191,R-HSA-1483196,R-HSA-1660661,R-HSA-2029485,R-HSA-2142753,R-HSA-382556,R-HSA-5678771,R-HSA-5683678,R-HSA-5683826,R-HSA-5688399,R-HSA-6811436,R-HSA-8964058,R-HSA-9680350	21
Pentadecane	RM0140029	C15H32	212.2504	Fatty Acyls	Hydrocarbons	Hydrocarbons	12391	CHEBI:28897	HMDB0059886	LMFA11000006	C08388	YCOZIPAWZNQLMR-UHFFFAOYSA-N	CCCCCCCCCCCCCCC	Pentadecane					CHEBI:28897,CHEBI:28897,CHEBI:28897	CHEBI:28897,CHEBI:28897,CHEBI:28897	CHEBI:28897,CHEBI:28897,CHEBI:28897	CHEBI:28897	C08388	C08388	C08388	C08388						CHEBI:28897	C08388						CHEBI:28897	C08388							0
SM(32:0;2O)	RM0134092	C37H77N2O6P	676.5519	Sphingolipids	Phosphosphingolipids	SM								SM 32:0;O2																																	0
PI(18:0_18:2)	RM0106274	C45H83O13P	862.5571	Glycerophospholipids	Glycerophosphoinositols	PI								PI 18:0_18:2																																	0
DG(40:6)	RM0035673	C43H72O5	668.5380	Glycerolipids	Diradylglycerols	DAG								DG 40:6					CHEBI:77129,CHEBI:85709,CHEBI:88545,CHEBI:88546,CHEBI:88974,CHEBI:89043,CHEBI:89045,CHEBI:89055,CHEBI:89176,CHEBI:89216,CHEBI:89217,CHEBI:89320,CHEBI:89323,CHEBI:89336,CHEBI:89449,CHEBI:89450,CHEBI:89651,CHEBI:89709,CHEBI:89785,CHEBI:89786,CHEBI:89802,CHEBI:89804,CHEBI:89805,CHEBI:89819,CHEBI:90058	CHEBI:77129,CHEBI:85709,CHEBI:88545,CHEBI:88546,CHEBI:88974,CHEBI:89043,CHEBI:89045,CHEBI:89055,CHEBI:89176,CHEBI:89216,CHEBI:89217,CHEBI:89320,CHEBI:89323,CHEBI:89336,CHEBI:89449,CHEBI:89450,CHEBI:89651,CHEBI:89709,CHEBI:89785,CHEBI:89786,CHEBI:89802,CHEBI:89804,CHEBI:89805,CHEBI:89819,CHEBI:90058	CHEBI:77129,CHEBI:85709,CHEBI:88545,CHEBI:88546,CHEBI:88974,CHEBI:89043,CHEBI:89045,CHEBI:89055,CHEBI:89176,CHEBI:89216,CHEBI:89217,CHEBI:89320,CHEBI:89323,CHEBI:89336,CHEBI:89449,CHEBI:89450,CHEBI:89651,CHEBI:89709,CHEBI:89785,CHEBI:89786,CHEBI:89802,CHEBI:89804,CHEBI:89805,CHEBI:89819,CHEBI:90058	CHEBI:77129,CHEBI:85709,CHEBI:88545,CHEBI:88546,CHEBI:88974,CHEBI:89043,CHEBI:89045,CHEBI:89055,CHEBI:89176,CHEBI:89216,CHEBI:89217,CHEBI:89320,CHEBI:89323,CHEBI:89336,CHEBI:89449,CHEBI:89450,CHEBI:89651,CHEBI:89709,CHEBI:89785,CHEBI:89786,CHEBI:89802,CHEBI:89804,CHEBI:89805,CHEBI:89819,CHEBI:90058										CHEBI:77129,CHEBI:85709,CHEBI:88545,CHEBI:88546,CHEBI:88974,CHEBI:89043,CHEBI:89045,CHEBI:89055,CHEBI:89176,CHEBI:89216,CHEBI:89217,CHEBI:89320,CHEBI:89323,CHEBI:89336,CHEBI:89449,CHEBI:89450,CHEBI:89651,CHEBI:89709,CHEBI:89785,CHEBI:89786,CHEBI:89802,CHEBI:89804,CHEBI:89805,CHEBI:89819,CHEBI:90058						CHEBI:134566	CHEBI:77129,CHEBI:85709,CHEBI:88545,CHEBI:88546,CHEBI:88974,CHEBI:89043,CHEBI:89045,CHEBI:89055,CHEBI:89176,CHEBI:89216,CHEBI:89217,CHEBI:89320,CHEBI:89323,CHEBI:89336,CHEBI:89449,CHEBI:89450,CHEBI:89651,CHEBI:89709,CHEBI:89785,CHEBI:89786,CHEBI:89802,CHEBI:89804,CHEBI:89805,CHEBI:89819,CHEBI:90058,CHEBI:134566						CHEBI:17815,CHEBI:18035	R-HSA-112043,R-HSA-114508,R-HSA-114516,R-HSA-114604,R-HSA-1169091,R-HSA-1169092,R-HSA-1250196,R-HSA-139853,R-HSA-1482883,R-HSA-1483191,R-HSA-1483206,R-HSA-1483213,R-HSA-1489509,R-HSA-162710,R-HSA-163560,R-HSA-1660661,R-HSA-1855204,R-HSA-192456,R-HSA-202424,R-HSA-202433,R-HSA-2029485,R-HSA-2179392,R-HSA-2871809,R-HSA-2871837,R-HSA-3000170,R-HSA-354192,R-HSA-392517,R-HSA-399997,R-HSA-4086398,R-HSA-416476,R-HSA-416993,R-HSA-418217,R-HSA-418597,R-HSA-418890,R-HSA-419408,R-HSA-426048,R-HSA-434316,R-HSA-4419969,R-HSA-5099900,R-HSA-5218921,R-HSA-5607764,R-HSA-5673001,R-HSA-6809371,R-HSA-75109,R-HSA-76005,R-HSA-8963889,R-HSA-8963901,R-HSA-8964058,R-HSA-9027277,R-HSA-9648002,R-HSA-9664323,R-HSA-9680350,R-HSA-9717207,R-HSA-975634,R-HSA-983695	55
Ephedrine	RM0022688	C10H15NO	165.1154	Benzenoids	Benzenes	Phenylpropanes	9294	CHEBI:15407	HMDB0015451		C01575	KWGRBVOPPLSCSI-WPRPVWTQSA-N	C[C@@H]([C@@H](c1ccccc1)O)NC	Ephedrine			C01575	map01100,map01110,map00996,map01063	CHEBI:15407	CHEBI:15407	CHEBI:15407	CHEBI:15407	C01575	C01575	C01575	C01575			C01575	map01100,map01110,map00996,map01063	CHEBI:57295,CHEBI:149673	CHEBI:15407,CHEBI:57295,CHEBI:149673	C01575			C01575	map01100,map01110,map00996,map01063		CHEBI:15407,CHEBI:57295,CHEBI:149673	C01575			C01575	map01100,map01110,map00996,map01063	CHEBI:30879	R-HSA-1483166,R-HSA-2022377,R-HSA-8935690	3
Benzoic Acid	RM0134993	C7H6O2	122.0368	Benzenoids	Benzenes	Benzoic acids	243	CHEBI:30746	HMDB0001870		C00180	WPYMKLBDIGXBTP-UHFFFAOYSA-N	c1ccc(cc1)C(=O)O	Benzoic acid	CHEBI:30746	R-HSA-177135	C00180	map01100,map01110,map01120,map01220,map00996,map00362,map00627,map00623,map00621,map01063	CHEBI:30746,CHEBI:30746,CHEBI:30746	CHEBI:30746,CHEBI:30746,CHEBI:30746	CHEBI:30746,CHEBI:30746,CHEBI:30746	CHEBI:30746	C00180,C00539	C00180,C00539	C00180,C00539	C00180,C00539	CHEBI:30746	R-HSA-177135	C00180	map01100,map01110,map01120,map01220,map00996,map00362,map00627,map00623,map00621,map01063	CHEBI:16150	CHEBI:16150,CHEBI:30746	C00180,C00539	CHEBI:16150,CHEBI:30746	R-HSA-9717207,R-HSA-9717207,R-HSA-177135	C00180	map01100,map01110,map01120,map01220,map00996,map00362,map00627,map00623,map00621,map01063		CHEBI:16150,CHEBI:30746	C00180,C00539	CHEBI:16150,CHEBI:30746	R-HSA-9717207,R-HSA-9717207,R-HSA-177135	C00180	map01100,map01110,map01120,map01220,map00996,map00362,map00627,map00623,map00621,map01063			0
PC(O-36:1)	RM0052212	C44H88NO7P	773.6298	Glycerophospholipids	Glycerophosphocholines	O-PC								PC O-36:1					CHEBI:67066,CHEBI:89882,CHEBI:89893	CHEBI:67066,CHEBI:67066,CHEBI:89882,CHEBI:89893	CHEBI:67066,CHEBI:89882,CHEBI:89893	CHEBI:67066,CHEBI:89882,CHEBI:89893										CHEBI:67066,CHEBI:89882,CHEBI:89893						CHEBI:86432	CHEBI:67066,CHEBI:86432,CHEBI:89882,CHEBI:89893						CHEBI:36313	R-HSA-1482788	1
PI(18:0_22:5)	RM0056665	C49H85O13P	912.5728	Glycerophospholipids	Glycerophosphoinositols	PI								PI 18:0_22:5																																	0
2-hexyl-1-Decanol	-	-	-	-	-	-	-		-	-		-	-	-					CHEBI:183266	CHEBI:183266	CHEBI:183266	CHEBI:183266										CHEBI:183266							CHEBI:183266						CHEBI:30879	R-HSA-1483166,R-HSA-2022377,R-HSA-8935690	3
SM(16:1;2O/16:0)	RM0059186	C37H75N2O6P	674.5363	Sphingolipids	Phosphosphingolipids	SM	52931133	CHEBI:133171	HMDB0240616	LMSP03010035		RPTUKVYGSPDHGQ-PSALXKTOSA-N	CCCCCCCCCCCCCCCC(=O)N[C@@H](COP(=O)([O-])OCC[N+](C)(C)C)[C@@H](/C=C/CCCCCCCCCCC)O	SM 16:1;O2/16:0								CHEBI:133171										CHEBI:133171							CHEBI:133171						CHEBI:64583	R-HSA-1660661	1
LPC(22:6/0:0)	RM0134489	C30H50NO7P	567.3325	Glycerophospholipids	Glycerophosphocholines	LPC								LPC 22:6/0:0					CHEBI:131986	CHEBI:131986	CHEBI:131986	CHEBI:131986										CHEBI:131986						CHEBI:73873	CHEBI:73873,CHEBI:131986						CHEBI:58168,CHEBI:64567	R-HSA-111995,R-HSA-1482839,R-HSA-1483191,R-HSA-2142753,R-HSA-6814848	5
1,2-Cyclohexanedicarboxylic acid, 2-methylpent-3-yl nonyl ester	-	-	-	-	-	-	-		-	-		-	-	-					CHEBI:183263	CHEBI:183263	CHEBI:183263	CHEBI:183263										CHEBI:183263							CHEBI:183263								0
Histidine	RM0129894	C6H9N3O2	155.0695	Organic acids	Amino acids and peptides	Amino acids	6274	CHEBI:15971	HMDB0000177		C00135	HNDVDQJCIGZPNO-YFKPBYRVSA-N	C(c1c[nH]cn1)[C@@H](C(=O)O)N	Histidine			C00135	map01100,map01110,map01230,map00340,map00410,map00470,map00404,map01060,map01065,map00970,map02010,map04974,map04382,map05230	CHEBI:15971,CHEBI:27570,CHEBI:27570	CHEBI:15971,CHEBI:27570,CHEBI:27570	CHEBI:15971,CHEBI:27570,CHEBI:27570	CHEBI:15971,CHEBI:27570	C00135,C00768	C00135,C00768	C00135,C00768	C00135,C00768			C00135	map01100,map01110,map01230,map00340,map00410,map00470,map00404,map01060,map01065,map00970,map02010,map04974,map04382,map05230	CHEBI:27947,CHEBI:32510,CHEBI:32511,CHEBI:32512,CHEBI:32513,CHEBI:32523,CHEBI:32524,CHEBI:32526,CHEBI:32527,CHEBI:32529,CHEBI:32530,CHEBI:32531,CHEBI:32532,CHEBI:57595,CHEBI:142967	CHEBI:15971,CHEBI:27570,CHEBI:27947,CHEBI:32510,CHEBI:32511,CHEBI:32512,CHEBI:32513,CHEBI:32523,CHEBI:32524,CHEBI:32526,CHEBI:32527,CHEBI:32529,CHEBI:32530,CHEBI:32531,CHEBI:32532,CHEBI:57595,CHEBI:142967	C00135,C00768,C06419	CHEBI:57595	R-HSA-352230,R-HSA-379716,R-HSA-379726,R-HSA-427975,R-HSA-442660,R-HSA-5223345,R-HSA-5619094,R-HSA-70921,R-HSA-71240	C00135,C06419	map01100,map01110,map01230,map00340,map00410,map00470,map00404,map01060,map01065,map00970,map02010,map04974,map04382,map05230,map01100,map00470		CHEBI:15971,CHEBI:27570,CHEBI:27947,CHEBI:32510,CHEBI:32511,CHEBI:32512,CHEBI:32513,CHEBI:32523,CHEBI:32524,CHEBI:32526,CHEBI:32527,CHEBI:32529,CHEBI:32530,CHEBI:32531,CHEBI:32532,CHEBI:57595,CHEBI:142967	C00135,C00768,C06419	CHEBI:57595	R-HSA-352230,R-HSA-379716,R-HSA-379726,R-HSA-427975,R-HSA-442660,R-HSA-5223345,R-HSA-5619094,R-HSA-70921,R-HSA-71240	C00135,C06419	map01100,map01110,map01230,map00340,map00410,map00470,map00404,map01060,map01065,map00970,map02010,map04974,map04382,map05230,map01100,map00470			0
4-methyl-Undecane	-	-	-	-	-	-	-		-	-		-	-	-																																	0
LPE(20:3)	RM0012621	C25H46NO7P	503.3012	Glycerophospholipids	Glycerophosphoethanolamines	LPE								LPE 20:3					CHEBI:72735,CHEBI:133710,CHEBI:90579	CHEBI:133710,CHEBI:72735,CHEBI:72735,CHEBI:90579	CHEBI:72735,CHEBI:133710,CHEBI:90579	CHEBI:72735,CHEBI:90579,CHEBI:133710										CHEBI:72735,CHEBI:90579,CHEBI:133710						CHEBI:140965,CHEBI:145261,CHEBI:145285	CHEBI:72735,CHEBI:90579,CHEBI:133710,CHEBI:140965,CHEBI:145261,CHEBI:145285						CHEBI:28936,CHEBI:36314	R-HSA-1482788,R-HSA-1482839,R-HSA-1483152	3
Dodecanoic acid, 1-methylethyl ester	-	-	-	-	-	-	-		-	-		-	-	-																																	0
SM(25:0;2O/13:1)	-	-	-	-	-	-	-		-	-		-	-	-																																	0
2,6-bis(1,1-dimethylethyl)-2,5-Cyclohexadiene-1,4-dione	RM0118430	C14H20O2	220.1463	Prenol Lipids	Isoprenoids	C10 isoprenoids	12867	CHEBI:89187	HMDB0013817			RDQSIADLBQFVMY-UHFFFAOYSA-N	CC(C)(C)C1=CC(=O)C=C(C1=O)C(C)(C)C	2,6-Di-tert-butylbenzoquinone					CHEBI:89187	CHEBI:89187	CHEBI:89187	CHEBI:89187										CHEBI:89187							CHEBI:89187						CHEBI:132124	R-HSA-389661	1
PC(16:0_16:1)	RM0011316	C40H78NO8P	731.5465	Glycerophospholipids	Glycerophosphocholines	PC								PC 16:0_16:1					CHEBI:167246	CHEBI:167246,CHEBI:167246	CHEBI:167246	CHEBI:167246										CHEBI:167246						CHEBI:89731	CHEBI:89731,CHEBI:167246						CHEBI:57643	R-HSA-111995,R-HSA-1369062,R-HSA-1482788,R-HSA-1482798,R-HSA-1482839,R-HSA-1483101,R-HSA-1483148,R-HSA-1483166,R-HSA-1483191,R-HSA-1483196,R-HSA-1660661,R-HSA-2029485,R-HSA-2142753,R-HSA-382556,R-HSA-5678771,R-HSA-5683678,R-HSA-5683826,R-HSA-5688399,R-HSA-6811436,R-HSA-8964058,R-HSA-9680350	21
TG(15:0_16:1_18:2)	RM0063841	C52H94O6	814.7050	Glycerolipids	Triradylglycerols	TAG								TG 15:0_16:1_18:2																																	0
TG(10:0_10:0_18:1)	RM0067087	C41H76O6	664.5642	Glycerolipids	Triradylglycerols	TAG								TG 10:0_10:0_18:1																																	0
TG(12:0_16:1_18:1)	RM0068982	C49H90O6	774.6737	Glycerolipids	Triradylglycerols	TAG								TG 12:0_16:1_18:1																																	0
PC(O-39:4)	RM0052195	C47H88NO7P	809.6298	Glycerophospholipids	Glycerophosphocholines	O-PC								PC O-39:4																																	0
LPC(22:6)	RM0134493	C30H50NO7P	567.3325	Glycerophospholipids	Glycerophosphocholines	LPC								LPC 22:6					CHEBI:64567	CHEBI:64567,CHEBI:64567	CHEBI:64567	CHEBI:64567					CHEBI:64567	R-HSA-1483191				CHEBI:64567		CHEBI:64567	R-HSA-1483191			CHEBI:73873,CHEBI:76085,CHEBI:131986,CHEBI:131987	CHEBI:64567,CHEBI:73873,CHEBI:76085,CHEBI:131986,CHEBI:131987		CHEBI:64567	R-HSA-1483191					0
DG(32:0)	RM0033958	C35H68O5	568.5067	Glycerolipids	Diradylglycerols	DAG								DG 32:0					CHEBI:77619,CHEBI:82929,CHEBI:88532,CHEBI:88810	CHEBI:77619,CHEBI:82929,CHEBI:85688,CHEBI:88532,CHEBI:88810	CHEBI:77619,CHEBI:82929,CHEBI:85688,CHEBI:88532,CHEBI:88810	CHEBI:77619,CHEBI:82929,CHEBI:85688,CHEBI:88532,CHEBI:88810										CHEBI:77619,CHEBI:82929,CHEBI:85688,CHEBI:88532,CHEBI:88810						CHEBI:78090,CHEBI:142940	CHEBI:77619,CHEBI:78090,CHEBI:82929,CHEBI:85688,CHEBI:88532,CHEBI:88810,CHEBI:142940						CHEBI:17815,CHEBI:18035	R-HSA-112043,R-HSA-114508,R-HSA-114516,R-HSA-114604,R-HSA-1169091,R-HSA-1169092,R-HSA-1250196,R-HSA-139853,R-HSA-1482883,R-HSA-1483191,R-HSA-1483206,R-HSA-1483213,R-HSA-1489509,R-HSA-162710,R-HSA-163560,R-HSA-1660661,R-HSA-1855204,R-HSA-192456,R-HSA-202424,R-HSA-202433,R-HSA-2029485,R-HSA-2179392,R-HSA-2871809,R-HSA-2871837,R-HSA-3000170,R-HSA-354192,R-HSA-392517,R-HSA-399997,R-HSA-4086398,R-HSA-416476,R-HSA-416993,R-HSA-418217,R-HSA-418597,R-HSA-418890,R-HSA-419408,R-HSA-426048,R-HSA-434316,R-HSA-4419969,R-HSA-5099900,R-HSA-5218921,R-HSA-5607764,R-HSA-5673001,R-HSA-6809371,R-HSA-75109,R-HSA-76005,R-HSA-8963889,R-HSA-8963901,R-HSA-8964058,R-HSA-9027277,R-HSA-9648002,R-HSA-9664323,R-HSA-9680350,R-HSA-9717207,R-HSA-975634,R-HSA-983695	55
alpha-Tocopherol	RM0135430	C29H50O2	430.3811	Prenol Lipids	Quinones and hydroquinones	Vitamin E	14985	CHEBI:18145	HMDB0001893	LMPR02020001	C02477	GVJHHUAWPYXKBD-IEOSBIPESA-N	CC(C)CCC[C@@H](C)CCC[C@@H](C)CCC[C@]1(C)CCc2c(C)c(c(C)c(C)c2O1)O	alpha-Tocopherol	CHEBI:18145	R-HSA-8877627	C02477	map01100,map01110,map01240,map00130,map01060,map04216,map04977	CHEBI:18145,CHEBI:22470	CHEBI:18145,CHEBI:22470	CHEBI:18145,CHEBI:22470	CHEBI:18145,CHEBI:22470	C02477	C02477	C02477	C02477	CHEBI:18145	R-HSA-8877627	C02477	map01100,map01110,map01240,map00130,map01060,map04216,map04977	CHEBI:46430	CHEBI:18145,CHEBI:22470,CHEBI:46430	C02477	CHEBI:18145	R-HSA-8877627	C02477	map01100,map01110,map01240,map00130,map01060,map04216,map04977	CHEBI:177081,CHEBI:177084,CHEBI:177085,CHEBI:177086,CHEBI:177089,CHEBI:177090	CHEBI:18145,CHEBI:22470,CHEBI:46430,CHEBI:177081,CHEBI:177084,CHEBI:177085,CHEBI:177086,CHEBI:177089,CHEBI:177090	C02477	CHEBI:18145	R-HSA-8877627	C02477	map01100,map01110,map01240,map00130,map01060,map04216,map04977			0
TG(10:0_17:1_18:1)	RM0097903	C48H88O6	760.6581	Glycerolipids	Triradylglycerols	TAG								TG 10:0_17:1_18:1																																	0
PC(O-32:0)	RM0090011	C40H82NO7P	719.5829	Glycerophospholipids	Glycerophosphocholines	O-PC								PC O-32:0					CHEBI:85845	CHEBI:85845,CHEBI:85845	CHEBI:85845	CHEBI:85845										CHEBI:85845						CHEBI:134603	CHEBI:85845,CHEBI:134603						CHEBI:36313	R-HSA-1482788	1
Benzothiazole	RM0200213	C7H5NS	135.0143	Organoheterocyclic compounds	Benzothiazoles	Benzothiazoles	7222	CHEBI:45993	HMDB0032930			IOJUPLGTWVMSFF-UHFFFAOYSA-N	c1ccc2c(c1)ncs2	Benzothiazole					CHEBI:45993,CHEBI:45993	CHEBI:45993,CHEBI:45993	CHEBI:45993,CHEBI:45993	CHEBI:45993										CHEBI:45993						CHEBI:115196	CHEBI:45993,CHEBI:115196								0
o-Anisic acid, tridec-2-ynyl ester	-	-	-	-	-	-	-		-	-		-	-	-					CHEBI:183302	CHEBI:183302	CHEBI:183302	CHEBI:183302										CHEBI:183302							CHEBI:183302						CHEBI:33575	R-HSA-6809371	1
SM(46:5;3O)	RM0186447	C51H95N2O7P	878.6877	Sphingolipids	Phosphosphingolipids	SM								SM 46:5;O3																																	0
Tridecanoic acid	RM0149932	C13H26O2	214.1933	Fatty Acyls	Fatty acids	Saturated FA	12530	CHEBI:45919	HMDB0000910	LMFA01010013	C17076	SZHOJFHSIKHZHA-UHFFFAOYSA-N	CCCCCCCCCCCCC(=O)O	Tridecylic acid					CHEBI:45919	CHEBI:45919	CHEBI:45919	CHEBI:45919	C17076	C17076	C17076	C17076					CHEBI:125832	CHEBI:45919,CHEBI:125832	C17076						CHEBI:45919,CHEBI:125832	C17076					CHEBI:15904	R-HSA-1369062,R-HSA-192456,R-HSA-3000471,R-HSA-390247,R-HSA-5684045,R-HSA-77289,R-HSA-8963901,R-HSA-8964058,R-HSA-975634	9
2,4,6-trimethyl-Decane	-	-	-	-	-	-	-		-	-		-	-	-					CHEBI:151078	CHEBI:151078	CHEBI:151078	CHEBI:151078										CHEBI:151078							CHEBI:151078								0
Oxalic acid, heptyl propyl ester	-	-	-	-	-	-	-		-	-		-	-	-					CHEBI:183306	CHEBI:183306	CHEBI:183306	CHEBI:183306										CHEBI:183306							CHEBI:183306						CHEBI:33575	R-HSA-6809371	1
p-Toluic acid	RM0040830	C8H8O2	136.0524	Benzenoids	Benzenes	Hydroxybenzoic acids	7470	CHEBI:36635	HMDB0029635		C01454	LPNBBFKOUUSUDB-UHFFFAOYSA-N	Cc1ccc(cc1)C(=O)O	4-Methylbenzoic acid			C01454	map01100,map01120,map01220,map00622	CHEBI:36635,CHEBI:36635	CHEBI:36635,CHEBI:36635	CHEBI:36635,CHEBI:36635	CHEBI:36635	C01454	C01454	C01454	C01454			C01454	map01100,map01120,map01220,map00622	CHEBI:28856	CHEBI:28856,CHEBI:36635	C01454			C01454	map01100,map01120,map01220,map00622		CHEBI:28856,CHEBI:36635	C01454			C01454	map01100,map01120,map01220,map00622	CHEBI:33575	R-HSA-6809371	1
L-Sorbopyranose	-	-	-	-	-	-	-		-	-		-	-	-					CHEBI:48649	CHEBI:48649	CHEBI:48649	CHEBI:48649	C00247	C00247	C00247	C00247			C00247	map01100,map00051		CHEBI:48649	C00247			C00247	map01100,map00051	CHEBI:10295,CHEBI:48645,CHEBI:48677,CHEBI:48678	CHEBI:10295,CHEBI:48645,CHEBI:48649,CHEBI:48677,CHEBI:48678	C00247,C08356			C00247	map01100,map00051			0
PI(18:0_22:6)	RM0027240	C49H83O13P	910.5571	Glycerophospholipids	Glycerophosphoinositols	PI								PI 18:0_22:6																																	0
SM(18:1;2O/19:1)	RM0058885	C42H83N2O6P	742.5989	Sphingolipids	Phosphosphingolipids	SM								SM 18:1;O2/19:1																																	0
Pentadecanoic acid	RM0153573	C15H30O2	242.2246	Fatty Acyls	Fatty acids	Saturated FA	13849	CHEBI:42504	HMDB0000826	LMFA01010015	C16537	WQEPLUUGTLDZJY-UHFFFAOYSA-N	CCCCCCCCCCCCCCC(=O)O	Pentadecylic acid					CHEBI:42504,CHEBI:42504	CHEBI:42504,CHEBI:42504	CHEBI:42504,CHEBI:42504	CHEBI:42504	C16537	C16537	C16537	C16537					CHEBI:78795	CHEBI:42504,CHEBI:78795	C16537	CHEBI:78795	R-HSA-381771,R-HSA-400511,R-HSA-416476,R-HSA-434316,R-HSA-444209				CHEBI:42504,CHEBI:78795	C16537	CHEBI:78795	R-HSA-381771,R-HSA-400511,R-HSA-416476,R-HSA-434316,R-HSA-444209					0
CE(20:5)	RM0138738	C47H74O2	670.5689	Sterol Lipids	Sterol esters	Chol. esters								CE 20:5					CHEBI:132007,CHEBI:84969	CHEBI:132007,CHEBI:84969	CHEBI:132007,CHEBI:84969	CHEBI:84969,CHEBI:132007										CHEBI:84969,CHEBI:132007							CHEBI:84969,CHEBI:132007						CHEBI:17002	R-HSA-163560,R-HSA-192456,R-HSA-202733,R-HSA-211945,R-HSA-2168880,R-HSA-3000471,R-HSA-3000480,R-HSA-3000484,R-HSA-3000497,R-HSA-432142,R-HSA-5686938,R-HSA-8856825,R-HSA-8856828,R-HSA-8866423,R-HSA-8963888,R-HSA-8963896,R-HSA-8963901,R-HSA-8964011,R-HSA-8964026,R-HSA-8964038,R-HSA-8964041,R-HSA-8964046,R-HSA-8964058,R-HSA-8964572,R-HSA-9707616,R-HSA-975634,R-HSA-9918432,R-HSA-9918481,R-HSA-9918487,R-HSA-9920588,R-HSA-9920951	31
PC(O-36:5)	RM0134826	C44H80NO7P	765.5672	Glycerophospholipids	Glycerophosphocholines	O-PC								PC O-36:5					CHEBI:64540	CHEBI:64540,CHEBI:64540	CHEBI:64540	CHEBI:64540										CHEBI:64540						CHEBI:86437	CHEBI:64540,CHEBI:86437						CHEBI:36313	R-HSA-1482788	1
D-(+)-Galactopyranose	RM0034731	C6H12O6	180.0634	Carbohydrates	Monosaccharides	Hexoses	6036	CHEBI:4139	HMDB0033704		C00124	WQZGKKKJIJFFOK-SVZMEOIVSA-N	C([C@@H]1[C@@H]([C@@H]([C@H](C(O)O1)O)O)O)O	Galactose			C00124	map01100,map00052,map02060,map02030,map04973,map04978	CHEBI:28260,CHEBI:28260	CHEBI:28260,CHEBI:28260	CHEBI:28260,CHEBI:28260	CHEBI:4139,CHEBI:28260	C00124,C01582	C00124,C01582	C00124,C01582	C00124,C01582			C00124	map01100,map00052,map02060,map02030,map04973,map04978		CHEBI:4139,CHEBI:28260	C00124,C01582			C00124	map01100,map00052,map02060,map02030,map04973,map04978	CHEBI:12936,CHEBI:17118,CHEBI:27667,CHEBI:28061,CHEBI:37617,CHEBI:37618,CHEBI:37619,CHEBI:37620,CHEBI:37621,CHEBI:37662,CHEBI:42905,CHEBI:59497,CHEBI:143624,CHEBI:146456,CHEBI:146919,CHEBI:148031,CHEBI:149304,CHEBI:231865	CHEBI:4139,CHEBI:12936,CHEBI:17118,CHEBI:27667,CHEBI:28061,CHEBI:28260,CHEBI:37617,CHEBI:37618,CHEBI:37619,CHEBI:37620,CHEBI:37621,CHEBI:37662,CHEBI:42905,CHEBI:59497,CHEBI:143624,CHEBI:146456,CHEBI:146919,CHEBI:148031,CHEBI:149304,CHEBI:231865	C00124,C00962,C00984,C01582,C01825,C21066,C22957	CHEBI:17118,CHEBI:27667,CHEBI:28061	R-HSA-189085,R-HSA-5609976,R-HSA-5619098,R-HSA-8981373,R-HSA-70370,R-HSA-9931929,R-HSA-2022857,R-HSA-2024101,R-HSA-70370,R-HSA-70370,R-HSA-9840310	C00124,C00984,C01825,C21066	map01100,map00052,map02060,map02030,map04973,map04978,map01100,map01250,map00052,map00520,map01100,map01110,map01240,map00053,map02010			0
DG(36:2)	RM0034055	C39H72O5	620.5380	Glycerolipids	Diradylglycerols	DAG								DG 36:2					CHEBI:131832,CHEBI:75735,CHEBI:77097,CHEBI:85701,CHEBI:88366,CHEBI:88369,CHEBI:88498,CHEBI:88721,CHEBI:88788,CHEBI:88938,CHEBI:89031,CHEBI:89230,CHEBI:89822,CHEBI:89845	CHEBI:131832,CHEBI:75735,CHEBI:77097,CHEBI:85701,CHEBI:88366,CHEBI:88369,CHEBI:88498,CHEBI:88721,CHEBI:88788,CHEBI:88938,CHEBI:89031,CHEBI:89230,CHEBI:89822,CHEBI:89845	CHEBI:131832,CHEBI:75735,CHEBI:77097,CHEBI:85701,CHEBI:88366,CHEBI:88369,CHEBI:88498,CHEBI:88721,CHEBI:88788,CHEBI:88938,CHEBI:89031,CHEBI:89230,CHEBI:89822,CHEBI:89845	CHEBI:75735,CHEBI:77097,CHEBI:85701,CHEBI:88366,CHEBI:88369,CHEBI:88498,CHEBI:88721,CHEBI:88788,CHEBI:88938,CHEBI:89031,CHEBI:89230,CHEBI:89822,CHEBI:89845,CHEBI:131832										CHEBI:75735,CHEBI:77097,CHEBI:85701,CHEBI:88366,CHEBI:88369,CHEBI:88498,CHEBI:88721,CHEBI:88788,CHEBI:88938,CHEBI:89031,CHEBI:89230,CHEBI:89822,CHEBI:89845,CHEBI:131832						CHEBI:86337,CHEBI:134567,CHEBI:167238	CHEBI:75735,CHEBI:77097,CHEBI:85701,CHEBI:86337,CHEBI:88366,CHEBI:88369,CHEBI:88498,CHEBI:88721,CHEBI:88788,CHEBI:88938,CHEBI:89031,CHEBI:89230,CHEBI:89822,CHEBI:89845,CHEBI:131832,CHEBI:134567,CHEBI:167238						CHEBI:17815,CHEBI:18035	R-HSA-112043,R-HSA-114508,R-HSA-114516,R-HSA-114604,R-HSA-1169091,R-HSA-1169092,R-HSA-1250196,R-HSA-139853,R-HSA-1482883,R-HSA-1483191,R-HSA-1483206,R-HSA-1483213,R-HSA-1489509,R-HSA-162710,R-HSA-163560,R-HSA-1660661,R-HSA-1855204,R-HSA-192456,R-HSA-202424,R-HSA-202433,R-HSA-2029485,R-HSA-2179392,R-HSA-2871809,R-HSA-2871837,R-HSA-3000170,R-HSA-354192,R-HSA-392517,R-HSA-399997,R-HSA-4086398,R-HSA-416476,R-HSA-416993,R-HSA-418217,R-HSA-418597,R-HSA-418890,R-HSA-419408,R-HSA-426048,R-HSA-434316,R-HSA-4419969,R-HSA-5099900,R-HSA-5218921,R-HSA-5607764,R-HSA-5673001,R-HSA-6809371,R-HSA-75109,R-HSA-76005,R-HSA-8963889,R-HSA-8963901,R-HSA-8964058,R-HSA-9027277,R-HSA-9648002,R-HSA-9664323,R-HSA-9680350,R-HSA-9717207,R-HSA-975634,R-HSA-983695	55
Acetamide	RM0136643	C2H5NO	59.0371	Organic acids	Carboximidic acids	Carboximidic acids	178	CHEBI:27856	HMDB0031645		C06244	DLFVBJFMPXGRIB-UHFFFAOYSA-N	CC(=O)N	Acetamide					CHEBI:27856,CHEBI:27856,CHEBI:27856	CHEBI:27856,CHEBI:27856,CHEBI:27856	CHEBI:27856,CHEBI:27856,CHEBI:27856	CHEBI:27856	C06244	C06244	C06244	C06244					CHEBI:49028	CHEBI:27856,CHEBI:49028	C06244						CHEBI:27856,CHEBI:49028	C06244							0
Urea	RM0117395	CH4N2O	60.0324	Organic nitrogen compounds	Organonitrogen compounds	Ureas	1176	CHEBI:16199	HMDB0000294		C00086	XSQUKJJJFZCRTK-UHFFFAOYSA-N	C(=O)(N)N	Urea	CHEBI:16199	R-HSA-351143,R-HSA-432047,R-HSA-549127,R-HSA-70635	C00086	map01100,map01110,map01120,map00230,map00240,map00220,map00330,map00780,map00791,map02010,map05120	CHEBI:16199,CHEBI:16199,CHEBI:16199	CHEBI:16199,CHEBI:16199,CHEBI:16199	CHEBI:16199,CHEBI:16199,CHEBI:16199	CHEBI:16199	C00086	C00086	C00086	C00086	CHEBI:16199	R-HSA-351143,R-HSA-432047,R-HSA-549127,R-HSA-70635	C00086	map01100,map01110,map01120,map00230,map00240,map00220,map00330,map00780,map00791,map02010,map05120	CHEBI:48376	CHEBI:16199,CHEBI:48376	C00086	CHEBI:16199	R-HSA-351143,R-HSA-432047,R-HSA-549127,R-HSA-70635	C00086	map01100,map01110,map01120,map00230,map00240,map00220,map00330,map00780,map00791,map02010,map05120		CHEBI:16199,CHEBI:48376	C00086	CHEBI:16199	R-HSA-351143,R-HSA-432047,R-HSA-549127,R-HSA-70635	C00086	map01100,map01110,map01120,map00230,map00240,map00220,map00330,map00780,map00791,map02010,map05120			0
TG(14:0_16:0_18:0)	RM0110177	C51H98O6	806.7363	Glycerolipids	Triradylglycerols	TAG								TG 14:0_16:0_18:0																																	0
Benzyl alcohol	RM0028158	C7H8O	108.0575	Benzenoids	Benzenes	Hydroxybenzoic acids	244	CHEBI:17987	HMDB0003119		C00556	WVDDGKGOMKODPV-UHFFFAOYSA-N	c1ccc(cc1)CO	Benzyl alcohol			C00556	map01100,map01120,map01220,map00623	CHEBI:17987,CHEBI:17987	CHEBI:17987,CHEBI:17987	CHEBI:17987,CHEBI:17987	CHEBI:17987	C00556,C03485	C00556,C03485	C00556,C03485	C00556,C03485			C00556	map01100,map01120,map01220,map00623		CHEBI:17987	C00556,C03485			C00556	map01100,map01120,map01220,map00623		CHEBI:17987	C00556,C03485			C00556	map01100,map01120,map01220,map00623	CHEBI:30879	R-HSA-1483166,R-HSA-2022377,R-HSA-8935690	3
1,5-Anhydroglucitol	RM0028221	C6H12O5	164.0685	Carbohydrates	Monosaccharides	Hexoses	64960	CHEBI:16070	HMDB0002712		C07326	MPCAJMNYNOGXPB-SLPGGIOYSA-N	C([C@@H]1[C@H]([C@@H]([C@H](CO1)O)O)O)O	1,5-Anhydrosorbitol	CHEBI:16070	R-HSA-70221			CHEBI:16070	CHEBI:16070	CHEBI:16070	CHEBI:16070	C07326	C07326	C07326	C07326	CHEBI:16070	R-HSA-70221				CHEBI:16070	C07326	CHEBI:16070	R-HSA-70221				CHEBI:16070	C07326	CHEBI:16070	R-HSA-70221					0
SM(18:1;2O/18:2)	RM0138772	C41H79N2O6P	726.5676	Sphingolipids	Phosphosphingolipids	SM								SM 18:1;O2/18:2																																	0
DG(31:3)	RM0035327	C34H60O5	548.4441	Glycerolipids	Diradylglycerols	DAG								DG 31:3					CHEBI:178017	CHEBI:178017,CHEBI:178017	CHEBI:178017	CHEBI:178017										CHEBI:178017							CHEBI:178017						CHEBI:18035	R-HSA-112043,R-HSA-1250196,R-HSA-192456,R-HSA-202424,R-HSA-202433,R-HSA-2029485,R-HSA-2871809,R-HSA-2871837,R-HSA-418890,R-HSA-5218921,R-HSA-5607764,R-HSA-6809371,R-HSA-8963889,R-HSA-8963901,R-HSA-8964058,R-HSA-9027277,R-HSA-9648002,R-HSA-9664323,R-HSA-9680350,R-HSA-975634	20
LPC(14:0)	RM0135070	C22H46NO7P	467.3012	Glycerophospholipids	Glycerophosphocholines	LPC	460604	CHEBI:64489	HMDB0010379	LMGP01050012	C04230	VXUOFDJKYGDUJI-OAQYLSRUSA-N	CCCCCCCCCCCCCC(=O)OC[C@H](COP(=O)([O-])OCC[N+](C)(C)C)O	LPC 14:0			C04230	map00564,map04148,map05231	CHEBI:64483,CHEBI:64489	CHEBI:64483,CHEBI:64483,CHEBI:64489	CHEBI:64483,CHEBI:64489	CHEBI:64483,CHEBI:64489	C04230	C04230	C04230	C04230	CHEBI:64483	R-HSA-1483191	C04230	map00564,map04148,map05231		CHEBI:64483,CHEBI:64489	C04230	CHEBI:64483	R-HSA-1483191	C04230	map00564,map04148,map05231	CHEBI:131738	CHEBI:64483,CHEBI:64489,CHEBI:131738	C04230	CHEBI:64483	R-HSA-1483191	C04230	map00564,map04148,map05231			0
SM(16:1;2O/22:0)	RM0060466	C43H87N2O6P	758.6302	Sphingolipids	Phosphosphingolipids	SM	52931183	CHEBI:138574	HMDB0240618	LMSP03010061		XNBRFUCJENKXCT-SVLGDMRNSA-N	CCCCCCCCCCCCCCCCCCCCCC(=O)N[C@@H](COP(=O)([O-])OCC[N+](C)(C)C)[C@@H](/C=C/CCCCCCCCCCC)O	SM 16:1;O2/22:0								CHEBI:138574										CHEBI:138574							CHEBI:138574						CHEBI:64583	R-HSA-1660661	1
SM(32:1;2O)	RM0134150	C37H75N2O6P	674.5363	Sphingolipids	Phosphosphingolipids	SM								SM 32:1;O2																																	0
SM(18:2;2O/20:0)	RM0059935	C43H85N2O6P	756.6145	Sphingolipids	Phosphosphingolipids	SM	52931181		HMDB0240632	LMSP03010060		AVRBPMOVOVMYAM-PQTKZFJVSA-N	CCCCCCCCCCCCCCCCCCCC(=O)N[C@@H](COP(=O)([O-])OCC[N+](C)(C)C)[C@@H](/C=C/CCCCCCCC/C=C\CCC)O	SM 18:2;O2/20:0																																	0
SM(42:2;2O)	RM0122625	C47H93N2O6P	812.6771	Sphingolipids	Phosphosphingolipids	SM								SM 42:2;O2																																	0
PC(O-38:4)	RM0052220	C46H86NO7P	795.6142	Glycerophospholipids	Glycerophosphocholines	O-PC								PC O-38:4					CHEBI:64480	CHEBI:64480,CHEBI:64480	CHEBI:64480	CHEBI:64480										CHEBI:64480						CHEBI:75245	CHEBI:64480,CHEBI:75245						CHEBI:36313	R-HSA-1482788	1
Diethylcarbamic acid	-	-	-	-	-	-	-		-	-		-	-	-					CHEBI:183300,CHEBI:183300	CHEBI:183300,CHEBI:183300	CHEBI:183300	CHEBI:183300										CHEBI:183300							CHEBI:183300								0
Methyl alpha-D-glucofuranoside	-	-	-	-	-	-	-		-	-		-	-	-					CHEBI:183299	CHEBI:183299	CHEBI:183299	CHEBI:183299										CHEBI:183299							CHEBI:183299								0
L-Glutamine	RM0012560	C5H10N2O3	146.0691	Organic acids	Amino acids and peptides	Amino acids	5961	CHEBI:18050	HMDB0000641		C00064	ZDXPYRJPNDTMRX-VKHMYHEASA-N	C(CC(=O)N)[C@@H](C(=O)O)N	Glutamine			C00064	map01100,map01110,map01120,map01230,map01232,map01240,map00630,map00910,map00230,map00240,map00250,map00220,map00470,map00750,map01060,map00970,map02010,map02020,map04974,map04978,map04964,map04724,map04727,map04382,map05230	CHEBI:18050,CHEBI:28300,CHEBI:28300,CHEBI:30011,CHEBI:58359	CHEBI:18050,CHEBI:28300,CHEBI:28300,CHEBI:30011,CHEBI:58359	CHEBI:18050,CHEBI:28300,CHEBI:28300,CHEBI:30011,CHEBI:58359	CHEBI:18050,CHEBI:28300,CHEBI:30011,CHEBI:58359	C00064,C00303	C00064,C00303	C00064,C00303	C00064,C00303	CHEBI:58359	R-HSA-177162,R-HSA-196807,R-HSA-210455,R-HSA-210500,R-HSA-352230,R-HSA-379716,R-HSA-379726,R-HSA-4085023,R-HSA-442660,R-HSA-446210,R-HSA-499943,R-HSA-500753,R-HSA-5619044,R-HSA-5628897,R-HSA-5659735,R-HSA-73817,R-HSA-8963693,R-HSA-8964539,R-HSA-9748787	C00064	map01100,map01110,map01120,map01230,map01232,map01240,map00630,map00910,map00230,map00240,map00250,map00220,map00470,map00750,map01060,map00970,map02010,map02020,map04974,map04978,map04964,map04724,map04727,map04382,map05230	CHEBI:17061,CHEBI:32665,CHEBI:32666,CHEBI:32672,CHEBI:32673,CHEBI:32678,CHEBI:32679,CHEBI:48097,CHEBI:58000	CHEBI:17061,CHEBI:18050,CHEBI:28300,CHEBI:30011,CHEBI:32665,CHEBI:32666,CHEBI:32672,CHEBI:32673,CHEBI:32678,CHEBI:32679,CHEBI:48097,CHEBI:58000,CHEBI:58359	C00064,C00303,C00819	CHEBI:58359	R-HSA-177162,R-HSA-196807,R-HSA-210455,R-HSA-210500,R-HSA-352230,R-HSA-379716,R-HSA-379726,R-HSA-4085023,R-HSA-442660,R-HSA-446210,R-HSA-499943,R-HSA-500753,R-HSA-5619044,R-HSA-5628897,R-HSA-5659735,R-HSA-73817,R-HSA-8963693,R-HSA-8964539,R-HSA-9748787	C00064,C00819	map01100,map01110,map01120,map01230,map01232,map01240,map00630,map00910,map00230,map00240,map00250,map00220,map00470,map00750,map01060,map00970,map02010,map02020,map04974,map04978,map04964,map04724,map04727,map04382,map05230,map01100,map00470		CHEBI:17061,CHEBI:18050,CHEBI:28300,CHEBI:30011,CHEBI:32665,CHEBI:32666,CHEBI:32672,CHEBI:32673,CHEBI:32678,CHEBI:32679,CHEBI:48097,CHEBI:58000,CHEBI:58359	C00064,C00303,C00819	CHEBI:58359	R-HSA-177162,R-HSA-196807,R-HSA-210455,R-HSA-210500,R-HSA-352230,R-HSA-379716,R-HSA-379726,R-HSA-4085023,R-HSA-442660,R-HSA-446210,R-HSA-499943,R-HSA-500753,R-HSA-5619044,R-HSA-5628897,R-HSA-5659735,R-HSA-73817,R-HSA-8963693,R-HSA-8964539,R-HSA-9748787	C00064,C00819	map01100,map01110,map01120,map01230,map01232,map01240,map00630,map00910,map00230,map00240,map00250,map00220,map00470,map00750,map01060,map00970,map02010,map02020,map04974,map04978,map04964,map04724,map04727,map04382,map05230,map01100,map00470			0
SM(46:4;3O)	RM0186446	C51H97N2O7P	880.7033	Sphingolipids	Phosphosphingolipids	SM								SM 46:4;O3																																	0
SM(18:2;2O/22:0)	RM0059197	C45H89N2O6P	784.6458	Sphingolipids	Phosphosphingolipids	SM	52931237	CHEBI:136388	HMDB0240633	LMSP03010092		APNZBDYCMWLVNM-NWHASJFHSA-N	CCCCCCCCCCCCCCCCCCCCCC(=O)N[C@@H](COP(=O)([O-])OCC[N+](C)(C)C)[C@@H](/C=C/CCCCCCCC/C=C\CCC)O	SM 18:2;O2/22:0								CHEBI:136388										CHEBI:136388							CHEBI:136388						CHEBI:64583	R-HSA-1660661	1
TG(15:0_16:0_16:1)	RM0063814	C50H94O6	790.7050	Glycerolipids	Triradylglycerols	TAG								TG 15:0_16:0_16:1																																	0
PC(18:0_20:2)	RM0097767	C46H88NO8P	813.6248	Glycerophospholipids	Glycerophosphocholines	PC								PC 18:0_20:2																																	0
PC(O-44:6)	RM0136397	C52H94NO7P	875.6768	Glycerophospholipids	Glycerophosphocholines	O-PC								PC O-44:6					CHEBI:67082	CHEBI:67082,CHEBI:67082	CHEBI:67082	CHEBI:67082										CHEBI:67082							CHEBI:67082						CHEBI:36313	R-HSA-1482788	1
4-methyl-Tetradecane	-	-	-	-	-	-	-		-	-		-	-	-																																	0
3-Cyano-5,5-dimethoxycarbonyl-N-methylisoxazolidine	-	-	-	-	-	-	-		-	-		-	-	-					CHEBI:183279	CHEBI:183279	CHEBI:183279	CHEBI:183279										CHEBI:183279							CHEBI:183279								0
decyl-Benzene	-	-	-	-	-	-	-		-	-		-	-	-					CHEBI:183288	CHEBI:183288	CHEBI:183288	CHEBI:183288										CHEBI:183288							CHEBI:183288								0
TG(18:0_20:4_22:5)	RM0024571	C63H104O6	956.7833	Glycerolipids	Triradylglycerols	TAG								TG 18:0_20:4_22:5																																	0
TG(15:1_16:1_16:1)	RM0064016	C50H90O6	786.6737	Glycerolipids	Triradylglycerols	TAG								TG 15:1_16:1_16:1																																	0
Alanine, N-methyl-N-methoxycarbonyl-, undecyl ester	-	-	-	-	-	-	-		-	-		-	-	-					CHEBI:183282	CHEBI:183282	CHEBI:183282	CHEBI:183282										CHEBI:183282							CHEBI:183282								0
SM(34:2;3O)	RM0008931	C39H77N2O7P	716.5468	Sphingolipids	Phosphosphingolipids	SM								SM 34:2;O3																																	0
2-Ethyl-3-hydroxypropionic acid	RM0139455	C5H10O3	118.0630	Fatty Acyls	Fatty acids	Hydroxy FA	188979	CHEBI:82956	HMDB0000396	LMFA01050388		ZMZQVAUJTDKQGE-UHFFFAOYSA-N	CCC(CO)C(=O)O	2-Ethyl-hydracrylic acid								CHEBI:82956									CHEBI:82955	CHEBI:82955,CHEBI:82956							CHEBI:82955,CHEBI:82956						CHEBI:24654	R-HSA-3000471,R-HSA-3000480,R-HSA-3000484,R-HSA-5686938	4
TG(15:0_16:0_16:0)	RM0066976	C50H96O6	792.7207	Glycerolipids	Triradylglycerols	TAG								TG 15:0_16:0_16:0																																	0
PE(P-16:0_20:5)	RM0017416	C41H72NO7P	721.5046	Glycerophospholipids	Glycerophosphoethanolamines	O-PE								PE P-16:0/20:5						CHEBI:136197	CHEBI:136197	CHEBI:136197										CHEBI:136197						CHEBI:234151	CHEBI:136197,CHEBI:234151						CHEBI:17476	R-HSA-1482788	1
LPC(O-16:1)	RM0096741	C24H50NO6P	479.3376	Glycerophospholipids	Glycerophosphocholines	O-LPC								LPC O-16:1					CHEBI:64592	CHEBI:64592	CHEBI:64592	CHEBI:64592										CHEBI:64592						CHEBI:64495	CHEBI:64495,CHEBI:64592						CHEBI:36313	R-HSA-1482788	1
PI(18:0_20:3)	RM0106376	C47H85O13P	888.5728	Glycerophospholipids	Glycerophosphoinositols	PI								PI 18:0_20:3					CHEBI:167275	CHEBI:167275,CHEBI:167275	CHEBI:167275	CHEBI:167275										CHEBI:167275							CHEBI:167275						CHEBI:28874	R-HSA-198933	1
Heptacosane	RM0140697	C27H56	380.4382	Fatty Acyls	Hydrocarbons	Hydrocarbons	11636	CHEBI:32941	HMDB0302068	LMFA11000574		BJQWYEJQWHSSCJ-UHFFFAOYSA-N	CCCCCCCCCCCCCCCCCCCCCCCCCCC	Heptacosane					CHEBI:32941	CHEBI:32941	CHEBI:32941	CHEBI:32941										CHEBI:32941							CHEBI:32941								0
PC(O-40:4)	RM0052248	C48H90NO7P	823.6455	Glycerophospholipids	Glycerophosphocholines	O-PC								PC O-40:4					CHEBI:85571	CHEBI:85571,CHEBI:85571	CHEBI:85571	CHEBI:85571										CHEBI:85571						CHEBI:86447	CHEBI:85571,CHEBI:86447						CHEBI:36313	R-HSA-1482788	1
SM(19:1;2O/16:0)	RM0059033	C40H81N2O6P	716.5832	Sphingolipids	Phosphosphingolipids	SM	52931151		HMDB0240622	LMSP03010045		LHFJEPSCFVKEET-JXGHDCMNSA-N	CCCCCCCCCCCCCC/C=C/[C@H]([C@H](COP(=O)([O-])OCC[N+](C)(C)C)NC(=O)CCCCCCCCCCCCCCC)O	SM 19:1;O2/16:0																																	0
4-Hydroxybenzeneacetic acid	RM0009103	C8H8O3	152.0473	Organic acids	Phenylpropanoids	Cinnamic acids	127	CHEBI:18101	HMDB0000020		C00642	XQXPVVBIMDBYFF-UHFFFAOYSA-N	c1cc(ccc1CC(=O)O)O	4-Hydroxyphenylacetic acid			C00642	map01100,map01120,map01220,map00350,map00360,map00946	CHEBI:18101,CHEBI:18101	CHEBI:18101,CHEBI:18101	CHEBI:18101,CHEBI:18101	CHEBI:18101	C00642	C00642	C00642	C00642			C00642	map01100,map01120,map01220,map00350,map00360,map00946	CHEBI:48999	CHEBI:18101,CHEBI:48999	C00642			C00642	map01100,map01120,map01220,map00350,map00360,map00946		CHEBI:18101,CHEBI:48999	C00642			C00642	map01100,map01120,map01220,map00350,map00360,map00946	CHEBI:33575	R-HSA-6809371	1
LPC(18:0)	RM0106163	C26H54NO7P	523.3638	Glycerophospholipids	Glycerophosphocholines	LPC								LPC 18:0					CHEBI:64561,CHEBI:73858	CHEBI:76076,CHEBI:64561,CHEBI:64561,CHEBI:73858	CHEBI:64561,CHEBI:76076,CHEBI:73858	CHEBI:64561,CHEBI:73858,CHEBI:76076										CHEBI:64561,CHEBI:73858,CHEBI:76076						CHEBI:91299,CHEBI:91313,CHEBI:132278,CHEBI:132280	CHEBI:64561,CHEBI:73858,CHEBI:76076,CHEBI:91299,CHEBI:91313,CHEBI:132278,CHEBI:132280						CHEBI:58168,CHEBI:60479	R-HSA-111995,R-HSA-1482839,R-HSA-1483115,R-HSA-2142753,R-HSA-3000471,R-HSA-3000480,R-HSA-3000484,R-HSA-5686938,R-HSA-6814848	9
LPC(20:3/0:0)	RM0161621	C28H52NO7P	545.3481	Glycerophospholipids	Glycerophosphocholines	LPC								LPC 20:3/0:0					CHEBI:136084,CHEBI:64488	CHEBI:136084,CHEBI:64488	CHEBI:136084,CHEBI:64488	CHEBI:64488,CHEBI:136084										CHEBI:64488,CHEBI:136084						CHEBI:86256	CHEBI:64488,CHEBI:86256,CHEBI:136084						CHEBI:60479	R-HSA-1483115,R-HSA-3000471,R-HSA-3000480,R-HSA-3000484,R-HSA-5686938,R-HSA-6814848	6
FA(16:4)	RM0149925	C16H24O2	248.1776	Fatty Acyls	Fatty acids	Unsaturated FA								Hexadecatetraenoic acid						CHEBI:132500	CHEBI:132500	CHEBI:132500										CHEBI:132500							CHEBI:132500						CHEBI:35366	R-HSA-1482883,R-HSA-167826,R-HSA-422085,R-HSA-426048,R-HSA-6809371,R-HSA-6811436,R-HSA-8963889,R-HSA-8964038	8
SM(18:1;2O/24:1)	RM0134116	C47H93N2O6P	812.6771	Sphingolipids	Phosphosphingolipids	SM								SM 18:1;O2/24:1																																	0
SM(41:8;2O)	RM0122616	C46H79N2O6P	786.5676	Sphingolipids	Phosphosphingolipids	SM								SM 41:8;O2																																	0
PI(16:0_22:6)	RM0056502	C47H79O13P	882.5258	Glycerophospholipids	Glycerophosphoinositols	PI								PI 16:0_22:6																																	0
PC(16:0_20:5)	RM0171098	C44H78NO8P	779.5465	Glycerophospholipids	Glycerophosphocholines	PC								PC 16:0_20:5																																	0
PC(O-34:1)	RM0017335	C42H84NO7P	745.5985	Glycerophospholipids	Glycerophosphocholines	O-PC								PC O-34:1					CHEBI:67076,CHEBI:89880,CHEBI:89892	CHEBI:67076,CHEBI:67076,CHEBI:89880,CHEBI:89892	CHEBI:67076,CHEBI:89880,CHEBI:89892	CHEBI:67076,CHEBI:89880,CHEBI:89892										CHEBI:67076,CHEBI:89880,CHEBI:89892						CHEBI:34112,CHEBI:84825,CHEBI:136119,CHEBI:167219,CHEBI:167280	CHEBI:34112,CHEBI:67076,CHEBI:84825,CHEBI:89880,CHEBI:89892,CHEBI:136119,CHEBI:167219,CHEBI:167280	C13894					CHEBI:36313	R-HSA-1482788	1
alpha-D-Mannopyranose	-	-	-	-	-	-	-		-	-		-	-	-					CHEBI:28729	CHEBI:28729	CHEBI:28729	CHEBI:28729	C00936	C00936	C00936	C00936					CHEBI:37680	CHEBI:28729,CHEBI:37680	C00936						CHEBI:28729,CHEBI:37680	C00936					CHEBI:4208	R-HSA-189200,R-HSA-3000480,R-HSA-446205,R-HSA-8853383,R-HSA-901032,R-HSA-964827,R-HSA-975578	7
SM(21:1;2O/14:1)	RM0037245	C40H79N2O6P	714.5676	Sphingolipids	Phosphosphingolipids	SM								SM 21:1;O2/14:1																																	0
Citramalic acid	RM0042389	C5H8O5	148.0372	Organic acids	Hydroxy acids	Beta hydroxy acids	441696	CHEBI:29003	HMDB0000426		C00815	XFTRTWQBIOMVPK-YFKPBYRVSA-N	C[C@](CC(=O)O)(C(=O)O)O	Citramalic acid					CHEBI:15584,CHEBI:15584	CHEBI:15584,CHEBI:15584	CHEBI:15584,CHEBI:15584	CHEBI:15584,CHEBI:29003	C00815,C02614	C00815,C02614	C00815,C02614	C00815,C02614			C02614	map01100,map00660	CHEBI:13997,CHEBI:30936	CHEBI:13997,CHEBI:15584,CHEBI:29003,CHEBI:30936	C00815,C02614			C02614	map01100,map00660	CHEBI:15586,CHEBI:30934	CHEBI:13997,CHEBI:15584,CHEBI:15586,CHEBI:29003,CHEBI:30934,CHEBI:30936	C00815,C02612,C02614			C02612,C02614	map01100,map01210,map01230,map00660,map00290,map01100,map00660	CHEBI:18059,CHEBI:33575	R-HSA-1222556,R-HSA-1369062,R-HSA-5682294,R-HSA-6809371,R-HSA-804914,R-HSA-8941413	6
2-Undecen-4-ol	-	-	-	-	-	-	-		-	-		-	-	-					CHEBI:183276	CHEBI:183276	CHEBI:183276	CHEBI:183276										CHEBI:183276							CHEBI:183276						CHEBI:30879	R-HSA-1483166,R-HSA-2022377,R-HSA-8935690	3
Pyroglutamic acid	RM0135924	C5H7NO3	129.0426	Organic acids	Amino acids and peptides	Amino acids	7405	CHEBI:18183	HMDB0000267		C01879	ODHCTXKNWHHXJC-VKHMYHEASA-N	C1CC(=O)N[C@@H]1C(=O)O	Pyroglutamic acid			C01879	map01100,map00480,map04382	CHEBI:16010,CHEBI:18183,CHEBI:18183,CHEBI:30652	CHEBI:16010,CHEBI:18183,CHEBI:18183,CHEBI:30652	CHEBI:16010,CHEBI:18183,CHEBI:18183,CHEBI:30652	CHEBI:16010,CHEBI:18183,CHEBI:30652	C01879	C01879	C01879	C01879			C01879	map01100,map00480,map04382	CHEBI:16924,CHEBI:57606,CHEBI:57948,CHEBI:58402	CHEBI:16010,CHEBI:16924,CHEBI:18183,CHEBI:30652,CHEBI:57606,CHEBI:57948,CHEBI:58402	C01879,C02237	CHEBI:58402	R-HSA-174403,R-HSA-5578998	C01879,C02237	map01100,map00480,map04382,map01100,map00470		CHEBI:16010,CHEBI:16924,CHEBI:18183,CHEBI:30652,CHEBI:57606,CHEBI:57948,CHEBI:58402	C01879,C02237	CHEBI:58402	R-HSA-174403,R-HSA-5578998	C01879,C02237	map01100,map00480,map04382,map01100,map00470			0
Pentacosane	RM0202345	C25H52	352.4069	Fatty Acyls	Hydrocarbons	Hydrocarbons	12406	CHEBI:32938	HMDB0302476	LMFA11000582		YKNWIILGEFFOPE-UHFFFAOYSA-N	CCCCCCCCCCCCCCCCCCCCCCCCC	Pentacosane					CHEBI:32938	CHEBI:32938	CHEBI:32938	CHEBI:32938										CHEBI:32938							CHEBI:32938								0
TG(10:0_16:0_18:1)	RM0067215	C47H88O6	748.6581	Glycerolipids	Triradylglycerols	TAG								TG 10:0_16:0_18:1																																	0
PC(O-42:6)	RM0134885	C50H90NO7P	847.6455	Glycerophospholipids	Glycerophosphocholines	O-PC								PC O-42:6					CHEBI:85847	CHEBI:85847,CHEBI:85847	CHEBI:85847	CHEBI:85847										CHEBI:85847							CHEBI:85847						CHEBI:36313	R-HSA-1482788	1
DG(18:2_18:2)	RM0134347	C39H68O5	616.5067	Glycerolipids	Diradylglycerols	DAG								DG 18:2_18:2																																	0
TG(14:0_16:1_18:1)	RM0112627	C51H94O6	802.7050	Glycerolipids	Triradylglycerols	TAG								TG 14:0_16:1_18:1																																	0
PI(18:0_20:4)	RM0134537	C47H83O13P	886.5571	Glycerophospholipids	Glycerophosphoinositols	PI								PI 18:0_20:4					CHEBI:167276	CHEBI:167276,CHEBI:167276	CHEBI:167276	CHEBI:167276										CHEBI:167276							CHEBI:167276						CHEBI:28874	R-HSA-198933	1
Propanedioic acid	RM0153291	C3H4O4	104.0110	Fatty Acyls	Fatty acids	Dicarboxylic acids	867	CHEBI:30794	HMDB0000691	LMFA01170041	C00383	OFOBLEOULBTSOW-UHFFFAOYSA-N	C(C(=O)O)C(=O)O	Malonic acid			C00383	map01100,map01212,map00061,map00240,map00410	CHEBI:30794,CHEBI:30794,CHEBI:30794	CHEBI:30794,CHEBI:30794,CHEBI:30794	CHEBI:30794,CHEBI:30794,CHEBI:30794	CHEBI:30794	C00383	C00383	C00383	C00383			C00383	map01100,map01212,map00061,map00240,map00410	CHEBI:15792,CHEBI:30795	CHEBI:15792,CHEBI:30794,CHEBI:30795	C00383			C00383	map01100,map01212,map00061,map00240,map00410		CHEBI:15792,CHEBI:30794,CHEBI:30795	C00383			C00383	map01100,map01212,map00061,map00240,map00410	CHEBI:33575	R-HSA-6809371	1
SM(18:1;2O/22:0)	RM0138870	C45H91N2O6P	786.6615	Sphingolipids	Phosphosphingolipids	SM	44260125	CHEBI:74532	HMDB0012103	LMSP03010006		FJJANLYCZUNFSE-TWKUQIQBSA-N	CCCCCCCCCCCCCCCCCCCCCC(=O)N[C@@H](COP(=O)([O-])OCC[N+](C)(C)C)[C@@H](/C=C/CCCCCCCCCCCCC)O	SM 18:1;O2/22:0								CHEBI:74532										CHEBI:74532							CHEBI:74532						CHEBI:17636	R-HSA-1369062,R-HSA-193681,R-HSA-9840310	3
TG(17:0_18:1_18:1)	RM0028237	C56H104O6	872.7833	Glycerolipids	Triradylglycerols	TAG								TG 17:0_18:1_18:1																																	0
Arachidonic acid	RM0153612	C20H32O2	304.2402	Fatty Acyls	Fatty acids	Unsaturated FA	444899	CHEBI:15843	HMDB0001043	LMFA01030001	C00219	YZXBAPSDXZZRGB-DOFZRALJSA-N	CCCCC/C=C\C/C=C\C/C=C\C/C=C\CCCC(=O)O	Arachidonic acid			C00219	map01100,map00590,map00591,map01040,map04216,map04217,map04611,map04664,map04666,map04923,map04912,map04913,map04921,map04925,map04270,map04726,map04730,map04723,map04745,map04750,map05146,map05140,map07034	CHEBI:15843,CHEBI:15843,CHEBI:15843	CHEBI:15843,CHEBI:15843,CHEBI:15843	CHEBI:15843,CHEBI:15843,CHEBI:15843	CHEBI:15843	C00219	C00219	C00219	C00219			C00219	map01100,map00590,map00591,map01040,map04216,map04217,map04611,map04664,map04666,map04923,map04912,map04913,map04921,map04925,map04270,map04726,map04730,map04723,map04745,map04750,map05146,map05140,map07034	CHEBI:32395	CHEBI:15843,CHEBI:32395	C00219	CHEBI:32395	R-HSA-111995,R-HSA-112310,R-HSA-1368108,R-HSA-140180,R-HSA-1989781,R-HSA-1989781,R-HSA-2029485,R-HSA-211935,R-HSA-211958,R-HSA-2142670,R-HSA-2142688,R-HSA-2142691,R-HSA-2142696,R-HSA-2142712,R-HSA-2142753,R-HSA-2142753,R-HSA-2142770,R-HSA-2142816,R-HSA-2151201,R-HSA-2162123,R-HSA-2426168,R-HSA-381340,R-HSA-400206,R-HSA-426048,R-HSA-5579011,R-HSA-5668599,R-HSA-75876,R-HSA-9707564,R-HSA-9707616,R-HSA-9931509,R-HSA-9933387	C00219	map01100,map00590,map00591,map01040,map04216,map04217,map04611,map04664,map04666,map04923,map04912,map04913,map04921,map04925,map04270,map04726,map04730,map04723,map04745,map04750,map05146,map05140,map07034		CHEBI:15843,CHEBI:32395	C00219	CHEBI:32395	R-HSA-111995,R-HSA-112310,R-HSA-1368108,R-HSA-140180,R-HSA-1989781,R-HSA-1989781,R-HSA-2029485,R-HSA-211935,R-HSA-211958,R-HSA-2142670,R-HSA-2142688,R-HSA-2142691,R-HSA-2142696,R-HSA-2142712,R-HSA-2142753,R-HSA-2142753,R-HSA-2142770,R-HSA-2142816,R-HSA-2151201,R-HSA-2162123,R-HSA-2426168,R-HSA-381340,R-HSA-400206,R-HSA-426048,R-HSA-5579011,R-HSA-5668599,R-HSA-75876,R-HSA-9707564,R-HSA-9707616,R-HSA-9931509,R-HSA-9933387	C00219	map01100,map00590,map00591,map01040,map04216,map04217,map04611,map04664,map04666,map04923,map04912,map04913,map04921,map04925,map04270,map04726,map04730,map04723,map04745,map04750,map05146,map05140,map07034			0
DG(25:0)	RM0035663	C28H54O5	470.3971	Glycerolipids	Diradylglycerols	DAG								DG 25:0																																	0
TG(18:1_22:1_18:2)	RM0113231	C61H110O6	938.8302	Glycerolipids	Triradylglycerols	TAG								TG 18:1_18:2_22:1																																	0
DG(41:8)	RM0163331	C44H70O5	678.5223	Glycerolipids	Diradylglycerols	DAG								DG 41:8																																	0
LPC(20:3)	RM0134469	C28H52NO7P	545.3481	Glycerophospholipids	Glycerophosphocholines	LPC								LPC 20:3					CHEBI:64481,CHEBI:86256	CHEBI:64481,CHEBI:64481,CHEBI:86256	CHEBI:64481,CHEBI:86256	CHEBI:64481,CHEBI:86256										CHEBI:64481,CHEBI:86256						CHEBI:64488,CHEBI:74343,CHEBI:131983,CHEBI:140969,CHEBI:140970,CHEBI:140974,CHEBI:140975,CHEBI:140976	CHEBI:64481,CHEBI:64488,CHEBI:74343,CHEBI:86256,CHEBI:131983,CHEBI:140969,CHEBI:140970,CHEBI:140974,CHEBI:140975,CHEBI:140976						CHEBI:58168,CHEBI:60479	R-HSA-111995,R-HSA-1482839,R-HSA-1483115,R-HSA-2142753,R-HSA-3000471,R-HSA-3000480,R-HSA-3000484,R-HSA-5686938,R-HSA-6814848	9
TG(14:1_16:1_18:1)	RM0065909	C51H92O6	800.6894	Glycerolipids	Triradylglycerols	TAG								TG 14:1_16:1_18:1																																	0
LPC(16:0)	RM0134475	C24H50NO7P	495.3325	Glycerophospholipids	Glycerophosphocholines	LPC								LPC 16:0					CHEBI:64563,CHEBI:72998	CHEBI:64563,CHEBI:64563,CHEBI:72998	CHEBI:64563,CHEBI:72998	CHEBI:64563,CHEBI:72998										CHEBI:64563,CHEBI:72998						CHEBI:76078,CHEBI:91297	CHEBI:64563,CHEBI:72998,CHEBI:76078,CHEBI:91297						CHEBI:58168,CHEBI:60479	R-HSA-111995,R-HSA-1482839,R-HSA-1483115,R-HSA-2142753,R-HSA-3000471,R-HSA-3000480,R-HSA-3000484,R-HSA-5686938,R-HSA-6814848	9
PI(36:1)	RM0106289	C45H85O13P	864.5728	Glycerophospholipids	Glycerophosphoinositols	PI								PI 36:1					CHEBI:136245,CHEBI:74371	CHEBI:136245,CHEBI:136245,CHEBI:74371,CHEBI:74371	CHEBI:136245,CHEBI:74371	CHEBI:74371,CHEBI:136245										CHEBI:74371,CHEBI:136245						CHEBI:136246,CHEBI:167273	CHEBI:74371,CHEBI:136245,CHEBI:136246,CHEBI:167273						CHEBI:28874,CHEBI:57880	R-HSA-1482922,R-HSA-1483196,R-HSA-1483226,R-HSA-1483248,R-HSA-162710,R-HSA-163125,R-HSA-1632852,R-HSA-1660499,R-HSA-1660514,R-HSA-1660516,R-HSA-1660517,R-HSA-198933,R-HSA-2046106,R-HSA-3000471,R-HSA-3000480,R-HSA-5668599,R-HSA-9636383,R-HSA-9793528	18
Boric acid	-	-	-	-	-	-	-		-	-		-	-	-					CHEBI:33118,CHEBI:33118,CHEBI:33118	CHEBI:33118,CHEBI:33118,CHEBI:33118	CHEBI:33118	CHEBI:33118	C12486	C12486	C12486	C12486					CHEBI:22908,CHEBI:29254,CHEBI:29255	CHEBI:22908,CHEBI:29254,CHEBI:29255,CHEBI:33118	C12486						CHEBI:22908,CHEBI:29254,CHEBI:29255,CHEBI:33118	C12486							0
6,8-Dioxapentadecane	-	-	-	-	-	-	-		-	-		-	-	-					CHEBI:183281	CHEBI:183281	CHEBI:183281	CHEBI:183281										CHEBI:183281							CHEBI:183281								0
SM(42:1;3O)	RM0134138	C47H95N2O7P	830.6877	Sphingolipids	Phosphosphingolipids	SM								SM 42:1;O3																																	0
PI(36:3)	RM0057160	C45H81O13P	860.5415	Glycerophospholipids	Glycerophosphoinositols	PI								PI 36:3					CHEBI:136489,CHEBI:91036,CHEBI:88389,CHEBI:88391,CHEBI:88577,CHEBI:88579,CHEBI:88598,CHEBI:88611,CHEBI:88633,CHEBI:88634,CHEBI:88665,CHEBI:88675,CHEBI:89139,CHEBI:89153	CHEBI:136489,CHEBI:136489,CHEBI:88389,CHEBI:88391,CHEBI:88577,CHEBI:88579,CHEBI:88598,CHEBI:88611,CHEBI:88633,CHEBI:88634,CHEBI:88665,CHEBI:88675,CHEBI:89139,CHEBI:89153,CHEBI:91036,CHEBI:91036	CHEBI:136489,CHEBI:91036,CHEBI:88389,CHEBI:88391,CHEBI:88577,CHEBI:88579,CHEBI:88598,CHEBI:88611,CHEBI:88633,CHEBI:88634,CHEBI:88665,CHEBI:88675,CHEBI:89139,CHEBI:89153	CHEBI:88389,CHEBI:88391,CHEBI:88577,CHEBI:88579,CHEBI:88598,CHEBI:88611,CHEBI:88633,CHEBI:88634,CHEBI:88665,CHEBI:88675,CHEBI:89139,CHEBI:89153,CHEBI:91036,CHEBI:136489										CHEBI:88389,CHEBI:88391,CHEBI:88577,CHEBI:88579,CHEBI:88598,CHEBI:88611,CHEBI:88633,CHEBI:88634,CHEBI:88665,CHEBI:88675,CHEBI:89139,CHEBI:89153,CHEBI:91036,CHEBI:136489						CHEBI:77158,CHEBI:77343,CHEBI:136497,CHEBI:136498	CHEBI:77158,CHEBI:77343,CHEBI:88389,CHEBI:88391,CHEBI:88577,CHEBI:88579,CHEBI:88598,CHEBI:88611,CHEBI:88633,CHEBI:88634,CHEBI:88665,CHEBI:88675,CHEBI:89139,CHEBI:89153,CHEBI:91036,CHEBI:136489,CHEBI:136497,CHEBI:136498						CHEBI:28874,CHEBI:57880	R-HSA-1482922,R-HSA-1483196,R-HSA-1483226,R-HSA-1483248,R-HSA-162710,R-HSA-163125,R-HSA-1632852,R-HSA-1660499,R-HSA-1660514,R-HSA-1660516,R-HSA-1660517,R-HSA-198933,R-HSA-2046106,R-HSA-3000471,R-HSA-3000480,R-HSA-5668599,R-HSA-9636383,R-HSA-9793528	18
4-Methylcyclohexylamine	-	-	-	-	-	-	-		-	-		-	-	-					CHEBI:183280	CHEBI:183280	CHEBI:183280	CHEBI:183280										CHEBI:183280							CHEBI:183280								0
SM(17:1;2O/16:0)	RM0060201	C38H77N2O6P	688.5519	Sphingolipids	Phosphosphingolipids	SM	134765538			LMSP03019BKX		RXLZIONNUYYHHW-YPDYIYJKSA-N	CCCCCCCCCCCCCCCC(=O)N[C@@H](COP(=O)([O-])OCC[N+](C)(C)C)[C@@H](/C=C/CCCCCCCCCCCC)O	SM 17:1;O2/16:0																																	0
PE(O-16:1_22:6)	RM0134799	C43H74NO7P	747.5203	Glycerophospholipids	Glycerophosphoethanolamines	O-PE								PE O-16:1/22:6					CHEBI:167226	CHEBI:167226,CHEBI:167226	CHEBI:167226	CHEBI:167226										CHEBI:167226						CHEBI:167287	CHEBI:167226,CHEBI:167287						CHEBI:17476	R-HSA-1482788	1
TG(10:0_16:0_18:0)	RM0112570	C47H90O6	750.6737	Glycerolipids	Triradylglycerols	TAG								TG 10:0_16:0_18:0																																	0
2-Propenoic acid, 2-methyl-, 3,3,5-trimethylcyclohexyl ester	-	-	-	-	-	-	-		-	-		-	-	-					CHEBI:183275	CHEBI:183275	CHEBI:183275	CHEBI:183275										CHEBI:183275							CHEBI:183275								0
PC(16:0_22:5)	RM0099478	C46H82NO8P	807.5778	Glycerophospholipids	Glycerophosphocholines	PC								PC 16:0_22:5																																	0
DG(34:2)	RM0034129	C37H68O5	592.5067	Glycerolipids	Diradylglycerols	DAG								DG 34:2					CHEBI:133640,CHEBI:82927,CHEBI:85693,CHEBI:88364,CHEBI:88500,CHEBI:88501,CHEBI:88725,CHEBI:88796,CHEBI:88942,CHEBI:89034,CHEBI:89211,CHEBI:89229	CHEBI:133640,CHEBI:82927,CHEBI:85693,CHEBI:88364,CHEBI:88500,CHEBI:88501,CHEBI:88725,CHEBI:88796,CHEBI:88942,CHEBI:89034,CHEBI:89211,CHEBI:89229	CHEBI:133640,CHEBI:82927,CHEBI:85693,CHEBI:88364,CHEBI:88500,CHEBI:88501,CHEBI:88725,CHEBI:88796,CHEBI:88942,CHEBI:89034,CHEBI:89211,CHEBI:89229	CHEBI:82927,CHEBI:85693,CHEBI:88364,CHEBI:88500,CHEBI:88501,CHEBI:88725,CHEBI:88796,CHEBI:88942,CHEBI:89034,CHEBI:89211,CHEBI:89229,CHEBI:133640										CHEBI:82927,CHEBI:85693,CHEBI:88364,CHEBI:88500,CHEBI:88501,CHEBI:88725,CHEBI:88796,CHEBI:88942,CHEBI:89034,CHEBI:89211,CHEBI:89229,CHEBI:133640						CHEBI:228204,CHEBI:228205,CHEBI:234328	CHEBI:82927,CHEBI:85693,CHEBI:88364,CHEBI:88500,CHEBI:88501,CHEBI:88725,CHEBI:88796,CHEBI:88942,CHEBI:89034,CHEBI:89211,CHEBI:89229,CHEBI:133640,CHEBI:228204,CHEBI:228205,CHEBI:234328						CHEBI:17815,CHEBI:18035	R-HSA-112043,R-HSA-114508,R-HSA-114516,R-HSA-114604,R-HSA-1169091,R-HSA-1169092,R-HSA-1250196,R-HSA-139853,R-HSA-1482883,R-HSA-1483191,R-HSA-1483206,R-HSA-1483213,R-HSA-1489509,R-HSA-162710,R-HSA-163560,R-HSA-1660661,R-HSA-1855204,R-HSA-192456,R-HSA-202424,R-HSA-202433,R-HSA-2029485,R-HSA-2179392,R-HSA-2871809,R-HSA-2871837,R-HSA-3000170,R-HSA-354192,R-HSA-392517,R-HSA-399997,R-HSA-4086398,R-HSA-416476,R-HSA-416993,R-HSA-418217,R-HSA-418597,R-HSA-418890,R-HSA-419408,R-HSA-426048,R-HSA-434316,R-HSA-4419969,R-HSA-5099900,R-HSA-5218921,R-HSA-5607764,R-HSA-5673001,R-HSA-6809371,R-HSA-75109,R-HSA-76005,R-HSA-8963889,R-HSA-8963901,R-HSA-8964058,R-HSA-9027277,R-HSA-9648002,R-HSA-9664323,R-HSA-9680350,R-HSA-9717207,R-HSA-975634,R-HSA-983695	55
SM(18:1;2O/22:3)	RM0060120	C45H85N2O6P	780.6145	Sphingolipids	Phosphosphingolipids	SM								SM 18:1;O2/22:3																																	0
Acetic anhydride	RM0224179	C4H6O3	102.0317	Organic acids	Carboxylic acids	Carboxylic acids	7918	CHEBI:36610	HMDB0031646			WFDIJRYMOXRFFG-UHFFFAOYSA-N	CC(=O)OC(=O)C	Acetic anhydride					CHEBI:36610	CHEBI:36610	CHEBI:36610	CHEBI:36610										CHEBI:36610							CHEBI:36610								0
Fluoranthene	RM0204947	C16H10	202.0782	Benzenoids	Naphthalenes	Naphthalenes	9154	CHEBI:33083	HMDB0252354			GVEPBJHOBDJJJI-UHFFFAOYSA-N	c1ccc2c(c1)c1cccc3cccc2c13	Fluoranthene					CHEBI:33083	CHEBI:33083	CHEBI:33083	CHEBI:33083	C19425	C19425	C19425	C19425						CHEBI:33083	C19425						CHEBI:33083	C19425							0
6-ethyl-2-methyl-Octane	-	-	-	-	-	-	-		-	-		-	-	-																																	0
Dodecane, 2,7,10-trimethyl-	-	-	-	-	-	-	-		-	-		-	-	-																																	0
PI(34:1)	RM0138798	C43H81O13P	836.5415	Glycerophospholipids	Glycerophosphoinositols	PI								PI 34:1					CHEBI:136240,CHEBI:74237,CHEBI:88392,CHEBI:88423,CHEBI:88557,CHEBI:88606,CHEBI:88625,CHEBI:73215	CHEBI:136240,CHEBI:136240,CHEBI:88392,CHEBI:88423,CHEBI:88557,CHEBI:88606,CHEBI:88625,CHEBI:73215,CHEBI:74237,CHEBI:74237	CHEBI:136240,CHEBI:74237,CHEBI:88392,CHEBI:88423,CHEBI:88557,CHEBI:88606,CHEBI:88625,CHEBI:73215	CHEBI:73215,CHEBI:74237,CHEBI:88392,CHEBI:88423,CHEBI:88557,CHEBI:88606,CHEBI:88625,CHEBI:136240	C13888	C13888	C13888	C13888					CHEBI:72837	CHEBI:72837,CHEBI:73215,CHEBI:74237,CHEBI:88392,CHEBI:88423,CHEBI:88557,CHEBI:88606,CHEBI:88625,CHEBI:136240	C13888					CHEBI:136241,CHEBI:136242,CHEBI:167270	CHEBI:72837,CHEBI:73215,CHEBI:74237,CHEBI:88392,CHEBI:88423,CHEBI:88557,CHEBI:88606,CHEBI:88625,CHEBI:136240,CHEBI:136241,CHEBI:136242,CHEBI:167270	C13888					CHEBI:28874,CHEBI:57880	R-HSA-1482922,R-HSA-1483196,R-HSA-1483226,R-HSA-1483248,R-HSA-162710,R-HSA-163125,R-HSA-1632852,R-HSA-1660499,R-HSA-1660514,R-HSA-1660516,R-HSA-1660517,R-HSA-198933,R-HSA-2046106,R-HSA-3000471,R-HSA-3000480,R-HSA-5668599,R-HSA-9636383,R-HSA-9793528	18
PI(38:3)	RM0056603	C47H85O13P	888.5728	Glycerophospholipids	Glycerophosphoinositols	PI								PI 38:3					CHEBI:140362,CHEBI:170063,CHEBI:91039,CHEBI:88420,CHEBI:88580,CHEBI:88581,CHEBI:88656,CHEBI:89133,CHEBI:89138,CHEBI:89144,CHEBI:89248	CHEBI:140362,CHEBI:140362,CHEBI:170063,CHEBI:88420,CHEBI:88580,CHEBI:88581,CHEBI:88656,CHEBI:89133,CHEBI:89138,CHEBI:89144,CHEBI:89248,CHEBI:91039,CHEBI:91039	CHEBI:140362,CHEBI:170063,CHEBI:91039,CHEBI:88420,CHEBI:88580,CHEBI:88581,CHEBI:88656,CHEBI:89133,CHEBI:89138,CHEBI:89144,CHEBI:89248	CHEBI:88420,CHEBI:88580,CHEBI:88581,CHEBI:88656,CHEBI:89133,CHEBI:89138,CHEBI:89144,CHEBI:89248,CHEBI:91039,CHEBI:140362,CHEBI:170063										CHEBI:88420,CHEBI:88580,CHEBI:88581,CHEBI:88656,CHEBI:89133,CHEBI:89138,CHEBI:89144,CHEBI:89248,CHEBI:91039,CHEBI:140362,CHEBI:170063						CHEBI:140368,CHEBI:167275	CHEBI:88420,CHEBI:88580,CHEBI:88581,CHEBI:88656,CHEBI:89133,CHEBI:89138,CHEBI:89144,CHEBI:89248,CHEBI:91039,CHEBI:140362,CHEBI:140368,CHEBI:167275,CHEBI:170063						CHEBI:28874,CHEBI:57880	R-HSA-1482922,R-HSA-1483196,R-HSA-1483226,R-HSA-1483248,R-HSA-162710,R-HSA-163125,R-HSA-1632852,R-HSA-1660499,R-HSA-1660514,R-HSA-1660516,R-HSA-1660517,R-HSA-198933,R-HSA-2046106,R-HSA-3000471,R-HSA-3000480,R-HSA-5668599,R-HSA-9636383,R-HSA-9793528	18
SM(42:3;2O)	RM0134109	C47H91N2O6P	810.6615	Sphingolipids	Phosphosphingolipids	SM								SM 42:3;O2																																	0
Glutamic acid	RM0135893	C5H9NO4	147.0532	Organic acids	Amino acids and peptides	Amino acids	33032	CHEBI:16015	HMDB0000148		C00025	WHUUTDBJXJRKMK-VKHMYHEASA-N	C(CC(=O)O)[C@@H](C(=O)O)N	Glutamic acid			C00025	map01100,map01110,map01120,map01200,map01210,map01230,map01240,map00630,map00650,map00660,map00910,map00250,map00220,map00330,map00340,map00430,map00470,map00480,map00860,map00332,map00524,map00975,map00998,map01060,map01064,map00970,map02010,map02020,map04068,map04072,map04080,map04082,map04216,map04540,map04974,map04964,map04724,map04727,map04720,map04730,map04723,map04721,map04742,map04713,map05230,map05215,map05014,map05016,map05017,map05022,map05030,map05031,map05033,map05034	CHEBI:16015,CHEBI:16015,CHEBI:18237,CHEBI:18237	CHEBI:16015,CHEBI:16015,CHEBI:18237,CHEBI:18237	CHEBI:16015,CHEBI:16015,CHEBI:18237,CHEBI:18237	CHEBI:16015,CHEBI:18237	C00025,C00302	C00025,C00302	C00025,C00302	C00025,C00302			C00025,C00302	map01100,map01110,map01120,map01200,map01210,map01230,map01240,map00630,map00650,map00660,map00910,map00250,map00220,map00330,map00340,map00430,map00470,map00480,map00860,map00332,map00524,map00975,map00998,map01060,map01064,map00970,map02010,map02020,map04068,map04072,map04080,map04082,map04216,map04540,map04974,map04964,map04724,map04727,map04720,map04730,map04723,map04721,map04742,map04713,map05230,map05215,map05014,map05016,map05017,map05022,map05030,map05031,map05033,map05034,map01100,map00460	CHEBI:14321,CHEBI:15966,CHEBI:29985,CHEBI:29986,CHEBI:29987,CHEBI:29988,CHEBI:29989	CHEBI:14321,CHEBI:15966,CHEBI:16015,CHEBI:18237,CHEBI:29985,CHEBI:29986,CHEBI:29987,CHEBI:29988,CHEBI:29989	C00025,C00217,C00302	CHEBI:29985	R-HSA-1614558,R-HSA-174403,R-HSA-196757,R-HSA-196807,R-HSA-210455,R-HSA-210500,R-HSA-2142691,R-HSA-352230,R-HSA-379716,R-HSA-379726,R-HSA-389661,R-HSA-3928662,R-HSA-3928662,R-HSA-399710,R-HSA-416476,R-HSA-418594,R-HSA-420499,R-HSA-438066,R-HSA-438066,R-HSA-442660,R-HSA-442982,R-HSA-446210,R-HSA-451307,R-HSA-451308,R-HSA-499943,R-HSA-500657,R-HSA-500753,R-HSA-5423646,R-HSA-5578999,R-HSA-5619062,R-HSA-5619067,R-HSA-5619076,R-HSA-5628897,R-HSA-5673001,R-HSA-70263,R-HSA-70268,R-HSA-70635,R-HSA-70688,R-HSA-70895,R-HSA-70921,R-HSA-71064,R-HSA-71240,R-HSA-71240,R-HSA-73817,R-HSA-8849932,R-HSA-888568,R-HSA-8955332,R-HSA-8955332,R-HSA-8963684,R-HSA-8963693,R-HSA-8964539,R-HSA-8964540,R-HSA-9026762,R-HSA-9026766,R-HSA-916853,R-HSA-9617324,R-HSA-9620244,R-HSA-9662360,R-HSA-9664535,R-HSA-9717207,R-HSA-9717207,R-HSA-9748787,R-HSA-9753281,R-HSA-977347,R-HSA-9856872,R-HSA-9955693,R-HSA-9958863	C00025,C00217,C00302	map01100,map01110,map01120,map01200,map01210,map01230,map01240,map00630,map00650,map00660,map00910,map00250,map00220,map00330,map00340,map00430,map00470,map00480,map00860,map00332,map00524,map00975,map00998,map01060,map01064,map00970,map02010,map02020,map04068,map04072,map04080,map04082,map04216,map04540,map04974,map04964,map04724,map04727,map04720,map04730,map04723,map04721,map04742,map04713,map05230,map05215,map05014,map05016,map05017,map05022,map05030,map05031,map05033,map05034,map01100,map00470,map01100,map00460	CHEBI:192079	CHEBI:14321,CHEBI:15966,CHEBI:16015,CHEBI:18237,CHEBI:29985,CHEBI:29986,CHEBI:29987,CHEBI:29988,CHEBI:29989,CHEBI:192079	C00025,C00217,C00302	CHEBI:29985	R-HSA-1614558,R-HSA-174403,R-HSA-196757,R-HSA-196807,R-HSA-210455,R-HSA-210500,R-HSA-2142691,R-HSA-352230,R-HSA-379716,R-HSA-379726,R-HSA-389661,R-HSA-3928662,R-HSA-3928662,R-HSA-399710,R-HSA-416476,R-HSA-418594,R-HSA-420499,R-HSA-438066,R-HSA-438066,R-HSA-442660,R-HSA-442982,R-HSA-446210,R-HSA-451307,R-HSA-451308,R-HSA-499943,R-HSA-500657,R-HSA-500753,R-HSA-5423646,R-HSA-5578999,R-HSA-5619062,R-HSA-5619067,R-HSA-5619076,R-HSA-5628897,R-HSA-5673001,R-HSA-70263,R-HSA-70268,R-HSA-70635,R-HSA-70688,R-HSA-70895,R-HSA-70921,R-HSA-71064,R-HSA-71240,R-HSA-71240,R-HSA-73817,R-HSA-8849932,R-HSA-888568,R-HSA-8955332,R-HSA-8955332,R-HSA-8963684,R-HSA-8963693,R-HSA-8964539,R-HSA-8964540,R-HSA-9026762,R-HSA-9026766,R-HSA-916853,R-HSA-9617324,R-HSA-9620244,R-HSA-9662360,R-HSA-9664535,R-HSA-9717207,R-HSA-9717207,R-HSA-9748787,R-HSA-9753281,R-HSA-977347,R-HSA-9856872,R-HSA-9955693,R-HSA-9958863	C00025,C00217,C00302	map01100,map01110,map01120,map01200,map01210,map01230,map01240,map00630,map00650,map00660,map00910,map00250,map00220,map00330,map00340,map00430,map00470,map00480,map00860,map00332,map00524,map00975,map00998,map01060,map01064,map00970,map02010,map02020,map04068,map04072,map04080,map04082,map04216,map04540,map04974,map04964,map04724,map04727,map04720,map04730,map04723,map04721,map04742,map04713,map05230,map05215,map05014,map05016,map05017,map05022,map05030,map05031,map05033,map05034,map01100,map00470,map01100,map00460			0
SM(18:2;2O/18:0)	RM0120414	C41H81N2O6P	728.5832	Sphingolipids	Phosphosphingolipids	SM	52931161	CHEBI:136281	HMDB0240631	LMSP03010050		NELGJAUZKNHZLS-NUIAMLAYSA-N	CCCCCCCCCCCCCCCCCC(=O)N[C@@H](COP(=O)([O-])OCC[N+](C)(C)C)[C@@H](/C=C/CCCCCCCC/C=C\CCC)O	SM 18:2;O2/18:0								CHEBI:136281										CHEBI:136281							CHEBI:136281						CHEBI:64583	R-HSA-1660661	1
PC(O-40:5)	RM0024248	C48H88NO7P	821.6298	Glycerophospholipids	Glycerophosphocholines	O-PC								PC O-40:5					CHEBI:85573,CHEBI:89850	CHEBI:85573,CHEBI:85573,CHEBI:89850	CHEBI:85573,CHEBI:89850	CHEBI:85573,CHEBI:89850										CHEBI:85573,CHEBI:89850						CHEBI:86448,CHEBI:234524	CHEBI:85573,CHEBI:86448,CHEBI:89850,CHEBI:234524						CHEBI:36313	R-HSA-1482788	1
2,6,10-trimethyl-Pentadecane	-	-	-	-	-	-	-		-	-		-	-	-					CHEBI:183307	CHEBI:183307	CHEBI:183307	CHEBI:183307										CHEBI:183307							CHEBI:183307						CHEBI:18059	R-HSA-1222556,R-HSA-1369062,R-HSA-5682294,R-HSA-804914,R-HSA-8941413	5
PC(O-38:7)	RM0052210	C46H80NO7P	789.5672	Glycerophospholipids	Glycerophosphocholines	O-PC								PC O-38:7					CHEBI:64539	CHEBI:64539,CHEBI:64539	CHEBI:64539	CHEBI:64539										CHEBI:64539							CHEBI:64539						CHEBI:36313	R-HSA-1482788	1
alpha-D-(+)-Talopyranose	-	-	-	-	-	-	-		-	-		-	-	-																																	0
TG(16:0_15:1_16:1)	RM0064773	C50H92O6	788.6894	Glycerolipids	Triradylglycerols	TAG								TG 15:1_16:0_16:1																																	0
PC(O-44:5)	RM0024250	C52H96NO7P	877.6924	Glycerophospholipids	Glycerophosphocholines	O-PC								PC O-44:5					CHEBI:67083,CHEBI:89995	CHEBI:67083,CHEBI:67083,CHEBI:89995	CHEBI:67083,CHEBI:89995	CHEBI:67083,CHEBI:89995										CHEBI:67083,CHEBI:89995						CHEBI:140864	CHEBI:67083,CHEBI:89995,CHEBI:140864						CHEBI:36313	R-HSA-1482788	1
beta-D-(+)-Talopyranose	-	-	-	-	-	-	-		-	-		-	-	-																																	0
PE(O-18:2_22:6)	RM0054704	C45H76NO7P	773.5359	Glycerophospholipids	Glycerophosphoethanolamines	O-PE								PE O-18:2/22:6																																	0
PC(16:0_17:0)	RM0000552	C41H82NO8P	747.5778	Glycerophospholipids	Glycerophosphocholines	PC								PC 16:0_17:0																																	0
TG(14:0_16:0_18:2)	RM0062023	C51H94O6	802.7050	Glycerolipids	Triradylglycerols	TAG								TG 14:0_16:0_18:2																																	0
beta-D-Glucopyranose	-	-	-	-	-	-	-		-	-		-	-	-					CHEBI:15903	CHEBI:15903	CHEBI:15903	CHEBI:15903	C00221	C00221	C00221	C00221	CHEBI:15903	R-HSA-9683686,R-HSA-9694548,R-HSA-9768727	C00221	map01100,map01110,map01120,map01200,map00010,map00030	CHEBI:37631	CHEBI:15903,CHEBI:37631	C00221	CHEBI:15903	R-HSA-9683686,R-HSA-9694548,R-HSA-9768727	C00221	map01100,map01110,map01120,map01200,map00010,map00030		CHEBI:15903,CHEBI:37631	C00221	CHEBI:15903	R-HSA-9683686,R-HSA-9694548,R-HSA-9768727	C00221	map01100,map01110,map01120,map01200,map00010,map00030			0
LPC(16:0/0:0)	RM0135071	C24H50NO7P	495.3325	Glycerophospholipids	Glycerophosphocholines	LPC	460602	CHEBI:72998	HMDB0010382	LMGP01050018	C04230	ASWBNKHCZGQVJV-HSZRJFAPSA-N	CCCCCCCCCCCCCCCC(=O)OC[C@H](COP(=O)([O-])OCC[N+](C)(C)C)O	LPC 16:0/0:0			C04230	map00564,map04148,map05231	CHEBI:72998	CHEBI:72998,CHEBI:72998	CHEBI:72998	CHEBI:72998	C04230	C04230	C04230	C04230			C04230	map00564,map04148,map05231		CHEBI:72998	C04230			C04230	map00564,map04148,map05231		CHEBI:72998	C04230			C04230	map00564,map04148,map05231	CHEBI:58168	R-HSA-111995,R-HSA-1482839,R-HSA-2142753,R-HSA-6814848	4
PC(17:0_20:4)	RM0024950	C45H82NO8P	795.5778	Glycerophospholipids	Glycerophosphocholines	PC								PC 17:0_20:4					CHEBI:166945	CHEBI:166945,CHEBI:166945	CHEBI:166945	CHEBI:166945										CHEBI:166945						CHEBI:166955	CHEBI:166945,CHEBI:166955						CHEBI:57643	R-HSA-111995,R-HSA-1369062,R-HSA-1482788,R-HSA-1482798,R-HSA-1482839,R-HSA-1483101,R-HSA-1483148,R-HSA-1483166,R-HSA-1483191,R-HSA-1483196,R-HSA-1660661,R-HSA-2029485,R-HSA-2142753,R-HSA-382556,R-HSA-5678771,R-HSA-5683678,R-HSA-5683826,R-HSA-5688399,R-HSA-6811436,R-HSA-8964058,R-HSA-9680350	21
LPC(22:5)	RM0048600	C30H52NO7P	569.3481	Glycerophospholipids	Glycerophosphocholines	LPC								LPC 22:5					CHEBI:74349,CHEBI:133734	CHEBI:133734,CHEBI:74349,CHEBI:74349	CHEBI:74349,CHEBI:133734	CHEBI:74349,CHEBI:133734										CHEBI:74349,CHEBI:133734						CHEBI:74348,CHEBI:131985,CHEBI:140971,CHEBI:140972	CHEBI:74348,CHEBI:74349,CHEBI:131985,CHEBI:133734,CHEBI:140971,CHEBI:140972						CHEBI:58168,CHEBI:60479	R-HSA-111995,R-HSA-1482839,R-HSA-1483115,R-HSA-2142753,R-HSA-3000471,R-HSA-3000480,R-HSA-3000484,R-HSA-5686938,R-HSA-6814848	9
PC(19:0_18:2)	RM0000021	C45H86NO8P	799.6091	Glycerophospholipids	Glycerophosphocholines	PC								PC 18:2_19:0																																	0
TG(14:0_16:1_18:2)	RM0024718	C51H92O6	800.6894	Glycerolipids	Triradylglycerols	TAG								TG 14:0_16:1_18:2																																	0
LPC(17:0)	RM0134474	C25H52NO7P	509.3481	Glycerophospholipids	Glycerophosphocholines	LPC								LPC 17:0					CHEBI:72737	CHEBI:72737,CHEBI:72737	CHEBI:72737	CHEBI:72737										CHEBI:72737						CHEBI:74340,CHEBI:234156	CHEBI:72737,CHEBI:74340,CHEBI:234156						CHEBI:60479	R-HSA-1483115,R-HSA-3000471,R-HSA-3000480,R-HSA-3000484,R-HSA-5686938,R-HSA-6814848	6
TG(14:0_15:0_18:2)	RM0115762	C50H92O6	788.6894	Glycerolipids	Triradylglycerols	TAG								TG 14:0_15:0_18:2																																	0
L-Pyroglutamic acid	RM0135924	C5H7NO3	129.0426	Organic acids	Amino acids and peptides	Amino acids	7405	CHEBI:18183	HMDB0000267		C01879	ODHCTXKNWHHXJC-VKHMYHEASA-N	C1CC(=O)N[C@@H]1C(=O)O	Pyroglutamic acid			C01879	map01100,map00480,map04382	CHEBI:16010,CHEBI:18183,CHEBI:18183,CHEBI:30652	CHEBI:16010,CHEBI:18183,CHEBI:18183,CHEBI:30652	CHEBI:16010,CHEBI:18183,CHEBI:18183,CHEBI:30652	CHEBI:16010,CHEBI:18183,CHEBI:30652	C01879	C01879	C01879	C01879			C01879	map01100,map00480,map04382	CHEBI:16924,CHEBI:57606,CHEBI:57948,CHEBI:58402	CHEBI:16010,CHEBI:16924,CHEBI:18183,CHEBI:30652,CHEBI:57606,CHEBI:57948,CHEBI:58402	C01879,C02237	CHEBI:58402	R-HSA-174403,R-HSA-5578998	C01879,C02237	map01100,map00480,map04382,map01100,map00470		CHEBI:16010,CHEBI:16924,CHEBI:18183,CHEBI:30652,CHEBI:57606,CHEBI:57948,CHEBI:58402	C01879,C02237	CHEBI:58402	R-HSA-174403,R-HSA-5578998	C01879,C02237	map01100,map00480,map04382,map01100,map00470			0
PE(18:0_18:2)	RM0001471	C41H78NO8P	743.5465	Glycerophospholipids	Glycerophosphoethanolamines	PE								PE 18:0_18:2																																	0
NAE(20:0)	RM0153081	C22H45NO2	355.3450	Fatty Acyls	Fatty amides	NAE	3787294	CHEBI:85253	HMDB0248559	LMFA08040038		AUJVQJHODMISJP-UHFFFAOYSA-N	CCCCCCCCCCCCCCCCCCCC(=O)NCCO	Eicosanoyl-EA					CHEBI:85253	CHEBI:85253	CHEBI:85253	CHEBI:85253										CHEBI:85253							CHEBI:85253						CHEBI:30879	R-HSA-1483166,R-HSA-2022377,R-HSA-8935690	3
PE(P-16:0_20:4)	RM0017415	C41H74NO7P	723.5203	Glycerophospholipids	Glycerophosphoethanolamines	O-PE								PE P-16:0/20:4					CHEBI:167286	CHEBI:136195,CHEBI:167286,CHEBI:167286,CHEBI:84527	CHEBI:167286,CHEBI:136195,CHEBI:84527	CHEBI:84527,CHEBI:136195,CHEBI:167286									CHEBI:133647	CHEBI:84527,CHEBI:133647,CHEBI:136195,CHEBI:167286							CHEBI:84527,CHEBI:133647,CHEBI:136195,CHEBI:167286						CHEBI:17476	R-HSA-1482788	1
LPC(20:4/0:0)	RM0048623	C28H50NO7P	543.3325	Glycerophospholipids	Glycerophosphocholines	LPC								LPC 20:4/0:0					CHEBI:86259,CHEBI:91310	CHEBI:86259,CHEBI:91310	CHEBI:86259,CHEBI:91310	CHEBI:86259,CHEBI:91310										CHEBI:86259,CHEBI:91310						CHEBI:74344	CHEBI:74344,CHEBI:86259,CHEBI:91310						CHEBI:58168	R-HSA-111995,R-HSA-1482839,R-HSA-2142753,R-HSA-6814848	4
Nonanoic acid	RM0153439	C9H18O2	158.1307	Fatty Acyls	Fatty acids	Saturated FA	8158	CHEBI:29019	HMDB0000847	LMFA01010009	C01601	FBUKVWPVBMHYJY-UHFFFAOYSA-N	CCCCCCCCC(=O)O	Pelargonic acid					CHEBI:29019	CHEBI:29019	CHEBI:29019	CHEBI:29019	C01601	C01601	C01601	C01601					CHEBI:32361	CHEBI:29019,CHEBI:32361	C01601						CHEBI:29019,CHEBI:32361	C01601					CHEBI:59554	R-HSA-390247,R-HSA-77289	2
L-Leucine	RM0136379	C6H13NO2	131.0946	Organic acids	Amino acids and peptides	Amino acids	6106	CHEBI:15603	HMDB0000687		C00123	ROHFNLRQFUQHCH-YFKPBYRVSA-N	CC(C)C[C@@H](C(=O)O)N	Leucine			C00123	map01100,map01110,map01210,map01230,map00280,map00290,map00966,map01060,map01065,map00970,map02010,map04150,map04974,map04978,map05230,map05131	CHEBI:15603,CHEBI:25017,CHEBI:30006,CHEBI:57427	CHEBI:15603,CHEBI:25017,CHEBI:30006,CHEBI:57427	CHEBI:15603,CHEBI:25017,CHEBI:30006,CHEBI:57427	CHEBI:15603,CHEBI:25017,CHEBI:30006,CHEBI:57427	C00123,C16439	C00123,C16439	C00123,C16439	C00123,C16439	CHEBI:57427	R-HSA-352230,R-HSA-379716,R-HSA-379726,R-HSA-442660,R-HSA-5619044,R-HSA-5619094,R-HSA-5619113,R-HSA-5659735,R-HSA-5660862,R-HSA-5660883,R-HSA-70895,R-HSA-70895,R-HSA-71240,R-HSA-9639288	C00123	map01100,map01110,map01210,map01230,map00280,map00290,map00966,map01060,map01065,map00970,map02010,map04150,map04974,map04978,map05230,map05131	CHEBI:28225,CHEBI:30005,CHEBI:32619,CHEBI:32620,CHEBI:32623,CHEBI:32624,CHEBI:32627,CHEBI:32628,CHEBI:143079	CHEBI:15603,CHEBI:25017,CHEBI:28225,CHEBI:30005,CHEBI:30006,CHEBI:32619,CHEBI:32620,CHEBI:32623,CHEBI:32624,CHEBI:32627,CHEBI:32628,CHEBI:57427,CHEBI:143079	C00123,C01570,C16439	CHEBI:57427	R-HSA-352230,R-HSA-379716,R-HSA-379726,R-HSA-442660,R-HSA-5619044,R-HSA-5619094,R-HSA-5619113,R-HSA-5659735,R-HSA-5660862,R-HSA-5660883,R-HSA-70895,R-HSA-70895,R-HSA-71240,R-HSA-9639288	C00123	map01100,map01110,map01210,map01230,map00280,map00290,map00966,map01060,map01065,map00970,map02010,map04150,map04974,map04978,map05230,map05131	CHEBI:192087	CHEBI:15603,CHEBI:25017,CHEBI:28225,CHEBI:30005,CHEBI:30006,CHEBI:32619,CHEBI:32620,CHEBI:32623,CHEBI:32624,CHEBI:32627,CHEBI:32628,CHEBI:57427,CHEBI:143079,CHEBI:192087	C00123,C01570,C16439	CHEBI:57427	R-HSA-352230,R-HSA-379716,R-HSA-379726,R-HSA-442660,R-HSA-5619044,R-HSA-5619094,R-HSA-5619113,R-HSA-5659735,R-HSA-5660862,R-HSA-5660883,R-HSA-70895,R-HSA-70895,R-HSA-71240,R-HSA-9639288	C00123	map01100,map01110,map01210,map01230,map00280,map00290,map00966,map01060,map01065,map00970,map02010,map04150,map04974,map04978,map05230,map05131			0
CE(20:3)	RM0125977	C47H78O2	674.6002	Sterol Lipids	Sterol esters	Chol. esters								CE 20:3					CHEBI:138331,CHEBI:84346	CHEBI:138331,CHEBI:84346	CHEBI:138331,CHEBI:84346	CHEBI:84346,CHEBI:138331										CHEBI:84346,CHEBI:138331						CHEBI:88752,CHEBI:137412	CHEBI:84346,CHEBI:88752,CHEBI:137412,CHEBI:138331						CHEBI:17002	R-HSA-163560,R-HSA-192456,R-HSA-202733,R-HSA-211945,R-HSA-2168880,R-HSA-3000471,R-HSA-3000480,R-HSA-3000484,R-HSA-3000497,R-HSA-432142,R-HSA-5686938,R-HSA-8856825,R-HSA-8856828,R-HSA-8866423,R-HSA-8963888,R-HSA-8963896,R-HSA-8963901,R-HSA-8964011,R-HSA-8964026,R-HSA-8964038,R-HSA-8964041,R-HSA-8964046,R-HSA-8964058,R-HSA-8964572,R-HSA-9707616,R-HSA-975634,R-HSA-9918432,R-HSA-9918481,R-HSA-9918487,R-HSA-9920588,R-HSA-9920951	31
1-Hexadecanol	RM0139503	C16H34O	242.2610	Fatty Acyls	Fatty alcohols	Fatty alcohols	2682	CHEBI:16125	HMDB0003424	LMFA05000061	C00823	BXWNKGSJHAJOGX-UHFFFAOYSA-N	CCCCCCCCCCCCCCCCO	Cetyl alcohol	CHEBI:16125	R-HSA-75896,R-HSA-9640463	C00823	map00071	CHEBI:16125	CHEBI:16125	CHEBI:16125	CHEBI:16125	C00823	C00823	C00823	C00823	CHEBI:16125	R-HSA-75896,R-HSA-9640463	C00823	map00071		CHEBI:16125	C00823	CHEBI:16125	R-HSA-75896,R-HSA-9640463	C00823	map00071		CHEBI:16125	C00823	CHEBI:16125	R-HSA-75896,R-HSA-9640463	C00823	map00071			0
Diphenyl ether	-	-	-	-	-	-	-		-	-		-	-	-					CHEBI:39258	CHEBI:39258	CHEBI:39258	CHEBI:39258										CHEBI:39258							CHEBI:39258								0
LPE(18:2)	RM0048672	C23H44NO7P	477.2855	Glycerophospholipids	Glycerophosphoethanolamines	LPE								LPE 18:2					CHEBI:72389,CHEBI:76233,CHEBI:91296	CHEBI:76233,CHEBI:72389,CHEBI:72389,CHEBI:91296	CHEBI:72389,CHEBI:76233,CHEBI:91296	CHEBI:72389,CHEBI:76233,CHEBI:91296									CHEBI:76090	CHEBI:72389,CHEBI:76090,CHEBI:76233,CHEBI:91296						CHEBI:83058,CHEBI:131744,CHEBI:131745,CHEBI:133732	CHEBI:72389,CHEBI:76090,CHEBI:76233,CHEBI:83058,CHEBI:91296,CHEBI:131744,CHEBI:131745,CHEBI:133732						CHEBI:28936,CHEBI:36314	R-HSA-1482788,R-HSA-1482839,R-HSA-1483152	3
PC(O-38:5)	RM0134819	C46H84NO7P	793.5985	Glycerophospholipids	Glycerophosphocholines	O-PC								PC O-38:5					CHEBI:64445	CHEBI:64445,CHEBI:64445	CHEBI:64445	CHEBI:64445										CHEBI:64445						CHEBI:84827,CHEBI:136123	CHEBI:64445,CHEBI:84827,CHEBI:136123						CHEBI:36313	R-HSA-1482788	1
TG(12:0_16:0_20:4)	RM0110595	C51H90O6	798.6737	Glycerolipids	Triradylglycerols	TAG								TG 12:0_16:0_20:4																																	0
Fluconazole	RM0108860	C13H12F2N6O	306.1041	Benzenoids	Halobenzenes	Fluorobenzenes	3365	CHEBI:46081	HMDB0014342			RFHAOTPXVQNOHP-UHFFFAOYSA-N	c1cc(c(cc1F)F)C(Cn1cncn1)(Cn1cncn1)O	Fluconazole					CHEBI:46081	CHEBI:46081	CHEBI:46081	CHEBI:46081										CHEBI:46081							CHEBI:46081						CHEBI:30879	R-HSA-1483166,R-HSA-2022377,R-HSA-8935690	3
Crotonic acid	RM0152787	C4H6O2	86.0368	Organic acids	Carboxylic acids	Carboxylic acids	637090	CHEBI:41131	HMDB0010720	LMFA01030195	C01771	LDHQCZJRKDOVOX-NSCUHMNNSA-N	C/C=C/C(=O)O	Crotonic acid					CHEBI:17217,CHEBI:41131,CHEBI:41131	CHEBI:17217,CHEBI:41131,CHEBI:41131	CHEBI:17217,CHEBI:41131,CHEBI:41131	CHEBI:17217,CHEBI:41131	C01771	C01771	C01771	C01771					CHEBI:35899,CHEBI:36258	CHEBI:17217,CHEBI:35899,CHEBI:36258,CHEBI:41131	C01771					CHEBI:36253,CHEBI:36254	CHEBI:17217,CHEBI:35899,CHEBI:36253,CHEBI:36254,CHEBI:36258,CHEBI:41131	C01771					CHEBI:33575,CHEBI:35366	R-HSA-1482883,R-HSA-167826,R-HSA-422085,R-HSA-426048,R-HSA-6809371,R-HSA-6811436,R-HSA-8963889,R-HSA-8964038	8
TG(14:0_16:0_18:1)	RM0134318	C51H96O6	804.7207	Glycerolipids	Triradylglycerols	TAG								TG 14:0_16:0_18:1					CHEBI:167294	CHEBI:167294,CHEBI:167294	CHEBI:167294	CHEBI:167294										CHEBI:167294							CHEBI:167294						CHEBI:17855	R-HSA-1482883,R-HSA-163560,R-HSA-192456,R-HSA-202733,R-HSA-3000471,R-HSA-3000480,R-HSA-3000484,R-HSA-3000497,R-HSA-432142,R-HSA-5686938,R-HSA-6809371,R-HSA-75109,R-HSA-8856825,R-HSA-8856828,R-HSA-8866423,R-HSA-8963888,R-HSA-8963889,R-HSA-8963901,R-HSA-8964011,R-HSA-8964026,R-HSA-8964038,R-HSA-8964041,R-HSA-8964046,R-HSA-8964058,R-HSA-8964572,R-HSA-9707616,R-HSA-975634,R-HSA-9918432,R-HSA-9918481,R-HSA-9918487,R-HSA-9920588,R-HSA-9920951	32
SM(41:3;3O)	RM0186413	C46H89N2O7P	812.6407	Sphingolipids	Phosphosphingolipids	SM								SM 41:3;O3																																	0
PI(18:1_20:4)	RM0057263	C47H81O13P	884.5415	Glycerophospholipids	Glycerophosphoinositols	PI								PI 18:1_20:4																																	0
PE(P-20:0_20:5)	RM0055413	C45H80NO7P	777.5672	Glycerophospholipids	Glycerophosphoethanolamines	O-PE								PE P-20:0/20:5																																	0
SM(34:2;2O)	RM0134151	C39H77N2O6P	700.5519	Sphingolipids	Phosphosphingolipids	SM								SM 34:2;O2																																	0
Supraene	RM0009831	C30H50	410.3913	Prenol Lipids	Isoprenoids	C30 isoprenoids	5280370	CHEBI:15440	HMDB0000256	LMPR0106010002	C00751	YYGNTYWPHWGJRM-AAJYLUCBSA-N	CC(=CCC/C(=C/CC/C(=C/CC/C=C(\C)/CC/C=C(\C)/CCC=C(C)C)/C)/C)C	Squalene	CHEBI:15440	R-HSA-198933,R-HSA-9969896	C00751	map01100,map01110,map00100,map00909,map00996,map00999,map01060,map01062,map01066,map01070	CHEBI:15440,CHEBI:15440	CHEBI:15440,CHEBI:15440	CHEBI:15440,CHEBI:15440	CHEBI:15440	C00751	C00751	C00751	C00751	CHEBI:15440	R-HSA-198933,R-HSA-9969896	C00751	map01100,map01110,map00100,map00909,map00996,map00999,map01060,map01062,map01066,map01070		CHEBI:15440	C00751	CHEBI:15440	R-HSA-198933,R-HSA-9969896	C00751	map01100,map01110,map00100,map00909,map00996,map00999,map01060,map01062,map01066,map01070		CHEBI:15440	C00751	CHEBI:15440	R-HSA-198933,R-HSA-9969896	C00751	map01100,map01110,map00100,map00909,map00996,map00999,map01060,map01062,map01066,map01070			0
Diisoamyl ether	-	-	-	-	-	-	-		-	-		-	-	-					CHEBI:183294	CHEBI:183294	CHEBI:183294	CHEBI:183294										CHEBI:183294							CHEBI:183294								0
Diethylene glycol	RM0156025	C4H10O3	106.0630	Organic oxygen compounds	Ethers	Dialkyl ethers	8117	CHEBI:46807	HMDB0251245		C14689	MTHSVFCYNBDYFN-UHFFFAOYSA-N	C(COCCO)O	Diethylene glycol					CHEBI:46807,CHEBI:46807	CHEBI:46807,CHEBI:46807	CHEBI:46807,CHEBI:46807	CHEBI:46807	C14689	C14689	C14689	C14689						CHEBI:46807	C14689						CHEBI:46807	C14689					CHEBI:30879	R-HSA-1483166,R-HSA-2022377,R-HSA-8935690	3
PI(34:2)	RM0138799	C43H79O13P	834.5258	Glycerophospholipids	Glycerophosphoinositols	PI								PI 34:2					CHEBI:136243,CHEBI:74238,CHEBI:88558,CHEBI:88561,CHEBI:88562,CHEBI:88563,CHEBI:88605,CHEBI:88626,CHEBI:88640,CHEBI:73212	CHEBI:136243,CHEBI:136243,CHEBI:88558,CHEBI:88561,CHEBI:88562,CHEBI:88563,CHEBI:88605,CHEBI:88626,CHEBI:88640,CHEBI:73212,CHEBI:74238,CHEBI:74238	CHEBI:136243,CHEBI:74238,CHEBI:88558,CHEBI:88561,CHEBI:88562,CHEBI:88563,CHEBI:88605,CHEBI:88626,CHEBI:88640,CHEBI:73212	CHEBI:73212,CHEBI:74238,CHEBI:88558,CHEBI:88561,CHEBI:88562,CHEBI:88563,CHEBI:88605,CHEBI:88626,CHEBI:88640,CHEBI:136243									CHEBI:72838	CHEBI:72838,CHEBI:73212,CHEBI:74238,CHEBI:88558,CHEBI:88561,CHEBI:88562,CHEBI:88563,CHEBI:88605,CHEBI:88626,CHEBI:88640,CHEBI:136243						CHEBI:136244,CHEBI:136493	CHEBI:72838,CHEBI:73212,CHEBI:74238,CHEBI:88558,CHEBI:88561,CHEBI:88562,CHEBI:88563,CHEBI:88605,CHEBI:88626,CHEBI:88640,CHEBI:136243,CHEBI:136244,CHEBI:136493						CHEBI:28874,CHEBI:57880	R-HSA-1482922,R-HSA-1483196,R-HSA-1483226,R-HSA-1483248,R-HSA-162710,R-HSA-163125,R-HSA-1632852,R-HSA-1660499,R-HSA-1660514,R-HSA-1660516,R-HSA-1660517,R-HSA-198933,R-HSA-2046106,R-HSA-3000471,R-HSA-3000480,R-HSA-5668599,R-HSA-9636383,R-HSA-9793528	18
SM(44:2;3O)	RM0162340	C49H97N2O7P	856.7033	Sphingolipids	Phosphosphingolipids	SM								SM 44:2;O3																																	0
LPC(20:5/0:0)	RM0048629	C28H48NO7P	541.3168	Glycerophospholipids	Glycerophosphocholines	LPC								LPC 20:5/0:0					CHEBI:88686,CHEBI:91311	CHEBI:88686,CHEBI:91311	CHEBI:88686,CHEBI:91311	CHEBI:88686,CHEBI:91311										CHEBI:88686,CHEBI:91311							CHEBI:88686,CHEBI:91311						CHEBI:58168,CHEBI:60479	R-HSA-111995,R-HSA-1482839,R-HSA-1483115,R-HSA-2142753,R-HSA-3000471,R-HSA-3000480,R-HSA-3000484,R-HSA-5686938,R-HSA-6814848	9
PE(P-16:0_18:1)	RM0134760	C39H76NO7P	701.5359	Glycerophospholipids	Glycerophosphoethanolamines	O-PE								PE P-16:0/18:1					CHEBI:167283	CHEBI:136187,CHEBI:167283,CHEBI:167283,CHEBI:84533	CHEBI:167283,CHEBI:136187,CHEBI:84533	CHEBI:84533,CHEBI:136187,CHEBI:167283										CHEBI:84533,CHEBI:136187,CHEBI:167283							CHEBI:84533,CHEBI:136187,CHEBI:167283						CHEBI:17476	R-HSA-1482788	1
2-Isopropyl-5-methyl-1-heptanol	-	-	-	-	-	-	-		-	-		-	-	-					CHEBI:84281	CHEBI:84281	CHEBI:84281	CHEBI:84281										CHEBI:84281							CHEBI:84281						CHEBI:30879	R-HSA-1483166,R-HSA-2022377,R-HSA-8935690	3
LPC(16:1)	RM0048603	C24H48NO7P	493.3168	Glycerophospholipids	Glycerophosphocholines	LPC								LPC 16:1					CHEBI:64560,CHEBI:133515	CHEBI:133515,CHEBI:64560,CHEBI:64560	CHEBI:64560,CHEBI:133515	CHEBI:64560,CHEBI:133515										CHEBI:64560,CHEBI:133515						CHEBI:73851,CHEBI:84752,CHEBI:91298,CHEBI:91305,CHEBI:134604,CHEBI:140432	CHEBI:64560,CHEBI:73851,CHEBI:84752,CHEBI:91298,CHEBI:91305,CHEBI:133515,CHEBI:134604,CHEBI:140432						CHEBI:28716,CHEBI:60479	R-HSA-1483115,R-HSA-3000471,R-HSA-3000480,R-HSA-3000484,R-HSA-381771,R-HSA-416476,R-HSA-444209,R-HSA-5686938,R-HSA-6814848	9
2,3-Butanediol	RM0118136	C4H10O2	90.0681	Organic oxygen compounds	Alcohols and polyols	1,2-diols	225936	CHEBI:16982	HMDB0033007		C03044	OWBTYPJTUOEWEK-QWWZWVQMSA-N	C[C@H]([C@@H](C)O)O	2,3-Butanediol			C03044	map01110,map00650	CHEBI:62064	CHEBI:62064	CHEBI:62064	CHEBI:16982,CHEBI:62064	C03044	C03044	C03044	C03044			C03044	map01110,map00650	CHEBI:16812	CHEBI:16812,CHEBI:16982,CHEBI:62064	C03044,C03046			C03044,C03046	map01110,map00650,map01110,map00650	CHEBI:75460	CHEBI:16812,CHEBI:16982,CHEBI:62064,CHEBI:75460	C03044,C03046			C03044,C03046	map01110,map00650,map01110,map00650	CHEBI:30879	R-HSA-1483166,R-HSA-2022377,R-HSA-8935690	3
1-((1-((1-Methoxypropan-2-yl)oxy)propan-2-yl)oxy)propan-2-ol	-	-	-	-	-	-	-		-	-		-	-	-					CHEBI:183311	CHEBI:183311	CHEBI:183311	CHEBI:183311										CHEBI:183311							CHEBI:183311						CHEBI:30879	R-HSA-1483166,R-HSA-2022377,R-HSA-8935690	3
DG(36:5)	RM0035492	C39H66O5	614.4910	Glycerolipids	Diradylglycerols	DAG								DG 36:5					CHEBI:85698,CHEBI:88397,CHEBI:88475,CHEBI:88487,CHEBI:88489,CHEBI:88711,CHEBI:88789,CHEBI:88791,CHEBI:88991,CHEBI:88992,CHEBI:89170,CHEBI:89198,CHEBI:89210,CHEBI:89223,CHEBI:89262,CHEBI:89325,CHEBI:89435,CHEBI:89660,CHEBI:89674,CHEBI:89686,CHEBI:89812	CHEBI:85698,CHEBI:88397,CHEBI:88475,CHEBI:88487,CHEBI:88489,CHEBI:88711,CHEBI:88789,CHEBI:88791,CHEBI:88991,CHEBI:88992,CHEBI:89170,CHEBI:89198,CHEBI:89210,CHEBI:89223,CHEBI:89262,CHEBI:89325,CHEBI:89435,CHEBI:89660,CHEBI:89674,CHEBI:89686,CHEBI:89812	CHEBI:85698,CHEBI:88397,CHEBI:88475,CHEBI:88487,CHEBI:88489,CHEBI:88711,CHEBI:88789,CHEBI:88791,CHEBI:88991,CHEBI:88992,CHEBI:89170,CHEBI:89198,CHEBI:89210,CHEBI:89223,CHEBI:89262,CHEBI:89325,CHEBI:89435,CHEBI:89660,CHEBI:89674,CHEBI:89686,CHEBI:89812	CHEBI:85698,CHEBI:88397,CHEBI:88475,CHEBI:88487,CHEBI:88489,CHEBI:88711,CHEBI:88789,CHEBI:88791,CHEBI:88991,CHEBI:88992,CHEBI:89170,CHEBI:89198,CHEBI:89210,CHEBI:89223,CHEBI:89262,CHEBI:89325,CHEBI:89435,CHEBI:89660,CHEBI:89674,CHEBI:89686,CHEBI:89812										CHEBI:85698,CHEBI:88397,CHEBI:88475,CHEBI:88487,CHEBI:88489,CHEBI:88711,CHEBI:88789,CHEBI:88791,CHEBI:88991,CHEBI:88992,CHEBI:89170,CHEBI:89198,CHEBI:89210,CHEBI:89223,CHEBI:89262,CHEBI:89325,CHEBI:89435,CHEBI:89660,CHEBI:89674,CHEBI:89686,CHEBI:89812							CHEBI:85698,CHEBI:88397,CHEBI:88475,CHEBI:88487,CHEBI:88489,CHEBI:88711,CHEBI:88789,CHEBI:88791,CHEBI:88991,CHEBI:88992,CHEBI:89170,CHEBI:89198,CHEBI:89210,CHEBI:89223,CHEBI:89262,CHEBI:89325,CHEBI:89435,CHEBI:89660,CHEBI:89674,CHEBI:89686,CHEBI:89812						CHEBI:18035	R-HSA-112043,R-HSA-1250196,R-HSA-192456,R-HSA-202424,R-HSA-202433,R-HSA-2029485,R-HSA-2871809,R-HSA-2871837,R-HSA-418890,R-HSA-5218921,R-HSA-5607764,R-HSA-6809371,R-HSA-8963889,R-HSA-8963901,R-HSA-8964058,R-HSA-9027277,R-HSA-9648002,R-HSA-9664323,R-HSA-9680350,R-HSA-975634	20
PI(38:6)	RM0134528	C47H79O13P	882.5258	Glycerophospholipids	Glycerophosphoinositols	PI								PI 38:6					CHEBI:138567,CHEBI:74242	CHEBI:138567,CHEBI:138567,CHEBI:74242,CHEBI:74242	CHEBI:138567,CHEBI:74242	CHEBI:74242,CHEBI:138567										CHEBI:74242,CHEBI:138567						CHEBI:234384	CHEBI:74242,CHEBI:138567,CHEBI:234384						CHEBI:28874,CHEBI:57880	R-HSA-1482922,R-HSA-1483196,R-HSA-1483226,R-HSA-1483248,R-HSA-162710,R-HSA-163125,R-HSA-1632852,R-HSA-1660499,R-HSA-1660514,R-HSA-1660516,R-HSA-1660517,R-HSA-198933,R-HSA-2046106,R-HSA-3000471,R-HSA-3000480,R-HSA-5668599,R-HSA-9636383,R-HSA-9793528	18
TG(18:1_18:2_24:5)	RM0176601	C63H106O6	958.7989	Glycerolipids	Triradylglycerols	TAG								TG 18:1_18:2_24:5																																	0
LPC(16:1/0:0)	RM0048628	C24H48NO7P	493.3168	Glycerophospholipids	Glycerophosphocholines	LPC								LPC 16:1/0:0					CHEBI:134604,CHEBI:91305	CHEBI:134604,CHEBI:91305	CHEBI:134604,CHEBI:91305	CHEBI:91305,CHEBI:134604										CHEBI:91305,CHEBI:134604						CHEBI:84752	CHEBI:84752,CHEBI:91305,CHEBI:134604						CHEBI:58168	R-HSA-111995,R-HSA-1482839,R-HSA-2142753,R-HSA-6814848	4
SM(37:2;3O)	RM0026263	C42H83N2O7P	758.5938	Sphingolipids	Phosphosphingolipids	SM								SM 37:2;O3																																	0
N-ethyl-Acetamide	-	-	-	-	-	-	-		-	-		-	-	-																																	0
Nonadecane	RM0150436	C19H40	268.3130	Fatty Acyls	Hydrocarbons	Hydrocarbons	12401	CHEBI:32927	HMDB0034289	LMFA11000578		LQERIDTXQFOHKA-UHFFFAOYSA-N	CCCCCCCCCCCCCCCCCCC	Nonadecane					CHEBI:32927	CHEBI:32927	CHEBI:32927	CHEBI:32927										CHEBI:32927							CHEBI:32927								0
PE(17:0_17:0)	RM0135078	C39H78NO8P	719.5465	Glycerophospholipids	Glycerophosphoethanolamines	PE	46891875	CHEBI:138218		LMGP02011213		YSFFAUPDXKTJMR-DIPNUNPCSA-N	CCCCCCCCCCCCCCCCC(=O)OC[C@H](COP(=O)(O)OCCN)OC(=O)CCCCCCCCCCCCCCCC	PE 17:0/17:0						CHEBI:138926	CHEBI:138926	CHEBI:138218,CHEBI:138926										CHEBI:138218,CHEBI:138926							CHEBI:138218,CHEBI:138926						CHEBI:36314,CHEBI:64612	R-HSA-1482788,R-HSA-1660661	2
3-Pyridinol	RM0108771	C5H5NO	95.0371	Alkaloids	Pyridine alkaloids	Nicotinic acid alkaloids	7971	CHEBI:87440				GRFNBEZIAWKNCO-UHFFFAOYSA-N	c1cc(cnc1)O	3-Hydroxypyridine					CHEBI:87440	CHEBI:87440	CHEBI:87440	CHEBI:87440										CHEBI:87440							CHEBI:87440								0
TG(14:0_15:0_18:1)	RM0114354	C50H94O6	790.7050	Glycerolipids	Triradylglycerols	TAG								TG 14:0_15:0_18:1																																	0
N-Isobutyrylglycine	RM0048090	C6H11NO3	145.0739	Organic acids	Amino acids and peptides	Amino acids	10855600	CHEBI:70979	HMDB0000730			DCICDMMXFIELDF-UHFFFAOYSA-N	CC(C)C(=O)NCC(=O)O	Isobutyrylglycine					CHEBI:70979	CHEBI:70979	CHEBI:70979	CHEBI:70979									CHEBI:133610	CHEBI:70979,CHEBI:133610							CHEBI:70979,CHEBI:133610						CHEBI:33575	R-HSA-6809371	1
SM(18:2;2O/24:2)	RM0008933	C47H89N2O6P	808.6458	Sphingolipids	Phosphosphingolipids	SM								SM 18:2;O2/24:2																																	0
SM(18:1;2O/26:2)	RM0134126	C49H95N2O6P	838.6928	Sphingolipids	Phosphosphingolipids	SM								SM 18:1;O2/26:2																																	0
Carbitol	-	-	-	-	-	-	-		-	-		-	-	-					CHEBI:40572	CHEBI:40572	CHEBI:40572	CHEBI:40572										CHEBI:40572							CHEBI:40572						CHEBI:30879	R-HSA-1483166,R-HSA-2022377,R-HSA-8935690	3
PE(P-18:0_22:5)	RM0092655	C45H80NO7P	777.5672	Glycerophospholipids	Glycerophosphoethanolamines	O-PE								PE P-18:0/22:5					CHEBI:90485	CHEBI:136200,CHEBI:90485	CHEBI:90485,CHEBI:136200	CHEBI:90485,CHEBI:136200										CHEBI:90485,CHEBI:136200							CHEBI:90485,CHEBI:136200						CHEBI:17476	R-HSA-1482788	1
SM(18:2;2O/24:1)	RM0134145	C47H91N2O6P	810.6615	Sphingolipids	Phosphosphingolipids	SM								SM 18:2;O2/24:1																																	0
PC(17:0_22:6)	RM0171094	C47H82NO8P	819.5778	Glycerophospholipids	Glycerophosphocholines	PC								PC 17:0_22:6					CHEBI:166946	CHEBI:166946,CHEBI:166946	CHEBI:166946	CHEBI:166946										CHEBI:166946						CHEBI:166956	CHEBI:166946,CHEBI:166956						CHEBI:57643	R-HSA-111995,R-HSA-1369062,R-HSA-1482788,R-HSA-1482798,R-HSA-1482839,R-HSA-1483101,R-HSA-1483148,R-HSA-1483166,R-HSA-1483191,R-HSA-1483196,R-HSA-1660661,R-HSA-2029485,R-HSA-2142753,R-HSA-382556,R-HSA-5678771,R-HSA-5683678,R-HSA-5683826,R-HSA-5688399,R-HSA-6811436,R-HSA-8964058,R-HSA-9680350	21
LPC(18:0/0:0)	RM0048621	C26H54NO7P	523.3638	Glycerophospholipids	Glycerophosphocholines	LPC								LPC 18:0/0:0					CHEBI:73858,CHEBI:91313	CHEBI:73858,CHEBI:73858,CHEBI:91313	CHEBI:73858,CHEBI:91313	CHEBI:73858,CHEBI:91313										CHEBI:73858,CHEBI:91313							CHEBI:73858,CHEBI:91313						CHEBI:58168	R-HSA-111995,R-HSA-1482839,R-HSA-2142753,R-HSA-6814848	4
TG(14:0_15:0_16:1)	RM0073415	C48H90O6	762.6737	Glycerolipids	Triradylglycerols	TAG								TG 14:0_15:0_16:1																																	0
PI(38:4)	RM0134523	C47H83O13P	886.5571	Glycerophospholipids	Glycerophosphoinositols	PI								PI 38:4					CHEBI:136239,CHEBI:74240,CHEBI:88417,CHEBI:88421,CHEBI:88572,CHEBI:88628,CHEBI:88629,CHEBI:88643,CHEBI:88644,CHEBI:88657,CHEBI:89110,CHEBI:89131,CHEBI:89135,CHEBI:89141,CHEBI:89142,CHEBI:89156,CHEBI:89250,CHEBI:89298,CHEBI:89303	CHEBI:136239,CHEBI:136239,CHEBI:88417,CHEBI:88421,CHEBI:88572,CHEBI:88628,CHEBI:88629,CHEBI:88643,CHEBI:88644,CHEBI:88657,CHEBI:89110,CHEBI:89131,CHEBI:89135,CHEBI:89141,CHEBI:89142,CHEBI:89156,CHEBI:89250,CHEBI:89298,CHEBI:89303,CHEBI:74240,CHEBI:74240	CHEBI:136239,CHEBI:74240,CHEBI:88417,CHEBI:88421,CHEBI:88572,CHEBI:88628,CHEBI:88629,CHEBI:88643,CHEBI:88644,CHEBI:88657,CHEBI:89110,CHEBI:89131,CHEBI:89135,CHEBI:89141,CHEBI:89142,CHEBI:89156,CHEBI:89250,CHEBI:89298,CHEBI:89303	CHEBI:74240,CHEBI:88417,CHEBI:88421,CHEBI:88572,CHEBI:88628,CHEBI:88629,CHEBI:88643,CHEBI:88644,CHEBI:88657,CHEBI:89110,CHEBI:89131,CHEBI:89135,CHEBI:89141,CHEBI:89142,CHEBI:89156,CHEBI:89250,CHEBI:89298,CHEBI:89303,CHEBI:136239										CHEBI:74240,CHEBI:88417,CHEBI:88421,CHEBI:88572,CHEBI:88628,CHEBI:88629,CHEBI:88643,CHEBI:88644,CHEBI:88657,CHEBI:89110,CHEBI:89131,CHEBI:89135,CHEBI:89141,CHEBI:89142,CHEBI:89156,CHEBI:89250,CHEBI:89298,CHEBI:89303,CHEBI:136239						CHEBI:84153,CHEBI:90432,CHEBI:133606,CHEBI:140355,CHEBI:167276,CHEBI:167277	CHEBI:74240,CHEBI:84153,CHEBI:88417,CHEBI:88421,CHEBI:88572,CHEBI:88628,CHEBI:88629,CHEBI:88643,CHEBI:88644,CHEBI:88657,CHEBI:89110,CHEBI:89131,CHEBI:89135,CHEBI:89141,CHEBI:89142,CHEBI:89156,CHEBI:89250,CHEBI:89298,CHEBI:89303,CHEBI:90432,CHEBI:133606,CHEBI:136239,CHEBI:140355,CHEBI:167276,CHEBI:167277						CHEBI:28874,CHEBI:57880	R-HSA-1482922,R-HSA-1483196,R-HSA-1483226,R-HSA-1483248,R-HSA-162710,R-HSA-163125,R-HSA-1632852,R-HSA-1660499,R-HSA-1660514,R-HSA-1660516,R-HSA-1660517,R-HSA-198933,R-HSA-2046106,R-HSA-3000471,R-HSA-3000480,R-HSA-5668599,R-HSA-9636383,R-HSA-9793528	18
PE(P-18:0_18:1)	RM0134766	C41H80NO7P	729.5672	Glycerophospholipids	Glycerophosphoethanolamines	O-PE								PE P-18:0/18:1					CHEBI:167288	CHEBI:136205,CHEBI:167288,CHEBI:167288,CHEBI:79203	CHEBI:167288,CHEBI:136205,CHEBI:79203	CHEBI:79203,CHEBI:136205,CHEBI:167288									CHEBI:78340	CHEBI:78340,CHEBI:79203,CHEBI:136205,CHEBI:167288							CHEBI:78340,CHEBI:79203,CHEBI:136205,CHEBI:167288						CHEBI:17476	R-HSA-1482788	1
TG(12:0_15:0_16:0)	RM0028280	C46H88O6	736.6581	Glycerolipids	Triradylglycerols	TAG								TG 12:0_15:0_16:0																																	0
SM(36:0;2O)	RM0134098	C41H85N2O6P	732.6145	Sphingolipids	Phosphosphingolipids	SM								SM 36:0;O2																																	0
LPC(15:0/0:0)	RM0161552	C23H48NO7P	481.3168	Glycerophospholipids	Glycerophosphocholines	LPC								LPC 15:0/0:0					CHEBI:131924	CHEBI:131924	CHEBI:131924	CHEBI:131924										CHEBI:131924							CHEBI:131924						CHEBI:58168	R-HSA-111995,R-HSA-1482839,R-HSA-2142753,R-HSA-6814848	4
DG(34:1)	RM0138788	C37H70O5	594.5223	Glycerolipids	Diradylglycerols	DAG								DG 34:1					CHEBI:85694,CHEBI:75868,CHEBI:88454,CHEBI:88527,CHEBI:88787,CHEBI:88797,CHEBI:88944,CHEBI:89027	CHEBI:75868,CHEBI:85694,CHEBI:85694,CHEBI:88454,CHEBI:88527,CHEBI:88787,CHEBI:88797,CHEBI:88944,CHEBI:89027	CHEBI:85694,CHEBI:75868,CHEBI:88454,CHEBI:88527,CHEBI:88787,CHEBI:88797,CHEBI:88944,CHEBI:89027	CHEBI:75868,CHEBI:85694,CHEBI:88454,CHEBI:88527,CHEBI:88787,CHEBI:88797,CHEBI:88944,CHEBI:89027										CHEBI:75868,CHEBI:85694,CHEBI:88454,CHEBI:88527,CHEBI:88787,CHEBI:88797,CHEBI:88944,CHEBI:89027						CHEBI:86346,CHEBI:134556	CHEBI:75868,CHEBI:85694,CHEBI:86346,CHEBI:88454,CHEBI:88527,CHEBI:88787,CHEBI:88797,CHEBI:88944,CHEBI:89027,CHEBI:134556						CHEBI:18035	R-HSA-112043,R-HSA-1250196,R-HSA-192456,R-HSA-202424,R-HSA-202433,R-HSA-2029485,R-HSA-2871809,R-HSA-2871837,R-HSA-418890,R-HSA-5218921,R-HSA-5607764,R-HSA-6809371,R-HSA-8963889,R-HSA-8963901,R-HSA-8964058,R-HSA-9027277,R-HSA-9648002,R-HSA-9664323,R-HSA-9680350,R-HSA-975634	20
1,4-Benzenedicarboxylic acid, dimethyl ester	-	-	-	-	-	-	-		-	-		-	-	-																																	0
SM(40:2;2O)	RM0122299	C45H89N2O6P	784.6458	Sphingolipids	Phosphosphingolipids	SM								SM 40:2;O2																																	0
Bisphenol A monomethyl ether	-	-	-	-	-	-	-		-	-		-	-	-					CHEBI:131346	CHEBI:131346	CHEBI:131346	CHEBI:131346										CHEBI:131346							CHEBI:131346								0
3,7-dimethyl-Decane	-	-	-	-	-	-	-		-	-		-	-	-																																	0
SM(38:1;2O)	RM0134157	C43H87N2O6P	758.6302	Sphingolipids	Phosphosphingolipids	SM								SM 38:1;O2																																	0
PC(18:0_22:4)	RM0000944	C48H88NO8P	837.6248	Glycerophospholipids	Glycerophosphocholines	PC								PC 18:0_22:4																																	0
PI(36:2)	RM0056605	C45H83O13P	862.5571	Glycerophospholipids	Glycerophosphoinositols	PI								PI 36:2					CHEBI:136236,CHEBI:74372,CHEBI:77343,CHEBI:88387,CHEBI:88602,CHEBI:88604,CHEBI:88612,CHEBI:88627,CHEBI:88641,CHEBI:89150	CHEBI:136236,CHEBI:136236,CHEBI:77343,CHEBI:88387,CHEBI:88602,CHEBI:88604,CHEBI:88612,CHEBI:88627,CHEBI:88641,CHEBI:89150,CHEBI:74372,CHEBI:74372	CHEBI:136236,CHEBI:74372,CHEBI:77343,CHEBI:88387,CHEBI:88602,CHEBI:88604,CHEBI:88612,CHEBI:88627,CHEBI:88641,CHEBI:89150	CHEBI:74372,CHEBI:77343,CHEBI:88387,CHEBI:88602,CHEBI:88604,CHEBI:88612,CHEBI:88627,CHEBI:88641,CHEBI:89150,CHEBI:136236									CHEBI:77158	CHEBI:74372,CHEBI:77158,CHEBI:77343,CHEBI:88387,CHEBI:88602,CHEBI:88604,CHEBI:88612,CHEBI:88627,CHEBI:88641,CHEBI:89150,CHEBI:136236						CHEBI:90431,CHEBI:167271,CHEBI:195485	CHEBI:74372,CHEBI:77158,CHEBI:77343,CHEBI:88387,CHEBI:88602,CHEBI:88604,CHEBI:88612,CHEBI:88627,CHEBI:88641,CHEBI:89150,CHEBI:90431,CHEBI:136236,CHEBI:167271,CHEBI:195485						CHEBI:28874,CHEBI:57880	R-HSA-1482922,R-HSA-1483196,R-HSA-1483226,R-HSA-1483248,R-HSA-162710,R-HSA-163125,R-HSA-1632852,R-HSA-1660499,R-HSA-1660514,R-HSA-1660516,R-HSA-1660517,R-HSA-198933,R-HSA-2046106,R-HSA-3000471,R-HSA-3000480,R-HSA-5668599,R-HSA-9636383,R-HSA-9793528	18
Caprolactam	RM0136896	C6H11NO	113.0841	Organoheterocyclic compounds	Caprolactams	Caprolactams	7768	CHEBI:28579	HMDB0062769		C06593	JBKVHLHDHHXQEQ-UHFFFAOYSA-N	C1CCC(=O)NCC1	Epsilon-caprolactam	CHEBI:28579	R-HSA-9717207,R-HSA-9717207	C06593	map01100,map01120,map00930	CHEBI:28579,CHEBI:28579	CHEBI:28579,CHEBI:28579	CHEBI:28579,CHEBI:28579	CHEBI:28579	C06593	C06593	C06593	C06593	CHEBI:28579	R-HSA-9717207,R-HSA-9717207	C06593	map01100,map01120,map00930		CHEBI:28579	C06593	CHEBI:28579	R-HSA-9717207,R-HSA-9717207	C06593	map01100,map01120,map00930		CHEBI:28579	C06593	CHEBI:28579	R-HSA-9717207,R-HSA-9717207	C06593	map01100,map01120,map00930			0
PE(P-16:0_22:6)	RM0092661	C43H74NO7P	747.5203	Glycerophospholipids	Glycerophosphoethanolamines	O-PE								PE P-16:0/22:6					CHEBI:167287	CHEBI:140501,CHEBI:167287,CHEBI:167287,CHEBI:90479	CHEBI:167287,CHEBI:140501,CHEBI:90479	CHEBI:90479,CHEBI:140501,CHEBI:167287									CHEBI:133646	CHEBI:90479,CHEBI:133646,CHEBI:140501,CHEBI:167287							CHEBI:90479,CHEBI:133646,CHEBI:140501,CHEBI:167287						CHEBI:17476	R-HSA-1482788	1
SM(39:6;2O)	RM0010073	C44H79N2O6P	762.5676	Sphingolipids	Phosphosphingolipids	SM								SM 39:6;O2																																	0
Lactic Acid	RM0135904	C3H6O3	90.0317	Organic acids	Short-chain acids	Short-chain acids	107689	CHEBI:422	HMDB0000190		C00186	JVTAAEKCZFNVCJ-REOHCLBHSA-N	C[C@@H](C(=O)O)O	Lactic acid	CHEBI:422	R-HSA-196807,R-HSA-3296197,R-HSA-381753,R-HSA-381753,R-HSA-418594,R-HSA-428643,R-HSA-433692,R-HSA-561048,R-HSA-5619070,R-HSA-70268,R-HSA-9749641	C00186	map01100,map01110,map01120,map00010,map00051,map00620,map00640,map00643,map04066,map04024,map04148,map04922,map05230	CHEBI:28358,CHEBI:42111,CHEBI:78320	CHEBI:28358,CHEBI:42111,CHEBI:78320	CHEBI:28358,CHEBI:42111,CHEBI:78320	CHEBI:422,CHEBI:28358,CHEBI:42111,CHEBI:78320	C00186,C00256,C01432	C00186,C00256,C01432	C00186,C00256,C01432	C00186,C00256,C01432	CHEBI:422	R-HSA-196807,R-HSA-3296197,R-HSA-381753,R-HSA-381753,R-HSA-418594,R-HSA-428643,R-HSA-433692,R-HSA-561048,R-HSA-5619070,R-HSA-70268,R-HSA-9749641	C00186,C00256	map01100,map01110,map01120,map00010,map00051,map00620,map00640,map00643,map04066,map04024,map04148,map04922,map05230,map01100,map01120,map00620,map01502	CHEBI:16004,CHEBI:16651,CHEBI:24996	CHEBI:422,CHEBI:16004,CHEBI:16651,CHEBI:24996,CHEBI:28358,CHEBI:42111,CHEBI:78320	C00186,C00256,C01432	CHEBI:422,CHEBI:16004,CHEBI:16651	R-HSA-196807,R-HSA-3296197,R-HSA-381753,R-HSA-381753,R-HSA-418594,R-HSA-428643,R-HSA-433692,R-HSA-561048,R-HSA-5619070,R-HSA-70268,R-HSA-9749641,R-HSA-70268,R-HSA-196807,R-HSA-428643,R-HSA-433692,R-HSA-561048,R-HSA-5619071,R-HSA-70268,R-HSA-9749641	C00186,C00256	map01100,map01110,map01120,map00010,map00051,map00620,map00640,map00643,map04066,map04024,map04148,map04922,map05230,map01100,map01120,map00620,map01502		CHEBI:422,CHEBI:16004,CHEBI:16651,CHEBI:24996,CHEBI:28358,CHEBI:42111,CHEBI:78320	C00186,C00256,C01432	CHEBI:422,CHEBI:16004,CHEBI:16651	R-HSA-196807,R-HSA-3296197,R-HSA-381753,R-HSA-381753,R-HSA-418594,R-HSA-428643,R-HSA-433692,R-HSA-561048,R-HSA-5619070,R-HSA-70268,R-HSA-9749641,R-HSA-70268,R-HSA-196807,R-HSA-428643,R-HSA-433692,R-HSA-561048,R-HSA-5619071,R-HSA-70268,R-HSA-9749641	C00186,C00256	map01100,map01110,map01120,map00010,map00051,map00620,map00640,map00643,map04066,map04024,map04148,map04922,map05230,map01100,map01120,map00620,map01502			0
SM(14:0;2O/22:2)	RM0122599	C41H81N2O6P	728.5832	Sphingolipids	Phosphosphingolipids	SM								SM 14:0;O2/22:2																																	0
LPC(18:1/0:0)	RM0048632	C26H52NO7P	521.3481	Glycerophospholipids	Glycerophosphocholines	LPC								LPC 18:1/0:0					CHEBI:131739	CHEBI:131739	CHEBI:131739	CHEBI:131739										CHEBI:131739						CHEBI:28610,CHEBI:72589,CHEBI:86255,CHEBI:143713	CHEBI:28610,CHEBI:72589,CHEBI:86255,CHEBI:131739,CHEBI:143713	C03916					CHEBI:58168	R-HSA-111995,R-HSA-1482839,R-HSA-2142753,R-HSA-6814848	4
PC(18:0_22:5)	RM0042474	C48H86NO8P	835.6091	Glycerophospholipids	Glycerophosphocholines	PC								PC 18:0_22:5																																	0
CE(18:3)	RM0010684	C45H74O2	646.5689	Sterol Lipids	Sterol esters	Chol. esters								CE 18:3					CHEBI:132004,CHEBI:84341	CHEBI:132004,CHEBI:84341	CHEBI:132004,CHEBI:84341	CHEBI:84341,CHEBI:132004										CHEBI:84341,CHEBI:132004						CHEBI:88756	CHEBI:84341,CHEBI:88756,CHEBI:132004						CHEBI:17002	R-HSA-163560,R-HSA-192456,R-HSA-202733,R-HSA-211945,R-HSA-2168880,R-HSA-3000471,R-HSA-3000480,R-HSA-3000484,R-HSA-3000497,R-HSA-432142,R-HSA-5686938,R-HSA-8856825,R-HSA-8856828,R-HSA-8866423,R-HSA-8963888,R-HSA-8963896,R-HSA-8963901,R-HSA-8964011,R-HSA-8964026,R-HSA-8964038,R-HSA-8964041,R-HSA-8964046,R-HSA-8964058,R-HSA-8964572,R-HSA-9707616,R-HSA-975634,R-HSA-9918432,R-HSA-9918481,R-HSA-9918487,R-HSA-9920588,R-HSA-9920951	31
TG(14:0_16:0_16:1)	RM0134309	C49H92O6	776.6894	Glycerolipids	Triradylglycerols	TAG								TG 14:0_16:0_16:1					CHEBI:145308	CHEBI:145308,CHEBI:145308	CHEBI:145308	CHEBI:145308										CHEBI:145308						CHEBI:145230,CHEBI:145309	CHEBI:145230,CHEBI:145308,CHEBI:145309						CHEBI:17855	R-HSA-1482883,R-HSA-163560,R-HSA-192456,R-HSA-202733,R-HSA-3000471,R-HSA-3000480,R-HSA-3000484,R-HSA-3000497,R-HSA-432142,R-HSA-5686938,R-HSA-6809371,R-HSA-75109,R-HSA-8856825,R-HSA-8856828,R-HSA-8866423,R-HSA-8963888,R-HSA-8963889,R-HSA-8963901,R-HSA-8964011,R-HSA-8964026,R-HSA-8964038,R-HSA-8964041,R-HSA-8964046,R-HSA-8964058,R-HSA-8964572,R-HSA-9707616,R-HSA-975634,R-HSA-9918432,R-HSA-9918481,R-HSA-9918487,R-HSA-9920588,R-HSA-9920951	32
1,4-dimethoxy-Benzene	-	-	-	-	-	-	-		-	-		-	-	-																																	0
PI(16:0_20:4)	RM0138712	C45H79O13P	858.5258	Glycerophospholipids	Glycerophosphoinositols	PI								PI 16:0_20:4					CHEBI:167272	CHEBI:167272,CHEBI:167272	CHEBI:167272	CHEBI:167272										CHEBI:167272							CHEBI:167272						CHEBI:28874	R-HSA-198933	1
Propylene glycol	RM0156985	C3H8O2	76.0524	Organic oxygen compounds	Alcohols and polyols	1,2-diols	439846	CHEBI:29002	HMDB0006213		C00583	DNIAPMSPPWPWGF-VKHMYHEASA-N	C[C@@H](CO)O	Propylene glycol			C00583	map01100,map00640	CHEBI:16997	CHEBI:16997	CHEBI:16997	CHEBI:16997,CHEBI:29002	C00583,C02917	C00583,C02917	C00583,C02917	C00583,C02917			C00583	map01100,map00640	CHEBI:28972	CHEBI:16997,CHEBI:28972,CHEBI:29002	C00583,C02912,C02917			C00583	map01100,map00640		CHEBI:16997,CHEBI:28972,CHEBI:29002	C00583,C02912,C02917			C00583	map01100,map00640			0
SM(18:0;2O/22:3)	RM0060103	C45H85N2O6P	780.6145	Sphingolipids	Phosphosphingolipids	SM								SM 18:0;O2/22:3																																	0
SM(38:2;2O)	RM0059717	C43H85N2O6P	756.6145	Sphingolipids	Phosphosphingolipids	SM								SM 38:2;O2																																	0
PC(18:1_18:2)	RM0000423	C44H82NO8P	783.5778	Glycerophospholipids	Glycerophosphocholines	PC								PC 18:1_18:2																																	0
LPC(18:1)	RM0042845	C26H52NO7P	521.3481	Glycerophospholipids	Glycerophosphocholines	LPC								LPC 18:1					CHEBI:28610,CHEBI:64566,CHEBI:86255	CHEBI:28610,CHEBI:64566,CHEBI:64566,CHEBI:86255	CHEBI:28610,CHEBI:64566,CHEBI:86255	CHEBI:28610,CHEBI:64566,CHEBI:86255	C03916	C03916	C03916	C03916						CHEBI:28610,CHEBI:64566,CHEBI:86255	C03916					CHEBI:72589,CHEBI:76071,CHEBI:76083,CHEBI:131739,CHEBI:131740,CHEBI:132285,CHEBI:132286,CHEBI:143713	CHEBI:28610,CHEBI:64566,CHEBI:72589,CHEBI:76071,CHEBI:76083,CHEBI:86255,CHEBI:131739,CHEBI:131740,CHEBI:132285,CHEBI:132286,CHEBI:143713	C03916					CHEBI:58168,CHEBI:60479	R-HSA-111995,R-HSA-1482839,R-HSA-1483115,R-HSA-2142753,R-HSA-3000471,R-HSA-3000480,R-HSA-3000484,R-HSA-5686938,R-HSA-6814848	9
PI(38:5)	RM0057194	C47H81O13P	884.5415	Glycerophospholipids	Glycerophosphoinositols	PI								PI 38:5					CHEBI:138566,CHEBI:74241,CHEBI:82762,CHEBI:88418,CHEBI:88424,CHEBI:88559,CHEBI:88624,CHEBI:88630,CHEBI:88642,CHEBI:88658,CHEBI:88660,CHEBI:89117,CHEBI:89126,CHEBI:89128,CHEBI:89134,CHEBI:89247,CHEBI:89251,CHEBI:89252,CHEBI:89299,CHEBI:89305	CHEBI:138566,CHEBI:138566,CHEBI:82762,CHEBI:88418,CHEBI:88424,CHEBI:88559,CHEBI:88624,CHEBI:88630,CHEBI:88642,CHEBI:88658,CHEBI:88660,CHEBI:89117,CHEBI:89126,CHEBI:89128,CHEBI:89134,CHEBI:89247,CHEBI:89251,CHEBI:89252,CHEBI:89299,CHEBI:89305,CHEBI:74241,CHEBI:74241	CHEBI:138566,CHEBI:74241,CHEBI:82762,CHEBI:88418,CHEBI:88424,CHEBI:88559,CHEBI:88624,CHEBI:88630,CHEBI:88642,CHEBI:88658,CHEBI:88660,CHEBI:89117,CHEBI:89126,CHEBI:89128,CHEBI:89134,CHEBI:89247,CHEBI:89251,CHEBI:89252,CHEBI:89299,CHEBI:89305	CHEBI:74241,CHEBI:82762,CHEBI:88418,CHEBI:88424,CHEBI:88559,CHEBI:88624,CHEBI:88630,CHEBI:88642,CHEBI:88658,CHEBI:88660,CHEBI:89117,CHEBI:89126,CHEBI:89128,CHEBI:89134,CHEBI:89247,CHEBI:89251,CHEBI:89252,CHEBI:89299,CHEBI:89305,CHEBI:138566									CHEBI:78765	CHEBI:74241,CHEBI:78765,CHEBI:82762,CHEBI:88418,CHEBI:88424,CHEBI:88559,CHEBI:88624,CHEBI:88630,CHEBI:88642,CHEBI:88658,CHEBI:88660,CHEBI:89117,CHEBI:89126,CHEBI:89128,CHEBI:89134,CHEBI:89247,CHEBI:89251,CHEBI:89252,CHEBI:89299,CHEBI:89305,CHEBI:138566							CHEBI:74241,CHEBI:78765,CHEBI:82762,CHEBI:88418,CHEBI:88424,CHEBI:88559,CHEBI:88624,CHEBI:88630,CHEBI:88642,CHEBI:88658,CHEBI:88660,CHEBI:89117,CHEBI:89126,CHEBI:89128,CHEBI:89134,CHEBI:89247,CHEBI:89251,CHEBI:89252,CHEBI:89299,CHEBI:89305,CHEBI:138566						CHEBI:28874,CHEBI:57880	R-HSA-1482922,R-HSA-1483196,R-HSA-1483226,R-HSA-1483248,R-HSA-162710,R-HSA-163125,R-HSA-1632852,R-HSA-1660499,R-HSA-1660514,R-HSA-1660516,R-HSA-1660517,R-HSA-198933,R-HSA-2046106,R-HSA-3000471,R-HSA-3000480,R-HSA-5668599,R-HSA-9636383,R-HSA-9793528	18
DG(18:2_20:4)	RM0033561	C41H68O5	640.5067	Glycerolipids	Diradylglycerols	DAG								DG 18:2_20:4																																	0
PC(18:0_18:2)	RM0097845	C44H84NO8P	785.5935	Glycerophospholipids	Glycerophosphocholines	PC								PC 18:0_18:2																																	0
Octadecane	RM0150715	C18H38	254.2974	Fatty Acyls	Hydrocarbons	Hydrocarbons	11635	CHEBI:32926	HMDB0033721	LMFA11000581		RZJRJXONCZWCBN-UHFFFAOYSA-N	CCCCCCCCCCCCCCCCCC	Octadecane					CHEBI:32926	CHEBI:32926	CHEBI:32926	CHEBI:32926										CHEBI:32926							CHEBI:32926								0
SM(18:1;2O/24:4)	RM0033170	C47H87N2O6P	806.6302	Sphingolipids	Phosphosphingolipids	SM								SM 18:1;O2/24:4																																	0
D-Mannose	RM0135630	C6H12O6	180.0634	Carbohydrates	Monosaccharides	Hexoses	18950	CHEBI:4208	HMDB0000169		C00159	WQZGKKKJIJFFOK-QTVWNMPRSA-N	C([C@@H]1[C@H]([C@@H]([C@@H](C(O)O1)O)O)O)O	Mannose	CHEBI:4208	R-HSA-189200,R-HSA-3000480,R-HSA-446205,R-HSA-8853383,R-HSA-901032,R-HSA-964827,R-HSA-975578	C00159	map01100,map01250,map00051,map00052,map00520,map02010,map02060,map04142,map04625	CHEBI:37684,CHEBI:16024,CHEBI:4208,CHEBI:4208	CHEBI:37684,CHEBI:16024,CHEBI:4208,CHEBI:4208	CHEBI:37684,CHEBI:16024,CHEBI:4208	CHEBI:4208,CHEBI:16024,CHEBI:37684	C00159	C00159	C00159	C00159	CHEBI:4208,CHEBI:16024	R-HSA-189200,R-HSA-3000480,R-HSA-446205,R-HSA-8853383,R-HSA-901032,R-HSA-964827,R-HSA-975578,R-HSA-9638630	C00159	map01100,map01250,map00051,map00052,map00520,map02010,map02060,map04142,map04625		CHEBI:4208,CHEBI:16024,CHEBI:37684	C00159	CHEBI:4208,CHEBI:16024	R-HSA-189200,R-HSA-3000480,R-HSA-446205,R-HSA-8853383,R-HSA-901032,R-HSA-964827,R-HSA-975578,R-HSA-9638630	C00159	map01100,map01250,map00051,map00052,map00520,map02010,map02060,map04142,map04625	CHEBI:28563,CHEBI:28729,CHEBI:37675,CHEBI:37676,CHEBI:37677,CHEBI:37679,CHEBI:37680,CHEBI:37681,CHEBI:37682,CHEBI:37683,CHEBI:146876,CHEBI:148580,CHEBI:149536,CHEBI:152296,CHEBI:152562,CHEBI:153460	CHEBI:4208,CHEBI:16024,CHEBI:28563,CHEBI:28729,CHEBI:37675,CHEBI:37676,CHEBI:37677,CHEBI:37679,CHEBI:37680,CHEBI:37681,CHEBI:37682,CHEBI:37683,CHEBI:37684,CHEBI:146876,CHEBI:148580,CHEBI:149536,CHEBI:152296,CHEBI:152562,CHEBI:153460	C00159,C00936,C02209	CHEBI:4208,CHEBI:16024	R-HSA-189200,R-HSA-3000480,R-HSA-446205,R-HSA-8853383,R-HSA-901032,R-HSA-964827,R-HSA-975578,R-HSA-9638630	C00159	map01100,map01250,map00051,map00052,map00520,map02010,map02060,map04142,map04625			0
TG(12:0_16:0_18:0)	RM0134210	C49H94O6	778.7050	Glycerolipids	Triradylglycerols	TAG								TG 12:0_16:0_18:0																																	0
PC(16:1_18:2)	RM0098371	C42H78NO8P	755.5465	Glycerophospholipids	Glycerophosphocholines	PC								PC 16:1_18:2																																	0
CE(20:4)	RM0138480	C47H76O2	672.5845	Sterol Lipids	Sterol esters	Chol. esters								CE 20:4					CHEBI:183798,CHEBI:132006,CHEBI:82751,CHEBI:88755	CHEBI:132006,CHEBI:183798,CHEBI:183798,CHEBI:82751,CHEBI:88755	CHEBI:183798,CHEBI:132006,CHEBI:82751,CHEBI:88755	CHEBI:82751,CHEBI:88755,CHEBI:132006,CHEBI:183798										CHEBI:82751,CHEBI:88755,CHEBI:132006,CHEBI:183798							CHEBI:82751,CHEBI:88755,CHEBI:132006,CHEBI:183798						CHEBI:17002	R-HSA-163560,R-HSA-192456,R-HSA-202733,R-HSA-211945,R-HSA-2168880,R-HSA-3000471,R-HSA-3000480,R-HSA-3000484,R-HSA-3000497,R-HSA-432142,R-HSA-5686938,R-HSA-8856825,R-HSA-8856828,R-HSA-8866423,R-HSA-8963888,R-HSA-8963896,R-HSA-8963901,R-HSA-8964011,R-HSA-8964026,R-HSA-8964038,R-HSA-8964041,R-HSA-8964046,R-HSA-8964058,R-HSA-8964572,R-HSA-9707616,R-HSA-975634,R-HSA-9918432,R-HSA-9918481,R-HSA-9918487,R-HSA-9920588,R-HSA-9920951	31
Dodecane, 2,6,11-trimethyl-	-	-	-	-	-	-	-		-	-		-	-	-																																	0
TG(14:0_16:0_16:0)	RM0069462	C49H94O6	778.7050	Glycerolipids	Triradylglycerols	TAG								TG 14:0_16:0_16:0																																	0
L-Isoleucine	RM0134975	C6H13NO2	131.0946	Organic acids	Amino acids and peptides	Amino acids	6306	CHEBI:17191	HMDB0000172	LMFA01100047	C00407	AGPKZVBTJJNPAG-WHFBIAKZSA-N	CC[C@H](C)[C@@H](C(=O)O)N	Isoleucine			C00407	map01100,map01110,map01210,map01230,map00280,map00290,map00460,map00960,map00966,map01060,map01064,map00970,map02010,map04974,map04978,map05230,map05131	CHEBI:17191,CHEBI:24898,CHEBI:30009,CHEBI:58045	CHEBI:17191,CHEBI:24898,CHEBI:30009,CHEBI:58045	CHEBI:17191,CHEBI:24898,CHEBI:30009,CHEBI:58045	CHEBI:17191,CHEBI:24898,CHEBI:30009,CHEBI:58045	C00407	C00407	C00407	C00407	CHEBI:58045	R-HSA-352230,R-HSA-379716,R-HSA-379726,R-HSA-442660,R-HSA-5619044,R-HSA-5619094,R-HSA-5659735,R-HSA-70895,R-HSA-70895,R-HSA-71240	C00407	map01100,map01110,map01210,map01230,map00280,map00290,map00460,map00960,map00966,map01060,map01064,map00970,map02010,map04974,map04978,map05230,map05131	CHEBI:27730,CHEBI:30010,CHEBI:32604,CHEBI:32605,CHEBI:32608,CHEBI:32609,CHEBI:193151	CHEBI:17191,CHEBI:24898,CHEBI:27730,CHEBI:30009,CHEBI:30010,CHEBI:32604,CHEBI:32605,CHEBI:32608,CHEBI:32609,CHEBI:58045,CHEBI:193151	C00407,C06418	CHEBI:58045	R-HSA-352230,R-HSA-379716,R-HSA-379726,R-HSA-442660,R-HSA-5619044,R-HSA-5619094,R-HSA-5659735,R-HSA-70895,R-HSA-70895,R-HSA-71240	C00407	map01100,map01110,map01210,map01230,map00280,map00290,map00460,map00960,map00966,map01060,map01064,map00970,map02010,map04974,map04978,map05230,map05131		CHEBI:17191,CHEBI:24898,CHEBI:27730,CHEBI:30009,CHEBI:30010,CHEBI:32604,CHEBI:32605,CHEBI:32608,CHEBI:32609,CHEBI:58045,CHEBI:193151	C00407,C06418	CHEBI:58045	R-HSA-352230,R-HSA-379716,R-HSA-379726,R-HSA-442660,R-HSA-5619044,R-HSA-5619094,R-HSA-5659735,R-HSA-70895,R-HSA-70895,R-HSA-71240	C00407	map01100,map01110,map01210,map01230,map00280,map00290,map00460,map00960,map00966,map01060,map01064,map00970,map02010,map04974,map04978,map05230,map05131			0
PI(40:6)	RM0138711	C49H83O13P	910.5571	Glycerophospholipids	Glycerophosphoinositols	PI								PI 40:6					CHEBI:138568,CHEBI:91040,CHEBI:88600,CHEBI:88672,CHEBI:88674,CHEBI:89114,CHEBI:89116,CHEBI:89136,CHEBI:89137,CHEBI:89295,CHEBI:89296,CHEBI:89307	CHEBI:138568,CHEBI:138568,CHEBI:88600,CHEBI:88672,CHEBI:88674,CHEBI:89114,CHEBI:89116,CHEBI:89136,CHEBI:89137,CHEBI:89295,CHEBI:89296,CHEBI:89307,CHEBI:91040,CHEBI:91040	CHEBI:138568,CHEBI:91040,CHEBI:88600,CHEBI:88672,CHEBI:88674,CHEBI:89114,CHEBI:89116,CHEBI:89136,CHEBI:89137,CHEBI:89295,CHEBI:89296,CHEBI:89307	CHEBI:88600,CHEBI:88672,CHEBI:88674,CHEBI:89114,CHEBI:89116,CHEBI:89136,CHEBI:89137,CHEBI:89295,CHEBI:89296,CHEBI:89307,CHEBI:91040,CHEBI:138568										CHEBI:88600,CHEBI:88672,CHEBI:88674,CHEBI:89114,CHEBI:89116,CHEBI:89136,CHEBI:89137,CHEBI:89295,CHEBI:89296,CHEBI:89307,CHEBI:91040,CHEBI:138568						CHEBI:195484	CHEBI:88600,CHEBI:88672,CHEBI:88674,CHEBI:89114,CHEBI:89116,CHEBI:89136,CHEBI:89137,CHEBI:89295,CHEBI:89296,CHEBI:89307,CHEBI:91040,CHEBI:138568,CHEBI:195484						CHEBI:28874,CHEBI:57880	R-HSA-1482922,R-HSA-1483196,R-HSA-1483226,R-HSA-1483248,R-HSA-162710,R-HSA-163125,R-HSA-1632852,R-HSA-1660499,R-HSA-1660514,R-HSA-1660516,R-HSA-1660517,R-HSA-198933,R-HSA-2046106,R-HSA-3000471,R-HSA-3000480,R-HSA-5668599,R-HSA-9636383,R-HSA-9793528	18
Valproic acid	RM0153611	C8H16O2	144.1150	Fatty Acyls	Fatty acids	Branched FA	3121	CHEBI:39867	HMDB0001877	LMFA01020291	C07185	NIJJYAXOARWZEE-UHFFFAOYSA-N	CCCC(CCC)C(=O)O	Valproic acid	CHEBI:39867	R-HSA-3214815,R-HSA-9679191	C07185	map00982,map04976	CHEBI:39867,CHEBI:39867	CHEBI:39867,CHEBI:39867	CHEBI:39867,CHEBI:39867	CHEBI:39867	C07185	C07185	C07185	C07185	CHEBI:39867	R-HSA-3214815,R-HSA-9679191	C07185	map00982,map04976	CHEBI:60654	CHEBI:39867,CHEBI:60654	C07185	CHEBI:39867	R-HSA-3214815,R-HSA-9679191	C07185	map00982,map04976		CHEBI:39867,CHEBI:60654	C07185	CHEBI:39867	R-HSA-3214815,R-HSA-9679191	C07185	map00982,map04976			0
SM(18:1;2O/24:0)	RM0060142	C47H95N2O6P	814.6928	Sphingolipids	Phosphosphingolipids	SM	44260127	CHEBI:83360	HMDB0011697	LMSP03010008		QEDPUVGSSDPBMD-XTAIVQBESA-N	CCCCCCCCCCCCCCCCCCCCCCCC(=O)N[C@@H](COP(=O)([O-])OCC[N+](C)(C)C)[C@@H](/C=C/CCCCCCCCCCCCC)O	SM 18:1;O2/24:0								CHEBI:83360										CHEBI:83360							CHEBI:83360						CHEBI:17636	R-HSA-1369062,R-HSA-193681,R-HSA-9840310	3
Ribitol	RM0155896	C5H12O5	152.0685	Carbohydrates	Monosaccharides	Sugar alcohols	6912	CHEBI:15963	HMDB0000508		C00474	HEBKCHPVOIAQTA-ZXFHETKHSA-N	C([C@@H]([C@@H]([C@@H](CO)O)O)O)O	Ribitol			C00474	map01100,map00040,map00740	CHEBI:15963,CHEBI:15963	CHEBI:15963,CHEBI:15963	CHEBI:15963,CHEBI:15963	CHEBI:15963	C00474	C00474	C00474	C00474			C00474	map01100,map00040,map00740		CHEBI:15963	C00474			C00474	map01100,map00040,map00740		CHEBI:15963	C00474			C00474	map01100,map00040,map00740			0
TG(12:0_14:0_16:0)	RM0067478	C45H86O6	722.6424	Glycerolipids	Triradylglycerols	TAG								TG 12:0_14:0_16:0																																	0
beta-D-Allopyranose	-	-	-	-	-	-	-		-	-		-	-	-					CHEBI:40656	CHEBI:40656	CHEBI:40656	CHEBI:40656									CHEBI:37740	CHEBI:37740,CHEBI:40656							CHEBI:37740,CHEBI:40656								0
PI(36:4)	RM0134522	C45H79O13P	858.5258	Glycerophospholipids	Glycerophosphoinositols	PI								PI 36:4					CHEBI:136235,CHEBI:75194,CHEBI:77348,CHEBI:88415,CHEBI:88596,CHEBI:88599,CHEBI:88613,CHEBI:88645,CHEBI:88647,CHEBI:88671,CHEBI:88673,CHEBI:88676,CHEBI:89112,CHEBI:89121,CHEBI:73209	CHEBI:136235,CHEBI:136235,CHEBI:75194,CHEBI:75194,CHEBI:77348,CHEBI:88415,CHEBI:88596,CHEBI:88599,CHEBI:88613,CHEBI:88645,CHEBI:88647,CHEBI:88671,CHEBI:88673,CHEBI:88676,CHEBI:89112,CHEBI:89121,CHEBI:73209	CHEBI:136235,CHEBI:75194,CHEBI:77348,CHEBI:88415,CHEBI:88596,CHEBI:88599,CHEBI:88613,CHEBI:88645,CHEBI:88647,CHEBI:88671,CHEBI:88673,CHEBI:88676,CHEBI:89112,CHEBI:89121,CHEBI:73209	CHEBI:73209,CHEBI:75194,CHEBI:77348,CHEBI:88415,CHEBI:88596,CHEBI:88599,CHEBI:88613,CHEBI:88645,CHEBI:88647,CHEBI:88671,CHEBI:88673,CHEBI:88676,CHEBI:89112,CHEBI:89121,CHEBI:136235									CHEBI:72834,CHEBI:77165	CHEBI:72834,CHEBI:73209,CHEBI:75194,CHEBI:77165,CHEBI:77348,CHEBI:88415,CHEBI:88596,CHEBI:88599,CHEBI:88613,CHEBI:88645,CHEBI:88647,CHEBI:88671,CHEBI:88673,CHEBI:88676,CHEBI:89112,CHEBI:89121,CHEBI:136235						CHEBI:90430,CHEBI:136499,CHEBI:167272	CHEBI:72834,CHEBI:73209,CHEBI:75194,CHEBI:77165,CHEBI:77348,CHEBI:88415,CHEBI:88596,CHEBI:88599,CHEBI:88613,CHEBI:88645,CHEBI:88647,CHEBI:88671,CHEBI:88673,CHEBI:88676,CHEBI:89112,CHEBI:89121,CHEBI:90430,CHEBI:136235,CHEBI:136499,CHEBI:167272						CHEBI:28874,CHEBI:57880	R-HSA-1482922,R-HSA-1483196,R-HSA-1483226,R-HSA-1483248,R-HSA-162710,R-HSA-163125,R-HSA-1632852,R-HSA-1660499,R-HSA-1660514,R-HSA-1660516,R-HSA-1660517,R-HSA-198933,R-HSA-2046106,R-HSA-3000471,R-HSA-3000480,R-HSA-5668599,R-HSA-9636383,R-HSA-9793528	18
DG(30:3)	RM0035446	C33H58O5	534.4284	Glycerolipids	Diradylglycerols	DAG								DG 30:3																																	0
L-Serine	RM0032433	C3H7NO3	105.0426	Organic acids	Amino acids and peptides	Amino acids	5951	CHEBI:17115	HMDB0000187		C00065	MTCFGRXMJLQNBG-REOHCLBHSA-N	C([C@@H](C(=O)O)N)O	Serine			C00065	map01100,map01110,map01120,map01200,map01230,map01240,map00630,map00680,map00920,map00564,map00600,map00260,map00270,map00460,map00470,map00670,map01054,map00261,map00975,map00998,map01060,map00970,map02010,map04071,map04974,map04978,map05230,map01502	CHEBI:17822,CHEBI:17822,CHEBI:17115,CHEBI:17115,CHEBI:29999,CHEBI:33384	CHEBI:17822,CHEBI:17822,CHEBI:17115,CHEBI:17115,CHEBI:29999,CHEBI:33384	CHEBI:17822,CHEBI:17822,CHEBI:17115,CHEBI:17115,CHEBI:29999,CHEBI:33384	CHEBI:17115,CHEBI:17822,CHEBI:29999,CHEBI:33384	C00065,C00716	C00065,C00716	C00065,C00716	C00065,C00716	CHEBI:33384	R-HSA-1483101,R-HSA-1614603,R-HSA-1660661,R-HSA-196757,R-HSA-2408508,R-HSA-2408557,R-HSA-352230,R-HSA-379716,R-HSA-379726,R-HSA-442660,R-HSA-5619044,R-HSA-5619094,R-HSA-5659735,R-HSA-977347	C00065,C00716	map01100,map01110,map01120,map01200,map01230,map01240,map00630,map00680,map00920,map00564,map00600,map00260,map00270,map00460,map00470,map00670,map01054,map00261,map00975,map00998,map01060,map00970,map02010,map04071,map04974,map04978,map05230,map01502,map02030	CHEBI:16523,CHEBI:29998,CHEBI:32836,CHEBI:32837,CHEBI:32840,CHEBI:32841,CHEBI:32845,CHEBI:32846,CHEBI:35243,CHEBI:35247	CHEBI:16523,CHEBI:17115,CHEBI:17822,CHEBI:29998,CHEBI:29999,CHEBI:32836,CHEBI:32837,CHEBI:32840,CHEBI:32841,CHEBI:32845,CHEBI:32846,CHEBI:33384,CHEBI:35243,CHEBI:35247	C00065,C00716,C00740	CHEBI:33384,CHEBI:35247	R-HSA-1483101,R-HSA-1614603,R-HSA-1660661,R-HSA-196757,R-HSA-2408508,R-HSA-2408557,R-HSA-352230,R-HSA-379716,R-HSA-379726,R-HSA-442660,R-HSA-5619044,R-HSA-5619094,R-HSA-5659735,R-HSA-977347,R-HSA-352230,R-HSA-438066,R-HSA-438066,R-HSA-442982,R-HSA-5673001,R-HSA-9617324,R-HSA-9620244,R-HSA-977347	C00065,C00716,C00740	map01100,map01110,map01120,map01200,map01230,map01240,map00630,map00680,map00920,map00564,map00600,map00260,map00270,map00460,map00470,map00670,map01054,map00261,map00975,map00998,map01060,map00970,map02010,map04071,map04974,map04978,map05230,map01502,map02030,map01100,map00260,map00470,map04742,map01502		CHEBI:16523,CHEBI:17115,CHEBI:17822,CHEBI:29998,CHEBI:29999,CHEBI:32836,CHEBI:32837,CHEBI:32840,CHEBI:32841,CHEBI:32845,CHEBI:32846,CHEBI:33384,CHEBI:35243,CHEBI:35247	C00065,C00716,C00740	CHEBI:33384,CHEBI:35247	R-HSA-1483101,R-HSA-1614603,R-HSA-1660661,R-HSA-196757,R-HSA-2408508,R-HSA-2408557,R-HSA-352230,R-HSA-379716,R-HSA-379726,R-HSA-442660,R-HSA-5619044,R-HSA-5619094,R-HSA-5659735,R-HSA-977347,R-HSA-352230,R-HSA-438066,R-HSA-438066,R-HSA-442982,R-HSA-5673001,R-HSA-9617324,R-HSA-9620244,R-HSA-977347	C00065,C00716,C00740	map01100,map01110,map01120,map01200,map01230,map01240,map00630,map00680,map00920,map00564,map00600,map00260,map00270,map00460,map00470,map00670,map01054,map00261,map00975,map00998,map01060,map00970,map02010,map04071,map04974,map04978,map05230,map01502,map02030,map01100,map00260,map00470,map04742,map01502			0
CE(22:6)	RM0125897	C49H76O2	696.5845	Sterol Lipids	Sterol esters	Chol. esters								CE 22:6					CHEBI:74103,CHEBI:74102	CHEBI:74102,CHEBI:74103,CHEBI:74103	CHEBI:74103,CHEBI:74102	CHEBI:74102,CHEBI:74103										CHEBI:74102,CHEBI:74103							CHEBI:74102,CHEBI:74103						CHEBI:17002	R-HSA-163560,R-HSA-192456,R-HSA-202733,R-HSA-211945,R-HSA-2168880,R-HSA-3000471,R-HSA-3000480,R-HSA-3000484,R-HSA-3000497,R-HSA-432142,R-HSA-5686938,R-HSA-8856825,R-HSA-8856828,R-HSA-8866423,R-HSA-8963888,R-HSA-8963896,R-HSA-8963901,R-HSA-8964011,R-HSA-8964026,R-HSA-8964038,R-HSA-8964041,R-HSA-8964046,R-HSA-8964058,R-HSA-8964572,R-HSA-9707616,R-HSA-975634,R-HSA-9918432,R-HSA-9918481,R-HSA-9918487,R-HSA-9920588,R-HSA-9920951	31
Methyl galactoside	RM0136745	C7H14O6	194.0790	Carbohydrates	Monosaccharides	Hexoses	94214	CHEBI:17540			C03619	HOVAGTYPODGVJG-VOQCIKJUSA-N	CO[C@H]1[C@@H]([C@H]([C@H]([C@@H](CO)O1)O)O)O	Methyl beta-D-galactoside			C03619	map02010	CHEBI:17540,CHEBI:17540,CHEBI:60982	CHEBI:17540,CHEBI:17540,CHEBI:60982	CHEBI:17540,CHEBI:17540,CHEBI:60982	CHEBI:17540,CHEBI:60982	C03619	C03619	C03619	C03619			C03619	map02010		CHEBI:17540,CHEBI:60982	C03619			C03619	map02010	CHEBI:55507	CHEBI:17540,CHEBI:55507,CHEBI:60982	C03619			C03619	map02010			0
LPC(20:4)	RM0048636	C28H50NO7P	543.3325	Glycerophospholipids	Glycerophosphocholines	LPC								LPC 20:4					CHEBI:64568	CHEBI:64568,CHEBI:64568	CHEBI:64568	CHEBI:64568										CHEBI:64568						CHEBI:74344,CHEBI:76079,CHEBI:86259,CHEBI:91303,CHEBI:91310	CHEBI:64568,CHEBI:74344,CHEBI:76079,CHEBI:86259,CHEBI:91303,CHEBI:91310						CHEBI:60479	R-HSA-1483115,R-HSA-3000471,R-HSA-3000480,R-HSA-3000484,R-HSA-5686938,R-HSA-6814848	6
PI(16:0_16:1)	RM0008656	C41H77O13P	808.5102	Glycerophospholipids	Glycerophosphoinositols	PI								PI 16:0_16:1					CHEBI:746942	CHEBI:746942	CHEBI:746942	CHEBI:746942										CHEBI:746942							CHEBI:746942						CHEBI:28874	R-HSA-198933	1
TG(12:0_15:0_18:1)	RM0028302	C48H90O6	762.6737	Glycerolipids	Triradylglycerols	TAG								TG 12:0_15:0_18:1																																	0
PC(O-32:1)	RM0052166	C40H80NO7P	717.5672	Glycerophospholipids	Glycerophosphocholines	O-PC								PC O-32:1					CHEBI:72347,CHEBI:34112	CHEBI:34112,CHEBI:72347,CHEBI:72347	CHEBI:72347,CHEBI:34112	CHEBI:34112,CHEBI:72347	C13894	C13894	C13894	C13894						CHEBI:34112,CHEBI:72347	C13894					CHEBI:86424,CHEBI:167216,CHEBI:167278	CHEBI:34112,CHEBI:72347,CHEBI:86424,CHEBI:167216,CHEBI:167278	C13894					CHEBI:36313	R-HSA-1482788	1
PI(18:1_18:2)	RM0057155	C45H81O13P	860.5415	Glycerophospholipids	Glycerophosphoinositols	PI								PI 18:1_18:2																																	0
PC(O-40:6)	RM0134824	C48H86NO7P	819.6142	Glycerophospholipids	Glycerophosphocholines	O-PC								PC O-40:6					CHEBI:64533	CHEBI:64533,CHEBI:64533	CHEBI:64533	CHEBI:64533										CHEBI:64533						CHEBI:86252	CHEBI:64533,CHEBI:86252						CHEBI:36313	R-HSA-1482788	1
SM(33:2;3O)	RM0120908	C38H75N2O7P	702.5312	Sphingolipids	Phosphosphingolipids	SM								SM 33:2;O3																																	0
SM(34:1;3O)	RM0122224	C39H79N2O7P	718.5625	Sphingolipids	Phosphosphingolipids	SM								SM 34:1;O3																																	0
SM(44:9;3O)	-	-	-	-	-	-	-		-	-		-	-	-																																	0
PE(P-18:0_22:6)	RM0092660	C45H78NO7P	775.5516	Glycerophospholipids	Glycerophosphoethanolamines	O-PE								PE P-18:0/22:6					CHEBI:142374	CHEBI:140506,CHEBI:142374,CHEBI:142374,CHEBI:79099	CHEBI:142374,CHEBI:140506,CHEBI:79099	CHEBI:79099,CHEBI:140506,CHEBI:142374									CHEBI:78263	CHEBI:78263,CHEBI:79099,CHEBI:140506,CHEBI:142374							CHEBI:78263,CHEBI:79099,CHEBI:140506,CHEBI:142374						CHEBI:17476	R-HSA-1482788	1
L-Alanine	RM0135898	C3H7NO2	89.0477	Organic acids	Amino acids and peptides	Amino acids	5950	CHEBI:16977	HMDB0000161		C00041	QNAYBMKLOCPYGJ-REOHCLBHSA-N	C[C@@H](C(=O)O)N	Alanine			C00041	map01100,map01110,map01120,map01200,map01210,map01230,map00710,map00250,map00270,map00430,map00450,map00470,map00997,map01060,map00970,map04122,map02010,map04974,map04978,map05230,map01502	CHEBI:16449,CHEBI:16449,CHEBI:16977,CHEBI:46217,CHEBI:57972	CHEBI:16449,CHEBI:16449,CHEBI:16977,CHEBI:46217,CHEBI:57972	CHEBI:16449,CHEBI:16449,CHEBI:16977,CHEBI:46217,CHEBI:57972	CHEBI:16449,CHEBI:16977,CHEBI:46217,CHEBI:57972	C00041,C01401	C00041,C01401	C00041,C01401	C00041,C01401	CHEBI:57972	R-HSA-1362409,R-HSA-209968,R-HSA-2408508,R-HSA-352230,R-HSA-379716,R-HSA-379726,R-HSA-389661,R-HSA-428559,R-HSA-442660,R-HSA-5619044,R-HSA-5619094,R-HSA-5659735,R-HSA-70268,R-HSA-71240,R-HSA-73621,R-HSA-8964208,R-HSA-8964539,R-HSA-8964540,R-HSA-947581	C00041,C01401	map01100,map01110,map01120,map01200,map01210,map01230,map00710,map00250,map00270,map00430,map00450,map00470,map00997,map01060,map00970,map04122,map02010,map04974,map04978,map05230,map01502,map01100,map00460	CHEBI:15570,CHEBI:29949,CHEBI:32431,CHEBI:32432,CHEBI:32435,CHEBI:32436,CHEBI:32439,CHEBI:32440,CHEBI:57416,CHEBI:66916	CHEBI:15570,CHEBI:16449,CHEBI:16977,CHEBI:29949,CHEBI:32431,CHEBI:32432,CHEBI:32435,CHEBI:32436,CHEBI:32439,CHEBI:32440,CHEBI:46217,CHEBI:57416,CHEBI:57972,CHEBI:66916	C00041,C00133,C01401	CHEBI:15570,CHEBI:57972	R-HSA-352230,R-HSA-1362409,R-HSA-209968,R-HSA-2408508,R-HSA-352230,R-HSA-379716,R-HSA-379726,R-HSA-389661,R-HSA-428559,R-HSA-442660,R-HSA-5619044,R-HSA-5619094,R-HSA-5659735,R-HSA-70268,R-HSA-71240,R-HSA-73621,R-HSA-8964208,R-HSA-8964539,R-HSA-8964540,R-HSA-947581	C00041,C00133,C01401	map01100,map01110,map01120,map01200,map01210,map01230,map00710,map00250,map00270,map00430,map00450,map00470,map00997,map01060,map00970,map04122,map02010,map04974,map04978,map05230,map01502,map01100,map00470,map00550,map00552,map04742,map01502,map01503,map01100,map00460	CHEBI:76050,CHEBI:132498,CHEBI:143534	CHEBI:15570,CHEBI:16449,CHEBI:16977,CHEBI:29949,CHEBI:32431,CHEBI:32432,CHEBI:32435,CHEBI:32436,CHEBI:32439,CHEBI:32440,CHEBI:46217,CHEBI:57416,CHEBI:57972,CHEBI:66916,CHEBI:76050,CHEBI:132498,CHEBI:143534	C00041,C00133,C01401	CHEBI:15570,CHEBI:57972	R-HSA-352230,R-HSA-1362409,R-HSA-209968,R-HSA-2408508,R-HSA-352230,R-HSA-379716,R-HSA-379726,R-HSA-389661,R-HSA-428559,R-HSA-442660,R-HSA-5619044,R-HSA-5619094,R-HSA-5659735,R-HSA-70268,R-HSA-71240,R-HSA-73621,R-HSA-8964208,R-HSA-8964539,R-HSA-8964540,R-HSA-947581	C00041,C00133,C01401	map01100,map01110,map01120,map01200,map01210,map01230,map00710,map00250,map00270,map00430,map00450,map00470,map00997,map01060,map00970,map04122,map02010,map04974,map04978,map05230,map01502,map01100,map00470,map00550,map00552,map04742,map01502,map01503,map01100,map00460			0
PC(16:0_20:4)	RM0134944	C44H80NO8P	781.5622	Glycerophospholipids	Glycerophosphocholines	PC								PC 16:0_20:4					CHEBI:167250	CHEBI:167250,CHEBI:167250	CHEBI:167250	CHEBI:167250										CHEBI:167250							CHEBI:167250						CHEBI:57643	R-HSA-111995,R-HSA-1369062,R-HSA-1482788,R-HSA-1482798,R-HSA-1482839,R-HSA-1483101,R-HSA-1483148,R-HSA-1483166,R-HSA-1483191,R-HSA-1483196,R-HSA-1660661,R-HSA-2029485,R-HSA-2142753,R-HSA-382556,R-HSA-5678771,R-HSA-5683678,R-HSA-5683826,R-HSA-5688399,R-HSA-6811436,R-HSA-8964058,R-HSA-9680350	21
SM(40:1;2O)	RM0134155	C45H91N2O6P	786.6615	Sphingolipids	Phosphosphingolipids	SM								SM 40:1;O2																																	0
PC(18:0_22:6)	RM0134875	C48H84NO8P	833.5935	Glycerophospholipids	Glycerophosphocholines	PC								PC 18:0_22:6																																	0
PC(18:1_20:4)	RM0134948	C46H82NO8P	807.5778	Glycerophospholipids	Glycerophosphocholines	PC								PC 18:1_20:4					CHEBI:167259	CHEBI:167259,CHEBI:167259	CHEBI:167259	CHEBI:167259										CHEBI:167259							CHEBI:167259						CHEBI:57643	R-HSA-111995,R-HSA-1369062,R-HSA-1482788,R-HSA-1482798,R-HSA-1482839,R-HSA-1483101,R-HSA-1483148,R-HSA-1483166,R-HSA-1483191,R-HSA-1483196,R-HSA-1660661,R-HSA-2029485,R-HSA-2142753,R-HSA-382556,R-HSA-5678771,R-HSA-5683678,R-HSA-5683826,R-HSA-5688399,R-HSA-6811436,R-HSA-8964058,R-HSA-9680350	21
Biphenyl	RM0012711	C12H10	154.0782	Benzenoids	Biphenyls	Biphenyls	7095	CHEBI:17097	HMDB0034437		C06588	ZUOUZKKEUPVFJK-UHFFFAOYSA-N	c1ccc(cc1)c1ccccc1	Biphenyl			C06588	map01100,map01120,map01220,map00621	CHEBI:17097,CHEBI:17097	CHEBI:17097,CHEBI:17097	CHEBI:17097,CHEBI:17097	CHEBI:17097	C06588	C06588	C06588	C06588			C06588	map01100,map01120,map01220,map00621		CHEBI:17097	C06588			C06588	map01100,map01120,map01220,map00621		CHEBI:17097	C06588			C06588	map01100,map01120,map01220,map00621			0
Cholesterol	RM0135639	C27H46O	386.3549	Sterol Lipids	Sterols	Cholesterols	5997	CHEBI:16113	HMDB0000067	LMST01010001	C00187	HVYWMOMLDIMFJA-DPAQBDIFSA-N	CC(C)CCC[C@@H](C)[C@H]1CC[C@H]2[C@@H]3CC=C4C[C@H](CC[C@]4(C)[C@H]3CC[C@]12C)O	Cholesterol	CHEBI:16113	R-HSA-1369062,R-HSA-156584,R-HSA-163560,R-HSA-1655829,R-HSA-191273,R-HSA-192105,R-HSA-192456,R-HSA-193368,R-HSA-193775,R-HSA-193807,R-HSA-196108,R-HSA-202733,R-HSA-211945,R-HSA-211976,R-HSA-2168880,R-HSA-3000471,R-HSA-3000471,R-HSA-3000480,R-HSA-3000480,R-HSA-3000484,R-HSA-3000484,R-HSA-3000497,R-HSA-432142,R-HSA-5358346,R-HSA-5362768,R-HSA-5679090,R-HSA-5679096,R-HSA-5682113,R-HSA-5686938,R-HSA-6807047,R-HSA-6809371,R-HSA-8856825,R-HSA-8856828,R-HSA-8866423,R-HSA-8963678,R-HSA-8963888,R-HSA-8963896,R-HSA-8963901,R-HSA-8964011,R-HSA-8964026,R-HSA-8964026,R-HSA-8964038,R-HSA-8964038,R-HSA-8964041,R-HSA-8964046,R-HSA-8964046,R-HSA-8964058,R-HSA-9707616,R-HSA-975634,R-HSA-975634,R-HSA-9918432,R-HSA-9918481,R-HSA-9920588,R-HSA-9969901	C00187	map01100,map01120,map00100,map00120,map00140,map00981,map00996,map00984,map01066,map04148,map04913,map04925,map04927,map04976,map04975,map04979,map04977,map04382,map05200,map05217,map05417,map04934	CHEBI:16113,CHEBI:16113,CHEBI:16113	CHEBI:16113,CHEBI:16113,CHEBI:16113	CHEBI:16113,CHEBI:16113,CHEBI:16113	CHEBI:16113	C00187	C00187	C00187	C00187	CHEBI:16113	R-HSA-1369062,R-HSA-156584,R-HSA-163560,R-HSA-1655829,R-HSA-191273,R-HSA-192105,R-HSA-192456,R-HSA-193368,R-HSA-193775,R-HSA-193807,R-HSA-196108,R-HSA-202733,R-HSA-211945,R-HSA-211976,R-HSA-2168880,R-HSA-3000471,R-HSA-3000471,R-HSA-3000480,R-HSA-3000480,R-HSA-3000484,R-HSA-3000484,R-HSA-3000497,R-HSA-432142,R-HSA-5358346,R-HSA-5362768,R-HSA-5679090,R-HSA-5679096,R-HSA-5682113,R-HSA-5686938,R-HSA-6807047,R-HSA-6809371,R-HSA-8856825,R-HSA-8856828,R-HSA-8866423,R-HSA-8963678,R-HSA-8963888,R-HSA-8963896,R-HSA-8963901,R-HSA-8964011,R-HSA-8964026,R-HSA-8964026,R-HSA-8964038,R-HSA-8964038,R-HSA-8964041,R-HSA-8964046,R-HSA-8964046,R-HSA-8964058,R-HSA-9707616,R-HSA-975634,R-HSA-975634,R-HSA-9918432,R-HSA-9918481,R-HSA-9920588,R-HSA-9969901	C00187	map01100,map01120,map00100,map00120,map00140,map00981,map00996,map00984,map01066,map04148,map04913,map04925,map04927,map04976,map04975,map04979,map04977,map04382,map05200,map05217,map05417,map04934		CHEBI:16113	C00187	CHEBI:16113	R-HSA-1369062,R-HSA-156584,R-HSA-163560,R-HSA-1655829,R-HSA-191273,R-HSA-192105,R-HSA-192456,R-HSA-193368,R-HSA-193775,R-HSA-193807,R-HSA-196108,R-HSA-202733,R-HSA-211945,R-HSA-211976,R-HSA-2168880,R-HSA-3000471,R-HSA-3000471,R-HSA-3000480,R-HSA-3000480,R-HSA-3000484,R-HSA-3000484,R-HSA-3000497,R-HSA-432142,R-HSA-5358346,R-HSA-5362768,R-HSA-5679090,R-HSA-5679096,R-HSA-5682113,R-HSA-5686938,R-HSA-6807047,R-HSA-6809371,R-HSA-8856825,R-HSA-8856828,R-HSA-8866423,R-HSA-8963678,R-HSA-8963888,R-HSA-8963896,R-HSA-8963901,R-HSA-8964011,R-HSA-8964026,R-HSA-8964026,R-HSA-8964038,R-HSA-8964038,R-HSA-8964041,R-HSA-8964046,R-HSA-8964046,R-HSA-8964058,R-HSA-9707616,R-HSA-975634,R-HSA-975634,R-HSA-9918432,R-HSA-9918481,R-HSA-9920588,R-HSA-9969901	C00187	map01100,map01120,map00100,map00120,map00140,map00981,map00996,map00984,map01066,map04148,map04913,map04925,map04927,map04976,map04975,map04979,map04977,map04382,map05200,map05217,map05417,map04934		CHEBI:16113	C00187	CHEBI:16113	R-HSA-1369062,R-HSA-156584,R-HSA-163560,R-HSA-1655829,R-HSA-191273,R-HSA-192105,R-HSA-192456,R-HSA-193368,R-HSA-193775,R-HSA-193807,R-HSA-196108,R-HSA-202733,R-HSA-211945,R-HSA-211976,R-HSA-2168880,R-HSA-3000471,R-HSA-3000471,R-HSA-3000480,R-HSA-3000480,R-HSA-3000484,R-HSA-3000484,R-HSA-3000497,R-HSA-432142,R-HSA-5358346,R-HSA-5362768,R-HSA-5679090,R-HSA-5679096,R-HSA-5682113,R-HSA-5686938,R-HSA-6807047,R-HSA-6809371,R-HSA-8856825,R-HSA-8856828,R-HSA-8866423,R-HSA-8963678,R-HSA-8963888,R-HSA-8963896,R-HSA-8963901,R-HSA-8964011,R-HSA-8964026,R-HSA-8964026,R-HSA-8964038,R-HSA-8964038,R-HSA-8964041,R-HSA-8964046,R-HSA-8964046,R-HSA-8964058,R-HSA-9707616,R-HSA-975634,R-HSA-975634,R-HSA-9918432,R-HSA-9918481,R-HSA-9920588,R-HSA-9969901	C00187	map01100,map01120,map00100,map00120,map00140,map00981,map00996,map00984,map01066,map04148,map04913,map04925,map04927,map04976,map04975,map04979,map04977,map04382,map05200,map05217,map05417,map04934			0
DG(35:5)	RM0171308	C38H64O5	600.4754	Glycerolipids	Diradylglycerols	DAG								DG 35:5																																	0
LPC(O-16:0)	RM0133233	C24H52NO6P	481.3532	Glycerophospholipids	Glycerophosphocholines	O-LPC	162126	CHEBI:64496		LMGP01060010	C04317	VLBPIWYTPAXCFJ-XMMPIXPASA-N	CCCCCCCCCCCCCCCCOC[C@H](COP(=O)([O-])OCC[N+](C)(C)C)O	LPC O-16:0			C04317	map01100,map00565	CHEBI:64593	CHEBI:64593,CHEBI:64593	CHEBI:64593	CHEBI:64496,CHEBI:64593	C04317	C04317	C04317	C04317			C04317	map01100,map00565		CHEBI:64496,CHEBI:64593	C04317			C04317	map01100,map00565		CHEBI:64496,CHEBI:64593	C04317			C04317	map01100,map00565	CHEBI:36313	R-HSA-1482788	1
SM(42:4;3O)	RM0060325	C47H89N2O7P	824.6407	Sphingolipids	Phosphosphingolipids	SM								SM 42:4;O3																																	0
SM(18:1;2O/10:0)	RM0034204	C33H67N2O6P	618.4737	Sphingolipids	Phosphosphingolipids	SM	134758769			LMSP03019BV3		POUAASDDHCKCSU-MYMQEZBZSA-N	CCCCCCCCCCCCC/C=C/[C@H]([C@H](COP(=O)([O-])OCC[N+](C)(C)C)NC(=O)CCCCCCCCC)O	SM 18:1;O2/10:0																																	0
PI(18:0_18:1)	RM0134535	C45H85O13P	864.5728	Glycerophospholipids	Glycerophosphoinositols	PI								PI 18:0_18:1					CHEBI:167273	CHEBI:167273,CHEBI:167273	CHEBI:167273	CHEBI:167273										CHEBI:167273							CHEBI:167273						CHEBI:28874	R-HSA-198933	1
SM(18:1;2O/16:0)	RM0135543	C39H79N2O6P	702.5676	Sphingolipids	Phosphosphingolipids	SM	9939941	CHEBI:78646	HMDB0010169	LMSP03010003		RWKUXQNLWDTSLO-GWQJGLRPSA-N	CCCCCCCCCCCCC/C=C/[C@H]([C@H](COP(=O)([O-])OCC[N+](C)(C)C)NC(=O)CCCCCCCCCCCCCCC)O	SM 18:1;O2/16:0								CHEBI:78646										CHEBI:78646							CHEBI:78646						CHEBI:17636	R-HSA-1369062,R-HSA-193681,R-HSA-9840310	3
PC(18:1_22:6)	RM0036601	C48H82NO8P	831.5778	Glycerophospholipids	Glycerophosphocholines	PC								PC 18:1_22:6																																	0
DG(16:0_18:1)	RM0034278	C37H70O5	594.5223	Glycerolipids	Diradylglycerols	DAG								DG 16:0_18:1																																	0
PC(18:0_20:5)	RM0025394	C46H82NO8P	807.5778	Glycerophospholipids	Glycerophosphocholines	PC								PC 18:0_20:5																																	0
SM(40:7;2O)	RM0059449	C45H79N2O6P	774.5676	Sphingolipids	Phosphosphingolipids	SM								SM 40:7;O2																																	0
SM(18:2;2O/16:0)	RM0135573	C39H77N2O6P	700.5519	Sphingolipids	Phosphosphingolipids	SM	52931235	CHEBI:136280	HMDB0240638	LMSP03010090		YLWSJLLZUHSIEA-CKSUKHGVSA-N	CCC/C=C\CCCCCCCC/C=C/[C@H]([C@H](COP(=O)([O-])OCC[N+](C)(C)C)NC(=O)CCCCCCCCCCCCCCC)O	SM 18:2;O2/16:0								CHEBI:136280										CHEBI:136280							CHEBI:136280						CHEBI:64583	R-HSA-1660661	1
Tetradecane	RM0153390	C14H30	198.2348	Fatty Acyls	Hydrocarbons	Hydrocarbons	12389	CHEBI:41253	HMDB0059907	LMFA11000586		BGHCVCJVXZWKCC-UHFFFAOYSA-N	CCCCCCCCCCCCCC	Tetradecane					CHEBI:41253,CHEBI:41253	CHEBI:41253,CHEBI:41253	CHEBI:41253,CHEBI:41253	CHEBI:41253										CHEBI:41253							CHEBI:41253								0
N,N-diethyl-Formamide	-	-	-	-	-	-	-		-	-		-	-	-					CHEBI:183296	CHEBI:183296	CHEBI:183296	CHEBI:183296										CHEBI:183296							CHEBI:183296								0
PC(16:0_22:6)	RM0171056	C46H80NO8P	805.5622	Glycerophospholipids	Glycerophosphocholines	PC								PC 16:0_22:6																																	0
SM(18:1;2O/18:0)	RM0135541	C41H83N2O6P	730.5989	Sphingolipids	Phosphosphingolipids	SM	6453725	CHEBI:83358	HMDB0001348	LMSP03010001	C00550	LKQLRGMMMAHREN-YJFXYUILSA-N	CCCCCCCCCCCCCCCCCC(=O)N[C@@H](COP(=O)([O-])OCC[N+](C)(C)C)[C@@H](/C=C/CCCCCCCCCCCCC)O	SM 18:1;O2/18:0			C00550	map01100,map00600,map04071,map04217				CHEBI:83358	C00550	C00550	C00550	C00550			C00550	map01100,map00600,map04071,map04217		CHEBI:83358	C00550			C00550	map01100,map00600,map04071,map04217		CHEBI:83358	C00550			C00550	map01100,map00600,map04071,map04217	CHEBI:17636	R-HSA-1369062,R-HSA-193681,R-HSA-9840310	3
2,6-dimethyl-Heptadecane	-	-	-	-	-	-	-		-	-		-	-	-																																	0
Creatinine	RM0028430	C4H7N3O	113.0589	Organoheterocyclic compounds	Azoles	Imidazolines	137319715	CHEBI:16737	HMDB0000562		C00791	DDRJAANPRJIHGJ-UHFFFAOYSA-N	CN1CC(=O)NC1=N	Creatinine	CHEBI:16737	R-HSA-549127,R-HSA-71288	C00791	map01100,map00330	CHEBI:16737,CHEBI:16737	CHEBI:16737,CHEBI:16737	CHEBI:16737,CHEBI:16737	CHEBI:16737	C00791	C00791	C00791	C00791	CHEBI:16737	R-HSA-549127,R-HSA-71288	C00791	map01100,map00330		CHEBI:16737	C00791	CHEBI:16737	R-HSA-549127,R-HSA-71288	C00791	map01100,map00330		CHEBI:16737	C00791	CHEBI:16737	R-HSA-549127,R-HSA-71288	C00791	map01100,map00330			0
PI(16:0_18:1)	RM0134531	C43H81O13P	836.5415	Glycerophospholipids	Glycerophosphoinositols	PI								PI 16:0_18:1					CHEBI:167270	CHEBI:167270,CHEBI:167270	CHEBI:167270	CHEBI:167270										CHEBI:167270							CHEBI:167270						CHEBI:28874	R-HSA-198933	1
L-Proline	RM0135899	C5H9NO2	115.0633	Organic acids	Amino acids and peptides	Amino acids	145742	CHEBI:17203	HMDB0000162		C00148	ONIBWKKTOPOVIA-BYPYZUCNSA-N	C1C[C@@H](C(=O)O)NC1	Proline			C00148	map01100,map01110,map01230,map00330,map00470,map00332,map00401,map00404,map00333,map00970,map02010,map04974,map04978,map05230	CHEBI:17203,CHEBI:17203,CHEBI:26271,CHEBI:50342,CHEBI:60039	CHEBI:17203,CHEBI:17203,CHEBI:26271,CHEBI:50342,CHEBI:60039	CHEBI:17203,CHEBI:17203,CHEBI:26271,CHEBI:50342,CHEBI:60039	CHEBI:17203,CHEBI:26271,CHEBI:50342,CHEBI:60039	C00148,C16435	C00148,C16435	C00148,C16435	C00148,C16435	CHEBI:60039	R-HSA-352230,R-HSA-379716,R-HSA-379726,R-HSA-428559,R-HSA-442660,R-HSA-5619041,R-HSA-5619101,R-HSA-5660686,R-HSA-70688,R-HSA-8964539	C00148	map01100,map01110,map01230,map00330,map00470,map00332,map00401,map00404,map00333,map00970,map02010,map04974,map04978,map05230	CHEBI:16313,CHEBI:30018,CHEBI:32862,CHEBI:32864,CHEBI:32867,CHEBI:32868,CHEBI:32871,CHEBI:32872,CHEBI:57726	CHEBI:16313,CHEBI:17203,CHEBI:26271,CHEBI:30018,CHEBI:32862,CHEBI:32864,CHEBI:32867,CHEBI:32868,CHEBI:32871,CHEBI:32872,CHEBI:50342,CHEBI:57726,CHEBI:60039	C00148,C00763,C16435	CHEBI:60039	R-HSA-352230,R-HSA-379716,R-HSA-379726,R-HSA-428559,R-HSA-442660,R-HSA-5619041,R-HSA-5619101,R-HSA-5660686,R-HSA-70688,R-HSA-8964539	C00148,C00763	map01100,map01110,map01230,map00330,map00470,map00332,map00401,map00404,map00333,map00970,map02010,map04974,map04978,map05230,map01100,map00330,map00470	CHEBI:192088	CHEBI:16313,CHEBI:17203,CHEBI:26271,CHEBI:30018,CHEBI:32862,CHEBI:32864,CHEBI:32867,CHEBI:32868,CHEBI:32871,CHEBI:32872,CHEBI:50342,CHEBI:57726,CHEBI:60039,CHEBI:192088	C00148,C00763,C16435	CHEBI:60039	R-HSA-352230,R-HSA-379716,R-HSA-379726,R-HSA-428559,R-HSA-442660,R-HSA-5619041,R-HSA-5619101,R-HSA-5660686,R-HSA-70688,R-HSA-8964539	C00148,C00763	map01100,map01110,map01230,map00330,map00470,map00332,map00401,map00404,map00333,map00970,map02010,map04974,map04978,map05230,map01100,map00330,map00470			0
Undecane	RM0152231	C11H24	156.1878	Fatty Acyls	Hydrocarbons	Hydrocarbons	14257	CHEBI:46342	HMDB0031445	LMFA11000591		RSJKGSCJYJTIGS-UHFFFAOYSA-N	CCCCCCCCCCC	Undecane					CHEBI:46342,CHEBI:46342	CHEBI:46342,CHEBI:46342	CHEBI:46342,CHEBI:46342	CHEBI:46342										CHEBI:46342							CHEBI:46342								0
DG(30:5)	RM0005700	C33H54O5	530.3971	Glycerolipids	Diradylglycerols	DAG								DG 30:5																																	0
PE(P-18:1_22:6)	RM0008718	C45H76NO7P	773.5359	Glycerophospholipids	Glycerophosphoethanolamines	O-PE								PE P-18:1/22:6					CHEBI:90487	CHEBI:136216,CHEBI:90487	CHEBI:90487,CHEBI:136216	CHEBI:90487,CHEBI:136216										CHEBI:90487,CHEBI:136216							CHEBI:90487,CHEBI:136216						CHEBI:17476	R-HSA-1482788	1
PC(O-40:7)	RM0052254	C48H84NO7P	817.5985	Glycerophospholipids	Glycerophosphocholines	O-PC								PC O-40:7					CHEBI:85772	CHEBI:85772,CHEBI:85772	CHEBI:85772	CHEBI:85772										CHEBI:85772							CHEBI:85772						CHEBI:36313	R-HSA-1482788	1
PI(32:1)	RM0134529	C41H77O13P	808.5102	Glycerophospholipids	Glycerophosphoinositols	PI								PI 32:1					CHEBI:140360,CHEBI:74369,CHEBI:88396,CHEBI:88425	CHEBI:140360,CHEBI:140360,CHEBI:88396,CHEBI:88425,CHEBI:74369,CHEBI:74369	CHEBI:140360,CHEBI:74369,CHEBI:88396,CHEBI:88425	CHEBI:74369,CHEBI:88396,CHEBI:88425,CHEBI:140360										CHEBI:74369,CHEBI:88396,CHEBI:88425,CHEBI:140360						CHEBI:140366	CHEBI:74369,CHEBI:88396,CHEBI:88425,CHEBI:140360,CHEBI:140366						CHEBI:28874,CHEBI:57880	R-HSA-1482922,R-HSA-1483196,R-HSA-1483226,R-HSA-1483248,R-HSA-162710,R-HSA-163125,R-HSA-1632852,R-HSA-1660499,R-HSA-1660514,R-HSA-1660516,R-HSA-1660517,R-HSA-198933,R-HSA-2046106,R-HSA-3000471,R-HSA-3000480,R-HSA-5668599,R-HSA-9636383,R-HSA-9793528	18
TG(14:0_15:0_16:0)	RM0064416	C48H92O6	764.6894	Glycerolipids	Triradylglycerols	TAG								TG 14:0_15:0_16:0																																	0
PC(18:2_18:2)	RM0134908	C44H80NO8P	781.5622	Glycerophospholipids	Glycerophosphocholines	PC								PC 18:2/18:2						CHEBI:136085,CHEBI:42027,CHEBI:89866	CHEBI:136085,CHEBI:42027,CHEBI:89866	CHEBI:42027,CHEBI:89866,CHEBI:136085										CHEBI:42027,CHEBI:89866,CHEBI:136085							CHEBI:42027,CHEBI:89866,CHEBI:136085						CHEBI:36313,CHEBI:57643	R-HSA-111995,R-HSA-1369062,R-HSA-1482788,R-HSA-1482798,R-HSA-1482839,R-HSA-1483101,R-HSA-1483148,R-HSA-1483166,R-HSA-1483191,R-HSA-1483196,R-HSA-1660661,R-HSA-2029485,R-HSA-2142753,R-HSA-382556,R-HSA-5678771,R-HSA-5683678,R-HSA-5683826,R-HSA-5688399,R-HSA-6811436,R-HSA-8964058,R-HSA-9680350	21
Itaconic acid	RM0152814	C5H6O4	130.0266	Fatty Acyls	Fatty acids	Dicarboxylic acids	811	CHEBI:30838	HMDB0002092	LMFA01170063	C00490	LVHBHZANLOWSRM-UHFFFAOYSA-N	C=C(CC(=O)O)C(=O)O	Itaconic acid			C00490	map01100,map00660	CHEBI:30838,CHEBI:30838	CHEBI:30838,CHEBI:30838	CHEBI:30838,CHEBI:30838	CHEBI:30838	C00490	C00490	C00490	C00490			C00490	map01100,map00660	CHEBI:17240	CHEBI:17240,CHEBI:30838	C00490	CHEBI:17240	R-HSA-611105,R-HSA-71403	C00490	map01100,map00660		CHEBI:17240,CHEBI:30838	C00490	CHEBI:17240	R-HSA-611105,R-HSA-71403	C00490	map01100,map00660			0
