metabolite_id	p_value	method_used	n_features	n_per_group	p_adj	significant
Obscuraminol A	8.042719052578628e-17	single	1	AS_Female:20,FU_Male:20	1.9471422826292856e-13	True
Presphaerol	8.070555528955435e-16	single	1	AS_Female:20,FU_Male:20	9.769407467800554e-13	True
5-(1-oxopropan-2-yl)isolongifol-5-ene	1.2704144885645269e-14	single	1	AS_Female:20,FU_Male:20	1.0252244922715732e-11	True
9R,10S-Epoxy-3Z,6Z-eicosadiene	7.835155256294362e-13	single	1	AS_Female:20,FU_Male:20	4.742227718872163e-10	True
11Z,19-Eicosadienyl acetate	2.9746642715977833e-12	single	1	AS_Female:20,FU_Male:20	1.4403324403076467e-09	True
3E,6Z-Heneicosadien-11-one	6.404510989312366e-12	single	1	AS_Female:20,FU_Male:20	2.5842201841875398e-09	True
Anandamide (20:2, n-6)	4.729992976848383e-10	single	1	AS_Female:20,FU_Male:20	1.5214556383042988e-07	True
C16 Sphinganine	5.027527925003879e-10	single	1	AS_Female:20,FU_Male:20	1.5214556383042988e-07	True
Sulfometuron methyl	3.1117516311560434e-09	single	1	AS_Female:20,FU_Male:20	8.370611887809757e-07	True
Citpressine II	6.278584252340244e-09	single	1	AS_Female:20,FU_Male:20	1.520045247491573e-06	True
Hippeastrine	8.170459999029695e-09	single	1	AS_Female:20,FU_Male:20	1.7982439688773538e-06	True
Dexrazoxane	1.5478602621997116e-08	single	1	AS_Female:20,FU_Male:20	3.122808078987918e-06	True
3alpha-Hydroxy-7,12-dioxo-5beta-cholan-24-oic Acid	1.8567919860911855e-08	single	1	AS_Female:20,FU_Male:20	3.4579179987128924e-06	True
Hexadecanedioic acid	2.271497201498431e-08	single	1	AS_Female:20,FU_Male:20	3.8370924740413095e-06	True
2',7-Dihydroxy-4'-methoxy-8-prenylflavan 2',7-diglucoside	2.3773807150193986e-08	single	1	AS_Female:20,FU_Male:20	3.8370924740413095e-06	True
16-phenyl-tetranor-PGE2	2.792540128053591e-08	single	1	AS_Female:20,FU_Male:20	4.032760943065887e-06	True
3-O-Acetylhamayne	2.8704274065108043e-08	single	1	AS_Female:20,FU_Male:20	4.032760943065887e-06	True
Dihydroisolysergic acid II	2.998335273654935e-08	single	1	AS_Female:20,FU_Male:20	4.032760943065887e-06	True
8-hydroxy-17-octadecene-9,11-diynoic acid	3.32250233807906e-08	single	1	AS_Female:20,FU_Male:20	4.23356745288916e-06	True
Ribothymidine	3.6214693718034404e-08	single	1	AS_Female:20,FU_Male:20	4.383788674568065e-06	True
URB597	5.444493959437389e-08	single	1	AS_Female:20,FU_Male:20	6.276723750379961e-06	True
3'-O-methylbatatasin III	6.577896892556653e-08	single	1	AS_Female:20,FU_Male:20	7.2386765349452986e-06	True
(10S)-Juvenile hormone III diol	7.636364370602433e-08	single	1	AS_Female:20,FU_Male:20	8.03810353966456e-06	True
Neopterin	9.931497687526066e-08	single	1	AS_Female:20,FU_Male:20	1.0018398292291919e-05	True
Ichangin 4-glucoside	1.198919750257591e-07	single	1	AS_Female:20,FU_Male:20	1.1610338861494512e-05	True
(R)-(+)-alpha-Terpineol	1.4022541037972638e-07	single	1	AS_Female:20,FU_Male:20	1.3057143020358367e-05	True
11S-HpODE	1.715640834539564e-07	single	1	AS_Female:20,FU_Male:20	1.536298234242941e-05	True
Bifenazate	1.785453785128382e-07	single	1	AS_Female:20,FU_Male:20	1.536298234242941e-05	True
Biocytin	1.8402581079324777e-07	single	1	AS_Female:20,FU_Male:20	1.536298234242941e-05	True
Indolelactic acid	2.0236451683948672e-07	aggregate	2	AS_Female:20,FU_Male:20	1.6330816508946577e-05	True
Heptadecanoic acid	2.1044256573184442e-07	aggregate	2	AS_Female:20,FU_Male:20	1.643488553667082e-05	True
Bixindial/ Bixin aldehyde	2.24149552195505e-07	single	1	AS_Female:20,FU_Male:20	1.6958314558291174e-05	True
XYLOCARPUS A	2.4555969037496473e-07	single	1	AS_Female:20,FU_Male:20	1.7265251599312983e-05	True
2Z-octadecenoic acid	2.494052384957288e-07	single	1	AS_Female:20,FU_Male:20	1.7265251599312983e-05	True
Etiocholan-3alpha-ol-17-one 3-glucuronide	2.5072079733496245e-07	single	1	AS_Female:20,FU_Male:20	1.7265251599312983e-05	True
Androsterone 3-glucuronide	2.567323657890406e-07	single	1	AS_Female:20,FU_Male:20	1.7265251599312983e-05	True
Muricin E	3.002453035037483e-07	single	1	AS_Female:20,FU_Male:20	1.9645780534664177e-05	True
4,5-(methanoxy-2-methylethano)isolongifol-4-ene	3.127626784467633e-07	single	1	AS_Female:20,FU_Male:20	1.9926274855779313e-05	True
6-Hydroxymelatonin	3.8848714461938344e-07	single	1	AS_Female:20,FU_Male:20	2.411608659291096e-05	True
Remifentanil	4.2982948390380894e-07	single	1	AS_Female:20,FU_Male:20	2.6015429513278037e-05	True
coumarin-SAHA	4.423986067578895e-07	single	1	AS_Female:20,FU_Male:20	2.6123098218557328e-05	True
MG(0:0/18:1(9Z)/0:0)	4.960237460422312e-07	single	1	AS_Female:20,FU_Male:20	2.8592225932577182e-05	True
trans-9-palmitoleic acid	5.257460588610451e-07	single	1	AS_Female:20,FU_Male:20	2.9600725779130007e-05	True
Chlorbufam	6.155357746739403e-07	single	1	AS_Female:20,FU_Male:20	3.3868457056491126e-05	True
N-Phospho-D-lombricine	6.66930640698925e-07	single	1	AS_Female:20,FU_Male:20	3.5880868469602164e-05	True
Rapanone	6.997443803564357e-07	single	1	AS_Female:20,FU_Male:20	3.678356057485357e-05	True
(S)-Annocherine A	7.256838817888996e-07	single	1	AS_Female:20,FU_Male:20	3.678356057485357e-05	True
Melicopicine	7.336714894702793e-07	single	1	AS_Female:20,FU_Male:20	3.678356057485357e-05	True
9E,11E-Octadecadienoic acid	7.496938171921845e-07	single	1	AS_Female:20,FU_Male:20	3.678356057485357e-05	True
Longifolonine	7.596770048503421e-07	single	1	AS_Female:20,FU_Male:20	3.678356057485357e-05	True
9,10-DHOME	7.83410022669161e-07	single	1	AS_Female:20,FU_Male:20	3.718893460553017e-05	True
PGF1a alcohol	8.484557785798122e-07	single	1	AS_Female:20,FU_Male:20	3.950214307580241e-05	True
Oxytetracycline	9.185312224801116e-07	single	1	AS_Female:20,FU_Male:20	4.1957813011780184e-05	True
Desmedipham	1.1215975414340917e-06	single	1	AS_Female:20,FU_Male:20	5.023916379557901e-05	True
6-amino-hexanoic acid	1.1413275542159627e-06	single	1	AS_Female:20,FU_Male:20	5.023916379557901e-05	True
5-NITRO-2-PHENYLPROPYLAMINOBENZOIC ACID [NPPB]	1.2134037071524432e-06	single	1	AS_Female:20,FU_Male:20	5.2458042411001155e-05	True
Eremopetasinorol	1.2571750716320317e-06	single	1	AS_Female:20,FU_Male:20	5.339685698984472e-05	True
(S)-Spinacine	1.3206549143579898e-06	single	1	AS_Female:20,FU_Male:20	5.478495358650559e-05	True
Testosterone sulfate	1.3351145235868774e-06	single	1	AS_Female:20,FU_Male:20	5.478495358650559e-05	True
N-Butyl-beta-carboline-3-carboxylate	1.4701437845431481e-06	single	1	AS_Female:20,FU_Male:20	5.9320301706316026e-05	True
1,8-ANS	1.538201006378389e-06	single	1	AS_Female:20,FU_Male:20	6.10489284662636e-05	True
Undecanedioic acid	1.5768745322209295e-06	single	1	AS_Female:20,FU_Male:20	6.157440713720759e-05	True
IM-54	1.636178597541869e-06	single	1	AS_Female:20,FU_Male:20	6.287600610553754e-05	True
()8,9-DiHETrE	1.8179698096703788e-06	single	1	AS_Female:20,FU_Male:20	6.845566028962297e-05	True
Dihydrostreptomycin 6-phosphate	1.8379256170282912e-06	single	1	AS_Female:20,FU_Male:20	6.845566028962297e-05	True
L-Histidinol	1.9832066967736334e-06	single	1	AS_Female:20,FU_Male:20	7.257798575580799e-05	True
Lysergic acid	2.0085605310364044e-06	single	1	AS_Female:20,FU_Male:20	7.257798575580799e-05	True
(S)-Menthone 8-thioacetate	2.080059348107e-06	single	1	AS_Female:20,FU_Male:20	7.405623061422128e-05	True
Diamorphine (heroin)	2.144255244761614e-06	single	1	AS_Female:20,FU_Male:20	7.523539054446185e-05	True
DL-3-hydroxy stearic acid	2.255391358522214e-06	single	1	AS_Female:20,FU_Male:20	7.800432112831828e-05	True
CAY10444	2.344526209831187e-06	single	1	AS_Female:20,FU_Male:20	7.994504160565216e-05	True
cis-erucic acid	2.4439697557255963e-06	single	1	AS_Female:20,FU_Male:20	8.217848303627318e-05	True
Sulfometuron	2.652455426020061e-06	single	1	AS_Female:20,FU_Male:20	8.796704912869271e-05	True
trans-1,2-Diphenylcyclobutane	2.920658982912164e-06	single	1	AS_Female:20,FU_Male:20	9.46181645110286e-05	True
PE-NMe(O-16:0/O-16:0)	2.931169904306958e-06	single	1	AS_Female:20,FU_Male:20	9.46181645110286e-05	True
17-??, 21-dihydroxy-11,20-dioxo-5-??-pregnan-3-??-yl-??-d-glucuronide	3.3462846855642843e-06	single	1	AS_Female:20,FU_Male:20	0.00010659677925988331	True
4-Hydroxy-desmethylclobazam	3.5195982937474513e-06	single	1	AS_Female:20,FU_Male:20	0.00011066165544366987	True
SECNIDAZOLE	3.583431206251899e-06	single	1	AS_Female:20,FU_Male:20	0.0001112241916709724	True
3'-Hydroxy-T2 Toxin	3.710099574803291e-06	single	1	AS_Female:20,FU_Male:20	0.0001135317381519615	True
2R-aminohexadecanoic acid	3.751565077305626e-06	single	1	AS_Female:20,FU_Male:20	0.0001135317381519615	True
Palmitolinoleic acid	3.969048441951586e-06	single	1	AS_Female:20,FU_Male:20	0.00011863044787610852	True
Hydroxyprolyl-Hydroxyproline	4.232007625958821e-06	single	1	AS_Female:20,FU_Male:20	0.00012396383311951304	True
Quinagolide sulfate	4.249895972292269e-06	single	1	AS_Female:20,FU_Male:20	0.00012396383311951304	True
S-cucujolide III	4.35413116477481e-06	single	1	AS_Female:20,FU_Male:20	0.00012549228035618827	True
Uric acid	4.413148512603897e-06	single	1	AS_Female:20,FU_Male:20	0.00012569685351781218	True
7-heptadecynoic acid	4.691344870911212e-06	single	1	AS_Female:20,FU_Male:20	0.0001320668131683261	True
DG(14:0/17:2(9Z,12Z)/0:0)[iso2]	4.940455261683051e-06	single	1	AS_Female:20,FU_Male:20	0.00013748094469580077	True
Lasalocid A	5.006366864201648e-06	single	1	AS_Female:20,FU_Male:20	0.00013773197929809307	True
Gibberellin A14 aldehyde	5.421379428496281e-06	single	1	AS_Female:20,FU_Male:20	0.00014675761800041957	True
Anandamide (20:l, n-9)	5.522030489191401e-06	single	1	AS_Female:20,FU_Male:20	0.00014675761800041957	True
2-(a-Hydroxyethyl)thiamine diphosphate	5.547940404451384e-06	single	1	AS_Female:20,FU_Male:20	0.00014675761800041957	True
Sodium thiosalicylate	5.576910721205534e-06	single	1	AS_Female:20,FU_Male:20	0.00014675761800041957	True
3alpha-hydroxy-5alpha-androstane-17-one 3-D-glucuronide	5.8095427106370375e-06	single	1	AS_Female:20,FU_Male:20	0.00015123551508013192	True
Phenmedipham	6.191722308911018e-06	single	1	AS_Female:20,FU_Male:20	0.00015946978414759123	True
Betaine	6.34246447816721e-06	single	1	AS_Female:20,FU_Male:20	0.0001616327000172928	True
16-heptadecynoic acid	6.540721025234034e-06	single	1	AS_Female:20,FU_Male:20	0.0001649488083551208	True
cis-and-trans-Inophyllolide	6.68319716199627e-06	single	1	AS_Female:20,FU_Male:20	0.00016680433329064917	True
3-Dimethylallyl-4-hydroxymandelic acid	6.8609377904569335e-06	single	1	AS_Female:20,FU_Male:20	0.00016882585441837418	True
Bolusanthin	6.946645646136761e-06	single	1	AS_Female:20,FU_Male:20	0.00016882585441837418	True
Dicyclohexyl disulfide	6.973393408441726e-06	single	1	AS_Female:20,FU_Male:20	0.00016882585441837418	True
Palmitic acid	7.102310110611789e-06	fisher	2	AS_Female:20,FU_Male:20	0.00017024448294842713	True
4E,7Z,10Z-Tridecatrienyl acetate	7.4370940663810265e-06	single	1	AS_Female:20,FU_Male:20	0.00017575295059908192	True
2-nonenal	7.481485477787594e-06	single	1	AS_Female:20,FU_Male:20	0.00017575295059908192	True
Allyl isothiocyanate	7.549899571377332e-06	single	1	AS_Female:20,FU_Male:20	0.00017575295059908192	True
poststerone	7.648415026997199e-06	single	1	AS_Female:20,FU_Male:20	0.00017635059790819255	True
Latanoprost Lactol	7.995572334078419e-06	single	1	AS_Female:20,FU_Male:20	0.00018177708993685654	True
Simvastatin-6'-carboxylic acid	8.03393169072435e-06	single	1	AS_Female:20,FU_Male:20	0.00018177708993685654	True
4-Phenylbutyl glucosinolate	8.41449275810591e-06	single	1	AS_Female:20,FU_Male:20	0.00018862487932754082	True
Cortisol	8.730143713172035e-06	single	1	AS_Female:20,FU_Male:20	0.00019390530210632565	True
9-octadecen-4-olide	9.001053961522644e-06	single	1	AS_Female:20,FU_Male:20	0.00019810501491678475	True
2E-Hexene	9.198504259983112e-06	single	1	AS_Female:20,FU_Male:20	0.00020062683615692896	True
2-Sterpurene-6,12,15-triol	9.714464935623664e-06	single	1	AS_Female:20,FU_Male:20	0.00020998856793879366	True
didesmethyl tocotrienol	1.0213200976734929e-05	single	1	AS_Female:20,FU_Male:20	0.00021881557136880765	True
PGE2 1,15-lactone	1.0988916482119481e-05	single	1	AS_Female:20,FU_Male:20	0.00023336988423869532	True
(25S)-11alpha,20,26-trihydroxyecdysone	1.1488126727220942e-05	single	1	AS_Female:20,FU_Male:20	0.00024185004179653826	True
2-Aminoadenosine	1.1751471394910045e-05	single	1	AS_Female:20,FU_Male:20	0.0002452613124748036	True
PGE1 alcohol	1.1908501978572125e-05	single	1	AS_Female:20,FU_Male:20	0.00024641438709506935	True
3-Epimacronine	1.2342728218864123e-05	single	1	AS_Female:20,FU_Male:20	0.00025042055704455225	True
L-Tyrosine methyl ester 4-sulfate	1.2611008978921553e-05	single	1	AS_Female:20,FU_Male:20	0.00025042055704455225	True
2-hydroxy pelargonic acid	1.2617158488970875e-05	single	1	AS_Female:20,FU_Male:20	0.00025042055704455225	True
5,3'-Dihydroxy-4',5'-dimethoxy-6,7-methylenedioxyisoflavone	1.2753096122593612e-05	single	1	AS_Female:20,FU_Male:20	0.00025042055704455225	True
7Z-Octadecene	1.2757106851616171e-05	single	1	AS_Female:20,FU_Male:20	0.00025042055704455225	True
3,5-Pyridinedicarboxylic acid, 1,4-dihydro-2,6-dimethyl-4-(3-nitrophenyl)-, 2-hydroxyethyl methyl es	1.2811307283178081e-05	single	1	AS_Female:20,FU_Male:20	0.00025042055704455225	True
9S-hydroxy-10S,11S-epoxy-12Z,15Z-octadecadienoic acid	1.2826166490509905e-05	single	1	AS_Female:20,FU_Male:20	0.00025042055704455225	True
Margaroyl-EA	1.3950479976389006e-05	single	1	AS_Female:20,FU_Male:20	0.00027019289618270226	True
Pyranocyanin A	1.4705607851635024e-05	single	1	AS_Female:20,FU_Male:20	0.0002825577508635587	True
2(??-D-Mannosyl)-D-glycerate	1.5369668600457613e-05	single	1	AS_Female:20,FU_Male:20	0.00029133409163318013	True
Praecanson A	1.5403041606380445e-05	single	1	AS_Female:20,FU_Male:20	0.00029133409163318013	True
29-demethylgeodisterol-O-sulfite	1.57243066680565e-05	single	1	AS_Female:20,FU_Male:20	0.0002951050111888743	True
PE(O-16:0/0:0)	1.6266336307727167e-05	single	1	AS_Female:20,FU_Male:20	0.00030292923231544207	True
6-Benzylaminopurine	1.6957327777472082e-05	single	1	AS_Female:20,FU_Male:20	0.00031338695075770924	True
Artesunate	1.710566517570558e-05	single	1	AS_Female:20,FU_Male:20	0.0003137334499271455	True
8-methoxy-13-hydroxy-9,11-octadecadienoic acid	1.7676907564904744e-05	single	1	AS_Female:20,FU_Male:20	0.00031751920160360853	True
10-Deoxymethynolide	1.779186682744194e-05	single	1	AS_Female:20,FU_Male:20	0.00031751920160360853	True
8E-Heptadecenedioic acid	1.7794595022359837e-05	single	1	AS_Female:20,FU_Male:20	0.00031751920160360853	True
6-Gingerol	1.7836683774510845e-05	single	1	AS_Female:20,FU_Male:20	0.00031751920160360853	True
1-(3-methylpentadecyl)-3-nonylcyclopentane	1.815526966967953e-05	single	1	AS_Female:20,FU_Male:20	0.00032083144430871633	True
9Z-Tritriacontene	1.8814650999244427e-05	single	1	AS_Female:20,FU_Male:20	0.0003300744207910925	True
Alpha-Pyrrolidinopropiophenone	1.931824628817532e-05	single	1	AS_Female:20,FU_Male:20	0.0003364710378681471	True
Verimol I	1.982476969942084e-05	single	1	AS_Female:20,FU_Male:20	0.00034282691030212753	True
Senecionine N-oxide	2.025187142985774e-05	single	1	AS_Female:20,FU_Male:20	0.0003477289413594723	True
Sphingosine-1-phosphate	2.1338381176534067e-05	single	1	AS_Female:20,FU_Male:20	0.00036380437203090827	True
L-Lyxonate	2.236421058309223e-05	single	1	AS_Female:20,FU_Male:20	0.00037862764910256145	True
Collettiside I	2.3718150002272907e-05	single	1	AS_Female:20,FU_Male:20	0.00039876139691321326	True
cyasterone	2.472545092640261e-05	single	1	AS_Female:20,FU_Male:20	0.0004128297702953153	True
Distemonanthin	2.5497279569285206e-05	single	1	AS_Female:20,FU_Male:20	0.00042160455982264973	True
15(16)-EpODE	2.5901239189153728e-05	single	1	AS_Female:20,FU_Male:20	0.00042160455982264973	True
7-hydroxy-10E,16-heptadecadien-8-ynoic acid	2.5988474710563277e-05	single	1	AS_Female:20,FU_Male:20	0.00042160455982264973	True
meso-Tartaric acid	2.604400023048669e-05	single	1	AS_Female:20,FU_Male:20	0.00042160455982264973	True
Quercetin 3-glucuronide-3'-sulfate	2.612171993944546e-05	single	1	AS_Female:20,FU_Male:20	0.00042160455982264973	True
1-O-Acetyllycorine	2.630221801882783e-05	single	1	AS_Female:20,FU_Male:20	0.00042170642267272965	True
5-Nonen-2-one	2.7644396996318582e-05	single	1	AS_Female:20,FU_Male:20	0.0004403097705795216	True
Antibiotic GR 95647X	2.8552995625826335e-05	single	1	AS_Female:20,FU_Male:20	0.00045180916607925203	True
Miraxanthin-III	3.0988879658303144e-05	single	1	AS_Female:20,FU_Male:20	0.00048716933540747997	True
Clidinium	3.2498391443242105e-05	single	1	AS_Female:20,FU_Male:20	0.0005076039076392847	True
Stearoylcarnitine	3.2767303443264886e-05	single	1	AS_Female:20,FU_Male:20	0.0005085233438214378	True
Safingol ( L-threo-sphinganine)	3.354580949241748e-05	single	1	AS_Female:20,FU_Male:20	0.0005172892024276607	True
Cer(d18:1/24:1(15Z))	3.480784655178031e-05	single	1	AS_Female:20,FU_Male:20	0.0005333531424168362	True
methyl 15-hydroperoxy-9Z,12Z,16E-octadecatrienoate	3.752945052753282e-05	single	1	AS_Female:20,FU_Male:20	0.0005714389919946979	True
9S,10R-epoxy-3Z,6Z-heptadecadiene	3.787292619033868e-05	single	1	AS_Female:20,FU_Male:20	0.0005730647144175621	True
8-Hydroxyluteolin 8,4'-diglucuronide	3.8355484187715646e-05	single	1	AS_Female:20,FU_Male:20	0.0005732147828625769	True
Deoxyadenosine diphosphate (dADP)	3.8356379522402915e-05	single	1	AS_Female:20,FU_Male:20	0.0005732147828625769	True
4Z,8Z-Heptadecadiene	3.965009570568376e-05	single	1	AS_Female:20,FU_Male:20	0.0005889133846838061	True
12beta-hydroxy-24-norcholesta-1,4,22E-trien-3-one	4.049883737590882e-05	single	1	AS_Female:20,FU_Male:20	0.0005963844881383277	True
Tyrosyl-Valine	4.0645782958622085e-05	single	1	AS_Female:20,FU_Male:20	0.0005963844881383277	True
Ceanothine D	4.171716770873148e-05	single	1	AS_Female:20,FU_Male:20	0.0006084172471255356	True
(S)-3-Mercaptohexyl pentanoate	4.217941637807435e-05	single	1	AS_Female:20,FU_Male:20	0.0006114752518042994	True
Chlorpheniramine	4.3454804885763414e-05	single	1	AS_Female:20,FU_Male:20	0.0006262147775501977	True
(3S,5R,6S,7E,9x)-7-Megastigmene-3,6,9-triol 9-glucoside	4.3971915255752396e-05	single	1	AS_Female:20,FU_Male:20	0.0006299172002022282	True
5,6,7,8,3',4',5'-Heptamethoxyflavone	4.61539169435982e-05	single	1	AS_Female:20,FU_Male:20	0.0006572860760026543	True
5Z-docosenoic acid	4.747769255902107e-05	single	1	AS_Female:20,FU_Male:20	0.0006721841735987719	True
xi-Linalool 3-[rhamnosyl-(1->6)-glucoside]	4.822541443370317e-05	single	1	AS_Female:20,FU_Male:20	0.0006788007461860197	True
8R-HpODE	5.013630720362103e-05	single	1	AS_Female:20,FU_Male:20	0.0006991968926329183	True
BMPN-benzoic acid	5.02520691111639e-05	single	1	AS_Female:20,FU_Male:20	0.0006991968926329183	True
Spheroidene	5.107603510800477e-05	single	1	AS_Female:20,FU_Male:20	0.000706600462837026	True
Sphingosine 1-phosphate	5.200241827170128e-05	single	1	AS_Female:20,FU_Male:20	0.0007153287195215272	True
xi-3-(4-Isopropylphenyl)-2-methylpropanal	5.253777543028415e-05	single	1	AS_Female:20,FU_Male:20	0.0007181653322957345	True
Sinaticin	5.2862501191715696e-05	single	1	AS_Female:20,FU_Male:20	0.0007181653322957345	True
Estrane skeleton	5.3098552036735435e-05	single	1	AS_Female:20,FU_Male:20	0.0007181653322957345	True
13-Methyl-1-hentriacontene	5.595146445783808e-05	single	1	AS_Female:20,FU_Male:20	0.0007525471969579222	True
3'-Methoxylupinifolin	5.9032906247647184e-05	single	1	AS_Female:20,FU_Male:20	0.0007896058896439439	True
3alpha,7beta,12alpha-Trihydroxy-6-oxo-5alpha-cholan-24-oic Acid	6.32926303246593e-05	single	1	AS_Female:20,FU_Male:20	0.000841931088000001	True
3'-dihydroxyflurbiprofen	6.818278579775234e-05	single	1	AS_Female:20,FU_Male:20	0.000902024723586658	True
2,4,6,8,10-dodecapentaenal	7.246450816830524e-05	single	1	AS_Female:20,FU_Male:20	0.000953459642801451	True
Neotame	7.435571191359906e-05	single	1	AS_Female:20,FU_Male:20	0.0009730550191503965	True
Mesuol	7.617198507672504e-05	single	1	AS_Female:20,FU_Male:20	0.0009914643864018888	True
8-Hydroxytricetin 7-glucuronide	8.049077931132668e-05	single	1	AS_Female:20,FU_Male:20	0.001042075811297978	True
31-hydroxy-32,35-anhydrobacteriohopanetetrol	8.381004793388575e-05	single	1	AS_Female:20,FU_Male:20	0.0010792772662124332	True
3,7,11,15-Tetramethylhexadeca-1,3Z,6E,10E,14-pentaene	8.500626559606694e-05	single	1	AS_Female:20,FU_Male:20	0.0010888897831115242	True
Ceriporic acid B	8.67222721258815e-05	single	1	AS_Female:20,FU_Male:20	0.0011050243200882057	True
Ophiobolin A	8.764984267350419e-05	single	1	AS_Female:20,FU_Male:20	0.0011109961733641552	True
4'-Hydroxy-4-(4-hydroxystyryl)-7-methoxyflavan	8.877437176479422e-05	single	1	AS_Female:20,FU_Male:20	0.001119389343971702	True
Tetradecanoylcarnitine	9.373774864501169e-05	single	1	AS_Female:20,FU_Male:20	0.0011758502045055611	True
10E,12Z-octadecadienoic acid	9.5423267918913e-05	single	1	AS_Female:20,FU_Male:20	0.001190823358926229	True
Alpha-Linolenic acid	0.00010512635268330243	single	1	AS_Female:20,FU_Male:20	0.0013051841017757701	True
1-Naphthaleneacetic acid sodium salt	0.00010590713043320695	single	1	AS_Female:20,FU_Male:20	0.0013081691978509898	True
14,15-DiHETrE	0.00010703472423875848	single	1	AS_Female:20,FU_Male:20	0.001314687768282983	True
Hypericin	0.00010752093272202834	single	1	AS_Female:20,FU_Male:20	0.001314687768282983	True
1-Methylphenanthrene	0.00011253664982605662	single	1	AS_Female:20,FU_Male:20	0.0013661441645796786	True
TBS-Corey Lactone Aldehyde	0.00011285784094008083	single	1	AS_Female:20,FU_Male:20	0.0013661441645796786	True
(S)-3-Methylthiohexyl butyrate	0.00011369767797220754	single	1	AS_Female:20,FU_Male:20	0.0013694630764712163	True
2,4,6-octatrienal	0.00011709370861792497	single	1	AS_Female:20,FU_Male:20	0.0014030893346859245	True
(3S,5R,6R,7E)-3,5,6-Trihydroxy-7-megastigmen-9-one	0.00011764854809634145	single	1	AS_Female:20,FU_Male:20	0.0014030893346859245	True
7alpha,12alpha-Dihydroxycholest-4-en-3-one	0.00011885274814131376	single	1	AS_Female:20,FU_Male:20	0.001410502466912356	True
8Z-Heptadecene	0.00012105354467011364	single	1	AS_Female:20,FU_Male:20	0.0014296128372992445	True
ARECOLINE	0.000124272035771413	single	1	AS_Female:20,FU_Male:20	0.0014604980514688877	True
Decanoylcarnitine	0.00012617127159147436	single	1	AS_Female:20,FU_Male:20	0.0014756553068742003	True
C16 Sphingosine-1-phosphate	0.0001324744821435814	single	1	AS_Female:20,FU_Male:20	0.0015419265445654354	True
5,8,11,14-eicosatetraenoic acid	0.00013755347764850736	single	1	AS_Female:20,FU_Male:20	0.0015933826286461067	True
Quinalphos	0.00013894496676929708	single	1	AS_Female:20,FU_Male:20	0.001599636152754533	True
Capnell-9(12)-ene-8beta,10alpha-diol	0.0001399813532065139	single	1	AS_Female:20,FU_Male:20	0.001599636152754533	True
8-iso-PGA1	0.00014007553258321397	single	1	AS_Female:20,FU_Male:20	0.001599636152754533	True
Kurilensoside H	0.00014608541856002026	single	1	AS_Female:20,FU_Male:20	0.001660435672928681	True
(25S)-5alpha-cholestan-3beta,4beta,6alpha,8beta,15alpha,16beta,26-heptol	0.00014910431744432617	single	1	AS_Female:20,FU_Male:20	0.0016825206115634085	True
hexadecanedioic acid mono-L-carnitine ester	0.00014962484030338637	single	1	AS_Female:20,FU_Male:20	0.0016825206115634085	True
9S-HpODE	0.00015011336311346394	single	1	AS_Female:20,FU_Male:20	0.0016825206115634085	True
3,5-hexadienoic acid	0.0001518854111811577	single	1	AS_Female:20,FU_Male:20	0.0016945372371870175	True
DG(15:0/16:0/0:0)	0.0001552378324215612	single	1	AS_Female:20,FU_Male:20	0.001714812937407102	True
DG(14:0/18:3(6Z,9Z,12Z)/0:0)	0.00015561878141838803	single	1	AS_Female:20,FU_Male:20	0.001714812937407102	True
Boschniakine	0.00015582769360989775	single	1	AS_Female:20,FU_Male:20	0.001714812937407102	True
Pregnanalone sulfate (Allopregnanolone sulfate)	0.00015845060273968916	single	1	AS_Female:20,FU_Male:20	0.001735786919605373	True
DG(15:0/18:3(9Z,12Z,15Z)/0:0)	0.00015928214207331525	single	1	AS_Female:20,FU_Male:20	0.001737036333150884	True
Benzaldehyde, p-amino-, thiosemicarbazone	0.00016199091889265924	single	1	AS_Female:20,FU_Male:20	0.0017586547741664934	True
ANABASAMINE	0.00016446809380412945	single	1	AS_Female:20,FU_Male:20	0.001777577031695524	True
Benzyl b-L-arabinopyranoside	0.00017395540041219358	single	1	AS_Female:20,FU_Male:20	0.001871760108435203	True
Miquelianin	0.00017561032455478456	single	1	AS_Female:20,FU_Male:20	0.0018812061758722717	True
3beta-(3-methyl-butanoyloxy)-villanovane-13alpha,17-diol	0.00018186148588518014	single	1	AS_Female:20,FU_Male:20	0.0019271513658503919	True
PGH1	0.0001822538432807552	single	1	AS_Female:20,FU_Male:20	0.0019271513658503919	True
N-Acetylneuraminic acid	0.00018228734522087557	single	1	AS_Female:20,FU_Male:20	0.0019271513658503919	True
26,27-dinor-3alpha,6alpha,12alpha-trihydroxy-5beta-cholestan-24-one	0.00018594157873758546	single	1	AS_Female:20,FU_Male:20	0.001957237226624758	True
Linoleamide	0.00018675386464362932	single	1	AS_Female:20,FU_Male:20	0.0019572775164598552	True
CLOVANEDIOL DIACETATE	0.00019733567820446438	single	1	AS_Female:20,FU_Male:20	0.002055521297834481	True
Linalyl cinnamate	0.00019782588285643702	single	1	AS_Female:20,FU_Male:20	0.002055521297834481	True
7E,9Z-dodecadien-1-ol	0.00020057690181514017	single	1	AS_Female:20,FU_Male:20	0.0020751994841643347	True
Xylofuranose	0.0002055197420057667	single	1	AS_Female:20,FU_Male:20	0.0021172906187062177	True
Cefovecin sodium	0.00021016480295496723	single	1	AS_Female:20,FU_Male:20	0.0021559702879405747	True
DG(15:1(9Z)/18:3(9Z,12Z,15Z)/0:0)[iso2]	0.00021814432273934944	single	1	AS_Female:20,FU_Male:20	0.0022283856765905694	True
3,5-Di-O-methyl-8-prenylafzelechin-4beta-ol	0.00022312266154848377	single	1	AS_Female:20,FU_Male:20	0.0022696637126423495	True
3'-O-Methyl-(-)-epicatechin-7-O-sulphate	0.00024013902458950773	single	1	AS_Female:20,FU_Male:20	0.0024295754215760868	True
Emmotin A	0.000241037519782594	single	1	AS_Female:20,FU_Male:20	0.0024295754215760868	True
3-Acrylamidopropyl trimethylammonium	0.0002418536458487554	single	1	AS_Female:20,FU_Male:20	0.0024295754215760868	True
15-methyl-15S-PGE1	0.0002464173604465597	single	1	AS_Female:20,FU_Male:20	0.0024651918580211613	True
1,4-dimethylcyclohexane	0.0002493777929671171	single	1	AS_Female:20,FU_Male:20	0.002484541715116833	True
Udenafil	0.000251431170971427	single	1	AS_Female:20,FU_Male:20	0.002494733052958298	True
6-Butyryl-5,7-dihydroxy-8-(3',3'-dimethylallyl)-4-phenylcoumarin	0.00025475696311207314	single	1	AS_Female:20,FU_Male:20	0.002517414725282976	True
PC(16:0/9:0(COOH))	0.00025939247160005854	single	1	AS_Female:20,FU_Male:20	0.002552801519283503	True
O-octanoyl-R-carnitine	0.00026291885546457803	single	1	AS_Female:20,FU_Male:20	0.0025770305630758846	True
Apigenin 7-(6''-methylglucuronide)	0.00026719810094816184	single	1	AS_Female:20,FU_Male:20	0.0026066653173045006	True
N-palmitoyl alanine	0.0002680956893881952	single	1	AS_Female:20,FU_Male:20	0.0026066653173045006	True
10Z-Tricosene	0.0002722077939198062	single	1	AS_Female:20,FU_Male:20	0.0026360602763194035	True
Jurubine	0.00027344194578840205	single	1	AS_Female:20,FU_Male:20	0.002637461955194109	True
L-Palmitoylcarnitine	0.00027554297921036377	single	1	AS_Female:20,FU_Male:20	0.002647180764556709	True
9-hydroxy-10E,14Z-octadecadien-12-ynoic acid	0.00027882525999939025	single	1	AS_Female:20,FU_Male:20	0.002668126302207604	True
(S,E)-Lyratol propanoate	0.0002811921738901134	single	1	AS_Female:20,FU_Male:20	0.002680182098377813	True
Goniothalesdiol	0.0002881570242694098	single	1	AS_Female:20,FU_Male:20	0.0027357966892401614	True
Xestoaminol C	0.0002938700698282849	single	1	AS_Female:20,FU_Male:20	0.0027722530920256893	True
Hydroxytolbutamide	0.00029428708990111613	single	1	AS_Female:20,FU_Male:20	0.0027722530920256893	True
Glycochenodeoxycholic acid 3-glucuronide	0.00030418231711153203	single	1	AS_Female:20,FU_Male:20	0.00285436197568612	True
Phthalic acid	0.00031120272219487097	single	1	AS_Female:20,FU_Male:20	0.0029089644418292763	True
Chatenaytrienin 1	0.00031509262710244685	single	1	AS_Female:20,FU_Male:20	0.00293399711621163	True
cis-1,2-dimethylcyclohexane	0.0003247351543927088	single	1	AS_Female:20,FU_Male:20	0.0030121985010909884	True
14:4(2E,4E,8E,10E)(6Me[S],9Me,12Me[S])	0.0003261329897234742	single	1	AS_Female:20,FU_Male:20	0.0030136181989333247	True
Cholic acid glucuronide	0.00033835561889385666	single	1	AS_Female:20,FU_Male:20	0.0031128482164820537	True
Isovalerylcarnitine	0.0003394431760228262	single	1	AS_Female:20,FU_Male:20	0.0031128482164820537	True
Butyl isopropyl disulfide	0.0003443800295325969	single	1	AS_Female:20,FU_Male:20	0.003136804596012086	True
FENSPIRIDE	0.000344646849458577	single	1	AS_Female:20,FU_Male:20	0.003136804596012086	True
Dihydrocaffeic acid 3-sulfate	0.0003586804724029953	single	1	AS_Female:20,FU_Male:20	0.003236912990939243	True
3,12-dihydroxy palmitic acid	0.0003595843465112388	single	1	AS_Female:20,FU_Male:20	0.003236912990939243	True
35-aminobacteriohopane-32,33,34-triol	0.0003596569989932492	single	1	AS_Female:20,FU_Male:20	0.003236912990939243	True
trans-S-(1-Propenyl)-L-cysteine	0.0003669217792152182	single	1	AS_Female:20,FU_Male:20	0.0032900652869631234	True
Calcium oxalate	0.0003695252757608226	single	1	AS_Female:20,FU_Male:20	0.003301183367590227	True
3b,17b-Dihydroxyetiocholane	0.0003797488365537712	single	1	AS_Female:20,FU_Male:20	0.003380043872414265	True
p-Menth-3-ene-3-thiol	0.0003911944990168921	single	1	AS_Female:20,FU_Male:20	0.0034691644033695815	True
DG(14:0/18:3(9Z,12Z,15Z)/0:0)	0.0004084702790090474	single	1	AS_Female:20,FU_Male:20	0.0036091479762076777	True
N,N'-Diacetylbenzidine	0.00041091613640943387	single	1	AS_Female:20,FU_Male:20	0.003617556240899052	True
Panaxytriol	0.0004132570577474259	single	1	AS_Female:20,FU_Male:20	0.0036249831043714425	True
N-Cyclohexanecarbonylpentadecylamine	0.0004157616771446591	single	1	AS_Female:20,FU_Male:20	0.003633787077137977	True
PE(O-18:0/0:0)	0.00043719308740425717	single	1	AS_Female:20,FU_Male:20	0.0037779403119471843	True
(1S,2S,4R,5S,7S)-2,5,7-Fenchanetriol 2-O-b-D-glucoside	0.00043771834696665145	single	1	AS_Female:20,FU_Male:20	0.0037779403119471843	True
PC(O-15:0/0:0)	0.0004381770193441795	single	1	AS_Female:20,FU_Male:20	0.0037779403119471843	True
(20S)-24-Hydroxy-19-norgeminivitamin D3	0.00043949451015193325	single	1	AS_Female:20,FU_Male:20	0.0037779403119471843	True
1-(2-Furanylmethyl)-1H-pyrrole	0.00044005748367166705	single	1	AS_Female:20,FU_Male:20	0.0037779403119471843	True
Tricin 7-glucuronide	0.00044554636618493416	single	1	AS_Female:20,FU_Male:20	0.003798004298724407	True
Isomollupentin	0.0004480102381127693	single	1	AS_Female:20,FU_Male:20	0.003798004298724407	True
12,13-DiHOME	0.0004483416528097423	single	1	AS_Female:20,FU_Male:20	0.003798004298724407	True
bishomo-gamma-linolenic acid	0.0004486696528026354	single	1	AS_Female:20,FU_Male:20	0.003798004298724407	True
INDOPROFEN	0.00047092742542049695	single	1	AS_Female:20,FU_Male:20	0.003972527167048861	True
Tricyclazole	0.0004730882070809678	single	1	AS_Female:20,FU_Male:20	0.0039768977407743855	True
12Z-heneicosenoic acid	0.0004788660362041198	single	1	AS_Female:20,FU_Male:20	0.0040115386631493916	True
PA(18:0/18:2(9Z,12Z))	0.0004941942670088856	single	1	AS_Female:20,FU_Male:20	0.004125670070443145	True
PPPi	0.0004962986253639626	single	1	AS_Female:20,FU_Male:20	0.004128999903801215	True
16,17-didehydroprogesterone	0.0004994071140151074	single	1	AS_Female:20,FU_Male:20	0.004140632270652654	True
5-Megastigmen-7-yne-3,9-diol 9-glucoside	0.000502848775202247	single	1	AS_Female:20,FU_Male:20	0.0041549381732581565	True
DG(14:0/18:3(9Z,12Z,15Z)/0:0)[iso2]	0.0005101385648815873	single	1	AS_Female:20,FU_Male:20	0.004200834916933071	True
Allylestrenol	0.00051398479424249	single	1	AS_Female:20,FU_Male:20	0.004218159955461248	True
Enrofloxacin	0.0005227019149620767	single	1	AS_Female:20,FU_Male:20	0.0042752072166323905	True
Sodium cloxacillin monohydrate	0.0005288939239420734	single	1	AS_Female:20,FU_Male:20	0.004311286834558113	True
3,7,11,15-Tetramethylhexadeca-1,3E,6E,10E,14-pentaene	0.0005373385752416149	single	1	AS_Female:20,FU_Male:20	0.004365425136442784	True
DG(12:0/20:3(8Z,11Z,14Z)/0:0)[iso2]	0.0005458226179251181	single	1	AS_Female:20,FU_Male:20	0.004419520260858565	True
5alpha-Cholest-25-ene-3alpha,7alpha,12alpha,26-tetrol	0.0005515417465916673	single	1	AS_Female:20,FU_Male:20	0.0044509418949947544	True
L-Phenylalanine	0.0005636616864706033	single	1	AS_Female:20,FU_Male:20	0.004533637684203756	True
1,3,8-Trihydroxy-4-methyl-2,7-diprenylxanthone	0.0005740974247602977	single	1	AS_Female:20,FU_Male:20	0.0046022843223333795	True
Deoxycholic acid 3-glucuronide	0.0005833808788677579	single	1	AS_Female:20,FU_Male:20	0.004651992932439836	True
Monoisobutyl phthalic acid	0.0005841412025864148	single	1	AS_Female:20,FU_Male:20	0.004651992932439836	True
L-Xylonate	0.000595602427004323	single	1	AS_Female:20,FU_Male:20	0.00472771631402448	True
(S)-N-(4,5-Dihydro-1-methyl-4-oxo-1H-imidazol-2-yl)alanine	0.0006020289594627731	single	1	AS_Female:20,FU_Male:20	0.004753659310575827	True
12-trans-Hydroxy juvenile hormone III	0.000602797772964386	single	1	AS_Female:20,FU_Male:20	0.004753659310575827	True
Citric acid	0.0006077928556956011	aggregate	2	AS_Female:20,FU_Male:20	0.0047774886481787345	True
Indole-3-ethanol	0.0006121596290708453	single	1	AS_Female:20,FU_Male:20	0.004796240977283224	True
Cinnamyl acetate	0.0006146684178728035	single	1	AS_Female:20,FU_Male:20	0.0048003620634517975	True
Erythromycin B	0.000621424717085425	single	1	AS_Female:20,FU_Male:20	0.0048375216722309124	True
2-(4-Hydroxyphenyl)ethanol	0.0006282987121217002	single	1	AS_Female:20,FU_Male:20	0.004875356352713578	True
MG(18:2(9Z,12Z)/0:0/0:0)[rac]	0.0006336115465550183	single	1	AS_Female:20,FU_Male:20	0.004900873975110861	True
(2S,4R)-4-(9H-Pyrido[3,4-b]indol-1-yl)-1,2,4-butanetriol	0.0006358602612338247	single	1	AS_Female:20,FU_Male:20	0.004902604116073534	True
Pregnanediol	0.0006543955173239429	single	1	AS_Female:20,FU_Male:20	0.005024854928912051	True
6,7-Dimethyltetrahydropterin	0.0006558670621793507	single	1	AS_Female:20,FU_Male:20	0.005024854928912051	True
11-Hydroxyandrosterone	0.0006584815078055974	single	1	AS_Female:20,FU_Male:20	0.005028970758351265	True
Irilone 4'-O-glucoside	0.000672269477801443	single	1	AS_Female:20,FU_Male:20	0.0051030592553523175	True
8R-HpOME	0.0006723981422789712	single	1	AS_Female:20,FU_Male:20	0.0051030592553523175	True
3,7-Dimethyl-8,11-dioxo-2E,6E,9E-dodecatrienal	0.0006992202894754211	single	1	AS_Female:20,FU_Male:20	0.0052811354935207635	True
Liothyronine	0.00070022490434538	single	1	AS_Female:20,FU_Male:20	0.0052811354935207635	True
Epimedin C	0.0007054930948353325	single	1	AS_Female:20,FU_Male:20	0.005304344045330248	True
Triphenylphosphine oxide	0.0007167232966834562	single	1	AS_Female:20,FU_Male:20	0.005369836788306469	True
Ceriporic acid C	0.0007186398675800478	single	1	AS_Female:20,FU_Male:20	0.005369836788306469	True
Linoelaidic acid	0.0007467733105333095	single	1	AS_Female:20,FU_Male:20	0.0055592106415375585	True
2-hydroxy-heptadecanoic acid	0.0007485760715164164	single	1	AS_Female:20,FU_Male:20	0.0055592106415375585	True
2-methylbacteriohopane-32,33,34,35-tetrol	0.0007638766454996429	single	1	AS_Female:20,FU_Male:20	0.005655490393745063	True
PS(20:4(5Z,8Z,11Z,14Z)/19:0)	0.0007709869049220167	single	1	AS_Female:20,FU_Male:20	0.005690729563464032	True
26-Glucosyl-1,3,11,22-tetrahydroxyergosta-5,24-dien-26-oate	0.0007826080575993667	single	1	AS_Female:20,FU_Male:20	0.005758948654857346	True
14-Methyl-8E-hexadecenal	0.0007862927226553959	single	1	AS_Female:20,FU_Male:20	0.005768529338026403	True
2-Methylcitric acid	0.0008304045932738592	single	1	AS_Female:20,FU_Male:20	0.006073744774368619	True
methyl 10,12,13,15-bisepidioxy-16-hydroperoxy-8E-octadecenoate	0.0008345389166257215	single	1	AS_Female:20,FU_Male:20	0.006085598545635156	True
docosapentaenoic acid	0.0008431136835171427	single	1	AS_Female:20,FU_Male:20	0.00612966434773274	True
3-methyl-1-heptene	0.0008546073063658053	single	1	AS_Female:20,FU_Male:20	0.006178997777007273	True
Convallamarogenin	0.0008550038229233525	single	1	AS_Female:20,FU_Male:20	0.006178997777007273	True
Methylamine	0.000860923654697845	single	1	AS_Female:20,FU_Male:20	0.006203262404831793	True
Lepadin D	0.0008738955981235877	single	1	AS_Female:20,FU_Male:20	0.006278045231623757	True
Sarmentosin epoxide	0.000885416302929207	single	1	AS_Female:20,FU_Male:20	0.006341990737845001	True
Glycine	0.0009034931114300476	single	1	AS_Female:20,FU_Male:20	0.006452380008177419	True
trans-Cinnamic acid	0.0009186413049488485	single	1	AS_Female:20,FU_Male:20	0.0065412664684740066	True
10,11-epoxy-3,7,11-trimethyl-2E,6E-tridecadienoic acid	0.0009287958605606384	single	1	AS_Female:20,FU_Male:20	0.0065941782358278755	True
13,16,19-docosatrienoic acid	0.0009374919868103266	single	1	AS_Female:20,FU_Male:20	0.006636456432946786	True
PC(O-14:0/O-1:0)	0.0009646722460115952	single	1	AS_Female:20,FU_Male:20	0.006808954832635779	True
Blumenol C glucoside	0.0009704494248492079	single	1	AS_Female:20,FU_Male:20	0.006829819934767245	True
methyl 4-[2-(2-formyl-vinyl)-3-hydroxy-5-oxo-cyclopentyl]-butanoate	0.0009776524209288073	single	1	AS_Female:20,FU_Male:20	0.0068605695973004135	True
FKGK 11	0.0009846287504379069	single	1	AS_Female:20,FU_Male:20	0.006889555505231713	True
LysoPC(P-16:0)	0.0009958094971147956	single	1	AS_Female:20,FU_Male:20	0.006938431106190102	True
PC(P-15:0/0:0)	0.0009973457352144386	single	1	AS_Female:20,FU_Male:20	0.006938431106190102	True
PC(O-16:0/4:0)	0.0010013872466656836	single	1	AS_Female:20,FU_Male:20	0.0069465860291622345	True
Physagulin D	0.0010157954073194493	single	1	AS_Female:20,FU_Male:20	0.007026401946058249	True
Polysorbate 60	0.0010221877662730588	single	1	AS_Female:20,FU_Male:20	0.007050474593011611	True
Vaccenyl carnitine	0.0010304699434981292	single	1	AS_Female:20,FU_Male:20	0.0070585587787333716	True
Diethylstilbestrol monosulfate	0.0010335444337488504	single	1	AS_Female:20,FU_Male:20	0.0070585587787333716	True
8,10-hexadecadiynoic acid	0.0010336026187704956	single	1	AS_Female:20,FU_Male:20	0.0070585587787333716	True
13-Methyl-1-tritriacontene	0.0010350220431434725	single	1	AS_Female:20,FU_Male:20	0.0070585587787333716	True
PA(18:2(9Z,12Z)/18:0)	0.001048552591046096	single	1	AS_Female:20,FU_Male:20	0.007130746693602806	True
Tetrahydrodeoxycortisol	0.0010522571821203616	single	1	AS_Female:20,FU_Male:20	0.007135895344295226	True
7alpha,12alpha,24-trihydroxycholest-4-en-3-one	0.001073332470447075	single	1	AS_Female:20,FU_Male:20	0.007258485784783152	True
Pinnatifinoside A	0.0010853153034854689	single	1	AS_Female:20,FU_Male:20	0.007319076183115098	True
11-deoxy-PGE1	0.0010984757939567454	single	1	AS_Female:20,FU_Male:20	0.007387249714359113	True
11-dehydro-TXB3	0.0011064616515749557	single	1	AS_Female:20,FU_Male:20	0.007420342544218746	True
Chatenaytrienin 2	0.001112350586594676	single	1	AS_Female:20,FU_Male:20	0.007439228646811356	True
o-Cresol	0.0011440623505915906	single	1	AS_Female:20,FU_Male:20	0.007630234024193502	True
1-(3-Furanyl)-6,7-dihydroxy-4,8-dimethyl-1-nonanone	0.0011545760184539368	single	1	AS_Female:20,FU_Male:20	0.007673123425805264	True
1-Pentadecene	0.001156831908475391	single	1	AS_Female:20,FU_Male:20	0.007673123425805264	True
methyl 8-[3,5-epidioxy-2-(3-hydroperoxy-1-pentenyl)-cyclopentyl]-octanoate	0.0011762116259491355	single	1	AS_Female:20,FU_Male:20	0.007780350673286494	True
1,3E,5Z-Undecatriene	0.0011816817125993705	single	1	AS_Female:20,FU_Male:20	0.007795235493741351	True
PA(19:0/0:0)	0.0012068128100963043	single	1	AS_Female:20,FU_Male:20	0.007925874867637732	True
SM(d19:1/17:1)	0.0012092179288800769	single	1	AS_Female:20,FU_Male:20	0.007925874867637732	True
8-Hydroxyguanine	0.0012113067744840814	single	1	AS_Female:20,FU_Male:20	0.007925874867637732	True
Tetracosanoic acid	0.0012173618850978743	single	1	AS_Female:20,FU_Male:20	0.007944024592512004	True
DL-4-hydroxy stearic acid	0.0012233268714912904	single	1	AS_Female:20,FU_Male:20	0.007961490203979607	True
PS(12:0/13:0)	0.0012271744279533567	single	1	AS_Female:20,FU_Male:20	0.007965118740147659	True
L-fucose	0.0012313489033959186	single	1	AS_Female:20,FU_Male:20	0.00797084410460299	True
S-(4,5-Dihydro-2-methyl-3-furanyl) ethanethioate	0.001241023987836719	single	1	AS_Female:20,FU_Male:20	0.007988863735106174	True
alpha-Zearalanol	0.0012423657818565231	single	1	AS_Female:20,FU_Male:20	0.007988863735106174	True
Metyrapol	0.0012440320644919569	single	1	AS_Female:20,FU_Male:20	0.007988863735106174	True
SM(d18:2/23:0)	0.001258121800740807	single	1	AS_Female:20,FU_Male:20	0.008057970580935169	True
pentanamide	0.0012648008031169876	single	1	AS_Female:20,FU_Male:20	0.008079373995636482	True
Aldosterone	0.0012973606849153798	single	1	AS_Female:20,FU_Male:20	0.008265553205737197	True
5a-Androst-3-en-17-one	0.001303808861291932	single	1	AS_Female:20,FU_Male:20	0.008272588230368081	True
DG(14:0/18:2(9Z,12Z)/0:0)	0.0013052989277160707	single	1	AS_Female:20,FU_Male:20	0.008272588230368081	True
PS(O-18:0/22:2(13Z,16Z))	0.0013122810031461595	single	1	AS_Female:20,FU_Male:20	0.008295123521192826	True
PI(P-16:0/18:4(6Z,9Z,12Z,15Z))	0.0013173280108373041	single	1	AS_Female:20,FU_Male:20	0.008305341443325816	True
LTA4	0.001344942647479509	single	1	AS_Female:20,FU_Male:20	0.008457418570254263	True
5alpha-androst-16-en-3-one	0.0013525175689718478	single	1	AS_Female:20,FU_Male:20	0.008470193256673406	True
m-Salicylic acid	0.0013539714127767896	single	1	AS_Female:20,FU_Male:20	0.008470193256673406	True
2-Hydroxyphenethylamine	0.0013612978803490712	single	1	AS_Female:20,FU_Male:20	0.008482444886770628	True
Sulforaphane	0.0013629372412035416	single	1	AS_Female:20,FU_Male:20	0.008482444886770628	True
17:4(2E,4E,9E,11E)(7Me[R],10Me,13Me[S])	0.0013802187839642467	single	1	AS_Female:20,FU_Male:20	0.008539501444498039	True
7a,17-dimethyl-5b-Androstane-3a,17b-diol	0.0013817989903669092	single	1	AS_Female:20,FU_Male:20	0.008539501444498039	True
p-Tolualdehyde	0.0013860976268998755	single	1	AS_Female:20,FU_Male:20	0.008539501444498039	True
Cassiamin C	0.0013862139891316519	single	1	AS_Female:20,FU_Male:20	0.008539501444498039	True
13H-Dibenzo[a,g]fluorene	0.001389794121807732	single	1	AS_Female:20,FU_Male:20	0.008539826316996242	True
Mayolene-18	0.0014002330063542746	single	1	AS_Female:20,FU_Male:20	0.008582187616161262	True
7-O-Methylisolupalbigenin	0.0014382300590022321	single	1	AS_Female:20,FU_Male:20	0.008792815587990919	True
Galangin 3-methyl ether	0.0014469533335152703	single	1	AS_Female:20,FU_Male:20	0.008820108923190177	True
Fluenetil	0.0014510136601261932	single	1	AS_Female:20,FU_Male:20	0.008820108923190177	True
2-glyceryl-6-keto-PGF1alpha	0.0014536238993609586	single	1	AS_Female:20,FU_Male:20	0.008820108923190177	True
Deoxyadenosine monophosphate	0.0014673775005370551	single	1	AS_Female:20,FU_Male:20	0.008881302322000528	True
2-Dodecylbenzenesulfonic acid	0.0014846471654712196	single	1	AS_Female:20,FU_Male:20	0.008963418422957165	True
PC(O-16:0/3:0)	0.0014941519765421488	single	1	AS_Female:20,FU_Male:20	0.008998363022906821	True
N-acetyl-LTE4	0.0015294701475775687	single	1	AS_Female:20,FU_Male:20	0.009188206519318346	True
5E,8E,11E-hexadecatrienoic acid	0.0015368262740665256	single	1	AS_Female:20,FU_Male:20	0.00920954556810658	True
6-[5]-ladderane-hexanoic acid	0.0015605574567835127	single	1	AS_Female:20,FU_Male:20	0.009328665686105886	True
Nuatigenin	0.0015835417396896712	single	1	AS_Female:20,FU_Male:20	0.009442745201449986	True
3-hydroxy-eicosanoic acid	0.0015920536054332159	single	1	AS_Female:20,FU_Male:20	0.009470176360574485	True
DG(14:1(9Z)/17:2(9Z,12Z)/0:0)[iso2]	0.0016015788382222702	single	1	AS_Female:20,FU_Male:20	0.009503486194451266	True
5'-Adenylyl sulfate (APS)	0.0016166320097174545	single	1	AS_Female:20,FU_Male:20	0.009553455314859424	True
pentacosanoic acid	0.0016203655373489402	single	1	AS_Female:20,FU_Male:20	0.009553455314859424	True
PC(O-18:0/0:0)	0.0016218381389538304	single	1	AS_Female:20,FU_Male:20	0.009553455314859424	True
1-(alpha-Methyl-4-(2-methylpropyl)benzeneacetate)-beta-D-Glucopyranuronic acid	0.0016409791764480457	single	1	AS_Female:20,FU_Male:20	0.009642744141215338	True
Valtratum	0.001651080287355662	single	1	AS_Female:20,FU_Male:20	0.009678608657840334	True
(25R)-5beta-spirostan-1beta,3alpha-diol	0.0016667918294863688	single	1	AS_Female:20,FU_Male:20	0.009729195154036044	True
11Z,14Z,17Z-Eicosatrienyl isobutyrate	0.0016677472073213376	single	1	AS_Female:20,FU_Male:20	0.009729195154036044	True
TETRAHYDROCORTISONE-3,21-DIACETATE	0.001699273003850819	single	1	AS_Female:20,FU_Male:20	0.00988927870750681	True
2,3-Dihydro-2,3-dihydroxy-4-(4-hydroxyphenyl)-1H-phenalen-1-one	0.0017314898530337267	single	1	AS_Female:20,FU_Male:20	0.010052606556821707	True
LysoPC(15:0)	0.0017522351961517353	single	1	AS_Female:20,FU_Male:20	0.010148711506897968	True
PI(17:2(9Z,12Z)/19:0)	0.001759984896546381	single	1	AS_Female:20,FU_Male:20	0.01016926834018804	True
5beta-Cholestane-3alpha,7alpha,25,26-tetrol	0.001777767403426086	single	1	AS_Female:20,FU_Male:20	0.010244329290751957	True
DG(18:3(9Z,12Z,15Z)/15:0/0:0)	0.0017814385094616168	single	1	AS_Female:20,FU_Male:20	0.010244329290751957	True
PC(O-8:0/O-8:0)	0.0018112112842876714	single	1	AS_Female:20,FU_Male:20	0.01039085905038022	True
Juniperic acid	0.0018402947323580112	single	1	AS_Female:20,FU_Male:20	0.010532750702219255	True
PC(16:0/3:1(2E))	0.001848651810942812	single	1	AS_Female:20,FU_Male:20	0.010555627439369216	True
PC(P-17:0/0:0)	0.0018538039873571548	single	1	AS_Female:20,FU_Male:20	0.010560139890333347	True
Kelampayoside A	0.0018638378607399194	single	1	AS_Female:20,FU_Male:20	0.010581153337220853	True
Triamcinolone	0.0018662339838881883	single	1	AS_Female:20,FU_Male:20	0.010581153337220853	True
Hypoxylone	0.0018923778178265081	single	1	AS_Female:20,FU_Male:20	0.010692671772687923	True
3Z-Octenyl acetate	0.0018980028341135356	single	1	AS_Female:20,FU_Male:20	0.010692671772687923	True
9S-HpOTrE	0.0018991527725137575	single	1	AS_Female:20,FU_Male:20	0.010692671772687923	True
Ciliatine	0.0019100335505851027	single	1	AS_Female:20,FU_Male:20	0.010726679053457361	True
N-Succinyl-2-amino-6-ketopimelate	0.0019184744656065207	single	1	AS_Female:20,FU_Male:20	0.010726679053457361	True
PA(15:1(9Z)/0:0)	0.0019184849360376031	single	1	AS_Female:20,FU_Male:20	0.010726679053457361	True
3'-N-Debenzoyl-2'-deoxytaxol	0.0019323543517129702	single	1	AS_Female:20,FU_Male:20	0.010779331533403458	True
10Z-Pentacosene	0.001964422997798721	single	1	AS_Female:20,FU_Male:20	0.010911138147103844	True
Formimidoyl-fortimicin A	0.0019649963784127535	single	1	AS_Female:20,FU_Male:20	0.010911138147103844	True
Chrycorin	0.001975282551606563	single	1	AS_Female:20,FU_Male:20	0.010935454966485809	True
Erythrityl Tetranitrate	0.0019784094487074696	single	1	AS_Female:20,FU_Male:20	0.010935454966485809	True
Phenylacetonitrile	0.0020000906793430596	single	1	AS_Female:20,FU_Male:20	0.011030112835283707	True
3R,4S-epoxy-6Z,9Z-heptadecadiene	0.002009145584566429	single	1	AS_Female:20,FU_Male:20	0.011054866955080284	True
2-hydroxy-hexacosanoic acid	0.0020429767237567743	single	1	AS_Female:20,FU_Male:20	0.011192636761228185	True
22S-hydroxycampesterol	0.0020482714060937636	single	1	AS_Female:20,FU_Male:20	0.011192636761228185	True
L-Cystine	0.0020514929964411885	single	1	AS_Female:20,FU_Male:20	0.011192636761228185	True
12alpha-Hydroxy-3-oxo-5beta-cholan-24-oic Acid	0.002052676878143459	single	1	AS_Female:20,FU_Male:20	0.011192636761228185	True
Gamma-Linolenic acid	0.0020608461047735304	single	1	AS_Female:20,FU_Male:20	0.011211929032936444	True
Quercetin 3-(6-[4-glucosyl-p-coumaryl]glucosyl)(1->2)-rhamnoside	0.0020743414394147463	single	1	AS_Female:20,FU_Male:20	0.011260046243997984	True
DL-2-hydroxy stearic acid	0.0020835477834161556	single	1	AS_Female:20,FU_Male:20	0.011284718531656628	True
3,13,19-trimethyl-tricosanoic acid	0.002088418079587116	single	1	AS_Female:20,FU_Male:20	0.011285848595268766	True
Glutamyl-Glutamate	0.002102471999822409	single	1	AS_Female:20,FU_Male:20	0.01131699970762538	True
LY255283	0.002103531544168286	single	1	AS_Female:20,FU_Male:20	0.01131699970762538	True
9,10-dihydroxy stearic acid	0.002128558106239975	single	1	AS_Female:20,FU_Male:20	0.011426250942809269	True
2,5-Diamino-6-(5'-triphosphoryl-3',4'-trihydroxy-2'-oxopentyl)-amino-4-oxopyrimidine	0.002152090417077728	single	1	AS_Female:20,FU_Male:20	0.011512183255683638	True
20:3(5Z,9Z,17Z)(11Me,15Me,19Me)	0.0021540764208280412	single	1	AS_Female:20,FU_Male:20	0.011512183255683638	True
24-Nor-5beta-chol-22-ene-3alpha,12alpha-diol	0.002167239433001609	single	1	AS_Female:20,FU_Male:20	0.011557019090962324	True
Dimethyl-L-arginine	0.0021905817663954033	single	1	AS_Female:20,FU_Male:20	0.011655820783391805	True
3Alpha,7Alpha,12Alpha-trihydroxy-27-nor-5Beta-cholestan-24-one	0.002218324792756019	single	1	AS_Female:20,FU_Male:20	0.011768205976306616	True
4-Methoxylonchocarpin	0.002221425085159902	single	1	AS_Female:20,FU_Male:20	0.011768205976306616	True
LysoPC(16:0)	0.002237176709821135	single	1	AS_Female:20,FU_Male:20	0.011819565237424123	True
3alpha,4beta,7alpha-Trihydroxy-5beta-cholan-24-oic Acid	0.0022408841156454657	single	1	AS_Female:20,FU_Male:20	0.011819565237424123	True
PC(18:1(6Z)/0:0)	0.0022749386831042696	single	1	AS_Female:20,FU_Male:20	0.011973101199555298	True
edetate	0.002283780361147152	single	1	AS_Female:20,FU_Male:20	0.011993562373833524	True
Lactapiperanol C	0.002295036114552114	single	1	AS_Female:20,FU_Male:20	0.012018651231900605	True
13Z,16Z-docosadienoic acid	0.002303796379185797	single	1	AS_Female:20,FU_Male:20	0.012018651231900605	True
dodecyl butyrate	0.0023072232316792493	single	1	AS_Female:20,FU_Male:20	0.012018651231900605	True
PC(O-16:1(9E)/0:0)	0.0023084150445410083	single	1	AS_Female:20,FU_Male:20	0.012018651231900605	True
trans-trans-muconic acid	0.0023248828190558617	single	1	AS_Female:20,FU_Male:20	0.012053891166670688	True
Sulfoxotolrestat	0.0023251413361566344	single	1	AS_Female:20,FU_Male:20	0.012053891166670688	True
PC(O-18:1(9Z)/0:0)	0.002333035938445411	single	1	AS_Female:20,FU_Male:20	0.012068974373881068	True
Adenosine monophosphate	0.002338982560733302	single	1	AS_Female:20,FU_Male:20	0.012073937696237366	True
Isoscutellarein 4'-methyl ether 8-(2''-sulfatoglucoside)	0.0023520079348613053	single	1	AS_Female:20,FU_Male:20	0.012115343000636639	True
Pentacosanyl palmitoleate	0.0023585545711258763	single	1	AS_Female:20,FU_Male:20	0.012122238183253722	True
sodium chlorovulone III	0.0023633607693084495	single	1	AS_Female:20,FU_Male:20	0.012122238183253722	True
Myricetin 3,7-diglucuronide	0.002369892527736858	single	1	AS_Female:20,FU_Male:20	0.01213004188086878	True
5-(L-alanin-3-yl)-2-hydroxy-cis,cis-muconate 6-semialdehyde	0.0023944056449332826	single	1	AS_Female:20,FU_Male:20	0.012229654148488348	True
L-Aspartic acid	0.0024002713430084054	single	1	AS_Female:20,FU_Male:20	0.01223380404510179	True
PI(12:0/17:2(9Z,12Z))	0.0024068663187725783	single	1	AS_Female:20,FU_Male:20	0.012241645709555488	True
N-oleoyl alanine	0.0024134196259006334	single	1	AS_Female:20,FU_Male:20	0.01224924300692963	True
2''-O-Galloylisovitexin	0.0024369636840729687	single	1	AS_Female:20,FU_Male:20	0.01234286418230263	True
3-trans,5-cis-Octadienoyl-CoA	0.002444660269518337	single	1	AS_Female:20,FU_Male:20	0.012355996894580154	True
MG(18:1(11E)/0:0/0:0)[rac]	0.0024880562233577023	single	1	AS_Female:20,FU_Male:20	0.012526369059513478	True
Isorientin 4'-O-glucoside 2''-O-p-hydroxybenzoagte	0.0024887168598207283	single	1	AS_Female:20,FU_Male:20	0.012526369059513478	True
ecdysone 25-O-D-glucopyranoside	0.0025181538623356174	single	1	AS_Female:20,FU_Male:20	0.012648237553349647	True
(6S)-dehydrovomifoliol	0.0025412713288875685	single	1	AS_Female:20,FU_Male:20	0.012737925232374334	True
1alpha,25-Dihydroxy-2alpha-(3-hydroxypropyl)vitamin D3	0.0025522879807627877	single	1	AS_Female:20,FU_Male:20	0.012766713226088243	True
Phytuberin	0.002580201802866913	single	1	AS_Female:20,FU_Male:20	0.012879728999465559	True
DPA	0.002612928490726069	single	1	AS_Female:20,FU_Male:20	0.01301625488898727	True
3beta-Hydroxy-7,12-dioxo-5beta-cholan-24-oic Acid	0.002638884733697013	single	1	AS_Female:20,FU_Male:20	0.013118562505709381	True
4,5-Di-O-methyl-8-prenylafzelechin-4beta-ol	0.0026678921560525748	single	1	AS_Female:20,FU_Male:20	0.013235587929924762	True
5,6-Dimethoxy-[2'',3'':7,8]furanoflavanone	0.0026781965904047597	single	1	AS_Female:20,FU_Male:20	0.013256326594192276	True
gamma-Glutamyl-beta-(isoxazolin-5-on-2-yl)alanine	0.002683023556858412	single	1	AS_Female:20,FU_Male:20	0.013256326594192276	True
4-Hydroxy-L-proline	0.002688785713687744	single	1	AS_Female:20,FU_Male:20	0.013257739741014313	True
Alanyl-Hydroxyproline	0.0027125784818463282	single	1	AS_Female:20,FU_Male:20	0.013335547017717409	True
1-Oleoyl-2-acetyl-sn-glycerol	0.0027155822716789274	single	1	AS_Female:20,FU_Male:20	0.013335547017717409	True
3-hexenedioic acid	0.002747595011485098	single	1	AS_Female:20,FU_Male:20	0.013444139697890775	True
32,35-anhydrobacteriohopaneterol	0.0027488017969665153	single	1	AS_Female:20,FU_Male:20	0.013444139697890775	True
11-deoxy-16,16-dimethyl-PGE2	0.0027638389428754407	single	1	AS_Female:20,FU_Male:20	0.013464371392258761	True
D-Glutamic acid	0.0027653598283472794	single	1	AS_Female:20,FU_Male:20	0.013464371392258761	True
Elymoclavine	0.0027696228638351356	single	1	AS_Female:20,FU_Male:20	0.013464371392258761	True
PC(P-20:0/20:4(5Z,8Z,11Z,14Z))	0.0027825525580855723	single	1	AS_Female:20,FU_Male:20	0.013474918007362734	True
2alpha-(3-Hydroxypropyl)-1alpha,25-dihydroxy-19-norvitamin D3	0.002782923999868388	single	1	AS_Female:20,FU_Male:20	0.013474918007362734	True
PA(17:2(9Z,12Z)/0:0)	0.0028166082308636584	single	1	AS_Female:20,FU_Male:20	0.013610795462916003	True
Stenbolone	0.0028336410141730933	single	1	AS_Female:20,FU_Male:20	0.013665826484687369	True
Rumenic acid	0.0028715921200561352	single	1	AS_Female:20,FU_Male:20	0.013799730246840995	True
LysoPC(18:3(6Z,9Z,12Z))	0.002872806296740133	single	1	AS_Female:20,FU_Male:20	0.013799730246840995	True
Baicalin	0.0028785345464964673	single	1	AS_Female:20,FU_Male:20	0.013799865617956332	True
PC(O-16:0/0:0)	0.0029438350552234895	single	1	AS_Female:20,FU_Male:20	0.01408502898951792	True
PE(19:0/0:0)	0.002960769886935212	single	1	AS_Female:20,FU_Male:20	0.014138114193826724	True
24-northornasterol A	0.002970837642592241	single	1	AS_Female:20,FU_Male:20	0.014158263647078378	True
N-Cyclopropylammeline	0.00301205050770725	single	1	AS_Female:20,FU_Male:20	0.014326472061216606	True
2-hydroxy-3-methylhexadecanoic acid	0.003041629944690271	single	1	AS_Female:20,FU_Male:20	0.01441354732084644	True
L-Azetidine 2-carboxylic acid	0.0030422646348420204	single	1	AS_Female:20,FU_Male:20	0.01441354732084644	True
7,4'-Dihydroxy-8-methylflavan	0.003053911107129308	single	1	AS_Female:20,FU_Male:20	0.014433928019280649	True
L-tryptophan	0.0030584903237880928	single	1	AS_Female:20,FU_Male:20	0.014433928019280649	True
Phosmet	0.0030649698469103447	single	1	AS_Female:20,FU_Male:20	0.014436365757529076	True
Ovalitenin B	0.0030901428994339307	single	1	AS_Female:20,FU_Male:20	0.014526671766076788	True
Tanacetol A	0.003124756025811516	single	1	AS_Female:20,FU_Male:20	0.014660919260638915	True
alantolactone	0.0031553066051592483	single	1	AS_Female:20,FU_Male:20	0.014771705387652989	True
Dityrosine	0.0031666322496919346	single	1	AS_Female:20,FU_Male:20	0.014771705387652989	True
PA(17:1(9Z)/0:0)	0.0031666729021858327	single	1	AS_Female:20,FU_Male:20	0.014771705387652989	True
2-ISOPROPYL-3-METHOXYCINNAMIC ACID	0.003176797709665494	single	1	AS_Female:20,FU_Male:20	0.014790437029038773	True
2-hydroxy-nonadecanoic acid	0.003193625616043813	single	1	AS_Female:20,FU_Male:20	0.01481944817773177	True
Ethylamine	0.003195271354306478	single	1	AS_Female:20,FU_Male:20	0.01481944817773177	True
PS(17:0/22:4(7Z,10Z,13Z,16Z))	0.003215192850914868	single	1	AS_Female:20,FU_Male:20	0.014883330577561941	True
Pregn-5-ene-3beta,20alpha-diol	0.0032251207352428602	single	1	AS_Female:20,FU_Male:20	0.014891602889561694	True
Cotinine	0.003229281915332462	single	1	AS_Female:20,FU_Male:20	0.014891602889561694	True
Enterochelin	0.0032499742963366324	single	1	AS_Female:20,FU_Male:20	0.014958531884849786	True
N-Desmethyldiphenhydramine	0.0032916202508055984	single	1	AS_Female:20,FU_Male:20	0.015121466085769173	True
Momordol	0.003311072194572538	single	1	AS_Female:20,FU_Male:20	0.015153453858993532	True
5-hydroxy-3-indoleacetic acid	0.0033167828133086	single	1	AS_Female:20,FU_Male:20	0.015153453858993532	True
Egregiachloride C	0.0033173608200192366	single	1	AS_Female:20,FU_Male:20	0.015153453858993532	True
C-9,11,21-Trisnor-17-methyl-1alpha,25-dihydroxyvitamin D3	0.003331334393770014	single	1	AS_Female:20,FU_Male:20	0.015188626303798877	True
L-Valine	0.0033517465679276538	single	1	AS_Female:20,FU_Male:20	0.015252966994272275	True
26-O-[beta-D-glucopyranosyl]-25R-furostan-3beta,22alpha,26-triol	0.003385496079512538	single	1	AS_Female:20,FU_Male:20	0.015377647295496913	True
Fusaroskyrin	0.003423066953572567	single	1	AS_Female:20,FU_Male:20	0.015519185570410458	True
(25R)-1beta,3alpha,7alpha-trihydroxy-5beta-cholestan-26-oic acid	0.0034325800168882466	single	1	AS_Female:20,FU_Male:20	0.01553322658109616	True
all-trans-13,14-dihydroretinol	0.003448230248432892	single	1	AS_Female:20,FU_Male:20	0.015563324208764367	True
Armillatin	0.0034520880215227036	single	1	AS_Female:20,FU_Male:20	0.015563324208764367	True
DG(15:1(9Z)/16:1(9Z)/0:0)[iso2]	0.0034721229673073317	single	1	AS_Female:20,FU_Male:20	0.015617219628509302	True
Thioguanine	0.0034769439817292497	single	1	AS_Female:20,FU_Male:20	0.015617219628509302	True
Botrydial	0.003491576946132336	single	1	AS_Female:20,FU_Male:20	0.01562966117328554	True
Berberine	0.003492625648388054	single	1	AS_Female:20,FU_Male:20	0.01562966117328554	True
1,3,5(10)-estratrien-17-one-3,7,8-triol	0.003513268025202883	single	1	AS_Female:20,FU_Male:20	0.015693029315528007	True
5,7,9,11,13-tetradecapentaenoic acid	0.00352492225805114	single	1	AS_Female:20,FU_Male:20	0.01571608984667	True
Morusinol	0.003543106333869363	single	1	AS_Female:20,FU_Male:20	0.01576812579834141	True
5beta-Cholane-3alpha,6alpha,24-triol	0.003576611035301538	single	1	AS_Female:20,FU_Male:20	0.01588802810360555	True
5,7,4'-Trihydroxyflavanone 7-sulfate	0.0035960925766305987	single	1	AS_Female:20,FU_Male:20	0.015917020457660646	True
PS(22:6(4Z,7Z,10Z,13Z,16Z,19Z)/19:0)	0.0035999868279374615	single	1	AS_Female:20,FU_Male:20	0.015917020457660646	True
3-Oxo-5beta-cholan-24-oic Acid	0.003602861301444872	single	1	AS_Female:20,FU_Male:20	0.015917020457660646	True
3-Hydroxyanthranilic acid	0.003620329306933106	single	1	AS_Female:20,FU_Male:20	0.01594774958542649	True
3Z,9Z,15Z-docosatrienoic acid	0.003622991438242284	single	1	AS_Female:20,FU_Male:20	0.01594774958542649	True
PI(18:0/18:2(9Z,12Z))	0.003667693581467261	single	1	AS_Female:20,FU_Male:20	0.016108485606646784	True
Nilotinib	0.003672814562110295	single	1	AS_Female:20,FU_Male:20	0.016108485606646784	True
Pantoyllactone glucoside	0.0036929843422796533	single	1	AS_Female:20,FU_Male:20	0.016167658395405137	True
Hypogeic acid	0.003726375757338333	single	1	AS_Female:20,FU_Male:20	0.016279997294806153	True
Norepinephrine sulfate	0.0037328504652139093	single	1	AS_Female:20,FU_Male:20	0.016279997294806153	True
L-glycyl-L-hydroxyproline	0.003738818048703933	single	1	AS_Female:20,FU_Male:20	0.016279997294806153	True
3,4,7,11-Tetramethyl-6E,10Z-tridecadienal	0.0037814506018910617	single	1	AS_Female:20,FU_Male:20	0.016436071646639606	True
5,3',4'-Trihydroxy-3-methoxy-6,7-methylenedioxyflavone	0.003788809670280472	single	1	AS_Female:20,FU_Male:20	0.01643854518234592	True
PA(0:0/18:1(9Z))	0.0038036373121771395	single	1	AS_Female:20,FU_Male:20	0.016459064839855594	True
cis-5-Tetradecenoylcarnitine	0.0038071360224366515	single	1	AS_Female:20,FU_Male:20	0.016459064839855594	True
22R-hydroxycholesterol	0.003832094664053319	single	1	AS_Female:20,FU_Male:20	0.01653743526144935	True
Fusicoccin A	0.0038560255567300344	single	1	AS_Female:20,FU_Male:20	0.016611099417870843	True
DG(13:0/18:3(9Z,12Z,15Z)/0:0)[iso2]	0.003889151537409053	single	1	AS_Female:20,FU_Male:20	0.016724042401540528	True
Peonidin 3-glucoside-5-(6''-acetylglucoside)	0.0038978609989485376	single	1	AS_Female:20,FU_Male:20	0.016731775671018457	True
Cyanidin 3-(6''-malonylsambubioside)	0.0039137107511625436	single	1	AS_Female:20,FU_Male:20	0.016770077395689413	True
Ethylene glycol distearate	0.0039308284206214655	single	1	AS_Female:20,FU_Male:20	0.01679996019887695	True
NAD	0.0039345631692537094	single	1	AS_Female:20,FU_Male:20	0.01679996019887695	True
Cholesteryl acetate	0.003965752214192938	single	1	AS_Female:20,FU_Male:20	0.01690332061718504	True
1alpha,25-Dihydroxy-2-[3'-(methoxymethoxy)propylidene]-19-norvitamin D3	0.0039760399016443605	single	1	AS_Female:20,FU_Male:20	0.016906854674400035	True
1,6-Naphthalenedisulfonic acid	0.0039850041073568555	single	1	AS_Female:20,FU_Male:20	0.016906854674400035	True
Acetylcorynoline	0.003994395933092637	single	1	AS_Female:20,FU_Male:20	0.016906854674400035	True
Lesquerolic acid	0.0040027544026759055	single	1	AS_Female:20,FU_Male:20	0.016906854674400035	True
PI(12:0/0:0)	0.004005321169494215	single	1	AS_Female:20,FU_Male:20	0.016906854674400035	True
dTDP-3-methyl-4-oxo-2,6-dideoxy-L-glucose	0.004008481860018844	single	1	AS_Female:20,FU_Male:20	0.016906854674400035	True
PE(21:0/0:0)	0.004050177701856247	single	1	AS_Female:20,FU_Male:20	0.017053009071641693	True
7-oxo-11E-Tetradecenoic acid	0.0040583034009621256	single	1	AS_Female:20,FU_Male:20	0.017057556482168935	True
N-((5-hydroxyhexahydrocyclopenta[c]pyrrol-2(1H)-yl)carbamoyl)-4-methylbenzenesulfonamide	0.0040716011306231505	single	1	AS_Female:20,FU_Male:20	0.01708378914599419	True
N,N-dimethyl-Safingol	0.004085386330867188	single	1	AS_Female:20,FU_Male:20	0.01711197284953194	True
6beta-acetoxy-24-methylcholestan-3beta,5alpha,22R,24-tetrol	0.004096305196154184	single	1	AS_Female:20,FU_Male:20	0.017128074058530705	True
(2xi,6xi)-7-Methyl-3-methylene-1,2,6,7-octanetetrol	0.0041085518183797635	single	1	AS_Female:20,FU_Male:20	0.017149661986719668	True
L-Homoserine	0.004119863987852913	single	1	AS_Female:20,FU_Male:20	0.017167281780708952	True
PI(18:1(11Z)/18:1(11Z))	0.004144798718529446	single	1	AS_Female:20,FU_Male:20	0.017241508071408573	True
Spongipregnoloside A	0.004182917441443494	single	1	AS_Female:20,FU_Male:20	0.017370228346028645	True
Sulfated Dihydromenaquinone-9	0.004198078648278784	single	1	AS_Female:20,FU_Male:20	0.017389053209110394	True
cimicifoetiside A	0.004201815831197679	single	1	AS_Female:20,FU_Male:20	0.017389053209110394	True
DG(18:3(6Z,9Z,12Z)/15:0/0:0)	0.004224288080683469	single	1	AS_Female:20,FU_Male:20	0.01742755560456556	True
Ascorbate 2-sulfate	0.00422551637334985	single	1	AS_Female:20,FU_Male:20	0.01742755560456556	True
L-Cysteinylglycine disulfide	0.004267956181403881	single	1	AS_Female:20,FU_Male:20	0.017563145296774104	True
8-keto palmitic acid	0.004272900693845496	single	1	AS_Female:20,FU_Male:20	0.017563145296774104	True
L-Serine	0.004300801937367692	single	1	AS_Female:20,FU_Male:20	0.017647866932825735	True
Tricetin 7,3'-diglucuronide	0.004333953524545643	single	1	AS_Female:20,FU_Male:20	0.017753809615778344	True
capsidiol	0.0043864336764054745	single	1	AS_Female:20,FU_Male:20	0.017938439071921712	True
Fulvestrant	0.004420090678892894	single	1	AS_Female:20,FU_Male:20	0.0180455978644177	True
4-AMINOETHYLBENZENESULFONYL FLUORIDE	0.004457084536784944	single	1	AS_Female:20,FU_Male:20	0.01816599606659318	True
17:4(2E,4E,9E,11E)(8Me[R],10Me,15Me[R])	0.004466434124612414	single	1	AS_Female:20,FU_Male:20	0.018173507589389338	True
N-Acetylanonaine	0.004505650840712928	single	1	AS_Female:20,FU_Male:20	0.01830231658618456	True
Treosulfan	0.004529764492595281	single	1	AS_Female:20,FU_Male:20	0.01836944696243413	True
Cinnzeylanol	0.00455198176827658	single	1	AS_Female:20,FU_Male:20	0.018428248767480945	True
Allantoin	0.00455948823284638	single	1	AS_Female:20,FU_Male:20	0.018428248767480945	True
Ursodeoxycholic acid 3-sulfate	0.0046839560276868	single	1	AS_Female:20,FU_Male:20	0.018870924393754394	True
PI(12:0/12:0)	0.004684603701217014	single	1	AS_Female:20,FU_Male:20	0.018870924393754394	True
5beta-Cholestane-2beta,3alpha,7alpha,12alpha,26-pentol	0.004696735996121113	single	1	AS_Female:20,FU_Male:20	0.01888836851596215	True
Salvisyriacolide	0.004743749695310958	single	1	AS_Female:20,FU_Male:20	0.019045801015502205	True
4S-aminopentanoic acid	0.004772361502171538	single	1	AS_Female:20,FU_Male:20	0.019128952312512076	True
Fusicoccin H	0.004843456797916057	single	1	AS_Female:20,FU_Male:20	0.019381832905379794	True
(1alpha,3beta,20S,22R,24S,25S)-Pubescenin	0.004870932964894521	single	1	AS_Female:20,FU_Male:20	0.019459618330048903	True
2-(1,3-Benzodioxol-5-yl)-7-hydroxy-3,5,6,8-tetramethoxy-4H-1-benzopyran-4-one	0.0048979124409656806	single	1	AS_Female:20,FU_Male:20	0.019535166424345822	True
1-O-(8R-hydroxy-8-methyl-3Z,9-decadienoyl)-beta-D-glucopyranose	0.004922761175190781	single	1	AS_Female:20,FU_Male:20	0.01960198158739618	True
Boc-Phe(NMe)-Pro-Phe(NMe)-Gly-OMe	0.004952928035858195	single	1	AS_Female:20,FU_Male:20	0.019689718842056964	True
PE-Cer(d14:1(4E)/24:1(15Z))	0.0049732135075997875	single	1	AS_Female:20,FU_Male:20	0.01973795065885096	True
PC(20:1(9Z)/0:0)	0.005061886610394903	single	1	AS_Female:20,FU_Male:20	0.020057000791761145	True
1-kestose	0.005091215751882903	single	1	AS_Female:20,FU_Male:20	0.02014025054788972	True
Japonicumins A	0.005153478911437045	single	1	AS_Female:20,FU_Male:20	0.020353299257078444	True
12-[3]-ladderane-dodecanoic acid	0.005172603348378463	single	1	AS_Female:20,FU_Male:20	0.020393179734736123	True
Eriodictyol 7-glucuronide	0.005180423600521568	single	1	AS_Female:20,FU_Male:20	0.020393179734736123	True
12-[5]-ladderane-dodecanoic acid	0.005316915794013407	single	1	AS_Female:20,FU_Male:20	0.020896514833289706	True
Ceriferol 1	0.005370364620503268	single	1	AS_Female:20,FU_Male:20	0.021041097846355893	True
PC(18:2(2E,4E)/0:0)	0.005371085695600141	single	1	AS_Female:20,FU_Male:20	0.021041097846355893	True
9-deoxy-9-methylene-16,16-dimethyl -PGE2	0.00539192397073534	single	1	AS_Female:20,FU_Male:20	0.021088607323344524	True
L-Proline	0.005409181718007931	single	1	AS_Female:20,FU_Male:20	0.02109920661927914	True
17-oxo-20Z-hexacosenoic acid	0.005420245022143827	single	1	AS_Female:20,FU_Male:20	0.02109920661927914	True
3alpha,12alpha,25-Trihydroxy-5beta-cholestan-7-one	0.005420779230562423	single	1	AS_Female:20,FU_Male:20	0.02109920661927914	True
Oleoyl Serotonin	0.005540664827862359	single	1	AS_Female:20,FU_Male:20	0.021517319218776684	True
N-Undecylbenzenesulfonic acid	0.005545975709424473	single	1	AS_Female:20,FU_Male:20	0.021517319218776684	True
CARBETAPENTANE	0.005556613268607436	single	1	AS_Female:20,FU_Male:20	0.021524097157277763	True
PS(20:5(5Z,8Z,11Z,14Z,17Z)/21:0)	0.005566523289044199	single	1	AS_Female:20,FU_Male:20	0.02152803974884346	True
3beta-hydroxy-4alpha-methyl-5alpha-cholest-7-ene-4beta-carboxylic acid	0.005643008496819974	single	1	AS_Female:20,FU_Male:20	0.021789032808295302	True
Chenodeoxycholic acid sulfate	0.005661090571182756	single	1	AS_Female:20,FU_Male:20	0.021824045020435435	True
20:2(5Z,9Z)(11Me,15Me,19Me)	0.00569315510539711	single	1	AS_Female:20,FU_Male:20	0.0219127639271326	True
PT(18:0/18:1(9Z))	0.005741000740644651	single	1	AS_Female:20,FU_Male:20	0.022033249804467997	True
(9R,13R)-10-oxo-11-phytoenoic acid	0.005742660316653988	single	1	AS_Female:20,FU_Male:20	0.022033249804467997	True
3'-Hydroxyechinenone/ 3'-OH-Echinenone	0.0057584802632996805	single	1	AS_Female:20,FU_Male:20	0.022058988476975516	True
2-(7'-Methylthio)heptylmalic acid	0.005789370447573343	single	1	AS_Female:20,FU_Male:20	0.02214228412887056	True
PA(18:0/0:0)	0.005839214771606746	single	1	AS_Female:20,FU_Male:20	0.022266897068748428	True
L-Arginine	0.0058403468148101	single	1	AS_Female:20,FU_Male:20	0.022266897068748428	True
24-Nor-9,11-seco-11-acetoxy-3,6-dihydroxycholest-7,22-dien-9-one	0.005894929805054803	single	1	AS_Female:20,FU_Male:20	0.022439662040939747	True
4,5-epoxy-17R-HDHA	0.005918710098733098	single	1	AS_Female:20,FU_Male:20	0.022494814990632387	True
Amphibine A	0.005933417493764786	single	1	AS_Female:20,FU_Male:20	0.022515366383079227	True
Isoproterenol	0.005946287705746437	single	1	AS_Female:20,FU_Male:20	0.022528892856982976	True
7,8-Dihydro-3b,6a-dihydroxy-alpha-ionol 9-[apiosyl-(1->6)-glucoside]	0.005960652216480514	single	1	AS_Female:20,FU_Male:20	0.022548029712655196	True
DG(15:0/18:3(9Z,12Z,15Z)/0:0)[iso2]	0.006001022747161563	single	1	AS_Female:20,FU_Male:20	0.02266532928374125	True
Patrinoside	0.0060198808824694664	single	1	AS_Female:20,FU_Male:20	0.022687284767864	True
7alpha,12alpha,24-trihydroxy-5beta-cholestan-3-one	0.006025577904063012	single	1	AS_Female:20,FU_Male:20	0.022687284767864	True
Cohibin A	0.006039232187675808	single	1	AS_Female:20,FU_Male:20	0.022703386842178777	True
AKLAVINE	0.006055156353129056	single	1	AS_Female:20,FU_Male:20	0.02272795896267511	True
3-hydroxy-suberic acid	0.006106078072277104	single	1	AS_Female:20,FU_Male:20	0.022883614571180908	True
11-beta-hydroxyandrosterone-3-glucuronide	0.0061865265278135476	single	1	AS_Female:20,FU_Male:20	0.02314927468908284	True
PS(P-18:0/0:0)	0.006211849731950821	single	1	AS_Female:20,FU_Male:20	0.023183228103041166	True
Thysanone	0.006218500384322997	single	1	AS_Female:20,FU_Male:20	0.023183228103041166	True
Totarol	0.0062243280739267895	single	1	AS_Female:20,FU_Male:20	0.023183228103041166	True
PC(0:0/14:0)	0.006246914044156612	single	1	AS_Female:20,FU_Male:20	0.0232062967348074	True
Phoxim	0.006249692470505752	single	1	AS_Female:20,FU_Male:20	0.0232062967348074	True
PE(P-20:0/0:0)	0.006267904488637188	single	1	AS_Female:20,FU_Male:20	0.023238279888193922	True
Methyl (3x,10R)-dihydroxy-11-dodecene-6,8-diynoate 10-glucoside	0.006309146857155141	single	1	AS_Female:20,FU_Male:20	0.023352470159215374	True
Acetylaminodantrolene	0.006322517386887751	single	1	AS_Female:20,FU_Male:20	0.023352470159215374	True
1,2-Dihexanoyl-sn-glycerol	0.006327641645784918	single	1	AS_Female:20,FU_Male:20	0.023352470159215374	True
Xenognosin B	0.006340388163837512	single	1	AS_Female:20,FU_Male:20	0.023357217937382515	True
(S)-(+)-Abscisic acid	0.0063482236277561735	single	1	AS_Female:20,FU_Male:20	0.023357217937382515	True
2-O-Galloyl-1,4-galactarolactone	0.006393183824457689	single	1	AS_Female:20,FU_Male:20	0.023486946948424986	True
1,2,3,4-Tetrahydro-b-carboline-1,3-dicarboxylic acid	0.006415418637553744	single	1	AS_Female:20,FU_Male:20	0.023518006700563913	True
Scalarin	0.006431388234580264	single	1	AS_Female:20,FU_Male:20	0.023518006700563913	True
Desmethylgliquidone	0.006434374130853834	single	1	AS_Female:20,FU_Male:20	0.023518006700563913	True
cholesta-6,8(14)-dien-3beta,5alpha-diol	0.006440495019609201	single	1	AS_Female:20,FU_Male:20	0.023518006700563913	True
Rifamycin S	0.006507225157609904	single	1	AS_Female:20,FU_Male:20	0.023725891726767437	True
Azatadine	0.00653966766907947	single	1	AS_Female:20,FU_Male:20	0.023808323950137437	True
2-octenedioic acid	0.006624140493379286	single	1	AS_Female:20,FU_Male:20	0.024063393211455418	True
24,25-Dihydroxyvitamin D	0.0066296089516897	single	1	AS_Female:20,FU_Male:20	0.024063393211455418	True
7Z,13Z,16Z,19Z-Docosatetraenyl isobutyrate	0.0066543400265452616	single	1	AS_Female:20,FU_Male:20	0.02411700180279353	True
LysoPC(14:0)	0.006731542921344997	single	1	AS_Female:20,FU_Male:20	0.024331939702755986	True
DG(15:0/18:2(9Z,12Z)/0:0)	0.006733746220919666	single	1	AS_Female:20,FU_Male:20	0.024331939702755986	True
MS-275	0.0067868984991260595	single	1	AS_Female:20,FU_Male:20	0.024487453452137393	True
2-Amino-4-hydroxy-6-(hydroxymethyl)-7,8-dihydropteridine	0.006869587014605766	single	1	AS_Female:20,FU_Male:20	0.024748913932084164	True
(20S,24S)-24-ethylthornasterol	0.006893806144566895	single	1	AS_Female:20,FU_Male:20	0.024799264005938265	True
5beta-Cholest-25-ene-3alpha,7alpha,12alpha-triol	0.0069405379537635595	single	1	AS_Female:20,FU_Male:20	0.02493032994964626	True
5beta-Cholestane-3alpha,7alpha,12alpha,25-tetrol	0.006972742171974515	single	1	AS_Female:20,FU_Male:20	0.025008901923481926	True
Lipoxin A4	0.0070032564918141365	single	1	AS_Female:20,FU_Male:20	0.02508118929982548	True
Theonellasterol D	0.007019937370462358	single	1	AS_Female:20,FU_Male:20	0.025103793757591385	True
Cer(d18:0/22:0(2OH))	0.007070226454052556	single	1	AS_Female:20,FU_Male:20	0.025246339594780585	True
Colnelenic acid	0.007111721391673649	single	1	AS_Female:20,FU_Male:20	0.0253571097043327	True
PC(20:0/0:0)	0.00717602116758725	single	1	AS_Female:20,FU_Male:20	0.025548745951071664	True
Bilirubin	0.007222822715435765	single	1	AS_Female:20,FU_Male:20	0.025658377642539823	True
Oleamide	0.007233597298038224	aggregate	2	AS_Female:20,FU_Male:20	0.025658377642539823	True
Cer(d18:2/20:0)	0.007244992720418668	single	1	AS_Female:20,FU_Male:20	0.025658377642539823	True
Physalin O	0.007249207066293779	single	1	AS_Female:20,FU_Male:20	0.025658377642539823	True
PS(19:0/20:4(5Z,8Z,11Z,14Z))	0.007264110930140458	single	1	AS_Female:20,FU_Male:20	0.02567359498083219	True
PC(O-17:0/2:0)	0.007321920811010738	single	1	AS_Female:20,FU_Male:20	0.0257893761050477	True
7alpha,12alpha-Dihydroxy-3-oxo-5beta-cholestan-26-oic acid	0.007326963016647912	single	1	AS_Female:20,FU_Male:20	0.0257893761050477	True
DG(14:0/15:0/0:0)	0.0073288272450527945	single	1	AS_Female:20,FU_Male:20	0.0257893761050477	True
PS(O-20:0/0:0)	0.0073596705935156	single	1	AS_Female:20,FU_Male:20	0.025860322941801548	True
Ectoine	0.007418804441538663	single	1	AS_Female:20,FU_Male:20	0.026030326888355222	True
Aspartyl-Alanine	0.007470851799888302	single	1	AS_Female:20,FU_Male:20	0.026171214546732532	True
5alpha-Cholestane-3alpha,7alpha,12alpha,24-tetrol	0.007480578466063161	single	1	AS_Female:20,FU_Male:20	0.026171214546732532	True
CAY10500	0.0075268413002317165	single	1	AS_Female:20,FU_Male:20	0.02629506895795236	True
32:5(17Z,20Z,23Z,26Z,29Z)	0.007545343588789976	single	1	AS_Female:20,FU_Male:20	0.026321724536686644	True
PE(22:2(13Z,16Z)/0:0)	0.007647919565776116	single	1	AS_Female:20,FU_Male:20	0.026618735881701515	True
PI(14:1(9Z)/0:0)	0.0076551030508347825	single	1	AS_Female:20,FU_Male:20	0.026618735881701515	True
5beta-Cholestane-3alpha,7alpha,12alpha,25,26-pentol	0.007672685014410016	single	1	AS_Female:20,FU_Male:20	0.026618735881701515	True
11b,21-Dihydroxy-5b-pregnane-3,20-dione	0.00767531979093192	single	1	AS_Female:20,FU_Male:20	0.026618735881701515	True
DG(13:0/20:4(5Z,8Z,11Z,14Z)/0:0)[iso2]	0.00768545905878123	single	1	AS_Female:20,FU_Male:20	0.026618735881701515	True
22:3(5Z,9Z,19Z)(13Me,17Me,21Me)	0.00771568374876971	single	1	AS_Female:20,FU_Male:20	0.026685243365387815	True
astrogorgiadiol B	0.0077460342885478884	single	1	AS_Female:20,FU_Male:20	0.026751995738337284	True
Phosphophosphinate	0.007767368145969128	single	1	AS_Female:20,FU_Male:20	0.026787461939303786	True
PE(17:0/0:0)	0.007816337752759533	single	1	AS_Female:20,FU_Male:20	0.02686482512226789	True
2-Africananol	0.007818670088275668	single	1	AS_Female:20,FU_Male:20	0.02686482512226789	True
10-[3]-ladderane-decanoic acid	0.007823090339198207	single	1	AS_Female:20,FU_Male:20	0.02686482512226789	True
5beta-Chol-2-en-24-oic Acid	0.007867102945167988	single	1	AS_Female:20,FU_Male:20	0.026977700042849433	True
Viscutin 1	0.007913156794660408	single	1	AS_Female:20,FU_Male:20	0.027073544721526756	True
Castasterone	0.007927455423947278	single	1	AS_Female:20,FU_Male:20	0.027073544721526756	True
PC(O-15:0/2:0)	0.007936176065017314	single	1	AS_Female:20,FU_Male:20	0.027073544721526756	True
D-1-Aminopropan-2-ol O-phosphate	0.00794119714638212	single	1	AS_Female:20,FU_Male:20	0.027073544721526756	True
17-oxo-octadecanoic acid	0.007950966665429791	single	1	AS_Female:20,FU_Male:20	0.027073544721526756	True
Gentiobiosyl 2-methyl-6-oxo-2E,4E-heptadienoate	0.007976167278932448	single	1	AS_Female:20,FU_Male:20	0.02712120924479699	True
N,N'-Dicyclohexylurea	0.007991644303874513	single	1	AS_Female:20,FU_Male:20	0.027135723505862828	True
SC-514	0.008124837107963273	single	1	AS_Female:20,FU_Male:20	0.02754934263078303	True
3'-O-Methyl-(-)-epicatechin-5-O-sulphate	0.008136314002398648	single	1	AS_Female:20,FU_Male:20	0.02754967300672325	True
24:3(15Z,18Z,21Z)	0.008335717103457638	single	1	AS_Female:20,FU_Male:20	0.02818543450764098	True
24-keto-25dehydrocholesterol	0.008410449949425422	single	1	AS_Female:20,FU_Male:20	0.028398464891992957	True
Tamariscol	0.008603716440291693	single	1	AS_Female:20,FU_Male:20	0.02901058147903369	True
SERICETIN DIACETATE	0.008625809266463665	single	1	AS_Female:20,FU_Male:20	0.02904101425258461	True
15-oxo-18Z-tetracosenoic acid	0.00863673286322219	single	1	AS_Female:20,FU_Male:20	0.02904101425258461	True
5'-(3',4'-dihydroxyphenyl)-gamma-valerolactone sulfate	0.008681838780796647	single	1	AS_Female:20,FU_Male:20	0.02914148558702254	True
DG(15:0/18:3(6Z,9Z,12Z)/0:0)	0.00869068673846769	single	1	AS_Female:20,FU_Male:20	0.02914148558702254	True
1-Hydroxyvitamin D3 3-D-glucopyranoside	0.008747700018559188	single	1	AS_Female:20,FU_Male:20	0.029268932743028164	True
1-monostearin	0.008752873732322341	single	1	AS_Female:20,FU_Male:20	0.029268932743028164	True
Dinorpromazine	0.008798681648861833	single	1	AS_Female:20,FU_Male:20	0.02935945802924303	True
3beta-Hydroxy-5beta-cholestan-26-oic acid	0.008807047183853167	single	1	AS_Female:20,FU_Male:20	0.02935945802924303	True
Dihydroergotamine	0.008820786123575019	single	1	AS_Female:20,FU_Male:20	0.02935945802924303	True
Ptilosteroid C	0.00882845330247374	single	1	AS_Female:20,FU_Male:20	0.02935945802924303	True
Laserpitin	0.008849598135413653	single	1	AS_Female:20,FU_Male:20	0.02938940615341077	True
12,14-Pentacosadiynoic acid	0.00888168980650156	single	1	AS_Female:20,FU_Male:20	0.029434783028379406	True
2-Hydroxyadipic acid	0.008887578023025752	single	1	AS_Female:20,FU_Male:20	0.029434783028379406	True
PS(22:0/0:0)	0.008932865169627185	single	1	AS_Female:20,FU_Male:20	0.029521121573250476	True
Adrenic Acid	0.008938034743160924	single	1	AS_Female:20,FU_Male:20	0.029521121573250476	True
4R-aminopentanoic acid	0.009041061025578091	single	1	AS_Female:20,FU_Male:20	0.029791164609840423	True
12,13-EpOME	0.009044405612652916	single	1	AS_Female:20,FU_Male:20	0.029791164609840423	True
3-Methylene-indolenine	0.009106486926945706	single	1	AS_Female:20,FU_Male:20	0.02995489789420592	True
7alpha,12alpha,26-trihydroxycholest-4-en-3-one	0.00914867748815665	single	1	AS_Female:20,FU_Male:20	0.030035271178828735	True
SM(d18:1/14:0)	0.0091692170500289	single	1	AS_Female:20,FU_Male:20	0.030035271178828735	True
Pollenitin 8-butyrate	0.009179244780107737	single	1	AS_Female:20,FU_Male:20	0.030035271178828735	True
Clomipramine	0.009181944884284903	single	1	AS_Female:20,FU_Male:20	0.030035271178828735	True
LysoPC(18:1(11Z))	0.009192951649529985	single	1	AS_Female:20,FU_Male:20	0.030035271178828735	True
trans-1,2-dimethylcyclohexane	0.009233539655697922	single	1	AS_Female:20,FU_Male:20	0.03012722305450764	True
MG(22:1(13Z)/0:0/0:0)	0.009261112405493528	single	1	AS_Female:20,FU_Male:20	0.03017651834952871	True
Ceramide (d18:1/9Z-18:1)	0.009340622111571767	single	1	AS_Female:20,FU_Male:20	0.03039096913870086	True
Arachidyl oleate	0.009352033047638224	single	1	AS_Female:20,FU_Male:20	0.03039096913870086	True
Cholestane-3,7,12,25-tetrol-3-glucuronide	0.009578584826437706	single	1	AS_Female:20,FU_Male:20	0.03108546094477974	True
L-Urobilin	0.009595450581456003	single	1	AS_Female:20,FU_Male:20	0.031098508510983915	True
N-Methoxy-1-vinyl-beta-carboline	0.009609035976748805	single	1	AS_Female:20,FU_Male:20	0.031100903876616116	True
PC(20:3(8Z,11Z,14Z)/18:1(11Z))	0.009665075253655717	single	1	AS_Female:20,FU_Male:20	0.03120343549486774	True
3,12-Dioxochol-4-en-24-oic Acid	0.00970128075858672	single	1	AS_Female:20,FU_Male:20	0.03120343549486774	True
5alpha-cholestan-3alpha,12alpha,16alpha-triol	0.009711755291018444	single	1	AS_Female:20,FU_Male:20	0.03120343549486774	True
7alpha,12alpha,25-Trihydroxy-5beta-cholestan-3-one	0.009717719217593478	single	1	AS_Female:20,FU_Male:20	0.03120343549486774	True
SM(d16:1/18:1)	0.009719909410637759	single	1	AS_Female:20,FU_Male:20	0.03120343549486774	True
3alpha,7alpha,12alpha-Trihydroxy-24-methyl-5beta-Cholestan-26-oic acid	0.009730140622323566	single	1	AS_Female:20,FU_Male:20	0.03120343549486774	True
PS(19:1(9Z)/0:0)	0.009735306811773783	single	1	AS_Female:20,FU_Male:20	0.03120343549486774	True
7b-Hydroxy-3-oxo-5b-cholan-24-oate	0.009743823723304424	single	1	AS_Female:20,FU_Male:20	0.03120343549486774	True
2-O-[2-O-(alpha-D-Mannopyranosyl)-alpha-D-glucopyranosyl]-3-phospho-D-glycerate	0.009787135694791432	single	1	AS_Female:20,FU_Male:20	0.031300733840277484	True
Thyroxine	0.009841455896736642	single	1	AS_Female:20,FU_Male:20	0.031432934994722175	True
5beta-Cholane-3alpha,7alpha,12alpha-triol	0.00994630215515286	single	1	AS_Female:20,FU_Male:20	0.03172595193362988	True
2,3-Butanedithiol	0.009962414724221677	single	1	AS_Female:20,FU_Male:20	0.03173553427281668	True
Malonylmalvin	0.010045116894994708	single	1	AS_Female:20,FU_Male:20	0.03195693561469407	True
LysoPC(20:2(11Z,14Z))	0.010138048026070092	single	1	AS_Female:20,FU_Male:20	0.03221025494897073	True
Desethylenenorfloxacin	0.010209441690476759	single	1	AS_Female:20,FU_Male:20	0.03239457186454028	True
Acetylcysteine	0.010275476172941899	single	1	AS_Female:20,FU_Male:20	0.032561423841220336	True
Acetostearin	0.010351597054649544	single	1	AS_Female:20,FU_Male:20	0.03275976009059679	True
Cryptogenin	0.010380321700854577	single	1	AS_Female:20,FU_Male:20	0.03278978151467062	True
Quercetin 7,4'-diglucoside	0.010388412875560337	single	1	AS_Female:20,FU_Male:20	0.03278978151467062	True
PC(O-18:0/1:0)	0.010401715077764162	single	1	AS_Female:20,FU_Male:20	0.03278978151467062	True
2-Amino-4-oxo-6-(1,2-dioxoprolyl)-7,8-dihydroxypteridine	0.010428011635159733	single	1	AS_Female:20,FU_Male:20	0.03282992999833773	True
17-octadecynoic acid	0.010443867166421438	single	1	AS_Female:20,FU_Male:20	0.0328371459868913	True
CPA(16:0)	0.010493467727608577	single	1	AS_Female:20,FU_Male:20	0.03295030527696546	True
(22R)-3alpha,7alpha,22-Trihydroxy-5beta-cholan-24-oic Acid	0.0105370786928675	single	1	AS_Female:20,FU_Male:20	0.03300210996492935	True
N,N'-Diphenyl-p-phenylenediamine	0.010537228832255427	single	1	AS_Female:20,FU_Male:20	0.03300210996492935	True
3',5'-Cyclic Inosine monophosphate (cIMP)	0.010653951842408037	single	1	AS_Female:20,FU_Male:20	0.03332457029776468	True
bacteriohopane-32,33,34,35-tetrol	0.01069873562809297	single	1	AS_Female:20,FU_Male:20	0.03342146962014591	True
6-Deoxocastasterone	0.010759508658740159	single	1	AS_Female:20,FU_Male:20	0.03356800317372413	True
27-Nor-5b-cholestane-3a,7a,12a,24,25-pentol	0.010796015759451789	single	1	AS_Female:20,FU_Male:20	0.033638551034276425	True
Sulfaquinoxaline	0.010843840486420026	single	1	AS_Female:20,FU_Male:20	0.03374249792952751	True
25,26-dihydroxyvitamin D	0.01085725150231389	single	1	AS_Female:20,FU_Male:20	0.03374249792952751	True
PE(18:1(9Z)/0:0)	0.010900533502796463	single	1	AS_Female:20,FU_Male:20	0.03382653380654479	True
Shoyuflavone C	0.010912235812850671	single	1	AS_Female:20,FU_Male:20	0.03382653380654479	True
Hyrtial	0.010964097636091992	single	1	AS_Female:20,FU_Male:20	0.03394383679920551	True
24-Nor-5beta-chol-22-ene-3alpha,7alpha-diol	0.01100029193432613	single	1	AS_Female:20,FU_Male:20	0.03401239690038769	True
glycochenodeoxycholic acid 7-sulfate	0.011076536510656926	single	1	AS_Female:20,FU_Male:20	0.03420445777079135	True
Mirin	0.011120994925299178	single	1	AS_Female:20,FU_Male:20	0.03429799836197364	True
4-Deoxyannoreticuin	0.011146354270279964	single	1	AS_Female:20,FU_Male:20	0.034305665227117144	True
9-keto stearic acid	0.011152893828473115	single	1	AS_Female:20,FU_Male:20	0.034305665227117144	True
3-hydroxy behenic acid	0.01116599099503028	single	1	AS_Female:20,FU_Male:20	0.034305665227117144	True
5beta-Cholanoic acid	0.011291763247027343	single	1	AS_Female:20,FU_Male:20	0.034648110039357666	True
Allosamidine	0.01139149934937216	single	1	AS_Female:20,FU_Male:20	0.03490989863902532	True
3-Phenyl-4-pentenal	0.011512463171316448	single	1	AS_Female:20,FU_Male:20	0.03523599663433264	True
PC(O-16:1(1E)/0:0)	0.011600961451714922	single	1	AS_Female:20,FU_Male:20	0.035450914349407996	True
8-C-Prenyl-6'',6''-dimethylpyrano[2'',3'':7,6]flavanone	0.01161196822762517	single	1	AS_Female:20,FU_Male:20	0.035450914349407996	True
22-keto-26-Hexacosanolide	0.011759309160744214	single	1	AS_Female:20,FU_Male:20	0.03585552579113569	True
??-hydroxy Farnesyl Phosphonic Acid	0.011775356580608333	single	1	AS_Female:20,FU_Male:20	0.035859293436041224	True
PE(20:3(5Z,8Z,11Z)/18:0)	0.011853900712045994	single	1	AS_Female:20,FU_Male:20	0.03597579801410474	True
Guibourtinidol-(4alpha->6)-catechin	0.011858125071630228	single	1	AS_Female:20,FU_Male:20	0.03597579801410474	True
PE(O-20:0/13:0)	0.011858193645293509	single	1	AS_Female:20,FU_Male:20	0.03597579801410474	True
Hipposterol	0.01194486677429028	single	1	AS_Female:20,FU_Male:20	0.03619339481921998	True
11-acetoxy-3beta,6alpha-dihydroxy-9,11-seco-5alpha-cholest-7-en-9-one.	0.012061281056988709	single	1	AS_Female:20,FU_Male:20	0.036500451798712086	True
PC(20:2(11Z,14Z)/0:0)	0.01210490966396479	single	1	AS_Female:20,FU_Male:20	0.03658674943378122	True
Guaiacol	0.012218261783935877	single	1	AS_Female:20,FU_Male:20	0.03688330645749222	True
LTC4	0.012269110979602324	single	1	AS_Female:20,FU_Male:20	0.03694370545657599	True
PC(18:2(9Z,12Z)/P-16:0)	0.012273292423610693	single	1	AS_Female:20,FU_Male:20	0.03694370545657599	True
L-glutamine	0.012284049108857362	single	1	AS_Female:20,FU_Male:20	0.03694370545657599	True
Taxa-4(20),11(12)-dien-5alpha,13alpha-diol	0.012303416990224152	single	1	AS_Female:20,FU_Male:20	0.036956045326715474	True
SPHONDIN	0.012506768012873199	single	1	AS_Female:20,FU_Male:20	0.0375203040386196	True
5-Cholestene-3beta,7alpha,12alpha,24-tetrol	0.01257039121284262	single	1	AS_Female:20,FU_Male:20	0.03766450139392572	True
Desglucocoroloside	0.012682105213914227	single	1	AS_Female:20,FU_Male:20	0.037952258001095605	True
12,13-DiHODE	0.01280721677522302	single	1	AS_Female:20,FU_Male:20	0.038279347917055465	True
PS(20:3(8Z,11Z,14Z)/19:1(9Z))	0.012857825220078334	single	1	AS_Female:20,FU_Male:20	0.03834788507760228	True
2beta,3alpha-Dihydroxy-5beta-cholan-24-oic Acid	0.012866793352787618	single	1	AS_Female:20,FU_Male:20	0.03834788507760228	True
5-Cholestene-3beta,7alpha,12alpha,25-tetrol	0.012877666488265448	single	1	AS_Female:20,FU_Male:20	0.03834788507760228	True
18-hydroxy-9S,10R-epoxy-stearic acid	0.012918210105609632	single	1	AS_Female:20,FU_Male:20	0.03842135954014855	True
AMCC	0.012941786768311626	single	1	AS_Female:20,FU_Male:20	0.03844425247372079	True
DG(14:1(9Z)/18:3(9Z,12Z,15Z)/0:0)	0.013043812662356748	single	1	AS_Female:20,FU_Male:20	0.03869984124456579	True
1alpha,3alpha-Dihydroxy-5beta-cholan-24-oic Acid	0.01311943592974314	single	1	AS_Female:20,FU_Male:20	0.038876565955823915	True
PC(O-14:1(1E)/0:0)	0.013180352808848985	single	1	AS_Female:20,FU_Male:20	0.03900933270198459	True
11S-hydroxy-hexadecanoic acid	0.013250171279618408	single	1	AS_Female:20,FU_Male:20	0.03916808872766321	True
1,2-Bis(1-ethoxyethoxy)propane	0.013313358582869646	single	1	AS_Female:20,FU_Male:20	0.039306879425765134	True
Thelephoric acid	0.013354816104563275	single	1	AS_Female:20,FU_Male:20	0.03938125431077672	True
6,9,12-hexadecatrienoic acid	0.013472742913074773	single	1	AS_Female:20,FU_Male:20	0.03968066982062533	True
(20S)-24-Hydroxygeminivitamin D3	0.013693928330897269	single	1	AS_Female:20,FU_Male:20	0.04028311116537338	True
N-Didesethylquinagolide	0.013777867297428298	single	1	AS_Female:20,FU_Male:20	0.040480845542565425	True
PC(O-18:1(1E)/0:0)	0.013878427349203358	single	1	AS_Female:20,FU_Male:20	0.04071389927860961	True
PA(22:6(4Z,7Z,10Z,13Z,16Z,19Z)/22:6(4Z,7Z,10Z,13Z,16Z,19Z))	0.013898504476485987	single	1	AS_Female:20,FU_Male:20	0.04071389927860961	True
Delphinidin 3-lathyroside	0.013907639282697294	single	1	AS_Female:20,FU_Male:20	0.04071389927860961	True
Norchenodeoxycholic acid	0.013970165855237504	single	1	AS_Female:20,FU_Male:20	0.04084755016368357	True
Ptilosteroid A	0.014006977236622205	single	1	AS_Female:20,FU_Male:20	0.04090578032552757	True
3alpha-Hydroxychol-4-en-24-oic Acid	0.01402673953081936	single	1	AS_Female:20,FU_Male:20	0.040914140245920085	True
methyl-10-hydroperoxy-8E,12Z,15Z-octadecatrienoate	0.014067773358728317	single	1	AS_Female:20,FU_Male:20	0.040984451626331235	True
(3beta,5alpha,6beta,24R)-Stigmastane-3,5,6-triol	0.01413143156516904	single	1	AS_Female:20,FU_Male:20	0.04112042766739693	True
Sucrose	0.01420280614043195	aggregate	2	AS_Female:20,FU_Male:20	0.04123560424672661	True
Kamahine C	0.014217347976343199	single	1	AS_Female:20,FU_Male:20	0.04123560424672661	True
9-tridecynoic acid	0.014222110510539746	single	1	AS_Female:20,FU_Male:20	0.04123560424672661	True
Stoloniferone H	0.014320833356797675	single	1	AS_Female:20,FU_Male:20	0.04145517564289451	True
25-hydroxyvitamin D3	0.014356138744115919	single	1	AS_Female:20,FU_Male:20	0.04145517564289451	True
5b-Cholestane-3a,7a,12a,23S,25-pentol	0.014370816085900165	single	1	AS_Female:20,FU_Male:20	0.04145517564289451	True
3beta-hydroxy-5alpha-pregnan-20-one	0.014376915098512492	single	1	AS_Female:20,FU_Male:20	0.04145517564289451	True
MG(0:0/24:1(15Z)/0:0)	0.01438345623297455	single	1	AS_Female:20,FU_Male:20	0.04145517564289451	True
6alpha-Hydroxycastasterone	0.014427256936267362	single	1	AS_Female:20,FU_Male:20	0.04152963347020824	True
alpha-tocotrienol	0.014443598257709762	single	1	AS_Female:20,FU_Male:20	0.04152963347020824	True
3Alpha,7Alpha,12Alpha-trihydroxy-5Beta-cholestan-26-oic acid	0.014529679845009653	single	1	AS_Female:20,FU_Male:20	0.04172758588940495	True
6-deoxoteasterone	0.014567191339505006	single	1	AS_Female:20,FU_Male:20	0.04178574672149481	True
Allopregnanalone sulfate	0.014617091745908684	single	1	AS_Female:20,FU_Male:20	0.04187926522703542	True
Panaxatriol	0.014756588655619943	single	1	AS_Female:20,FU_Male:20	0.04222896115278473	True
Norquetiapine	0.014797397643612598	single	1	AS_Female:20,FU_Male:20	0.042295749344965876	True
PG(17:0/0:0)	0.014868057996127032	single	1	AS_Female:20,FU_Male:20	0.0424106083475003	True
DG(13:0/18:2(9Z,12Z)/0:0)[iso2]	0.01487261730153976	single	1	AS_Female:20,FU_Male:20	0.0424106083475003	True
SM(d16:1/24:1)	0.015028137329420384	single	1	AS_Female:20,FU_Male:20	0.042800396008531645	True
PC(15:0/0:0)	0.015044666254960938	single	1	AS_Female:20,FU_Male:20	0.042800396008531645	True
Mescaline	0.015197338170415922	single	1	AS_Female:20,FU_Male:20	0.04318398557579454	True
Diminazene	0.015226609597700216	single	1	AS_Female:20,FU_Male:20	0.043216438260295684	True
Farnisin	0.015256753219601907	single	1	AS_Female:20,FU_Male:20	0.04325128752301665	True
PE(20:5(5Z,8Z,11Z,14Z,17Z)/P-18:1(11Z))	0.015336066800942193	single	1	AS_Female:20,FU_Male:20	0.04342528388898368	True
Hebevinoside IV	0.015474631400839408	single	1	AS_Female:20,FU_Male:20	0.04376645166055164	True
Phosphocreatinine	0.01549541100033459	single	1	AS_Female:20,FU_Male:20	0.04377408405112024	True
24-ethyl-5alpha-cholest-25-en-3alpha,12alpha,16alpha-triol	0.0155581013240046	single	1	AS_Female:20,FU_Male:20	0.043846585787610186	True
3alpha,7alpha-Dihydroxy-5beta-cholestan-26-oic acid	0.015561809741154476	single	1	AS_Female:20,FU_Male:20	0.043846585787610186	True
DG(16:0/18:2(9Z,12Z)/0:0)	0.015575408416912333	single	1	AS_Female:20,FU_Male:20	0.043846585787610186	True
3a,21-Dihydroxy-5b-pregnane-11,20-dione	0.015594254220836677	single	1	AS_Female:20,FU_Male:20	0.04384865211224808	True
11E-Hexadecenyl acetate	0.015615548007493069	single	1	AS_Female:20,FU_Male:20	0.04385758900944399	True
Chlorogenin	0.015778293121649405	single	1	AS_Female:20,FU_Male:20	0.04423593002177996	True
7beta-acetoxy-gorgostan-3beta,5alpha,6beta-triol	0.01579573937784944	single	1	AS_Female:20,FU_Male:20	0.04423593002177996	True
24-Nor-5beta-chol-22-ene-3alpha,6alpha-diol	0.01580507206478301	single	1	AS_Female:20,FU_Male:20	0.04423593002177996	True
2,6,8,12-Tetramethyl-2,4-tridecadien-1-ol	0.015865104479330625	single	1	AS_Female:20,FU_Male:20	0.04432533988367599	True
N-stearoyl glutamine	0.015873634729098342	single	1	AS_Female:20,FU_Male:20	0.04432533988367599	True
3,4-Dihydro-4-[(5-methyl-2-furanyl)methylene]-2H-pyrrole	0.015966819730686994	single	1	AS_Female:20,FU_Male:20	0.04449662312616331	True
Epanolol	0.015971732960196577	single	1	AS_Female:20,FU_Male:20	0.04449662312616331	True
Alpha-d-glucose	0.01600874785550126	single	1	AS_Female:20,FU_Male:20	0.04453270333899373	True
Hongguanggenin	0.016021472370203856	single	1	AS_Female:20,FU_Male:20	0.04453270333899373	True
5b-Cholestane-3a,7a,12a,23R,25-pentol	0.016046958117009923	single	1	AS_Female:20,FU_Male:20	0.044552391744588325	True
Trifloxystrobin	0.016124995175754418	single	1	AS_Female:20,FU_Male:20	0.044717770126576684	True
3-Glucosyl-2,3',4,4',6-pentahydroxybenzophenone	0.01614401145870823	single	1	AS_Female:20,FU_Male:20	0.04471928116880163	True
N-(6-aminohexanoyl)-6-aminohexanoic acid	0.016358075514236306	single	1	AS_Female:20,FU_Male:20	0.045260458079961256	True
PE(22:1(11Z)/0:0)	0.016381246552152746	single	1	AS_Female:20,FU_Male:20	0.04527282865612078	True
2,3-dihydro-1,4-benzodioxin-2-ylmethyl dimethylcarbamate	0.016595288604221232	single	1	AS_Female:20,FU_Male:20	0.045812079487821664	True
3-Methyl-4-phenyl-3-buten-2-one	0.016665193937403344	single	1	AS_Female:20,FU_Male:20	0.04595265890940034	True
(22E)-3alpha,6beta,7beta-Trihydroxy-5beta-chol-22-en-24-oic Acid	0.016856603525304575	single	1	AS_Female:20,FU_Male:20	0.04642757353215287	True
Hyocholic acid	0.01692428315476484	single	1	AS_Female:20,FU_Male:20	0.04656101081555191	True
PC(O-1:0/16:0)	0.017039898101278508	single	1	AS_Female:20,FU_Male:20	0.04682587208081188	True
Peonidin 3-(6'-malonylglucoside)-5-glucoside	0.017087871605609744	single	1	AS_Female:20,FU_Male:20	0.046904463897030825	True
Ganoderic acid H	0.017178841679758545	single	1	AS_Female:20,FU_Male:20	0.04709348796242485	True
Episceptrumgenin	0.017195639553400897	single	1	AS_Female:20,FU_Male:20	0.04709348796242485	True
7E-dodecen-1-ol	0.017280565229907646	single	1	AS_Female:20,FU_Male:20	0.04723325564834795	True
DG(16:1(9Z)/18:1(9Z)/0:0)	0.017288186050029172	single	1	AS_Female:20,FU_Male:20	0.04723325564834795	True
PS(17:1(9Z)/20:0)	0.017305203535763994	single	1	AS_Female:20,FU_Male:20	0.04723325564834795	True
4-penten-2-one	0.017358212535357853	single	1	AS_Female:20,FU_Male:20	0.047324586202816855	True
Dodecanoic acid	0.017403524676379855	aggregate	2	AS_Female:20,FU_Male:20	0.04739475055288597	True
5-Methylcytidine	0.017431441712842548	single	1	AS_Female:20,FU_Male:20	0.04741743863684473	True
Quillaic acid 3-[rhamnosyl-(1->3)-[galactosyl-(1->2)]-glucuronide]	0.017650766542312415	single	1	AS_Female:20,FU_Male:20	0.047925133407568	True
(S)-AL 8810	0.017657669970900725	single	1	AS_Female:20,FU_Male:20	0.047925133407568	True
26:4(11Z,14Z,17Z,20Z)	0.017986608993731487	single	1	AS_Female:20,FU_Male:20	0.048763247899018966	True
7alpha,12alpha,26-Trihydroxy-5beta-cholestan-3-one	0.018043787551316335	single	1	AS_Female:20,FU_Male:20	0.04886354548292712	True
Nefopam	0.01810948142774949	single	1	AS_Female:20,FU_Male:20	0.048986653113498896	True
Hexanoylcarnitine	0.018140456141139735	single	1	AS_Female:20,FU_Male:20	0.049015674461717965	True
Miraxanthin-V	0.018263516302720058	single	1	AS_Female:20,FU_Male:20	0.049293169419047114	True
9R,10S-dihydroxy-stearic acid	0.018338820880070755	single	1	AS_Female:20,FU_Male:20	0.049422557912624156	True
PC(O-12:0/2:0)	0.018372862425540367	single	1	AS_Female:20,FU_Male:20	0.049422557912624156	True
CAY10625	0.018390619461611198	single	1	AS_Female:20,FU_Male:20	0.049422557912624156	True
PC(O-18:0/O-3:1(2E))	0.01839311221779197	single	1	AS_Female:20,FU_Male:20	0.049422557912624156	True
Bis(1L-myo-inositol)-3,1'-phosphate 1-phosphate	0.018519487601393433	single	1	AS_Female:20,FU_Male:20	0.04970696173278659	True
11-deoxy-PGF1a	0.018585436683714977	single	1	AS_Female:20,FU_Male:20	0.049828728916139486	True
PC(17:0/18:2(9Z,12Z))	0.01867807086847266	single	1	AS_Female:20,FU_Male:20	0.05002169200505786	False
Urea	0.01917092087191867	single	1	AS_Female:20,FU_Male:20	0.05128486124962994	False
PA(20:3(8Z,11Z,14Z)/0:0)	0.019203972129326993	single	1	AS_Female:20,FU_Male:20	0.05131657453101617	False
5beta-Cholestane-3alpha,24,25-triol	0.019428956034254517	single	1	AS_Female:20,FU_Male:20	0.05182315023946527	False
PA(O-16:0/18:1(9Z))	0.019436357049745754	single	1	AS_Female:20,FU_Male:20	0.05182315023946527	False
12,13-Dimethyl-5,14-dioxabicyclo[9.2.1]-tetradeca-1(13),11-dien-4-one	0.019566987151725453	single	1	AS_Female:20,FU_Male:20	0.05211405488924898	False
Etretinate	0.019598072755092948	single	1	AS_Female:20,FU_Male:20	0.052139488066022005	False
PA(O-16:0/15:0)	0.019788414713344155	single	1	AS_Female:20,FU_Male:20	0.05258809222942503	False
24-hydroperoxy-24-vinylcholesterol	0.019835594079262366	single	1	AS_Female:20,FU_Male:20	0.05261514222567795	False
PE-Cer(d15:2(4E,6E)/22:0(2OH))	0.019842059005387845	single	1	AS_Female:20,FU_Male:20	0.05261514222567795	False
7a-Hydroxycholesterol	0.01988976166193725	single	1	AS_Female:20,FU_Male:20	0.05264674417629565	False
CAY10638	0.01990787091388491	single	1	AS_Female:20,FU_Male:20	0.05264674417629565	False
Cucurbitacin C	0.01993168921501178	single	1	AS_Female:20,FU_Male:20	0.05264674417629565	False
PC(16:0/3:0)	0.01994096010312396	single	1	AS_Female:20,FU_Male:20	0.05264674417629565	False
9-hexacosenoic acid	0.019997475490265607	single	1	AS_Female:20,FU_Male:20	0.05273844026354361	False
(25S)-5alpha-cholestan-3beta,6beta,15alpha,16beta,26-pentol	0.02005288694371703	single	1	AS_Female:20,FU_Male:20	0.052827028607985785	False
3beta-Hydroxy-chol-5-en-24-oic Acid	0.020177366545764453	single	1	AS_Female:20,FU_Male:20	0.053097178703582326	False
methyl 9-hydroperoxy-10,12,13,15-bisepidioxy-16E-octadecenoate	0.02021352548004807	single	1	AS_Female:20,FU_Male:20	0.05313457675048467	False
PC(20:1(11Z)/0:0)	0.020331515240189436	single	1	AS_Female:20,FU_Male:20	0.05338676615672302	False
Homogentisic acid	0.020562386019533547	single	1	AS_Female:20,FU_Male:20	0.05393449247377109	False
PI(14:0/22:1(11Z))	0.020712617487101743	single	1	AS_Female:20,FU_Male:20	0.05426974776652956	False
PC(13:0/0:0)	0.020946371788393408	single	1	AS_Female:20,FU_Male:20	0.05482288226994642	False
MG(22:2(13Z,16Z)/0:0/0:0)	0.021062602479705053	single	1	AS_Female:20,FU_Male:20	0.055067560046831464	False
PC(O-16:1(11Z)/0:0)	0.02109839475664152	single	1	AS_Female:20,FU_Male:20	0.05510163290812203	False
24-methylene-cholest-5-en-3beta,23S-diol	0.02115583516271897	single	1	AS_Female:20,FU_Male:20	0.055192108759636455	False
3-Methyl-3-butenyl apiosyl-(1->6)-glucoside	0.021228965361365502	single	1	AS_Female:20,FU_Male:20	0.055323277868531626	False
dXDP	0.02134352197329515	single	1	AS_Female:20,FU_Male:20	0.055562007201448986	False
13S-hydroxyoctadecadienoic acid	0.021560185360861704	single	1	AS_Female:20,FU_Male:20	0.05606574517577464	False
L-beta-aspartyl-L-glutamic acid	0.021681176355966662	single	1	AS_Female:20,FU_Male:20	0.05627814508543144	False
Benzaldehyde	0.02170787857032883	single	1	AS_Female:20,FU_Male:20	0.05627814508543144	False
PA(20:2(11Z,14Z)/0:0)	0.021718009427901613	single	1	AS_Female:20,FU_Male:20	0.05627814508543144	False
Neoacrimarine E	0.021740153865806012	single	1	AS_Female:20,FU_Male:20	0.05627814508543144	False
SM(d18:2/15:0)	0.02175809326723	single	1	AS_Female:20,FU_Male:20	0.05627814508543144	False
16-oxo-heptadecanoic acid	0.021790015900910346	single	1	AS_Female:20,FU_Male:20	0.05629439573874826	False
Neurosporaxanthin beta-D-glucopyranoside	0.02181137636193021	single	1	AS_Female:20,FU_Male:20	0.05629439573874826	False
2H-Indol-2-one, 4-[2-(dipropylamino)ethyl]-1,3-dihydro-7-hydroxy- glucuronide	0.02183609767847096	single	1	AS_Female:20,FU_Male:20	0.05629439573874826	False
(3a,5b,7a,12a)-24-[(carboxymethyl)amino]-1,12-dihydroxy-24-oxocholan-3-yl-b-D-Glucopyranosiduronic acid	0.02185738620174447	single	1	AS_Female:20,FU_Male:20	0.05629439573874826	False
PA(16:0/14:0)	0.021899287271441022	single	1	AS_Female:20,FU_Male:20	0.05634237458465326	False
5,7-Dihydroxyflavone 7-benzoate	0.0220495348698071	single	1	AS_Female:20,FU_Male:20	0.05663931030524963	False
4'-Desmethylpapaverine	0.022125407988736693	single	1	AS_Female:20,FU_Male:20	0.05663931030524963	False
2,6-Dimethyl-6-O-beta-D-quinovopyranosyl-7-octadecenoic acid	0.022128096176445046	single	1	AS_Female:20,FU_Male:20	0.05663931030524963	False
Olsalazine sulfate	0.022131644375792958	single	1	AS_Female:20,FU_Male:20	0.05663931030524963	False
3alpha,12alpha-Dihydroxy-15-oxo-5beta-chol-8(14)-en-24-oic Acid	0.022131675980489943	single	1	AS_Female:20,FU_Male:20	0.05663931030524963	False
5-Cholestene-3beta,7alpha,12alpha,24,25-pentol	0.022174647482245086	single	1	AS_Female:20,FU_Male:20	0.056667893827057336	False
2-Amino-1-methyl-6-phenylimidazo[4,5-b]pyridine	0.02218965854938057	single	1	AS_Female:20,FU_Male:20	0.056667893827057336	False
PC(O-18:2(9Z,12Z)/2:0)	0.02223229130435246	single	1	AS_Female:20,FU_Male:20	0.056671432921086985	False
PC(14:0/O-1:0)	0.022237860914924672	single	1	AS_Female:20,FU_Male:20	0.056671432921086985	False
Ornaline	0.022385851793267415	single	1	AS_Female:20,FU_Male:20	0.05698858800368077	False
14S-Methyl-1-octadecene	0.022485853060445416	single	1	AS_Female:20,FU_Male:20	0.05718303598669995	False
3beta,7alpha,12alpha-Trihydroxy-5alpha-cholestan-26-oic acid	0.022632589860511663	single	1	AS_Female:20,FU_Male:20	0.057495802783104656	False
3,4-Dihydroxymandelic acid	0.02266816625883047	single	1	AS_Female:20,FU_Male:20	0.057525818147409404	False
3,5,8,3'-Tetramethoxy-6,7:4',5'-bis(methylenedioxy)flavone	0.022795131644628586	single	1	AS_Female:20,FU_Male:20	0.05778744891271812	False
(1S,2S)-3-oxo-2-pentyl-cyclopentaneoctanoic acid	0.022982607567066368	single	1	AS_Female:20,FU_Male:20	0.05815420725981999	False
Triphenyl phosphate	0.022987846488082497	single	1	AS_Female:20,FU_Male:20	0.05815420725981999	False
Gliclazide	0.023075011535366556	single	1	AS_Female:20,FU_Male:20	0.05831378176108813	False
Choline	0.023164040232927185	single	1	AS_Female:20,FU_Male:20	0.05847772826268688	False
calcitetrol	0.0232037074990408	single	1	AS_Female:20,FU_Male:20	0.05851684984914351	False
DHEA sulfate	0.023234754620962726	single	1	AS_Female:20,FU_Male:20	0.05853417371212358	False
DG(16:0/20:4(5Z,8Z,11Z,14Z)/0:0)	0.02327075381148559	single	1	AS_Female:20,FU_Male:20	0.05856392409314616	False
Cer(d18:0/h24:0)	0.02353296674850851	single	1	AS_Female:20,FU_Male:20	0.05916231827428775	False
Ubiquinone Q1	0.02369623013201883	single	1	AS_Female:20,FU_Male:20	0.05951096799752862	False
3,7-Dimethyl-2E,6E-decadien-1,10-dioic acid	0.023736465680988608	single	1	AS_Female:20,FU_Male:20	0.05955024187945432	False
24-hydroxy-10Z-tetracosenoic acid	0.023800162306716218	single	1	AS_Female:20,FU_Male:20	0.05964823286186332	False
PI(20:4(5Z,8Z,11Z,14Z)/0:0)	0.02385876064939885	single	1	AS_Female:20,FU_Male:20	0.059693217372614495	False
Vinaginsenoside R14	0.02386742437698919	single	1	AS_Female:20,FU_Male:20	0.059693217372614495	False
SM(d18:2/16:0)	0.023912634488380193	single	1	AS_Female:20,FU_Male:20	0.05974456975889417	False
Chenodeoxycholic acid	0.02404048687050153	aggregate	2	AS_Female:20,FU_Male:20	0.060002081147921854	False
PC(0:0/16:0)	0.02408047250252639	single	1	AS_Female:20,FU_Male:20	0.060039983448626565	False
PS(O-20:0/14:0)	0.024177890029309514	single	1	AS_Female:20,FU_Male:20	0.060220855721150546	False
(22E)-3alpha,7alpha-Dihydroxy-5beta-chol-22-en-24-oic Acid	0.024258645854981376	single	1	AS_Female:20,FU_Male:20	0.0603598988847995	False
5alpha-androstane-3alpha-ol-17-one sulfate	0.024357256271881095	single	1	AS_Female:20,FU_Male:20	0.060543036380106906	False
Secosterol-A	0.024586701172768597	single	1	AS_Female:20,FU_Male:20	0.06100412686699898	False
Cardanolide skeleton	0.02459315482122718	single	1	AS_Female:20,FU_Male:20	0.06100412686699898	False
5-Hydroxy-7,4'-dimethoxy-6,8-di-C-prenylflavanone 5-O-galactoside	0.02469330090139986	single	1	AS_Female:20,FU_Male:20	0.06118984798596628	False
L-Acetylcarnitine	0.024738629165672616	single	1	AS_Female:20,FU_Male:20	0.061239489989870555	False
Biliverdin IX	0.02478058411413212	single	1	AS_Female:20,FU_Male:20	0.061280688600933456	False
Nicotinamide N-oxide	0.024839004649190186	single	1	AS_Female:20,FU_Male:20	0.061362479852744324	False
23-methyl-5Z,9Z-tetracosadienoic acid	0.024946778195637984	single	1	AS_Female:20,FU_Male:20	0.06156590215253778	False
LysoPC(20:1(11Z))	0.025094973223376157	single	1	AS_Female:20,FU_Male:20	0.061828191823737395	False
3-O-alpha-L-rhamnopyranosyl-3-hydroxydecanoyl-3-hydroxydecanoic acid	0.025104135713644716	single	1	AS_Female:20,FU_Male:20	0.061828191823737395	False
Cer(d18:0/12:0)	0.02516114048655253	single	1	AS_Female:20,FU_Male:20	0.06190561089221918	False
15-HETE-Ala	0.02530424955465901	single	1	AS_Female:20,FU_Male:20	0.062194505758202505	False
19-oxo-eicosanoic acid	0.02541266240914287	single	1	AS_Female:20,FU_Male:20	0.062382565897421374	False
2-ISOPRENYL-3-HYDROXY-5-METHYL-a-PYRONE	0.025432297621129654	single	1	AS_Female:20,FU_Male:20	0.062382565897421374	False
Methyl 3,4-dihydroxy-5-prenylbenzoate 3-glucoside	0.02553837953219681	single	1	AS_Female:20,FU_Male:20	0.06257936927879401	False
PI(17:1(10Z)/0:0)	0.025567515545584164	single	1	AS_Female:20,FU_Male:20	0.0625874167197768	False
3-Sulfodeoxycholic acid	0.02560826381243847	single	1	AS_Female:20,FU_Male:20	0.06262384514132681	False
Cyanidin-3-(2'-acetylrutinoside)	0.02570898567952675	single	1	AS_Female:20,FU_Male:20	0.06271498141545778	False
Baliospermin	0.02572402891346381	single	1	AS_Female:20,FU_Male:20	0.06271498141545778	False
(20R)-24-Hydroxygeminivitamin D3	0.02573097628274791	single	1	AS_Female:20,FU_Male:20	0.06271498141545778	False
AGC	0.025749149742653875	single	1	AS_Female:20,FU_Male:20	0.06271498141545778	False
7-Methyl-1,4,5-naphthalenetriol 4-[xylosyl-(1->6)-glucoside]	0.025827049302562955	single	1	AS_Female:20,FU_Male:20	0.06284149383065821	False
SM(d18:1/15:0)	0.025853209442425775	single	1	AS_Female:20,FU_Male:20	0.06284198801216144	False
15-HETE-DA	0.02609296621575722	single	1	AS_Female:20,FU_Male:20	0.06336115467236533	False
VALSARTAN	0.02613230473425461	single	1	AS_Female:20,FU_Male:20	0.06339309595353748	False
2-methyl-16-heptadecenoic acid	0.026237235752380936	single	1	AS_Female:20,FU_Male:20	0.06358393168820245	False
(20R,22R)-20,22-dihydroxycholesterol	0.026340533954727133	single	1	AS_Female:20,FU_Male:20	0.06377043270439439	False
Isoferuloyl C1-glucuronide	0.026484374263228076	single	1	AS_Female:20,FU_Male:20	0.06405461547579937	False
Hexacosanedioic acid	0.026547640937419962	single	1	AS_Female:20,FU_Male:20	0.06408575062835582	False
L-Glutamine	0.026568161596647138	single	1	AS_Female:20,FU_Male:20	0.06408575062835582	False
Dichotellate A	0.026576659905356976	single	1	AS_Female:20,FU_Male:20	0.06408575062835582	False
PC(17:2(9Z,12Z)/0:0)	0.026857253373916895	single	1	AS_Female:20,FU_Male:20	0.0646979208141819	False
Methionyl-Cysteine	0.026975283145381675	single	1	AS_Female:20,FU_Male:20	0.06486576638679159	False
Oncobic acid	0.026980514973770808	single	1	AS_Female:20,FU_Male:20	0.06486576638679159	False
Axillarenic acid	0.02704530222521753	single	1	AS_Female:20,FU_Male:20	0.06494301144303043	False
2-Hydroxy-24-keto-octacosanolide	0.02706629431888381	single	1	AS_Female:20,FU_Male:20	0.06494301144303043	False
5-alpha-Dihydrotestosterone glucuronide	0.027392623787704826	single	1	AS_Female:20,FU_Male:20	0.06566093286141919	False
PE(18:2(9Z,12Z)/0:0)	0.027447177678628306	single	1	AS_Female:20,FU_Male:20	0.06568222151963961	False
2-thio-Acetyl MAGE	0.027455765459675874	single	1	AS_Female:20,FU_Male:20	0.06568222151963961	False
E,E-13-HpODE	0.027506044807869234	single	1	AS_Female:20,FU_Male:20	0.06573754637695105	False
Onocerin	0.02755183522999233	single	1	AS_Female:20,FU_Male:20	0.06578204446924205	False
3a,20b-Pregnanediol	0.027833482575787574	single	1	AS_Female:20,FU_Male:20	0.06638902592707557	False
Lividomycin B	0.02792564356493772	single	1	AS_Female:20,FU_Male:20	0.0664406849403628	False
16alpha,27-dihydroxycholesterol	0.027933684453535043	single	1	AS_Female:20,FU_Male:20	0.0664406849403628	False
14E-tricosenoic acid	0.027969064753578562	single	1	AS_Female:20,FU_Male:20	0.0664406849403628	False
1,5-Dibutyl methyl hydroxycitrate	0.027986867125389676	single	1	AS_Female:20,FU_Male:20	0.0664406849403628	False
3-keto palmitic acid	0.0279923579674391	single	1	AS_Female:20,FU_Male:20	0.0664406849403628	False
Ascorbyl stearate	0.028212821339247	single	1	AS_Female:20,FU_Male:20	0.06689837459580508	False
PC(17:1(10Z)/0:0)	0.02834788683819636	single	1	AS_Female:20,FU_Male:20	0.06715287087600136	False
1,2-Benzenediol, 4-[[4-(4-fluorophenyl)-3-piperidinyl]methoxy]-, (3S-trans)-	0.028376589632707498	single	1	AS_Female:20,FU_Male:20	0.0671551549372286	False
5alpha-Cholestane-3alpha,7alpha,12alpha,26-tetrol	0.028575994288910164	single	1	AS_Female:20,FU_Male:20	0.06756101774751123	False
3beta-hydroxy-4beta-methyl-5alpha-cholest-7-ene-4alpha-carboxylic acid	0.028692014935544446	single	1	AS_Female:20,FU_Male:20	0.06776913966727131	False
Calcitriol	0.02873387254336363	single	1	AS_Female:20,FU_Male:20	0.06780185714179664	False
REBAMIPIDE	0.028831295920294233	single	1	AS_Female:20,FU_Male:20	0.067965498951346	False
Scillirosidin	0.029090065044546125	single	1	AS_Female:20,FU_Male:20	0.06850880104362468	False
Daphnetoxin	0.029182819037718997	single	1	AS_Female:20,FU_Male:20	0.06866045178845256	False
SM(d17:1/17:0)	0.029530020650978667	single	1	AS_Female:20,FU_Male:20	0.06935200259355984	False
24,24-Difluoro-25-hydroxy-26,27-dimethylvitamin D3	0.029534041583626682	single	1	AS_Female:20,FU_Male:20	0.06935200259355984	False
Litcubine	0.02956678201268658	single	1	AS_Female:20,FU_Male:20	0.06936160780301764	False
PI-Cer(t20:0/26:0(2OH))	0.0296652652021174	single	1	AS_Female:20,FU_Male:20	0.06952527304387825	False
PC(O-16:0/1:0)	0.02974777659513608	single	1	AS_Female:20,FU_Male:20	0.06965122547081667	False
5beta-Cholestane-3alpha,7alpha,24,26-tetrol	0.029786272933302597	single	1	AS_Female:20,FU_Male:20	0.06967397755702956	False
Eicosanoyl-EA	0.029876811609051826	single	1	AS_Female:20,FU_Male:20	0.06981830203234987	False
cholest-5,24-dien-3beta-ol 3-O-beta-D-glucopyranoside	0.029959783679925637	single	1	AS_Female:20,FU_Male:20	0.06994468301745416	False
DIMETHOATE	0.030005430461820526	single	1	AS_Female:20,FU_Male:20	0.06998376411181839	False
PC(18:2(9Z,12Z)/20:5(5Z,8Z,11Z,14Z,17Z))	0.030061077315195042	single	1	AS_Female:20,FU_Male:20	0.07004607139565659	False
1alpha,25-Dihydroxy-21-(3-hydroxy-3-methylbutyl)vitamin D	0.030122942009344685	single	1	AS_Female:20,FU_Male:20	0.07012273327367642	False
PI(22:4(7Z,10Z,13Z,16Z)/0:0)	0.030300093534590993	single	1	AS_Female:20,FU_Male:20	0.07046736450263669	False
25-Cinnamoyl-vulgaroside	0.030640523142287324	single	1	AS_Female:20,FU_Male:20	0.07119069724326066	False
L-Leucine	0.03080632360566729	single	1	AS_Female:20,FU_Male:20	0.07150729573280969	False
4alpha-carboxy-5alpha-cholesta-8-en-3beta-ol	0.03130276992234233	single	1	AS_Female:20,FU_Male:20	0.07259004404405246	False
ACEPHATE	0.03142829557503066	single	1	AS_Female:20,FU_Male:20	0.07280541226183468	False
PC(16:0/0:0)[rac]	0.03145578737128421	single	1	AS_Female:20,FU_Male:20	0.07280541226183468	False
Spongipregnoloside B	0.03151846018887653	single	1	AS_Female:20,FU_Male:20	0.07288079476339072	False
Phosphoric acid	0.03157839323888926	single	1	AS_Female:20,FU_Male:20	0.07294970422838826	False
12R-HETrE	0.031692099306780186	single	1	AS_Female:20,FU_Male:20	0.07314258572136781	False
PGF2alpha methyl ether	0.031767073303224744	single	1	AS_Female:20,FU_Male:20	0.07323322511050066	False
24-norcholesterol	0.03179187095875101	single	1	AS_Female:20,FU_Male:20	0.07323322511050066	False
Scillaren A	0.0320443648242329	single	1	AS_Female:20,FU_Male:20	0.07374468368770709	False
(2S)-2'-Methoxykurarinone	0.03226165900593364	single	1	AS_Female:20,FU_Male:20	0.07409346367767121	False
Isopalmitic acid	0.03227881205768802	single	1	AS_Female:20,FU_Male:20	0.07409346367767121	False
Tributyrin	0.03228773406854322	single	1	AS_Female:20,FU_Male:20	0.07409346367767121	False
7,11-Bisdeacetylvaltrate 7-(3-methylpentanoate) 11-(3-hydroxy-3-methylbutanoate)	0.03277408007787605	single	1	AS_Female:20,FU_Male:20	0.07513830290581242	False
amifloxacin	0.03292046682431032	single	1	AS_Female:20,FU_Male:20	0.07540250726741275	False
9-HODE	0.033132340852174536	single	1	AS_Female:20,FU_Male:20	0.07577944181948448	False
octyl octanoate	0.03314763688014625	single	1	AS_Female:20,FU_Male:20	0.07577944181948448	False
25-Hydroxy-6,19-dihydro-6,19-ethanovitamin D3	0.033179364883995796	single	1	AS_Female:20,FU_Male:20	0.07578041734354134	False
Daphnoline	0.0332615800510839	single	1	AS_Female:20,FU_Male:20	0.07589659312316129	False
Cysteinyl-Histidine	0.033328530390009964	single	1	AS_Female:20,FU_Male:20	0.07597775148231084	False
Balsoxine	0.033374048835247985	single	1	AS_Female:20,FU_Male:20	0.07600994565393732	False
9S,10R-dihydroxy-stearic acid	0.033607755601428105	single	1	AS_Female:20,FU_Male:20	0.07646575781042494	False
AG-370	0.033637353187981237	single	1	AS_Female:20,FU_Male:20	0.07646575781042494	False
4,8,12-trimethyl-tridecanoic acid	0.0339467762763867	single	1	AS_Female:20,FU_Male:20	0.0770967592543454	False
Conicasterol D	0.03437965222545962	single	1	AS_Female:20,FU_Male:20	0.07799894188476049	False
N1,N10-Diferuloylspermidine	0.03440845515610252	single	1	AS_Female:20,FU_Male:20	0.07799894188476049	False
Valdecoxib	0.0344979319931229	single	1	AS_Female:20,FU_Male:20	0.07812861866730639	False
6-[5]-ladderane-1-hexanol	0.034621686253909836	single	1	AS_Female:20,FU_Male:20	0.07833560973898665	False
Phenylalanyl-Tryptophan	0.03471922967249557	single	1	AS_Female:20,FU_Male:20	0.07848296455379251	False
Azelaic acid	0.034924219657960755	aggregate	2	AS_Female:20,FU_Male:20	0.07863519946906514	False
hesperetin 3'-O-sulfate	0.03493135509114171	single	1	AS_Female:20,FU_Male:20	0.07863519946906514	False
Artelastochromene	0.03495112434743734	single	1	AS_Female:20,FU_Male:20	0.07863519946906514	False
Norfloxacin	0.03498700765426382	single	1	AS_Female:20,FU_Male:20	0.07863519946906514	False
Anguvetin	0.03499919294262697	single	1	AS_Female:20,FU_Male:20	0.07863519946906514	False
6Z,9Z,12Z,15Z,18Z-tetracosapentaenoic acid	0.03500242196138706	single	1	AS_Female:20,FU_Male:20	0.07863519946906514	False
Hydrocortisone succinate	0.035013938466605624	single	1	AS_Female:20,FU_Male:20	0.07863519946906514	False
Cer(d18:1/16:0)	0.03532840669784207	single	1	AS_Female:20,FU_Male:20	0.07920827976220572	False
THA	0.03538900234530309	single	1	AS_Female:20,FU_Male:20	0.07920827976220572	False
L-proline	0.035390748534881444	single	1	AS_Female:20,FU_Male:20	0.07920827976220572	False
Thiobenzamide S,S-dioxide	0.03539998294205146	single	1	AS_Female:20,FU_Male:20	0.07920827976220572	False
Secaloside A	0.03549112442485969	single	1	AS_Female:20,FU_Male:20	0.07933888479463094	False
LysoPC(18:2(9Z,12Z))	0.03559551800065798	single	1	AS_Female:20,FU_Male:20	0.07940780596546432	False
Theasapogenol A	0.03561849100242785	single	1	AS_Female:20,FU_Male:20	0.07940780596546432	False
D-Urobilin	0.035625979471235886	single	1	AS_Female:20,FU_Male:20	0.07940780596546432	False
PC(O-16:0/2:0)	0.03565315369040054	single	1	AS_Female:20,FU_Male:20	0.07940780596546432	False
6-dehydrotestosterone 17-glucosiduronic acid	0.035773525897159326	single	1	AS_Female:20,FU_Male:20	0.07960267113696942	False
11-deoxy-PGF1b	0.035995236055246495	single	1	AS_Female:20,FU_Male:20	0.08002246693273807	False
Bilobalide	0.03608286002723326	single	1	AS_Female:20,FU_Male:20	0.0801436735100291	False
PC(4:0/4:0)	0.036387478448855114	single	1	AS_Female:20,FU_Male:20	0.08069472017424498	False
DG(14:1(9Z)/14:1(9Z)/0:0)	0.036427896790770325	single	1	AS_Female:20,FU_Male:20	0.08069472017424498	False
Dysideapalaunic acid	0.03643094966974381	single	1	AS_Female:20,FU_Male:20	0.08069472017424498	False
Epoxomicin	0.0365942242382527	single	1	AS_Female:20,FU_Male:20	0.08098228234077677	False
4,2'-Dihydroxy-4',6'-dimethoxychalcone 4-glucoside	0.036688593527536104	single	1	AS_Female:20,FU_Male:20	0.081062232878026	False
PA(21:0/0:0)	0.0366973181471774	single	1	AS_Female:20,FU_Male:20	0.081062232878026	False
Prostratol F	0.036804414106031934	single	1	AS_Female:20,FU_Male:20	0.08122469147739592	False
18-hydroxy-9R,10S-epoxy-stearic acid	0.03702805799617115	single	1	AS_Female:20,FU_Male:20	0.08164383279483638	False
16,16-dimethyl-PGA1	0.037267973908914294	single	1	AS_Female:20,FU_Male:20	0.08209805717332257	False
LysoPC(P-18:1(9Z))	0.037441531563046714	single	1	AS_Female:20,FU_Male:20	0.08240540719466917	False
Adenylylsulfate	0.03764518523525574	single	1	AS_Female:20,FU_Male:20	0.0827783773429193	False
LysoPC(18:1(9Z))	0.037826081886816486	single	1	AS_Female:20,FU_Male:20	0.08310067536114583	False
PE(O-18:1(9Z)/0:0)	0.03811874077464405	single	1	AS_Female:20,FU_Male:20	0.0835949084750717	False
S-aminomethyldihydrolipoamide	0.038120106962610145	single	1	AS_Female:20,FU_Male:20	0.0835949084750717	False
Herbacetin 7,4'-dimethyl ether 8-acetate	0.03825429545991745	single	1	AS_Female:20,FU_Male:20	0.08381325729272411	False
(9R,10S)-rel-(-)-9,10-bis(Acetyloxy)-9,10-dihydro-5-methoxy-8,8-dimethyl-2-phenyl-4H,8H-benzo[1,2-b:3,4-b']dipyran-4-one	0.03838197346368866	single	1	AS_Female:20,FU_Male:20	0.08401134801722758	False
PA(P-20:0/22:4(7Z,10Z,13Z,16Z))	0.03841411080341633	single	1	AS_Female:20,FU_Male:20	0.08401134801722758	False
2,4,7-tridecatrienal	0.03858974685646143	single	1	AS_Female:20,FU_Male:20	0.08429082366862548	False
5alpha-Cholanoic acid	0.03861153384903166	single	1	AS_Female:20,FU_Male:20	0.08429082366862548	False
MG(0:0/22:1(13Z)/0:0)	0.03894615535733764	single	1	AS_Female:20,FU_Male:20	0.08494472263073372	False
5beta-cholest-24-ene-3alpha,7alpha-diol	0.039060234449630915	single	1	AS_Female:20,FU_Male:20	0.0851168565279536	False
Sodium deoxycholate	0.03952560718360503	single	1	AS_Female:20,FU_Male:20	0.08605350269020483	False
Polidocanol	0.03957008824764383	single	1	AS_Female:20,FU_Male:20	0.08607294128261071	False
PC(O-18:1(11Z)/0:0)	0.039629352419746425	single	1	AS_Female:20,FU_Male:20	0.08612447235925144	False
PE(P-16:0/0:0)	0.03995393724636954	single	1	AS_Female:20,FU_Male:20	0.08675200185960596	False
Farnesol	0.04034619208045614	single	1	AS_Female:20,FU_Male:20	0.08752520701324759	False
Traumatic acid	0.04044240695029203	single	1	AS_Female:20,FU_Male:20	0.08765265152244289	False
12-Methyltetradecyl acetate	0.04049363469912154	single	1	AS_Female:20,FU_Male:20	0.08765265152244289	False
Tragopogonsaponin A	0.04051355516464833	single	1	AS_Female:20,FU_Male:20	0.08765265152244289	False
PC(16:0/O-1:0)	0.040997898394375266	single	1	AS_Female:20,FU_Male:20	0.08862135001141297	False
Sorbitol	0.04110267831895923	single	1	AS_Female:20,FU_Male:20	0.08876858537930446	False
4E,6E,10Z-Hexadecatrien-1-ol	0.041184560016554135	single	1	AS_Female:20,FU_Male:20	0.088806829357022	False
Meropenem	0.04121893788830726	single	1	AS_Female:20,FU_Male:20	0.088806829357022	False
3alpha,7alpha,12alpha-trihydroxy-5beta-cholestan-26-al	0.04123195526618034	single	1	AS_Female:20,FU_Male:20	0.088806829357022	False
Ammonium peroxydisulfate	0.04126711401348606	single	1	AS_Female:20,FU_Male:20	0.088806829357022	False
gamma- 12(13)-EpODE	0.04135044809630636	single	1	AS_Female:20,FU_Male:20	0.0889071357381507	False
Taurolithocholic acid 3-glucuronide	0.04144417926883997	single	1	AS_Female:20,FU_Male:20	0.08900723827240807	False
25-acetoxy-ergosta-3beta,5alpha,6beta-triol	0.04147053480845778	single	1	AS_Female:20,FU_Male:20	0.08900723827240807	False
11R-HpOME	0.04161469066557067	single	1	AS_Female:20,FU_Male:20	0.08918505381129763	False
Tacrolimus	0.041656595474499444	single	1	AS_Female:20,FU_Male:20	0.08918505381129763	False
PS(18:0/22:6(4Z,7Z,10Z,13Z,16Z,19Z))	0.04166389750540175	single	1	AS_Female:20,FU_Male:20	0.08918505381129763	False
2,3,23-Triacetylsericic acid	0.041702180359211374	single	1	AS_Female:20,FU_Male:20	0.08918814368343704	False
Pentadecan-2-one	0.04198594688002891	single	1	AS_Female:20,FU_Male:20	0.08971577881425419	False
7-Carboxynalidixic acid	0.04215339876997366	single	1	AS_Female:20,FU_Male:20	0.08999416086605488	False
Pantothenic acid	0.04233330641225086	aggregate	2	AS_Female:20,FU_Male:20	0.09029862099036065	False
Norselic acid B	0.042422969229062496	single	1	AS_Female:20,FU_Male:20	0.09041021875313407	False
Xeniasterol-b	0.0427622674895277	single	1	AS_Female:20,FU_Male:20	0.09105316586820279	False
Tinidazole	0.04296516331614727	single	1	AS_Female:20,FU_Male:20	0.09140479823233087	False
3alpha,12alpha-Dihydroxy-5beta-cholest-24-en-26-oic acid	0.043336042425177836	single	1	AS_Female:20,FU_Male:20	0.09196296004229376	False
Avermectin B2a aglycone	0.04334483598959816	single	1	AS_Female:20,FU_Male:20	0.09196296004229376	False
3beta,5alpha,9alpha-trihydroxycholest-7-en-6-one	0.04335557218945021	single	1	AS_Female:20,FU_Male:20	0.09196296004229376	False
Corchoroside A	0.043401494025721424	single	1	AS_Female:20,FU_Male:20	0.09196296004229376	False
Methionyl-Methionine	0.04341745697164055	single	1	AS_Female:20,FU_Male:20	0.09196296004229376	False
BAY-41-8543	0.04349905695188816	single	1	AS_Female:20,FU_Male:20	0.09205525951094513	False
Xanthosine	0.04360055556694487	aggregate	2	AS_Female:20,FU_Male:20	0.09218947163980222	False
17:1(4)(16Me)	0.04369485511970559	single	1	AS_Female:20,FU_Male:20	0.09230824105131522	False
Phellodensin F	0.04385040890343496	single	1	AS_Female:20,FU_Male:20	0.09255609411963038	False
Ximenic acid	0.04450920049925089	single	1	AS_Female:20,FU_Male:20	0.09378740407566515	False
DMXB-A	0.04451124629613352	single	1	AS_Female:20,FU_Male:20	0.09378740407566515	False
4-Methylene-L-glutamate	0.045088895114839905	single	1	AS_Female:20,FU_Male:20	0.09492192615045861	False
1-(14-methyl-pentadecanoyl)-2-(8-[3]-ladderane-octanyl)-sn-glycerol	0.04512999026089229	single	1	AS_Female:20,FU_Male:20	0.09492589610914008	False
2S-hydroxyadipic acid	0.04522120013103524	single	1	AS_Female:20,FU_Male:20	0.09503517840037876	False
Lyciumin C	0.04556608296115565	single	1	AS_Female:20,FU_Male:20	0.09567691834254798	False
14-O-(alpha-L-rhamnopyranosyl)-7S,14R-dihydroxy-7,9,13,17-tetramethyl-2E,4E,8E,10E,12E,16E-octadecahexaenoic acid	0.045697131200293756	single	1	AS_Female:20,FU_Male:20	0.09586893815936845	False
16,16-dimethyl-PGE1	0.04619313235102507	single	1	AS_Female:20,FU_Male:20	0.09682560469422656	False
20S-Hydroxycholestane-3,16-dione	0.04635341462972614	single	1	AS_Female:20,FU_Male:20	0.09707752319945241	False
N-[(3a,5b,7a,12a)-3,12-dihydroxy-24-oxo-7-(sulfoxy)cholan-24-yl]-Glycine	0.04661195720108465	single	1	AS_Female:20,FU_Male:20	0.09753461398774929	False
4Z,7Z,10Z,13Z,16Z,19Z,22Z,25Z-octacosaoctaenoic acid	0.046752870184176176	single	1	AS_Female:20,FU_Male:20	0.0977224057160578	False
p-Cresol	0.04678243214577075	single	1	AS_Female:20,FU_Male:20	0.0977224057160578	False
C22 Sulfatide	0.04704366533951268	single	1	AS_Female:20,FU_Male:20	0.09816024558980187	False
3-Deoxyvitamin D3	0.047073128925964464	single	1	AS_Female:20,FU_Male:20	0.09816024558980187	False
4,7,10-hexadecatrienoic acid	0.04753353434639424	single	1	AS_Female:20,FU_Male:20	0.09903501433099866	False
(4OH,8Z,t18:1) sphingosine	0.047710176785070245	single	1	AS_Female:20,FU_Male:20	0.09931757351389085	False
(4E,8E,9Me-d19:2)sphingosine	0.0483088326132378	single	1	AS_Female:20,FU_Male:20	0.10046647499834344	False
Theonellasterol H	0.04834508193848414	single	1	AS_Female:20,FU_Male:20	0.10046647499834344	False
ergosta-3beta,5alpha,6beta,25-tetrol	0.04841374028228591	single	1	AS_Female:20,FU_Male:20	0.1005228689737686	False
3alpha-Hydroxy-5beta-chol-7-en-24-oic Acid	0.04848600212473656	single	1	AS_Female:20,FU_Male:20	0.10058664194000617	False
Hydroxypropyl cellulose	0.0486944591132254	single	1	AS_Female:20,FU_Male:20	0.10093260745986189	False
12R,13S-epoxy-9S-hydroxy-10E-octadecenoic acid	0.048757006116477875	single	1	AS_Female:20,FU_Male:20	0.1009758013755286	False
N-oleoyl phenylalanine	0.04894974494477219	single	1	AS_Female:20,FU_Male:20	0.10128831838572092	False
Neryl rhamnosyl-glucoside	0.04916671213007658	single	1	AS_Female:20,FU_Male:20	0.10165039288378772	False
TG(8:0/8:0/8:0)	0.04932186429057981	single	1	AS_Female:20,FU_Male:20	0.10188415823164992	False
Alisol C	0.04949086826621738	single	1	AS_Female:20,FU_Male:20	0.10208745776135342	False
1beta,3alpha-Dihydroxy-5beta-cholan-24-oic Acid	0.04951703797246709	single	1	AS_Female:20,FU_Male:20	0.10208745776135342	False
(24R)-1alpha,24,25-trihydroxyvitamin D2	0.049546783506646125	single	1	AS_Female:20,FU_Male:20	0.10208745776135342	False
8-tridecynoic acid	0.049641682164392076	single	1	AS_Female:20,FU_Male:20	0.10219601404761329	False
Magnesium protoporphyrin monomethyl ester	0.050123187983794414	single	1	AS_Female:20,FU_Male:20	0.10309960756904527	False
7-Hydroxyrisperidone	0.05083105654998871	single	1	AS_Female:20,FU_Male:20	0.10446688277378834	False
Cincassiol B	0.050972319775827314	single	1	AS_Female:20,FU_Male:20	0.10466835129540113	False
3alpha,7alpha,12alpha-Trihydroxy-5alpha-cholan-24-al	0.051443181626975934	single	1	AS_Female:20,FU_Male:20	0.10554571416856673	False
Progeldanamycin	0.05180441387081491	single	1	AS_Female:20,FU_Male:20	0.1061795349867029	False
5-Cholestene-3beta,7alpha,12alpha,25,26-pentol	0.05185023008445191	single	1	AS_Female:20,FU_Male:20	0.1061795349867029	False
SM(d18:1/24:1(15Z))	0.05188368025166028	single	1	AS_Female:20,FU_Male:20	0.1061795349867029	False
Ergothioneine	0.05210250720142443	single	1	AS_Female:20,FU_Male:20	0.10653730568804776	False
PG(16:1(9Z)/0:0)	0.05240147203533346	single	1	AS_Female:20,FU_Male:20	0.10705819729750407	False
Theonellasterol G	0.05277828111295251	single	1	AS_Female:20,FU_Male:20	0.10773711515552953	False
4-Hydroxydebrisoquine	0.053440508987291864	single	1	AS_Female:20,FU_Male:20	0.10899702801873092	False
Cinncassiol A	0.053506699769287173	single	1	AS_Female:20,FU_Male:20	0.10903119409353615	False
Tsangane L 3-glucoside	0.053547331589101396	single	1	AS_Female:20,FU_Male:20	0.10903119409353615	False
Benzhydrol	0.05371227857339401	single	1	AS_Female:20,FU_Male:20	0.10920176851332233	False
Gymnodimine	0.05372131610878435	single	1	AS_Female:20,FU_Male:20	0.10920176851332233	False
3-Methyloxindole	0.05384709728636902	single	1	AS_Female:20,FU_Male:20	0.10936562292810353	False
5alpha-ergost-22E-en-3alpha,12alpha,16alpha-triol	0.05419677689354798	single	1	AS_Female:20,FU_Male:20	0.10998356819721682	False
PROPARGITE	0.05449456082265853	single	1	AS_Female:20,FU_Male:20	0.11049525272333023	False
Azaleatin 3-glucoside	0.05522091291615518	single	1	AS_Female:20,FU_Male:20	0.1116323579138256	False
10-oxo-nonadecanoic acid	0.05522244898354507	single	1	AS_Female:20,FU_Male:20	0.1116323579138256	False
DG(21:0/22:2(13Z,16Z)/0:0)[iso2]	0.05523030676815357	single	1	AS_Female:20,FU_Male:20	0.1116323579138256	False
N-HYDROXYMETHYLNICOTINAMIDE	0.05526282093517466	single	1	AS_Female:20,FU_Male:20	0.1116323579138256	False
PC(15:1(9Z)/0:0)	0.05528591372931718	single	1	AS_Female:20,FU_Male:20	0.1116323579138256	False
2-methyl-32,35-anhydrobacteriohopanetetrol	0.05553029582515138	single	1	AS_Female:20,FU_Male:20	0.11194020665116068	False
Ro 31-7549	0.0555308501396299	single	1	AS_Female:20,FU_Male:20	0.11194020665116068	False
LysoPC(20:4(5Z,8Z,11Z,14Z))	0.05576867644333721	single	1	AS_Female:20,FU_Male:20	0.11232609456682145	False
15(S)-15-methyl PGF2?? isopropyl ester	0.055880481205627996	single	1	AS_Female:20,FU_Male:20	0.11245772651606432	False
22S-hydroxysitosterol	0.056172198354108444	single	1	AS_Female:20,FU_Male:20	0.11285924778765376	False
PC(19:1(9Z)/0:0)	0.05617323155064964	single	1	AS_Female:20,FU_Male:20	0.11285924778765376	False
24S-hydroxy-cholesterol	0.05638770155463363	single	1	AS_Female:20,FU_Male:20	0.11305135648014909	False
9Z,11Z-octadecadienoic acid	0.05646974589587687	single	1	AS_Female:20,FU_Male:20	0.11305135648014909	False
PC(16:1(9Z)/0:0)	0.05649230826831938	single	1	AS_Female:20,FU_Male:20	0.11305135648014909	False
Tetrahydroaldosterone-3-glucuronide	0.05650138231244319	single	1	AS_Female:20,FU_Male:20	0.11305135648014909	False
Cucurbitacin I 2-glucoside	0.05653933936213889	single	1	AS_Female:20,FU_Male:20	0.11305135648014909	False
PI(12:0/13:0)	0.05654902631039263	single	1	AS_Female:20,FU_Male:20	0.11305135648014909	False
3-oxohexacosanoic acid	0.05710818564386565	single	1	AS_Female:20,FU_Male:20	0.11399513252812768	False
N-acetylsphingosine 1-phosphate	0.0571152811881945	single	1	AS_Female:20,FU_Male:20	0.11399513252812768	False
Glycerol triundecanoate	0.057318353713426834	single	1	AS_Female:20,FU_Male:20	0.11426543798943671	False
Edulisin I	0.05734510828466154	single	1	AS_Female:20,FU_Male:20	0.11426543798943671	False
(E)-hex-2-enedioic acid	0.05763771631834803	single	1	AS_Female:20,FU_Male:20	0.11475403882131625	False
Inosinic acid	0.058304077066245207	single	1	AS_Female:20,FU_Male:20	0.11598534969382057	False
PC(0:0/18:0)	0.058527990184062385	single	1	AS_Female:20,FU_Male:20	0.1163351923116708	False
pentadecanal	0.05919176597155309	single	1	AS_Female:20,FU_Male:20	0.11749569996348402	False
Blestriarene B	0.059208902914271166	single	1	AS_Female:20,FU_Male:20	0.11749569996348402	False
ISOBERGAPTENE	0.05978194199654963	single	1	AS_Female:20,FU_Male:20	0.11853569334450995	False
Macrophyllol A (flavone)	0.060330646938298066	single	1	AS_Female:20,FU_Male:20	0.11943766579493229	False
2,5-Dihydro-4,5-dimethyl-2-(1-methylpropyl)thiazole	0.060335508164891444	single	1	AS_Female:20,FU_Male:20	0.11943766579493229	False
Antheraxanthin	0.06141097183823806	single	1	AS_Female:20,FU_Male:20	0.12146728988592675	False
3-heptynoic acid	0.061838775675398715	single	1	AS_Female:20,FU_Male:20	0.12211487649568456	False
OLEANDRIN	0.06183925592057384	single	1	AS_Female:20,FU_Male:20	0.12211487649568456	False
PS(20:3(8Z,11Z,14Z)/22:6(4Z,7Z,10Z,13Z,16Z,19Z))	0.06227074031519652	single	1	AS_Female:20,FU_Male:20	0.12286671744343176	False
LY294002	0.06237947885645856	single	1	AS_Female:20,FU_Male:20	0.12298104097026562	False
Rosoxacin	0.0631704926507899	single	1	AS_Female:20,FU_Male:20	0.1244391885334112	False
Chenodeoxycholic acid 3-sulfate	0.06336126766755022	single	1	AS_Female:20,FU_Male:20	0.12471351953100737	False
Scopolamine	0.06348685976963775	single	1	AS_Female:20,FU_Male:20	0.12485920999373923	False
22-Acetylpriverogenin B	0.06358516521318826	single	1	AS_Female:20,FU_Male:20	0.12495104300416296	False
N-palmitoyl proline	0.06393777098239195	single	1	AS_Female:20,FU_Male:20	0.12544828432652502	False
Castamollissin	0.06394183513380085	single	1	AS_Female:20,FU_Male:20	0.12544828432652502	False
Orotidine, 5'-phosphate (OMP)	0.06407295861536123	single	1	AS_Female:20,FU_Male:20	0.12560375126136805	False
2-(8-[3]-ladderane-octanyl)-sn-glycerol	0.06457716931349164	single	1	AS_Female:20,FU_Male:20	0.12648974668929067	False
Pandaroside B	0.06483087819020499	single	1	AS_Female:20,FU_Male:20	0.12688403888317404	False
6,8-Di-C-arabionopyranosylluteolin	0.06495338327995645	single	1	AS_Female:20,FU_Male:20	0.12702111544489061	False
Methionine sulfoxide	0.0650925742992422	single	1	AS_Female:20,FU_Male:20	0.1271905749624418	False
(2R)-O-Phospho-3-sulfolactate	0.06525154274533257	single	1	AS_Female:20,FU_Male:20	0.1273983749890727	False
methyl 9-butylperoxy-10,12-octadecadienoate	0.06536888897151767	single	1	AS_Female:20,FU_Male:20	0.12746228792726189	False
4-amino-pentanoic acid	0.06538957521919012	single	1	AS_Female:20,FU_Male:20	0.12746228792726189	False
7-oxo-8-amino-nonanoic acid	0.06558632027243044	single	1	AS_Female:20,FU_Male:20	0.1276494519350668	False
20-HEDE	0.06559104428220698	single	1	AS_Female:20,FU_Male:20	0.1276494519350668	False
Apigenin 7,4'-diglucuronide	0.06578178092059948	single	1	AS_Female:20,FU_Male:20	0.1279178245853585	False
(20S)-1alpha,20,25-trihydroxy-24-norvitamin D3/(20S)-1alpha,20,25-trihydroxy-24-norcholecalciferol	0.06589091190444894	single	1	AS_Female:20,FU_Male:20	0.12802720523328323	False
tetracosatetraenoic acid n-6	0.0661401847681638	single	1	AS_Female:20,FU_Male:20	0.128365414417134	False
Tetrahydrocorticosterone	0.06617101907996002	single	1	AS_Female:20,FU_Male:20	0.128365414417134	False
PC(7:0/O-8:0)	0.06634831120958037	single	1	AS_Female:20,FU_Male:20	0.12860629418606412	False
Siphonaxanthin ester/ Siphonaxanthin dodecenoate/ (Siphonein)	0.06713034699495875	single	1	AS_Female:20,FU_Male:20	0.12999519544116558	False
Luricularic acid	0.06717223853651307	single	1	AS_Female:20,FU_Male:20	0.12999519544116558	False
2-Hydroxy-4-methoxyacetophenone 5-sulfate	0.06723740246760727	single	1	AS_Female:20,FU_Male:20	0.1300173733019786	False
oleanolic acid 3-O-beta-D-glucosiduronic acid	0.06783938351025173	single	1	AS_Female:20,FU_Male:20	0.13107673382148402	False
Cortolone-3-glucuronide	0.06810003128631961	single	1	AS_Female:20,FU_Male:20	0.131415142324791	False
7,10-hexadecadiynoic acid	0.06812309112664713	single	1	AS_Female:20,FU_Male:20	0.131415142324791	False
Annolobine	0.06829676134039604	single	1	AS_Female:20,FU_Male:20	0.1316403333575585	False
1-(9Z-octadecenoyl)-2-(5Z,8Z,11Z,14Z-eicosatetraenoyl)-3-O-alpha-D-glucuronyl-sn-glycerol	0.06834857456854648	single	1	AS_Female:20,FU_Male:20	0.1316403333575585	False
b-D-Glucopyranosiduronic acid, 4-[[4-(4-fluorophenyl)-3-piperidinyl]methoxy]-2-methoxyphenyl, (3S-tr	0.06867705496634638	single	1	AS_Female:20,FU_Male:20	0.13216784584540905	False
Idebenone Metabolite (Benzenebutanoic acid, 2-hydroxy-3,4-dimethoxy-6-methyl-5-(sulfooxy)-)	0.06878196638196626	single	1	AS_Female:20,FU_Male:20	0.13226460731591763	False
Haemocorin	0.06902859272283597	single	1	AS_Female:20,FU_Male:20	0.13259932104820224	False
9,10-Epoxyoctadecenoic acid	0.06906556953398721	single	1	AS_Female:20,FU_Male:20	0.13259932104820224	False
PG(15:0/0:0)	0.06958232245102297	single	1	AS_Female:20,FU_Male:20	0.13348558054986262	False
Docosahexaenoic acid	0.06982665414100665	aggregate	2	AS_Female:20,FU_Male:20	0.133819768985658	False
PC(16:1(9E)/0:0)	0.06986707476161574	single	1	AS_Female:20,FU_Male:20	0.133819768985658	False
Anserine	0.06997521419303356	single	1	AS_Female:20,FU_Male:20	0.13392094352674644	False
Catechin 4'-methyl ether	0.07010498763576677	single	1	AS_Female:20,FU_Male:20	0.1339862511932484	False
Docosanedioic acid	0.0702006052976418	single	1	AS_Female:20,FU_Male:20	0.1339862511932484	False
17-Methyl-18-norandrosta-4,13(17)-dien-3-one	0.07022103259777204	single	1	AS_Female:20,FU_Male:20	0.1339862511932484	False
Dimethipin	0.07023071159200009	single	1	AS_Female:20,FU_Male:20	0.1339862511932484	False
PI(O-16:0/16:0)	0.07062365881130492	single	1	AS_Female:20,FU_Male:20	0.13460774151809196	False
PE(20:2(11Z,14Z)/0:0)	0.07066767429553691	single	1	AS_Female:20,FU_Male:20	0.13460774151809196	False
Maclurin	0.07161560720288176	single	1	AS_Female:20,FU_Male:20	0.13630612031303205	False
6-isopentyl-9-methyl-5-decenoic acid	0.07232267150021114	single	1	AS_Female:20,FU_Male:20	0.13754374524902682	False
cimigenol	0.07264814682615983	single	1	AS_Female:20,FU_Male:20	0.1380542884349552	False
N-(4-acetamidophenyl)-Indomethacin amide	0.07333601227054935	single	1	AS_Female:20,FU_Male:20	0.139252145652549	False
Borreline	0.07377951335161044	single	1	AS_Female:20,FU_Male:20	0.13998448418828283	False
26-hydroxycholesterol 3-sulfate	0.0740952331949362	single	1	AS_Female:20,FU_Male:20	0.1404734217423184	False
Propionylcarnitine	0.07458451415132948	single	1	AS_Female:20,FU_Male:20	0.14129038244160302	False
Lyciumoside VII	0.07501263847872486	single	1	AS_Female:20,FU_Male:20	0.1419903031720038	False
3alpha,4beta-dihydroxy-5beta-cholan-24-oic Acid	0.07516468243589307	single	1	AS_Female:20,FU_Male:20	0.14216695013851338	False
14-O-(alpha-D-glucopyranosyl)-7S,14S-dihydroxy-7,9,13,17-tetramethyl-2E,4E,8E,10E,12E,16E-octadecahexaenoic acid	0.07556953837362605	single	1	AS_Female:20,FU_Male:20	0.14255682360872232	False
b-D-Glucopyranosiduronic acid, (3a,5b)-17-oxoestran-3-yl	0.07556989338564567	single	1	AS_Female:20,FU_Male:20	0.14255682360872232	False
(E,E)-3,7,11-Trimethyl-2,6,10-dodecatrienyl decanoate	0.07558235085208179	single	1	AS_Female:20,FU_Male:20	0.14255682360872232	False
10-hydroxy-2E,8E-Decadiene-4,6-diynoic acid	0.07560634511094567	single	1	AS_Female:20,FU_Male:20	0.14255682360872232	False
Isosorbide 5-mononitrate glucuronide	0.07638550278130851	single	1	AS_Female:20,FU_Male:20	0.1439138538782474	False
Coenzyme Q4	0.07649850973483428	single	1	AS_Female:20,FU_Male:20	0.1440146905661227	False
Cryptocapsin	0.07669428559798026	single	1	AS_Female:20,FU_Male:20	0.14419594777919048	False
Homophytanic acid	0.07671391191226656	single	1	AS_Female:20,FU_Male:20	0.14419594777919048	False
Ribavirin 5'-diphosphate	0.07689314258026801	single	1	AS_Female:20,FU_Male:20	0.1444207123249254	False
PS(21:0/0:0)	0.07696551279347788	single	1	AS_Female:20,FU_Male:20	0.14444457866124802	False
Alchorneine	0.07773215285845761	single	1	AS_Female:20,FU_Male:20	0.14577036566252974	False
Didrovaltratum	0.07802861888596582	single	1	AS_Female:20,FU_Male:20	0.1461457292419628	False
3alpha,7alpha,12alpha-Trihydroxy-24-methyl-5beta-cholest-23-en-26-oic acid	0.07805371914372668	single	1	AS_Female:20,FU_Male:20	0.1461457292419628	False
11Z-heptadecen-1-ol	0.07811341331643944	single	1	AS_Female:20,FU_Male:20	0.1461457292419628	False
24-vinyloxy-cholest-5,23Z-dien-3beta-ol	0.07829163380641567	single	1	AS_Female:20,FU_Male:20	0.1463660582589439	False
Firocoxib	0.07854845349044795	single	1	AS_Female:20,FU_Male:20	0.14673287492312848	False
SM(d18:2/24:1)	0.07905302521044053	single	1	AS_Female:20,FU_Male:20	0.14756158368116923	False
2-oxo-heneicosanoic acid	0.07979501794785752	single	1	AS_Female:20,FU_Male:20	0.14883184780567263	False
20-oxo-heneicosanoic acid	0.07992155468515755	single	1	AS_Female:20,FU_Male:20	0.148953105383192	False
DG(12:0/17:2(9Z,12Z)/0:0)[iso2]	0.08008715274711237	single	1	AS_Female:20,FU_Male:20	0.14914692061596851	False
N-(3-oxododecanoyl) homoserine lactone	0.08051067663122641	single	1	AS_Female:20,FU_Male:20	0.14982040593712462	False
1-Heptadecene	0.08101323272190555	single	1	AS_Female:20,FU_Male:20	0.15063981291838197	False
(23S)-3alpha,7alpha,23-Trihydroxy-5beta-cholan-24-oic Acid	0.08141864180614249	single	1	AS_Female:20,FU_Male:20	0.1512579143632009	False
Antiarone J	0.08155361891473085	single	1	AS_Female:20,FU_Male:20	0.1512579143632009	False
Glucose	0.0815546500718643	single	1	AS_Female:20,FU_Male:20	0.1512579143632009	False
Cer(d18:2/16:0)	0.08159555396874861	single	1	AS_Female:20,FU_Male:20	0.1512579143632009	False
Farfugin A	0.08223375490804644	single	1	AS_Female:20,FU_Male:20	0.15232434631398653	False
7-Hydroxypipotiazine glucuronide	0.08234691036944658	single	1	AS_Female:20,FU_Male:20	0.15240917567424875	False
Penicilloic acid V	0.08240545681850128	single	1	AS_Female:20,FU_Male:20	0.15240917567424875	False
N-Acetylornithine	0.08251783729920896	single	1	AS_Female:20,FU_Male:20	0.15250052221479765	False
PI(16:1(9Z)/18:1(11Z))	0.08268718634128144	single	1	AS_Female:20,FU_Male:20	0.1526969322137623	False
MG(0:0/22:2(13Z,16Z)/0:0)	0.08437161578527598	single	1	AS_Female:20,FU_Male:20	0.15568878187206794	False
N-(5-hydroxypentyl)-D-Glucuronide	0.08500116582205887	single	1	AS_Female:20,FU_Male:20	0.15673101481736826	False
Dinoseb	0.0850847292245341	single	1	AS_Female:20,FU_Male:20	0.1567656997356142	False
12-hydroxy-9-octadecynoic acid	0.08540259304023903	single	1	AS_Female:20,FU_Male:20	0.15723169410678228	False
Glycerophosphocholine	0.08566810537759464	single	1	AS_Female:20,FU_Male:20	0.15757329938433876	False
Kaempferol 3-rhamnoside-7-galacturonide	0.0857973346883106	single	1	AS_Female:20,FU_Male:20	0.15757329938433876	False
Kaempferol 3-glucuronide	0.08583797979648596	single	1	AS_Female:20,FU_Male:20	0.15757329938433876	False
Protoporphyrinogen IX	0.08584848487729979	single	1	AS_Female:20,FU_Male:20	0.15757329938433876	False
(1R,2R)-3-oxo-2-pentyl-cyclopentanehexanoic acid	0.08602984728665208	single	1	AS_Female:20,FU_Male:20	0.15778656081892778	False
Sudan Red 7B	0.086255877643948	single	1	AS_Female:20,FU_Male:20	0.1579674677167171	False
Saphenic acid methyl ester	0.08625898071933086	single	1	AS_Female:20,FU_Male:20	0.1579674677167171	False
Polysorbate 20	0.08685359773342098	single	1	AS_Female:20,FU_Male:20	0.1589361754441513	False
(23S)-3alpha,12alpha,23-Trihydroxy-5beta-cholan-24-oic Acid	0.08832659483413581	single	1	AS_Female:20,FU_Male:20	0.1615095816415731	False
Quercetin 4'-galactoside	0.0885354939608733	single	1	AS_Female:20,FU_Male:20	0.16172074637207512	False
Capnine	0.08857567521246246	single	1	AS_Female:20,FU_Male:20	0.16172074637207512	False
PI-Cer(t20:0/26:0)	0.08866565265030023	single	1	AS_Female:20,FU_Male:20	0.16176303320751836	False
Dexylosylbenanomicin A	0.08883712025476359	single	1	AS_Female:20,FU_Male:20	0.16195381636805922	False
Latanoprost ethyl amide	0.0897108001720327	single	1	AS_Female:20,FU_Male:20	0.16342351182580225	False
trans-selacholeic acid	0.09055752757019735	single	1	AS_Female:20,FU_Male:20	0.16480170131191585	False
16alpha,17-Dihydroxy-atisan-3-one	0.09060349626028914	single	1	AS_Female:20,FU_Male:20	0.16480170131191585	False
6-O-(Glcb)-(25R)-5alpha-spirostan-3beta,6alpha,23S-triol	0.09089054210921492	single	1	AS_Female:20,FU_Male:20	0.16519970153634334	False
2,6-Dimethoxy-4-(1-propenyl)phenol	0.09122512399615285	single	1	AS_Female:20,FU_Male:20	0.16568343975595354	False
8-HpODE	0.09201466662435219	single	1	AS_Female:20,FU_Male:20	0.1669554194683887	False
Methyl bisnorbiotinyl ketone	0.09206339735245722	single	1	AS_Female:20,FU_Male:20	0.1669554194683887	False
11-Oxo-androsterone glucuronide	0.09223134353939642	single	1	AS_Female:20,FU_Male:20	0.16713479244676552	False
(1R,2R)-3-oxo-2-pentyl-cyclopentaneoctanoic acid	0.0923323296073487	single	1	AS_Female:20,FU_Male:20	0.16719032149496107	False
tetracosanal	0.09240010332930934	single	1	AS_Female:20,FU_Male:20	0.16719032149496107	False
Campesteryl glucoside	0.09280669275315369	single	1	AS_Female:20,FU_Male:20	0.1678005998173152	False
N-(3S-hydroxy-butanoyl)-homoserine lactone	0.09296505265700443	single	1	AS_Female:20,FU_Male:20	0.1679614869273192	False
Patuletin 3-rhamnoside-7-(3''',4'''-diacetylrhamnoside)	0.09303948807056868	single	1	AS_Female:20,FU_Male:20	0.1679706194025703	False
L-valine	0.09321324707899122	single	1	AS_Female:20,FU_Male:20	0.16815892040107133	False
PE(P-18:0/0:0)	0.0936086942257564	single	1	AS_Female:20,FU_Male:20	0.16874657387978872	False
7beta,12alpha-Dihydroxy-3-oxo-5beta-cholestan-26-oic acid	0.09379385813392083	single	1	AS_Female:20,FU_Male:20	0.16895456141534398	False
Ketodoxapram	0.09419907359935788	single	1	AS_Female:20,FU_Male:20	0.16955833247884416	False
7alpha,12alpha-Dihydroxy-3-oxo-5beta-cholan-24-oic Acid	0.09441078873620092	single	1	AS_Female:20,FU_Male:20	0.16981316458420684	False
Quercetin 3-glucuronide-7-sulfate	0.09475475311049301	single	1	AS_Female:20,FU_Male:20	0.1703053134970331	False
Deacetyl-N-monodemethyldiltiazem	0.09520018273722214	single	1	AS_Female:20,FU_Male:20	0.1708757045820556	False
Phenylpyruvic acid	0.09524542007880088	single	1	AS_Female:20,FU_Male:20	0.1708757045820556	False
Cer(d18:0/20:0)	0.0952970186031767	single	1	AS_Female:20,FU_Male:20	0.1708757045820556	False
PE(20:5(5Z,8Z,11Z,14Z,17Z)/0:0)	0.09535443076842506	single	1	AS_Female:20,FU_Male:20	0.1708757045820556	False
D-Urobilinogen	0.09557005158821251	single	1	AS_Female:20,FU_Male:20	0.1711354252182415	False
5-octadecynoic acid	0.09567691604320326	single	1	AS_Female:20,FU_Male:20	0.17120015797531052	False
delta-tocotrienol	0.09579175030837579	single	1	AS_Female:20,FU_Male:20	0.1712790454184474	False
4alpha-carboxy-4beta-methyl-5alpha-cholesta-8-en-3beta-ol	0.09592621125524146	single	1	AS_Female:20,FU_Male:20	0.17139288372615466	False
PS(20:4(5Z,8Z,11Z,14Z)/21:0)	0.09627527063190296	single	1	AS_Female:20,FU_Male:20	0.17188969778749047	False
3-oxo-heneicosanoic acid	0.09682299430299793	single	1	AS_Female:20,FU_Male:20	0.17270516638032324	False
35-aminobacteriohopane-31,32,33,34-tetrol	0.09687468647025155	single	1	AS_Female:20,FU_Male:20	0.17270516638032324	False
DG(P-14:0/18:1(9Z))	0.09709300554996544	single	1	AS_Female:20,FU_Male:20	0.17296700988702451	False
Eremopetasin sulfoxide	0.09753608248805008	single	1	AS_Female:20,FU_Male:20	0.17358188850632977	False
Myxalamid B	0.09761916898502358	single	1	AS_Female:20,FU_Male:20	0.17358188850632977	False
PC(17:2(9Z,12Z)/16:0)	0.09765325573962046	single	1	AS_Female:20,FU_Male:20	0.17358188850632977	False
3alpha-Hydroxy-5beta-cholestan-26-oic acid	0.09805243247130205	single	1	AS_Female:20,FU_Male:20	0.17405093815625722	False
F-Amidine	0.0980609168298781	single	1	AS_Female:20,FU_Male:20	0.17405093815625722	False
1-Palmitoyl-2-(5-hydroxy-8-oxo-6-octenedioyl)-sn-glycero-3-phosphatidylcholine	0.09845040121797057	single	1	AS_Female:20,FU_Male:20	0.17457754601134395	False
Torvoside D	0.09850779174976522	single	1	AS_Female:20,FU_Male:20	0.17457754601134395	False
9Z,12Z,15Z-Octadecatrienal	0.09857393861937512	single	1	AS_Female:20,FU_Male:20	0.17457754601134395	False
3-oxo-4-pentenoic acid	0.10011787648272515	single	1	AS_Female:20,FU_Male:20	0.1771822945648228	False
4-Hydroxybenzaldehyde	0.10056602324428521	single	1	AS_Female:20,FU_Male:20	0.17784539245757083	False
glycodeoxycholic acid	0.10110131132501286	single	1	AS_Female:20,FU_Male:20	0.17866151439259573	False
5beta-Cholestane-3alpha,7alpha-diol	0.10178489567560386	single	1	AS_Female:20,FU_Male:20	0.17973831687136177	False
IPSP	0.10197638538546223	single	1	AS_Female:20,FU_Male:20	0.17992165762129075	False
Chenodeoxycholic acid glycine conjugate	0.10203735477655193	single	1	AS_Female:20,FU_Male:20	0.17992165762129075	False
Ethyladipic acid	0.10217535480753936	single	1	AS_Female:20,FU_Male:20	0.18003386753206171	False
CDP-DG(16:0/18:2(9Z,12Z))	0.10263742390427437	single	1	AS_Female:20,FU_Male:20	0.180716511470726	False
22-Docosanolide	0.10282038255949806	single	1	AS_Female:20,FU_Male:20	0.18080783777630585	False
Caffeic acid 3-sulfate	0.10287720222819244	single	1	AS_Female:20,FU_Male:20	0.18080783777630585	False
PS(19:1(9Z)/22:6(4Z,7Z,10Z,13Z,16Z,19Z))	0.10291334178263092	single	1	AS_Female:20,FU_Male:20	0.18080783777630585	False
PC(O-16:0/3:1(2E))	0.10316967712414074	single	1	AS_Female:20,FU_Male:20	0.18112675004898096	False
dodecanamide	0.10348829520113102	single	1	AS_Female:20,FU_Male:20	0.18146396284843908	False
PS(P-20:0/17:0)	0.10357648520066541	single	1	AS_Female:20,FU_Male:20	0.18146396284843908	False
PC(14:1(9Z)/20:1(11Z))	0.10358661571934855	single	1	AS_Female:20,FU_Male:20	0.18146396284843908	False
Chrysoeriol 7,4'-diglucuronide	0.10386725983980949	single	1	AS_Female:20,FU_Male:20	0.18179077605866328	False
Benzofuran	0.10392335153456836	single	1	AS_Female:20,FU_Male:20	0.18179077605866328	False
4beta-(hydroxymethyl)-4alpha-methyl-5alpha-cholest-7-en-3beta-ol	0.10461873752715617	single	1	AS_Female:20,FU_Male:20	0.18287506393736108	False
Lasonolide A	0.10498525321177707	single	1	AS_Female:20,FU_Male:20	0.18338333190888334	False
abrusoside A	0.10520271358750592	single	1	AS_Female:20,FU_Male:20	0.18363069184956873	False
3-carboxy-4-methyl-5-propyl-2-furanpropanoic acid	0.10554043206796794	single	1	AS_Female:20,FU_Male:20	0.18408745391682305	False
3alpha,12alpha,16alpha-Trihydroxy-5beta-cholan-24-oic Acid	0.10594406688213251	single	1	AS_Female:20,FU_Male:20	0.184616784877906	False
7alpha,12alpha,25-Trihydroxycholest-4-en-3-one	0.10599641924010299	single	1	AS_Female:20,FU_Male:20	0.184616784877906	False
PS(20:4(5Z,8Z,11Z,14Z)/22:6(4Z,7Z,10Z,13Z,16Z,19Z))	0.10616610402030961	single	1	AS_Female:20,FU_Male:20	0.1847793945601507	False
4,5-Dihydroxysulfadiazine	0.10653955403435081	single	1	AS_Female:20,FU_Male:20	0.18529616402095064	False
N-oxide gliclazide	0.10696079762994654	single	1	AS_Female:20,FU_Male:20	0.18589525560811238	False
a-N-Acetylneuraminyl-2,6-b-D-galactosyl-1,4-N-acetyl-b-D-glucosamine	0.10712104108741796	single	1	AS_Female:20,FU_Male:20	0.18591955558169218	False
Na-L-Glutamyl-L-aspartic acid	0.10712836845785237	single	1	AS_Female:20,FU_Male:20	0.18591955558169218	False
Ethyl 3-O-beta-D-glucopyranosyl-butanoate	0.1079473368946986	single	1	AS_Female:20,FU_Male:20	0.18720666376938774	False
Nebrosteroid M	0.1084104301574666	single	1	AS_Female:20,FU_Male:20	0.18787519786057738	False
6-Mercaptopurine ribonucleotide	0.10895028380019026	single	1	AS_Female:20,FU_Male:20	0.1886757060659947	False
Omeprazole sulfone	0.10936951856567113	single	1	AS_Female:20,FU_Male:20	0.18918128533410436	False
Kaempferide 3-rhamnoside-7-(6''-succinylglucoside)	0.10939851279130364	single	1	AS_Female:20,FU_Male:20	0.18918128533410436	False
Quercetol B	0.10981159404813584	single	1	AS_Female:20,FU_Male:20	0.1897600779375709	False
PC(17:0/15:0)	0.10998706523908301	single	1	AS_Female:20,FU_Male:20	0.1898918367500047	False
2,2,4,4,-Tetramethyl-6-(1-oxopropyl)-1,3,5-cyclohexanetrione	0.11004471167296845	single	1	AS_Female:20,FU_Male:20	0.1898918367500047	False
5beta-Chola-8(14),11-dien-24-oic Acid	0.11016615975944	single	1	AS_Female:20,FU_Male:20	0.18996600625185486	False
3b,16a-Dihydroxyandrostenone sulfate	0.11167286668090019	single	1	AS_Female:20,FU_Male:20	0.19242705354765793	False
Tryptophyl-Alanine	0.111984267517832	single	1	AS_Female:20,FU_Male:20	0.1928263952067363	False
Proline betaine	0.11214683800773383	single	1	AS_Female:20,FU_Male:20	0.19296907947172962	False
Dalfopristin	0.11243394098852133	single	1	AS_Female:20,FU_Male:20	0.1933256897252913	False
Peonidin acetyl 3,5-diglucoside	0.11253575587489097	single	1	AS_Female:20,FU_Male:20	0.19336342439539464	False
9-keto Fluprostenol	0.11280257452016167	single	1	AS_Female:20,FU_Male:20	0.19368442050589463	False
Rhamnocitrin 3-(6''-acetylglucoside)	0.11319213208018664	single	1	AS_Female:20,FU_Male:20	0.19421555759470718	False
2-Oxo-6-methylthiohexanoic acid	0.11361981037916313	single	1	AS_Female:20,FU_Male:20	0.1948113037733385	False
PE(20:5(5Z,8Z,11Z,14Z,17Z)/P-18:1(9Z))	0.11381615471916437	single	1	AS_Female:20,FU_Male:20	0.19500984470990584	False
Stearamide	0.11415838180802391	single	1	AS_Female:20,FU_Male:20	0.19536850710037865	False
Rasagiline	0.11418688044074174	single	1	AS_Female:20,FU_Male:20	0.19536850710037865	False
Protobassic acid	0.11456303476576715	single	1	AS_Female:20,FU_Male:20	0.1958736632541824	False
(2S)-5,7,3',4'-Tetrahydroxyflavanone 7-glucuronide	0.11558878728697292	single	1	AS_Female:20,FU_Male:20	0.19738227768202599	False
BIBF 1120	0.115608455081831	single	1	AS_Female:20,FU_Male:20	0.19738227768202599	False
PS(19:0/22:6(4Z,7Z,10Z,13Z,16Z,19Z))	0.11644781258919236	single	1	AS_Female:20,FU_Male:20	0.19867523204963686	False
Bombykol	0.11729812224938414	single	1	AS_Female:20,FU_Male:20	0.19998503800405562	False
3,4'-Dihydroxy-7,3',5'-trimethoxyflavone 3-galactosyl-(1->4)-xyloside	0.11763300303574077	single	1	AS_Female:20,FU_Male:20	0.20033801902178952	False
gamma-L-Glutamyl-gamma-L-glutamyl-L-methionine	0.1176706580127983	single	1	AS_Female:20,FU_Male:20	0.20033801902178952	False
Esculentoside E	0.11799451885928036	single	1	AS_Female:20,FU_Male:20	0.20074822920472085	False
Zidovudine glucuronide	0.1182202879451828	single	1	AS_Female:20,FU_Male:20	0.2009910934798368	False
Ergosterol	0.11906281475235768	single	1	AS_Female:20,FU_Male:20	0.20228145580032134	False
(22E)-3alpha,12alpha-Dihydroxy-5beta-chol-22-en-24-oic Acid	0.11990320055063537	single	1	AS_Female:20,FU_Male:20	0.2035663734453634	False
Behenic acid	0.12005830380703714	single	1	AS_Female:20,FU_Male:20	0.20368686301109803	False
Azorhodine 2G	0.12060565110904345	single	1	AS_Female:20,FU_Male:20	0.20447218580881946	False
Carboxyprimaquine	0.12079586491895716	single	1	AS_Female:20,FU_Male:20	0.2046513568710954	False
(10S)-Juvenile hormone III acid diol	0.12145705143546946	single	1	AS_Female:20,FU_Male:20	0.20562763743025983	False
Lettowianthine	0.12224202889451292	single	1	AS_Female:20,FU_Male:20	0.20666802014338875	False
Pipecolic acid	0.12224229857304117	aggregate	2	AS_Female:20,FU_Male:20	0.20666802014338875	False
Biochanin A	0.12305492394947741	single	1	AS_Female:20,FU_Male:20	0.20789669984765166	False
6'-Sialyllactose	0.12336154292879581	single	1	AS_Female:20,FU_Male:20	0.20816946657385188	False
Caohuoside D	0.12338834553220879	single	1	AS_Female:20,FU_Male:20	0.20816946657385188	False
11Z-Eicosenal	0.12389779860350614	single	1	AS_Female:20,FU_Male:20	0.20888340558432336	False
Serotonin	0.12453270142559777	aggregate	2	AS_Female:20,FU_Male:20	0.20955542064185884	False
Toxin T2 tetrol	0.1245401949134937	single	1	AS_Female:20,FU_Male:20	0.20955542064185884	False
4,8,12,15,19,21-tetracosahexaenoic acid	0.12455607199654477	single	1	AS_Female:20,FU_Male:20	0.20955542064185884	False
Demethyl-desacetyl-rifamycin SV	0.12501647391730247	single	1	AS_Female:20,FU_Male:20	0.21018394677346477	False
13S-HpODE	0.12524146538650785	single	1	AS_Female:20,FU_Male:20	0.2104160913953751	False
Austalide C	0.12565559464150117	single	1	AS_Female:20,FU_Male:20	0.2109654609064316	False
16Z-pentacosenoic acid	0.12584263757422148	single	1	AS_Female:20,FU_Male:20	0.2111330738511367	False
24-hydroxy-tetracosanoic acid	0.12619822918499082	single	1	AS_Female:20,FU_Male:20	0.2115830421446418	False
beta-D-Galactopyranosyl-(1->4)-2-amino-2-deoxy-beta-D-glucopyranosyl-(1->6)-D-mannose	0.1280044652118236	single	1	AS_Female:20,FU_Male:20	0.2142955312761195	False
Quinol glucuronide	0.12802944989733836	single	1	AS_Female:20,FU_Male:20	0.2142955312761195	False
Ritodrine glucuronide	0.12808163310885787	single	1	AS_Female:20,FU_Male:20	0.2142955312761195	False
(S)-HDAC-42	0.12820213748534018	single	1	AS_Female:20,FU_Male:20	0.2143490157817739	False
Batatasin IV	0.1284149556471596	single	1	AS_Female:20,FU_Male:20	0.21455666502537846	False
Isomorellic acid	0.12851161667196156	single	1	AS_Female:20,FU_Male:20	0.21457008549159928	False
m-Tyramine	0.12876261135697398	single	1	AS_Female:20,FU_Male:20	0.21484099386301447	False
Frutinone A	0.12920337498244755	single	1	AS_Female:20,FU_Male:20	0.21542794134470078	False
PE(18:0/18:2(9Z,12Z))	0.1296837295361874	single	1	AS_Female:20,FU_Male:20	0.21608004763049532	False
17Z-octadecenoic acid	0.1300103358248246	single	1	AS_Female:20,FU_Male:20	0.21639876941503122	False
Pandaroside D	0.1300537833535194	single	1	AS_Female:20,FU_Male:20	0.21639876941503122	False
Monomenthyl succinate	0.13079508252247318	single	1	AS_Female:20,FU_Male:20	0.21748275740859038	False
Lithocholic acid glycine conjugate	0.13100890731329035	single	1	AS_Female:20,FU_Male:20	0.2176887883359478	False
Galangin	0.1311425681290307	single	1	AS_Female:20,FU_Male:20	0.21774707756068104	False
N-Desethylquinagolide	0.1312238687158338	single	1	AS_Female:20,FU_Male:20	0.21774707756068104	False
Sugeonyl acetate	0.131330845811979	single	1	AS_Female:20,FU_Male:20	0.2177753271991789	False
Lacinilene C 7-methyl ether	0.1318437123904228	single	1	AS_Female:20,FU_Male:20	0.21839177127870313	False
(22E)-3alpha,7beta-Dihydroxy-5beta-chol-22-en-24-oic Acid	0.1318892163589605	single	1	AS_Female:20,FU_Male:20	0.21839177127870313	False
CAY10648	0.13197321824896435	single	1	AS_Female:20,FU_Male:20	0.21839177127870313	False
4-O-Methylmelleolide	0.13220669992305026	single	1	AS_Female:20,FU_Male:20	0.2186287025366835	False
Thidiazuron	0.132352475714885	single	1	AS_Female:20,FU_Male:20	0.21872037113019563	False
Tetrahydrocortisol	0.132567631992831	single	1	AS_Female:20,FU_Male:20	0.21892649185173524	False
Diethyl disulfide	0.1329101987569915	single	1	AS_Female:20,FU_Male:20	0.2193425979486547	False
1-tetradecanyl-2-(8-[3]-ladderane-octanyl)-sn-glycerophosphoethanolamine	0.13347682206480024	single	1	AS_Female:20,FU_Male:20	0.22012764728806633	False
alpha-Bisabolol	0.1339455089610689	single	1	AS_Female:20,FU_Male:20	0.22067914275312137	False
Luteolin 3'-methyl ether 7-sulfate	0.1340450916481157	single	1	AS_Female:20,FU_Male:20	0.22067914275312137	False
N-[(3a,5b,7b)-7-hydroxy-24-oxo-3-(sulfoxy)cholan-24-yl]-Glycine	0.13408468359762143	single	1	AS_Female:20,FU_Male:20	0.22067914275312137	False
5,4'-Dihydroxy-3,6,3'-trimethoxy-7-prenyloxyflavone	0.13419452962340353	single	1	AS_Female:20,FU_Male:20	0.22070988873523095	False
3alpha,7alpha,12alpha-Trihydroxy-24-nor-5beta-cholan-23-al	0.13450658312320818	single	1	AS_Female:20,FU_Male:20	0.22107293804568023	False
Persin	0.1346603242008433	single	1	AS_Female:20,FU_Male:20	0.22117377287691822	False
alpha,alpha'-Trehalose 4,6-dioleate	0.13475064642439255	single	1	AS_Female:20,FU_Male:20	0.22117377287691822	False
5,8-tetradecadienal	0.13508340781183806	single	1	AS_Female:20,FU_Male:20	0.22156973598405147	False
3alpha,7alpha-Dihydroxy-22-oxo-5beta-cholan-24-oic Acid	0.13526469262762392	single	1	AS_Female:20,FU_Male:20	0.22171687261440587	False
Lopinavir	0.13578608401250314	single	1	AS_Female:20,FU_Male:20	0.22242091298665093	False
Hydroxyphenyllactic acid	0.136953951960785	single	1	AS_Female:20,FU_Male:20	0.22418222968023022	False
PS(18:2(9Z,12Z)/19:0)	0.13711290257556855	single	1	AS_Female:20,FU_Male:20	0.2242907683347645	False
Petunidin 3-glucoside-5-(6''-acetylglucoside)	0.13725326797451032	single	1	AS_Female:20,FU_Male:20	0.22436877904543517	False
Gaidic acid	0.13801769777070533	single	1	AS_Female:20,FU_Male:20	0.22546615809910767	False
Stearic acid	0.13920983492663858	fisher	2	AS_Female:20,FU_Male:20	0.22726029019379096	False
cis-9,19-epoxy-3Z,6Z-heptadecadiene	0.13973257807731473	single	1	AS_Female:20,FU_Male:20	0.22795995385793733	False
JWH145	0.14023409643525145	single	1	AS_Female:20,FU_Male:20	0.22862407237019783	False
2Z-Dodecenedioic acid	0.1404487611363843	single	1	AS_Female:20,FU_Male:20	0.22874759553456916	False
forskolin	0.14049883294502452	single	1	AS_Female:20,FU_Male:20	0.22874759553456916	False
PG(19:0/22:2(13Z,16Z))	0.141104740391813	single	1	AS_Female:20,FU_Male:20	0.2294522060050467	False
Glycyrrhizin	0.14112116263590027	single	1	AS_Female:20,FU_Male:20	0.2294522060050467	False
clavirin I	0.14124452310248517	single	1	AS_Female:20,FU_Male:20	0.22949144713732755	False
Hexacosanoic acid	0.14133488132249292	single	1	AS_Female:20,FU_Male:20	0.22949144713732755	False
Prosafrinine	0.14186176013269555	single	1	AS_Female:20,FU_Male:20	0.23019257458529216	False
Cer(d18:0/16:0)	0.14239138416571828	single	1	AS_Female:20,FU_Male:20	0.2308972143772297	False
Licorice glycoside E	0.14273630326553302	single	1	AS_Female:20,FU_Male:20	0.2313015998700505	False
Paramethasone acetate	0.14284218553015082	single	1	AS_Female:20,FU_Male:20	0.23131834860768907	False
1alpha,25-dihydroxy-2alpha-(3-hydroxypropoxy)vitamin D3	0.14311268474456698	single	1	AS_Female:20,FU_Male:20	0.23160147711670898	False
Suberic acid	0.14346049624459878	single	1	AS_Female:20,FU_Male:20	0.23193318511262812	False
Prostaglandin E2 p-benzamidophenyl ester	0.14350925704201442	single	1	AS_Female:20,FU_Male:20	0.23193318511262812	False
Phenylacetylglycine	0.14432968405799282	single	1	AS_Female:20,FU_Male:20	0.23310351241120789	False
3,11-dihydroxy myristoic acid	0.14476750467655047	single	1	AS_Female:20,FU_Male:20	0.23365475254795248	False
pentacosanal	0.14498987973501612	single	1	AS_Female:20,FU_Male:20	0.23385776071850367	False
Ascladiol	0.14547678903281985	single	1	AS_Female:20,FU_Male:20	0.23448688831455183	False
Sunitinib	0.14584884236652165	single	1	AS_Female:20,FU_Male:20	0.23493017123709176	False
L-Carnitine	0.14705193272928826	single	1	AS_Female:20,FU_Male:20	0.23671059118191948	False
3,5,7-Trihydroxyflavone 3-glucoside-8-sulfate	0.1474431879883558	single	1	AS_Female:20,FU_Male:20	0.23718269642512252	False
Vitamin D3 butyrate	0.14779036451202046	single	1	AS_Female:20,FU_Male:20	0.23743148012563425	False
4'-Hydroxyflurbiprofen	0.1480876063640604	single	1	AS_Female:20,FU_Male:20	0.23743148012563425	False
PC(O-16:1(9Z)/0:0)	0.14812469546374973	single	1	AS_Female:20,FU_Male:20	0.23743148012563425	False
heptadecanal	0.14815108502836952	single	1	AS_Female:20,FU_Male:20	0.23743148012563425	False
5,6,7,3',4',5'-Hexamethoxyflavanone	0.14815263613656393	single	1	AS_Female:20,FU_Male:20	0.23743148012563425	False
CAY10633	0.14819904701681647	single	1	AS_Female:20,FU_Male:20	0.23743148012563425	False
Ammonium isovalerate	0.14828434446508013	single	1	AS_Female:20,FU_Male:20	0.23743148012563425	False
PC(17:0/0:0)	0.14848775898082364	single	1	AS_Female:20,FU_Male:20	0.23760004262562726	False
12-hydroxy-9,10-dihydrojasmonic acid	0.14870919782924813	single	1	AS_Female:20,FU_Male:20	0.2377972047190289	False
6-[3]-ladderane-1-hexanol	0.14964443653478676	single	1	AS_Female:20,FU_Male:20	0.23905738449976754	False
PC(18:1(15Z)/18:1(15Z))	0.14979224470878935	single	1	AS_Female:20,FU_Male:20	0.23905738449976754	False
Mycolipanolic acid (C24)	0.1497934953680906	single	1	AS_Female:20,FU_Male:20	0.23905738449976754	False
Apigenin 7-glucuronosyl-(1->2)-glucuronide	0.1499453187723098	single	1	AS_Female:20,FU_Male:20	0.23914204001828854	False
5-amino-pentanoic acid	0.15062430800258153	single	1	AS_Female:20,FU_Male:20	0.24006678714565496	False
Afzelechin 3-O-alpha-L-rhamnopyranoside	0.1522470148668062	single	1	AS_Female:20,FU_Male:20	0.24237235564200144	False
Sorbic acid	0.1522711081914433	single	1	AS_Female:20,FU_Male:20	0.24237235564200144	False
Ceramide (d18:1/20:0)	0.15283297433751042	single	1	AS_Female:20,FU_Male:20	0.24310685339757734	False
2-aminomuconic acid semialdehyde	0.15392899017656236	single	1	AS_Female:20,FU_Male:20	0.2446894847127101	False
PE(14:0/22:1(13Z))	0.15443658772498045	single	1	AS_Female:20,FU_Male:20	0.24533528798043155	False
2-Methyl-1-hydroxypropyl-ThPP	0.15569933791650165	single	1	AS_Female:20,FU_Male:20	0.24717908006285275	False
PC(16:1(9Z)/19:1(9Z))	0.15584793809534178	single	1	AS_Female:20,FU_Male:20	0.24725285591665952	False
Ricinelaidic acid	0.1564085517946233	single	1	AS_Female:20,FU_Male:20	0.24797976679422593	False
5-oxo-7-decynoic acid	0.1567050101954057	single	1	AS_Female:20,FU_Male:20	0.24828719220096676	False
Kanokoside C	0.15694598153153153	single	1	AS_Female:20,FU_Male:20	0.24850635793841586	False
3-hydroxy-cis,cis-muconic acid	0.1575434188854907	single	1	AS_Female:20,FU_Male:20	0.2492892922364529	False
PE(18:1(11Z)/20:1(11Z))	0.15770312835828568	single	1	AS_Female:20,FU_Male:20	0.24937901616943803	False
Desmethylmianserin	0.15895768879258493	single	1	AS_Female:20,FU_Male:20	0.25119880193658495	False
MG(20:0/0:0/0:0)[rac]	0.15906657062564503	single	1	AS_Female:20,FU_Male:20	0.2512068933363905	False
Octadecyl fumarate	0.1604187653455439	single	1	AS_Female:20,FU_Male:20	0.25317720397755	False
Streptidine	0.16058691635114322	single	1	AS_Female:20,FU_Male:20	0.25327747523525584	False
Enigmol	0.16078247898141623	single	1	AS_Female:20,FU_Male:20	0.2534208213632869	False
C14 sphingosine	0.1611880746696363	single	1	AS_Female:20,FU_Male:20	0.25389481377696127	False
2-Ethoxynaphthalene	0.16163408215980885	single	1	AS_Female:20,FU_Male:20	0.2544318029316627	False
PE(19:0/22:6(4Z,7Z,10Z,13Z,16Z,19Z))	0.16179427902004773	single	1	AS_Female:20,FU_Male:20	0.2545184857098996	False
spinosic acid A	0.16209630159962007	single	1	AS_Female:20,FU_Male:20	0.2548280169952469	False
8-trans-[2-(6-Benzoyloxy-4-hydroxy-2-methoxy-3-methylphenyl)ethenyl]-5-methoxyflavan-7-ol	0.1631607317840826	single	1	AS_Female:20,FU_Male:20	0.25633493293268267	False
Bradykinin	0.1636940097588527	single	1	AS_Female:20,FU_Male:20	0.2570059647381209	False
Axillarin 7-sulfate	0.16408943209210075	single	1	AS_Female:20,FU_Male:20	0.2574598283181957	False
PC(O-19:0/0:0)	0.16442419601095723	single	1	AS_Female:20,FU_Male:20	0.2577301822096797	False
PC(20:1(11Z)/18:4(6Z,9Z,12Z,15Z))	0.16447465159601615	single	1	AS_Female:20,FU_Male:20	0.2577301822096797	False
(1S,2S)-3-oxo-2-pentyl-cyclopentanehexanoic acid	0.16535352216633506	single	1	AS_Female:20,FU_Male:20	0.25893976530704865	False
Gravolenic acid	0.16562552008021114	single	1	AS_Female:20,FU_Male:20	0.25919805049398265	False
PC(20:3(5Z,8Z,11Z)/16:1(9Z))	0.16668276376038238	single	1	AS_Female:20,FU_Male:20	0.26068408983455155	False
1-monopalmitin	0.16734029100763467	single	1	AS_Female:20,FU_Male:20	0.2615434761326556	False
(20R)-24-Hydroxy-19-norgeminivitamin D3	0.16774993451586695	single	1	AS_Female:20,FU_Male:20	0.2620145751373638	False
Trabectedin	0.16808504091212395	single	1	AS_Female:20,FU_Male:20	0.26236871956689367	False
Ritonavir	0.16828726569171357	single	1	AS_Female:20,FU_Male:20	0.2625151225770867	False
Etodolac glucuronide	0.16873907140455655	single	1	AS_Female:20,FU_Male:20	0.2630504133100009	False
trans-Carveol	0.16910790593864944	single	1	AS_Female:20,FU_Male:20	0.2634557530743052	False
Hordatine A	0.16943507116121787	single	1	AS_Female:20,FU_Male:20	0.2636065549401193	False
Ro 18-5364	0.16958607847635865	single	1	AS_Female:20,FU_Male:20	0.2636065549401193	False
PC(16:0/16:0)	0.16962438963483528	single	1	AS_Female:20,FU_Male:20	0.2636065549401193	False
Sphingosine	0.16964023651247662	single	1	AS_Female:20,FU_Male:20	0.2636065549401193	False
5'-Hydroxy-7,4'-dimethoxy-5,2'-oxido-4-phenylcoumarin	0.1700731473352059	single	1	AS_Female:20,FU_Male:20	0.2641097432319009	False
4alpha-formyl-4beta-methyl-5alpha-cholesta-8,24-dien-3beta-ol	0.17075093050623835	single	1	AS_Female:20,FU_Male:20	0.2647413548696543	False
16:3(2E,10E,12E)(3Me,5Me[R],7My,15Me)	0.17077241605736368	single	1	AS_Female:20,FU_Male:20	0.2647413548696543	False
(5b,7a,12a)-(1,3-dihydro-5-nitro-1,3-dioxo-2H-isoindol-2-yl)methyl ester	0.17080792908153655	single	1	AS_Female:20,FU_Male:20	0.2647413548696543	False
Cholic acid	0.17129394223931116	aggregate	2	AS_Female:20,FU_Male:20	0.2653247819330597	False
LUPANYL ACID	0.1716322000320747	single	1	AS_Female:20,FU_Male:20	0.26567874442305167	False
7-hydroxycoumarinyl--Linolenate	0.17199265279167836	single	1	AS_Female:20,FU_Male:20	0.26606658939850053	False
PC(18:0/2:0)	0.1723441098872443	single	1	AS_Female:20,FU_Male:20	0.26644003195211907	False
PG(19:0/0:0)	0.1724849122815892	single	1	AS_Female:20,FU_Male:20	0.2664875383750654	False
3-Hydroxyomeprazole	0.17272154960815728	single	1	AS_Female:20,FU_Male:20	0.26668295382739077	False
Hypaphorine	0.17517841257951633	single	1	AS_Female:20,FU_Male:20	0.2701702362137111	False
7-oxo-11E,13-Tetradecadienoic acid	0.17520333368671065	single	1	AS_Female:20,FU_Male:20	0.2701702362137111	False
Sphinganine	0.17731311221085422	single	1	AS_Female:20,FU_Male:20	0.27324955102640236	False
9,10,18-TriHOME(12)	0.17784426708186848	single	1	AS_Female:20,FU_Male:20	0.27389374720432796	False
PC(O-16:0/20:3(8Z,11Z,14Z))	0.17851293560674095	single	1	AS_Female:20,FU_Male:20	0.2745764309962529	False
Xanthoplanine	0.17851437521193808	single	1	AS_Female:20,FU_Male:20	0.2745764309962529	False
2,3-Butanediol apiosylglucoside	0.17905252788582623	single	1	AS_Female:20,FU_Male:20	0.27522931429307007	False
Met-Arg-Phe-Ala acetate salt	0.17968826467764729	single	1	AS_Female:20,FU_Male:20	0.27603127460950766	False
6-Hydroxypentadecanedioic acid	0.18055911011423598	single	1	AS_Female:20,FU_Male:20	0.27719315509610987	False
5alpha-Cholestane-3alpha,7alpha,16alpha,26-tetrol	0.18096607700798112	single	1	AS_Female:20,FU_Male:20	0.2776418709989368	False
Fonofos	0.18157854827483577	single	1	AS_Female:20,FU_Male:20	0.27840510789954237	False
Allodeoxycholic acid	0.18237286486473178	single	1	AS_Female:20,FU_Male:20	0.279446016352858	False
2-Methyl-1,4-naphthalenediol bis(dihydrogen phosphate)	0.18253062103881673	single	1	AS_Female:20,FU_Male:20	0.27951083715052205	False
Thyrotropin-releasing factor	0.1835286224033816	single	1	AS_Female:20,FU_Male:20	0.2808614379510663	False
5-(1-hydroxypropan-2-yl)isolongifol-5-ene	0.18374054330048886	single	1	AS_Female:20,FU_Male:20	0.2810081208657508	False
PC(O-18:1(9Z)/O-1:0)	0.18412587928417268	single	1	AS_Female:20,FU_Male:20	0.2814196677695594	False
Cholesterol	0.1843583075747009	single	1	AS_Female:20,FU_Male:20	0.2815971373112624	False
LysoPC(18:0)	0.18469975543173453	single	1	AS_Female:20,FU_Male:20	0.2819407994326793	False
Gliquidone	0.1853323722046266	single	1	AS_Female:20,FU_Male:20	0.28272821241802204	False
PE(20:3(8Z,11Z,14Z)/19:1(9Z))	0.18555624338089116	single	1	AS_Female:20,FU_Male:20	0.28289147684202615	False
PA(17:2(9Z,12Z)/22:6(4Z,7Z,10Z,13Z,16Z,19Z))	0.18706295970747353	single	1	AS_Female:20,FU_Male:20	0.28500907832082656	False
Behenoyl-EA	0.1878382927676823	single	1	AS_Female:20,FU_Male:20	0.28601038162928233	False
PI(20:0/0:0)	0.18903950974936234	single	1	AS_Female:20,FU_Male:20	0.2876584871798908	False
TrHA	0.18920234554351753	single	1	AS_Female:20,FU_Male:20	0.2877254262316934	False
10S-HpOME	0.18934978528794638	single	1	AS_Female:20,FU_Male:20	0.287768882725749	False
PC(0:0/20:4(5Z,8Z,11Z,14Z))	0.1896068608468278	single	1	AS_Female:20,FU_Male:20	0.28789109714653915	False
Avermectin B2b aglycone	0.18966802971859972	single	1	AS_Female:20,FU_Male:20	0.28789109714653915	False
3-Deoxy-D-glycero-D-galacto-2-nonulosonic acid	0.19018172822708193	single	1	AS_Female:20,FU_Male:20	0.28848995240461484	False
(25R)-12alpha-hydroxy-24R,26R-dimethyl-26,27-cyclo-cholest-4-en-3,6-dione	0.19030635641211024	single	1	AS_Female:20,FU_Male:20	0.2884982397455973	False
Dinoflagellate luciferin	0.1916743444476998	single	1	AS_Female:20,FU_Male:20	0.2903902302302135	False
Perfluorooctanoic acid	0.19218943626808696	single	1	AS_Female:20,FU_Male:20	0.29098850857100594	False
PI(O-16:0/20:5(5Z,8Z,11Z,14Z,17Z))	0.19408205983921412	single	1	AS_Female:20,FU_Male:20	0.29352863580969424	False
Pristanic acid	0.19410960178906259	single	1	AS_Female:20,FU_Male:20	0.29352863580969424	False
Zizyphine A	0.1946393483982734	single	1	AS_Female:20,FU_Male:20	0.29414598156817723	False
PS(O-18:0/18:2(9Z,12Z))	0.19502077264961273	single	1	AS_Female:20,FU_Male:20	0.29453854684012004	False
18-oxo-nonadecanoic acid	0.19591477988127895	single	1	AS_Female:20,FU_Male:20	0.2956984311166486	False
3,9,15-Docosatriynoic acid	0.19603303673780298	single	1	AS_Female:20,FU_Male:20	0.2956984311166486	False
Chenodeoxyglycocholate	0.1966818858404136	single	1	AS_Female:20,FU_Male:20	0.29649243189267827	False
3-Methoxytyrosine	0.19683522845942844	single	1	AS_Female:20,FU_Male:20	0.29653894716880913	False
Cholesterol sulfate	0.19788135502332072	single	1	AS_Female:20,FU_Male:20	0.2978884998342924	False
Cer(d18:0/14:0)	0.19800679719042286	single	1	AS_Female:20,FU_Male:20	0.2978884998342924	False
8S-hydroxy-hexadecanoic acid	0.19810015891499824	single	1	AS_Female:20,FU_Male:20	0.2978884998342924	False
MG(0:0/16:0/0:0)	0.19870089238521157	single	1	AS_Female:20,FU_Male:20	0.2985036923334423	False
1-O-(2-Acetamido-2-deoxy-alpha-D-glucopyranosyl)-1D-myo-inositol 3-phosphate	0.19885975202394662	single	1	AS_Female:20,FU_Male:20	0.2985036923334423	False
PC(19:0/2:0)	0.19887916387188864	single	1	AS_Female:20,FU_Male:20	0.2985036923334423	False
4-Butyl-5-ethylthiazole	0.2009129906049472	single	1	AS_Female:20,FU_Male:20	0.30123303124715334	False
Pancratistatin	0.2009464458753212	single	1	AS_Female:20,FU_Male:20	0.30123303124715334	False
Zolpidem Metabolite X-1	0.2020463711918499	single	1	AS_Female:20,FU_Male:20	0.30269447070264144	False
LysoPC(20:3(5Z,8Z,11Z))	0.20218792906572114	single	1	AS_Female:20,FU_Male:20	0.3027192184713116	False
Isoaustin	0.20295951784325142	single	1	AS_Female:20,FU_Male:20	0.30368664567275133	False
all-trans-pentaprenyl diphosphate	0.20340054579416433	single	1	AS_Female:20,FU_Male:20	0.3040213669119357	False
SM(d18:1/22:1)	0.20343437191133246	single	1	AS_Female:20,FU_Male:20	0.3040213669119357	False
N-oleoyl histidine	0.20357808369503483	single	1	AS_Female:20,FU_Male:20	0.30404845195908653	False
Lumaflavanone C	0.20379873286169484	single	1	AS_Female:20,FU_Male:20	0.30419034047975535	False
3,7,11-Trimethyl-6E,10-dodecadien-1-ol	0.20479065125340326	single	1	AS_Female:20,FU_Male:20	0.305482542627535	False
9,12-dioxo-dodecanoic acid	0.20536695271952551	single	1	AS_Female:20,FU_Male:20	0.3061535668312631	False
O-butanoyl-carnitine	0.2064287242579139	single	1	AS_Female:20,FU_Male:20	0.30754704087902124	False
12-HETE-G	0.20767325522729024	single	1	AS_Female:20,FU_Male:20	0.30921091691591	False
Leucyl-Phenylalanine	0.20848930795855145	single	1	AS_Female:20,FU_Male:20	0.3098698419521254	False
1-hexadecylpyridinium	0.20851414940410823	single	1	AS_Female:20,FU_Male:20	0.3098698419521254	False
Coumermycin D	0.2085585311870066	single	1	AS_Female:20,FU_Male:20	0.3098698419521254	False
Sinapyl alcohol	0.20862777463112947	single	1	AS_Female:20,FU_Male:20	0.3098698419521254	False
17-hydroxy-heptadecanoic acid	0.2087647722432821	single	1	AS_Female:20,FU_Male:20	0.30988320882954384	False
SM(d18:2/22:0)	0.2092697804343134	single	1	AS_Female:20,FU_Male:20	0.31044248678399067	False
LysoPC(20:3(8Z,11Z,14Z))	0.20948549099052174	single	1	AS_Female:20,FU_Male:20	0.31057218229519484	False
L-lactic acid	0.2103564421717475	single	1	AS_Female:20,FU_Male:20	0.31167254987625503	False
Glycoursodeoxycholic acid	0.21087833310370993	single	1	AS_Female:20,FU_Male:20	0.31225470608200717	False
PE(O-16:0/20:5(5Z,8Z,11Z,14Z,17Z))	0.21164445301719811	single	1	AS_Female:20,FU_Male:20	0.3131220183520708	False
Shihunine	0.21172273607696815	single	1	AS_Female:20,FU_Male:20	0.3131220183520708	False
1,5-anhydroglucitol	0.2121134288429961	single	1	AS_Female:20,FU_Male:20	0.3135083096635492	False
2-Thiopheneacrylic acid	0.21300238384556164	single	1	AS_Female:20,FU_Male:20	0.31463012281275454	False
Arachidic acid	0.21331745247145972	single	1	AS_Female:20,FU_Male:20	0.3149033856301244	False
SLBPA(42:0)	0.21473287935852012	single	1	AS_Female:20,FU_Male:20	0.31679969587262474	False
Quinoline	0.2149283202479465	single	1	AS_Female:20,FU_Male:20	0.3168949228503523	False
Retinoyl b-glucuronide	0.2152937415118868	single	1	AS_Female:20,FU_Male:20	0.31724050407807547	False
p-HydroxyPiroxicam	0.21680820532134387	single	1	AS_Female:20,FU_Male:20	0.31927777681446073	False
11-methoxy-12,13-epoxy-9-octadecenoic acid	0.2176058825386705	single	1	AS_Female:20,FU_Male:20	0.3202576544839643	False
Myricetin 3-(2'',3'',4''-triacetylxyloside)	0.21804880201699176	single	1	AS_Female:20,FU_Male:20	0.32071455023276857	False
PE(O-20:0/0:0)	0.21840408061372532	single	1	AS_Female:20,FU_Male:20	0.32104206385296236	False
Cer(d18:1/18:1(11Z))	0.21969028553234607	single	1	AS_Female:20,FU_Male:20	0.32273676048168076	False
Oxidihydroartocarpesin	0.21996810313058282	single	1	AS_Female:20,FU_Male:20	0.32294892521476104	False
PC(22:4(7Z,10Z,13Z,16Z)/0:0)	0.22013673643123716	single	1	AS_Female:20,FU_Male:20	0.3230006296363789	False
Demethyloleuropein	0.22027839417157125	single	1	AS_Female:20,FU_Male:20	0.3230127148936245	False
Physalin L	0.22162804523176588	single	1	AS_Female:20,FU_Male:20	0.32465843307625936	False
7a-Hydroxy-cholestene-3-one	0.22166889296780537	single	1	AS_Female:20,FU_Male:20	0.32465843307625936	False
agavoside A	0.22224762192996275	single	1	AS_Female:20,FU_Male:20	0.3253092458841837	False
7-Sulfocholic acid	0.22263589777784282	single	1	AS_Female:20,FU_Male:20	0.3256806698006994	False
Celabenzine	0.22345103251348117	single	1	AS_Female:20,FU_Male:20	0.32667569427242626	False
Plastoquinone 3	0.22363131230917097	single	1	AS_Female:20,FU_Male:20	0.3267419475561273	False
5S-HETE di-endoperoxide	0.22503775213337998	single	1	AS_Female:20,FU_Male:20	0.32859855121526715	False
Lyso-PAF C-16-d4	0.22632596668431293	single	1	AS_Female:20,FU_Male:20	0.33028038899501	False
19-HOME(9Z)	0.2265590046898978	single	1	AS_Female:20,FU_Male:20	0.33042129539412207	False
Northienamycin	0.22697451543750663	single	1	AS_Female:20,FU_Male:20	0.3308279963119829	False
Eschscholtzxanthin	0.2282804329151987	single	1	AS_Female:20,FU_Male:20	0.33253124433676057	False
Steryl sulfate	0.22850749612115984	single	1	AS_Female:20,FU_Male:20	0.3326618449244305	False
11-acetoxy-3beta,6alpha-dihydroxy-24-methyl-27-nor-9,11-seco-5alpha-cholesta-7,22E-dien-9-one.	0.22943973500786655	single	1	AS_Female:20,FU_Male:20	0.3338182683017097	False
Scarlet Red	0.2297932096644301	single	1	AS_Female:20,FU_Male:20	0.33411951073066803	False
(3beta,6beta)-Furanoeremophilane-3,6-diol 6-acetate	0.22992280251024078	single	1	AS_Female:20,FU_Male:20	0.33411951073066803	False
Sulfolithocholylglycine	0.23010467684501387	single	1	AS_Female:20,FU_Male:20	0.33418321694167885	False
PA(20:1(11Z)/0:0)	0.23038156326855963	single	1	AS_Female:20,FU_Male:20	0.3343847510031072	False
Pregnanolone sulfate	0.23088640756084391	single	1	AS_Female:20,FU_Male:20	0.334786312903998	False
PA(16:0/0:0)	0.23093479659218366	single	1	AS_Female:20,FU_Male:20	0.334786312903998	False
5'-O-Desmethyl omeprazole	0.231496420601819	single	1	AS_Female:20,FU_Male:20	0.3353996614464415	False
L-alanine	0.23224341165445841	single	1	AS_Female:20,FU_Male:20	0.3362806815881841	False
PC(18:2(9Z,12Z)/22:4(7Z,10Z,13Z,16Z))	0.2346763264144127	single	1	AS_Female:20,FU_Male:20	0.339484936665806	False
PC(14:0/20:2(11Z,14Z))	0.23473679635628222	single	1	AS_Female:20,FU_Male:20	0.339484936665806	False
PE(18:0/20:4(5Z,8Z,11Z,14Z))	0.23528798553634128	single	1	AS_Female:20,FU_Male:20	0.340078933124467	False
Ustiloxin D	0.235434279458099	single	1	AS_Female:20,FU_Male:20	0.34008734520767164	False
Etidocaine	0.2358470518401089	single	1	AS_Female:20,FU_Male:20	0.34048044872087274	False
PC(17:1(9Z)/0:0)	0.23621991522521815	single	1	AS_Female:20,FU_Male:20	0.34081550343280875	False
LysoPC(20:4(8Z,11Z,14Z,17Z))	0.23713629081664822	single	1	AS_Female:20,FU_Male:20	0.34193386543603654	False
Compound IV	0.2379424082282643	single	1	AS_Female:20,FU_Male:20	0.3428920061432309	False
Concanamycin A	0.23835134220070933	single	1	AS_Female:20,FU_Male:20	0.34315845049074284	False
PS(18:0/15:0)	0.23841078633846735	single	1	AS_Female:20,FU_Male:20	0.34315845049074284	False
PC(18:2(9Z,12Z)/17:0)	0.23863805927987158	single	1	AS_Female:20,FU_Male:20	0.3432814863437725	False
PS(18:0/17:0)	0.23954443414359952	single	1	AS_Female:20,FU_Male:20	0.3443779561665721	False
(a-D-mannosyl)2-b-D-mannosyl-N-acetylglucosamine	0.23968478155335562	single	1	AS_Female:20,FU_Male:20	0.3443779561665721	False
L-Urobilinogen	0.24122894644861612	single	1	AS_Female:20,FU_Male:20	0.3463910316441872	False
N-docosahexaenoyl GABA	0.243067113724452	single	1	AS_Female:20,FU_Male:20	0.348823640976229	False
N-[[(hexahydrocyclopenta[c]pyrrol-2(1H)-yl)amino]carbonyl]-4-(hydroxymethyl)-Benzenesulfonamide	0.24357934432641684	single	1	AS_Female:20,FU_Male:20	0.34918215828457744	False
Sulfoxone	0.24365215207007673	single	1	AS_Female:20,FU_Male:20	0.34918215828457744	False
(11Z)-8,18-propano-retinal	0.24375652681576832	single	1	AS_Female:20,FU_Male:20	0.34918215828457744	False
streptothricin F acid	0.24398148583473758	single	1	AS_Female:20,FU_Male:20	0.34918215828457744	False
celecoxib carboxylic	0.24403808831784596	single	1	AS_Female:20,FU_Male:20	0.34918215828457744	False
Arachidonoyl-1-thio-Glycerol	0.244264080416391	single	1	AS_Female:20,FU_Male:20	0.3492990777838645	False
9-hydroxy-hexadecan-1,16-dioic acid	0.24443812041424523	single	1	AS_Female:20,FU_Male:20	0.3493416112885996	False
Palmitoleamide	0.24610912000520993	single	1	AS_Female:20,FU_Male:20	0.3515222298127512	False
4,12-dihydroxy-hexadecanoic acid	0.24627476837983486	single	1	AS_Female:20,FU_Male:20	0.3515514234950355	False
9S,11R,15S-trihydroxy-2,3-dinor-13E-prostaenoic acid-cyclo[8S,12R]	0.24684145884366654	single	1	AS_Female:20,FU_Male:20	0.35215272354774113	False
Indoleacrylic acid	0.24713961033134	single	1	AS_Female:20,FU_Male:20	0.35230214418354633	False
MG(18:1(9Z)/0:0/0:0)[rac]	0.24723723377440943	single	1	AS_Female:20,FU_Male:20	0.35230214418354633	False
2-Phenylacetamide	0.2474016432496055	single	1	AS_Female:20,FU_Male:20	0.3523290460631147	False
Oxoproline	0.251324097625126	single	1	AS_Female:20,FU_Male:20	0.3577046680484597	False
5-Hydroxyindoleacetic acid	0.25174081841676216	single	1	AS_Female:20,FU_Male:20	0.3580872628595659	False
Protorifamycin I	0.2525799664389867	single	1	AS_Female:20,FU_Male:20	0.35906993467339215	False
4-[5]-ladderane-butanoic acid	0.2537022220215818	single	1	AS_Female:20,FU_Male:20	0.3604536851609446	False
PS(17:1(9Z)/22:2(13Z,16Z))	0.25574871432214585	single	1	AS_Female:20,FU_Male:20	0.36314817441285346	False
PC(18:0/22:5(7Z,10Z,13Z,16Z,19Z))	0.2559314124064382	single	1	AS_Female:20,FU_Male:20	0.36319457762953505	False
JWH 398	0.25608469555752916	single	1	AS_Female:20,FU_Male:20	0.3631992079348436	False
Sphingofungin A	0.256673072053719	single	1	AS_Female:20,FU_Male:20	0.3638205547084623	False
Epsilon-(gamma-Glutamyl)-lysine	0.2577887708474055	single	1	AS_Female:20,FU_Male:20	0.3651881885439255	False
PE(P-19:1(12Z)/0:0)	0.2584427364657533	single	1	AS_Female:20,FU_Male:20	0.3659005058383559	False
Dihydropteroic acid	0.2598366149144998	single	1	AS_Female:20,FU_Male:20	0.36748369036114037	False
3-Ethylpyridine	0.25986455096995964	single	1	AS_Female:20,FU_Male:20	0.36748369036114037	False
Apigenin 7-glucuronide	0.2610223210175564	single	1	AS_Female:20,FU_Male:20	0.36890545194600355	False
1H-Indole-3-carboxylic acid, octahydro-3-hydroxy-2,6-methano-2H-quinolizin-8-yl ester, N-oxide	0.26185706270049025	single	1	AS_Female:20,FU_Male:20	0.3698465821022742	False
PC(18:3(9Z,12Z,15Z)/20:1(11Z))	0.26199375807740616	single	1	AS_Female:20,FU_Male:20	0.3698465821022742	False
L-Alloisoleucine	0.26316845125354854	single	1	AS_Female:20,FU_Male:20	0.371288356925898	False
Palmitaldehyde	0.263482382798765	single	1	AS_Female:20,FU_Male:20	0.37151476339884104	False
MG(0:0/20:4(5Z,8Z,11Z,14Z)/0:0)	0.2639324585085366	single	1	AS_Female:20,FU_Male:20	0.37171899673441744	False
2-ethyl-3E-hexenoic acid	0.2639343062315008	single	1	AS_Female:20,FU_Male:20	0.37171899673441744	False
2,3-dihydroxy stearic acid	0.2651800168606736	single	1	AS_Female:20,FU_Male:20	0.373240585111503	False
PC(0:0/5:0)	0.2653230264258144	single	1	AS_Female:20,FU_Male:20	0.373240585111503	False
1-(8-[5]-ladderane-octanoyl)-2-(8-[3]-ladderane-octanyl)-sn-glycero-3-phospho-(1'-sn-glycerol)	0.266194671275153	single	1	AS_Female:20,FU_Male:20	0.3741362705475122	False
Alliospiroside D	0.26626881212447895	single	1	AS_Female:20,FU_Male:20	0.3741362705475122	False
7,12-Dioxo-5beta-cholan-24-oic Acid	0.2666035494936504	single	1	AS_Female:20,FU_Male:20	0.37424542053325	False
5-(2-Methylpropyl)tetrahydro-2-oxo-3-furancarboxylic acid	0.26665565899209265	single	1	AS_Female:20,FU_Male:20	0.37424542053325	False
neriifolin	0.26736550713576396	single	1	AS_Female:20,FU_Male:20	0.37502427159657276	False
Denticulaflavonol	0.2675242974037851	single	1	AS_Female:20,FU_Male:20	0.37502971859557827	False
Typhasterol	0.2677470235364671	single	1	AS_Female:20,FU_Male:20	0.3751247361005711	False
7-methyl-cis-8,9-Epoxy-tricosane	0.26798806961165783	single	1	AS_Female:20,FU_Male:20	0.3752452958529922	False
2-Aminoethylarsonate	0.26821659558110417	single	1	AS_Female:20,FU_Male:20	0.3753481953189903	False
PC(20:5(5Z,8Z,11Z,14Z,17Z)/20:4(5Z,8Z,11Z,14Z))	0.2685425768282289	single	1	AS_Female:20,FU_Male:20	0.37558727816357146	False
12S-hydroxy-9-octadecynoic acid	0.26944388380667506	single	1	AS_Female:20,FU_Male:20	0.37657216854339004	False
Luteolin 7-sulfate-3'-glucoside	0.2695578554670363	single	1	AS_Female:20,FU_Male:20	0.37657216854339004	False
PA(20:1(11Z)/20:3(8Z,11Z,14Z))	0.2701648547450359	single	1	AS_Female:20,FU_Male:20	0.3772024875073425	False
6-(alpha-D-Glucosaminyl)-1D-myo-inositol	0.2722211405439121	single	1	AS_Female:20,FU_Male:20	0.37985439841891133	False
PC(18:3(9Z,12Z,15Z)/18:0)	0.2737426190775637	single	1	AS_Female:20,FU_Male:20	0.381757419808054	False
PG(20:5(5Z,8Z,11Z,14Z,17Z)/0:0)	0.27390830022136653	single	1	AS_Female:20,FU_Male:20	0.381768563520972	False
Desoxyscalarin	0.27447462189259625	single	1	AS_Female:20,FU_Male:20	0.38233777882737374	False
2E-Octadecenal	0.275861528900846	single	1	AS_Female:20,FU_Male:20	0.38404874150025764	False
Hodgkinsine	0.2768944580825287	single	1	AS_Female:20,FU_Male:20	0.38526522012517356	False
Hydroxystilbamidine Isethionate	0.2772304184908508	single	1	AS_Female:20,FU_Male:20	0.38542439684436175	False
Geranyl diphosphate	0.2773272611742578	single	1	AS_Female:20,FU_Male:20	0.38542439684436175	False
Cer(d18:0/22:0)	0.27848799570626165	single	1	AS_Female:20,FU_Male:20	0.38681551210835313	False
Heneicosanedioic acid	0.2790950883596467	single	1	AS_Female:20,FU_Male:20	0.3874364730038444	False
Dihydrodeoxystreptomycin	0.2795115132254043	single	1	AS_Female:20,FU_Male:20	0.387792191128197	False
PE(6:0/6:0)	0.2797466055957516	single	1	AS_Female:20,FU_Male:20	0.38789606652194425	False
17-Hydroxypregnenolone sulfate	0.2808894147430076	single	1	AS_Female:20,FU_Male:20	0.3892577407514719	False
Herbasterol	0.281407421489422	single	1	AS_Female:20,FU_Male:20	0.38974603924056705	False
pregnan-21-al	0.281563743342318	single	1	AS_Female:20,FU_Male:20	0.38974603924056705	False
4-O-Methyl-a-D-glucosyl-(1->2)-b-D-xylosyl-(1->4)-D-xylose	0.2823597424755694	single	1	AS_Female:20,FU_Male:20	0.39062453516191625	False
18Z-pentacosenoic acid	0.28254839276272237	single	1	AS_Female:20,FU_Male:20	0.3906622837684471	False
27-Norcholestanehexol	0.28339968085678985	single	1	AS_Female:20,FU_Male:20	0.3916156548825846	False
Aragusteroketal	0.2843913137925994	single	1	AS_Female:20,FU_Male:20	0.3925788949643723	False
5Z-Tetradecenoic acid	0.2844210581443656	single	1	AS_Female:20,FU_Male:20	0.3925788949643723	False
Perfluorooctanesulfonic acid	0.2848419662962494	single	1	AS_Female:20,FU_Male:20	0.3927485071324051	False
Ipecac (Psychotrine)	0.28486839261648217	single	1	AS_Female:20,FU_Male:20	0.3927485071324051	False
PC(3:0/0:0)	0.28521185117874254	single	1	AS_Female:20,FU_Male:20	0.3929982309070778	False
Isovaleric acid	0.28585307848402036	single	1	AS_Female:20,FU_Male:20	0.39365773777577545	False
2-methoxy-6Z-hexadecenoic acid	0.2869336026510841	single	1	AS_Female:20,FU_Male:20	0.3945868265794002	False
ethyl tetradecanoate	0.28700607860452	single	1	AS_Female:20,FU_Male:20	0.3945868265794002	False
5-O-a-L-Arabinofuranosyl-L-arabinose	0.2870166879827855	single	1	AS_Female:20,FU_Male:20	0.3945868265794002	False
N-oleoyl glutamine	0.2886918368592999	single	1	AS_Female:20,FU_Male:20	0.39666454996388484	False
JWH 369	0.2894065639791801	single	1	AS_Female:20,FU_Male:20	0.3974210387938712	False
N-palmitoyl glycine	0.2904872387090664	single	1	AS_Female:20,FU_Male:20	0.39867891435070846	False
Tenovin-1	0.291212074011386	single	1	AS_Female:20,FU_Male:20	0.3994472697912552	False
Archaetidylglycerol-(glycosyl)-myo-inositol	0.29261710357966286	single	1	AS_Female:20,FU_Male:20	0.40114722976577794	False
Heptadecan-2-one	0.2930399567421574	single	1	AS_Female:20,FU_Male:20	0.40149956721718333	False
(3b,9R)-5-Megastigmene-3,9-diol 9-[apiosyl-(1->6)-glucoside]	0.2935537347150812	single	1	AS_Female:20,FU_Male:20	0.40197601343054956	False
14R-Methyl-8E-hexadecenal	0.29405637198996365	single	1	AS_Female:20,FU_Male:20	0.40238023232405407	False
PI(15:1(9Z)/0:0)	0.29418133466070867	single	1	AS_Female:20,FU_Male:20	0.40238023232405407	False
Genipinic acid	0.2949856924105477	single	1	AS_Female:20,FU_Male:20	0.4031522914858931	False
ponasterone A	0.2950788354039664	single	1	AS_Female:20,FU_Male:20	0.4031522914858931	False
Taxa-4(20),11(12)-dien-5alpha-acetoxy-10beta-ol	0.2953037208363185	single	1	AS_Female:20,FU_Male:20	0.40323198428918616	False
N3'-Acetylgentamicin	0.2955476381555646	single	1	AS_Female:20,FU_Male:20	0.40333756030136525	False
N2-Maltulosylarginine	0.2985381014840903	single	1	AS_Female:20,FU_Male:20	0.4071891513763283	False
6alpha,7alpha-Dihydroxy-3-oxo-5beta-cholan-24-oic Acid	0.2989023307554814	single	1	AS_Female:20,FU_Male:20	0.40745638668863765	False
Sodium lauryl sulfate	0.29929695856019345	single	1	AS_Female:20,FU_Male:20	0.40765508769269093	False
N-Desmethyldiazepam	0.2994000893689191	single	1	AS_Female:20,FU_Male:20	0.40765508769269093	False
3alpha-Hydroxy-6-oxo-5beta-cholan-24-oic Acid	0.2995532428770331	single	1	AS_Female:20,FU_Male:20	0.40765508769269093	False
CPA(18:0)	0.3018413787032466	single	1	AS_Female:20,FU_Male:20	0.41032445143750235	False
Quercetin 3-(3'',4''-diacetylrhamnosyl)-(1->6)-glucoside	0.3018537166502237	single	1	AS_Female:20,FU_Male:20	0.41032445143750235	False
Dihydromaleimide beta-D-glucoside	0.3033639603649814	single	1	AS_Female:20,FU_Male:20	0.4121459865564646	False
Propanoic acid, 2-hydroxy-3-[2-(2-propenyloxy)phenoxy]-	0.3036123259436801	single	1	AS_Female:20,FU_Male:20	0.41225207016805915	False
Cortisone acetate	0.30501024000345955	single	1	AS_Female:20,FU_Male:20	0.4139180443096276	False
7??-(Thiomethyl)spironolactone	0.3055578169741599	single	1	AS_Female:20,FU_Male:20	0.4144288374758774	False
PE(18:4(6Z,9Z,12Z,15Z)/P-18:1(11Z))	0.3060578044818648	single	1	AS_Female:20,FU_Male:20	0.41487454907648086	False
2-nonene-4,6,8-triynal	0.30634411265281764	single	1	AS_Female:20,FU_Male:20	0.41492927911277305	False
17-hydroxy stearic acid	0.30644095458638504	single	1	AS_Female:20,FU_Male:20	0.41492927911277305	False
11-Hydroxyprogesterone 11-glucuronide	0.30668032326427114	single	1	AS_Female:20,FU_Male:20	0.41502127592107346	False
Solanocapsine	0.306880785535804	single	1	AS_Female:20,FU_Male:20	0.4150605484816657	False
Filipin III	0.311693871420271	single	1	AS_Female:20,FU_Male:20	0.4213349317188588	False
4'-O-Methyl-(-)-epicatechin-5-O-sulphate	0.3157699473902734	single	1	AS_Female:20,FU_Male:20	0.42646965504874346	False
Taurochenodeoxycholic acid	0.315844730071209	single	1	AS_Female:20,FU_Male:20	0.42646965504874346	False
Yellow AB	0.3171586081733971	single	1	AS_Female:20,FU_Male:20	0.42800501136443386	False
Avermectin A2b aglycone	0.31999842155634733	single	1	AS_Female:20,FU_Male:20	0.4315967568734913	False
PE(17:0/20:4(5Z,8Z,11Z,14Z))	0.3214257188864824	single	1	AS_Female:20,FU_Male:20	0.43328043731858235	False
Cysteinyl-Methionine	0.3217826503385303	single	1	AS_Female:20,FU_Male:20	0.433520198369272	False
Sulfolithocholic acid	0.3232451648492374	single	1	AS_Female:20,FU_Male:20	0.4352483560066761	False
Indinavir	0.32497331157717346	single	1	AS_Female:20,FU_Male:20	0.4372883707608188	False
Oleic acid	0.32519658538394824	aggregate	2	AS_Female:20,FU_Male:20	0.4372883707608188	False
Lipoxin D4	0.3253020882859292	single	1	AS_Female:20,FU_Male:20	0.4372883707608188	False
Apigenin 7-galacturonide	0.32639268199016336	single	1	AS_Female:20,FU_Male:20	0.43851092291797195	False
cefoperazone	0.3267543468771983	single	1	AS_Female:20,FU_Male:20	0.43875211502539196	False
N-(4-hydroxyphenyl)ethoxycarbothioamide	0.32693466150590955	single	1	AS_Female:20,FU_Male:20	0.43875211502539196	False
Pseudoecgonine	0.32714520393334634	single	1	AS_Female:20,FU_Male:20	0.43879143419536376	False
PC(18:3(9Z,12Z,15Z)/0:0)	0.32739019235813005	single	1	AS_Female:20,FU_Male:20	0.43887688576912115	False
2E,4Z-Heptadien-1-ol	0.3277336171357027	single	1	AS_Female:20,FU_Male:20	0.43909412677672177	False
1-Tetradecene	0.3279774312260041	single	1	AS_Female:20,FU_Male:20	0.43917774391490927	False
1(3)-glyceryl-PGF2alpha	0.3282388957156688	single	1	AS_Female:20,FU_Male:20	0.4392848902861438	False
Momorcharaside B	0.3284237885591408	single	1	AS_Female:20,FU_Male:20	0.4392894983987181	False
Vitexin 2''-O-rhamnoside-4'''-acetate	0.3291632406511463	single	1	AS_Female:20,FU_Male:20	0.4400200578884894	False
Neostigmine methylsulfate	0.32933347579262406	single	1	AS_Female:20,FU_Male:20	0.4400200578884894	False
Crinasiatine	0.3299555636746111	single	1	AS_Female:20,FU_Male:20	0.4406080637927377	False
6-Methylquinoline	0.331236537691051	single	1	AS_Female:20,FU_Male:20	0.4420747837651789	False
N-ethyl arachidonoyl amine	0.3320139780750453	single	1	AS_Female:20,FU_Male:20	0.44286823191167196	False
Quinagolide	0.3326674873342045	single	1	AS_Female:20,FU_Male:20	0.44349558746481776	False
Hoduloside VI	0.3335997123083637	single	1	AS_Female:20,FU_Male:20	0.44449361777575597	False
Tafluprost (free acid)	0.3343439734166169	single	1	AS_Female:20,FU_Male:20	0.44518496275957997	False
PC(16:0/2:0)	0.33448634748437667	single	1	AS_Female:20,FU_Male:20	0.44518496275957997	False
5-methoxytryptamine	0.33515466506858616	single	1	AS_Female:20,FU_Male:20	0.44582072676362755	False
Spinoside A	0.33533231864376944	single	1	AS_Female:20,FU_Male:20	0.44582072676362755	False
7-Hydroxyticlopidine	0.3359248499637446	single	1	AS_Female:20,FU_Male:20	0.4463633708903544	False
Mahaleboside	0.3362852572662194	single	1	AS_Female:20,FU_Male:20	0.4465971518604044	False
MG(24:1(15Z)/0:0/0:0)	0.3372906202637136	single	1	AS_Female:20,FU_Male:20	0.4476867278829225	False
Indole	0.338511469726397	single	1	AS_Female:20,FU_Male:20	0.4490609688808806	False
Malyngamide C acetate	0.3402124814519505	single	1	AS_Female:20,FU_Male:20	0.4508912846344283	False
Nafcillin sodium	0.34039193419784386	single	1	AS_Female:20,FU_Male:20	0.4508912846344283	False
Noladin Ether	0.3404499249532156	single	1	AS_Female:20,FU_Male:20	0.4508912846344283	False
trans,trans-hepta-2,4,6-trienoic acid	0.3418933574314078	single	1	AS_Female:20,FU_Male:20	0.45255539548465734	False
Morphiceptin	0.34712451371387965	single	1	AS_Female:20,FU_Male:20	0.459228659946067	False
N-palmitoyl phenylalanine	0.34752926454557764	single	1	AS_Female:20,FU_Male:20	0.4592444624800408	False
Glycocholic acid	0.3476902484411496	single	1	AS_Female:20,FU_Male:20	0.4592444624800408	False
Malyngamide H	0.3477055347897211	single	1	AS_Female:20,FU_Male:20	0.4592444624800408	False
Niacinamide	0.34870969977560184	single	1	AS_Female:20,FU_Male:20	0.4601483357419636	False
LysoPC(22:4(7Z,10Z,13Z,16Z))	0.3487700107750943	single	1	AS_Female:20,FU_Male:20	0.4601483357419636	False
SM(d18:0/18:1(9Z))	0.3493809860087611	single	1	AS_Female:20,FU_Male:20	0.4607033590017487	False
Hypoxanthine	0.3498400728721305	aggregate	2	AS_Female:20,FU_Male:20	0.4610576028434556	False
JWH 073 N-butanoic acid metabolite	0.3503298579365616	single	1	AS_Female:20,FU_Male:20	0.4614518966618148	False
Lucidenic acid K	0.35076011821770603	single	1	AS_Female:20,FU_Male:20	0.4617673986976978	False
Tauroursodeoxycholic acid	0.3523973792927475	single	1	AS_Female:20,FU_Male:20	0.46367068221072916	False
Melezitose	0.3526131987903367	single	1	AS_Female:20,FU_Male:20	0.4637026367579604	False
Demethylphylloquinone	0.35303886683129126	single	1	AS_Female:20,FU_Male:20	0.4640103673173486	False
DG(22:4(7Z,10Z,13Z,16Z)/22:5(4Z,7Z,10Z,13Z,16Z)/0:0)	0.35379243820176165	single	1	AS_Female:20,FU_Male:20	0.4647485040078486	False
PC(18:1(9E)/2:0)	0.3547338713027527	single	1	AS_Female:20,FU_Male:20	0.4657324850455337	False
EPA	0.35726058623927026	single	1	AS_Female:20,FU_Male:20	0.46844378193525177	False
Ethyl phenylglycidate	0.35731462830593497	single	1	AS_Female:20,FU_Male:20	0.46844378193525177	False
21-oxo-docosanoic acid	0.3573794569328418	single	1	AS_Female:20,FU_Male:20	0.46844378193525177	False
PE(20:4(5Z,8Z,11Z,14Z)/0:0)	0.3598543958842926	single	1	AS_Female:20,FU_Male:20	0.47143262577698714	False
Stigmatellin Y	0.36211115429640406	single	1	AS_Female:20,FU_Male:20	0.4741325606011867	False
5,8,11-dodecatriynoic acid	0.362350251497917	single	1	AS_Female:20,FU_Male:20	0.47418916696024704	False
omega-hydroxy myristic acid	0.3646289202497238	single	1	AS_Female:20,FU_Male:20	0.47691335274153507	False
1b,3a,12a-Trihydroxy-5b-cholanoic acid	0.3654761747863664	single	1	AS_Female:20,FU_Male:20	0.47772570486950655	False
SM(d16:1/17:0)	0.36564466382618577	single	1	AS_Female:20,FU_Male:20	0.47772570486950655	False
5-Sulfosalicylic acid	0.3680422889872481	single	1	AS_Female:20,FU_Male:20	0.48059891134742594	False
17-phenyl-trinor-PGF2alpha isopropyl ester	0.36981818055388826	single	1	AS_Female:20,FU_Male:20	0.482657582275452	False
PE(17:0/20:3(8Z,11Z,14Z))	0.37055761930551545	single	1	AS_Female:20,FU_Male:20	0.4833620669928087	False
gamma-L-Glutamyl-butirosin B	0.371654641358085	single	1	AS_Female:20,FU_Male:20	0.4845319799288766	False
Apionic acid	0.37200242449247956	single	1	AS_Female:20,FU_Male:20	0.48472436474504466	False
PE(22:6(4Z,7Z,10Z,13Z,16Z,19Z)/0:0)	0.37333207261075596	single	1	AS_Female:20,FU_Male:20	0.4861952381875418	False
2-oxo-heptadecanoic acid	0.3748692360765272	single	1	AS_Female:20,FU_Male:20	0.48793463469960885	False
Halaminol A	0.3760364775085935	single	1	AS_Female:20,FU_Male:20	0.48888501006306234	False
PI(16:0/0:0)	0.3761756787008852	single	1	AS_Female:20,FU_Male:20	0.48888501006306234	False
3-[(5-Methyl-2-furanyl)methyl]-1H-pyrrole	0.37620519361730076	single	1	AS_Female:20,FU_Male:20	0.48888501006306234	False
5-Tetradecenoic acid	0.37662498321116145	single	1	AS_Female:20,FU_Male:20	0.48899555529888034	False
PC(16:0/9:0(CHO))	0.37669422165733657	single	1	AS_Female:20,FU_Male:20	0.48899555529888034	False
Kaempferol 3-(2''-(E)-p-coumaroyl-alpha-L-arabinofuranoside)-7-rhamnoside	0.37774347400751607	single	1	AS_Female:20,FU_Male:20	0.49009482881682553	False
VD 2728	0.37828672041801015	single	1	AS_Female:20,FU_Male:20	0.4905367702903066	False
Luteolin 4'-methyl ether 7-sulfate	0.37981283952582334	single	1	AS_Female:20,FU_Male:20	0.49225207949251515	False
PE(18:0/0:0)	0.38167808518807067	single	1	AS_Female:20,FU_Male:20	0.4944048390798925	False
PC(16:1(9Z)/2:0)	0.38194182159654333	single	1	AS_Female:20,FU_Male:20	0.49448189844130025	False
alpha-heptenoic acid	0.38240343811712085	single	1	AS_Female:20,FU_Male:20	0.4948149244690271	False
3-keto stearic acid	0.3844773932008486	single	1	AS_Female:20,FU_Male:20	0.49723278255302056	False
PC(P-20:0/0:0)	0.38496845375752287	single	1	AS_Female:20,FU_Male:20	0.49760204300425137	False
D-xylose	0.3862228045330729	single	1	AS_Female:20,FU_Male:20	0.4989569956107628	False
5-Hydroxyomeprazole	0.38643826172355966	single	1	AS_Female:20,FU_Male:20	0.4989690835374602	False
Xanthine	0.3867417174937018	aggregate	2	AS_Female:20,FU_Male:20	0.49909472177625375	False
PC(18:1(11Z)/22:5(7Z,10Z,13Z,16Z,19Z))	0.3878302210500927	single	1	AS_Female:20,FU_Male:20	0.500232799766795	False
Pyroglutamic acid	0.3881831332727408	single	1	AS_Female:20,FU_Male:20	0.5002549159779868	False
2'-Hydroxybiphenyl-2-sulfinate	0.38826063078175843	single	1	AS_Female:20,FU_Male:20	0.5002549159779868	False
PA(15:0/0:0)	0.38858012369940687	single	1	AS_Female:20,FU_Male:20	0.500400255040566	False
F-Honaucin A	0.38974933340041085	single	1	AS_Female:20,FU_Male:20	0.5016390941852178	False
Urocanic acid	0.39057704118556047	aggregate	2	AS_Female:20,FU_Male:20	0.5024373096228703	False
4-hydroxy Nonenal Glutathione-d3	0.3915691890247476	single	1	AS_Female:20,FU_Male:20	0.5031837824268548	False
RO 40-5966 (Methylmibefradil Metabolite)	0.3917074641590983	single	1	AS_Female:20,FU_Male:20	0.5031837824268548	False
2,2-dimethyl-3-butenoic acid	0.3917808467057502	single	1	AS_Female:20,FU_Male:20	0.5031837824268548	False
Cer(d18:2/18:1)	0.394571054666896	single	1	AS_Female:20,FU_Male:20	0.50625733443692	False
9-keto palmitic acid	0.3945921479068435	single	1	AS_Female:20,FU_Male:20	0.50625733443692	False
D-Glucose	0.3960058243276211	single	1	AS_Female:20,FU_Male:20	0.5078019601150269	False
LysoPC(22:5(7Z,10Z,13Z,16Z,19Z))	0.3966524567384726	single	1	AS_Female:20,FU_Male:20	0.5083618834112452	False
Thioperamide	0.3980431416178135	single	1	AS_Female:20,FU_Male:20	0.509874309977104	False
Normetanephrine	0.39926540299684155	single	1	AS_Female:20,FU_Male:20	0.5111066819853224	False
Piperacillin	0.3994274441620116	single	1	AS_Female:20,FU_Male:20	0.5111066819853224	False
2-Deoxyuridine 5-monophosphate (dUMP)	0.3998407298923906	single	1	AS_Female:20,FU_Male:20	0.5113652440937547	False
Diazepam	0.4004993149653543	single	1	AS_Female:20,FU_Male:20	0.5119370863416699	False
omega-hydroxy behenic	0.40114444256783566	single	1	AS_Female:20,FU_Male:20	0.5124911321671399	False
octadec-11Z-enol	0.4014284917941219	single	1	AS_Female:20,FU_Male:20	0.5125835330345828	False
2,6-Dihydroxypseudooxynicotine	0.401718212999717	single	1	AS_Female:20,FU_Male:20	0.5126830752094438	False
Caffeine	0.4049113644399449	single	1	AS_Female:20,FU_Male:20	0.5164859922598033	False
Nepetaside	0.405666734815208	single	1	AS_Female:20,FU_Male:20	0.5171770221103836	False
5beta-Cholestane-3alpha,7alpha,26-triol	0.4065491865155424	single	1	AS_Female:20,FU_Male:20	0.5180292529232253	False
Sorbitan stearate	0.40804131966741575	single	1	AS_Female:20,FU_Male:20	0.5196570409862249	False
N-Acetyl-D-tryptophan	0.40841070987144246	single	1	AS_Female:20,FU_Male:20	0.5198540108300537	False
7-Ethyltridecan-6-one	0.40903110606496074	single	1	AS_Female:20,FU_Male:20	0.5203701039323542	False
PC(22:5(7Z,10Z,13Z,16Z,19Z)/16:0)	0.40978846049057394	single	1	AS_Female:20,FU_Male:20	0.5209224737590168	False
3-Nitrofluoranthene	0.4100805011932205	single	1	AS_Female:20,FU_Male:20	0.5209224737590168	False
(1R)-Hydroxy-(2R)-N-acetyl-L-cysteinyl-1,2-dihydronaphthalene	0.41011079511965554	single	1	AS_Female:20,FU_Male:20	0.5209224737590168	False
PS(19:0/20:3(8Z,11Z,14Z))	0.41189241509133634	single	1	AS_Female:20,FU_Male:20	0.5226924555965281	False
6,7-dimethyl-4-hydroxy-2-pteridinamine	0.4119360616597173	single	1	AS_Female:20,FU_Male:20	0.5226924555965281	False
Perflutren	0.4129304907047049	single	1	AS_Female:20,FU_Male:20	0.5236797894164958	False
Palmatine	0.4138219791023301	single	1	AS_Female:20,FU_Male:20	0.5244451877499116	False
24-Nor-5beta-chol-22-ene-3alpha,7alpha,12alpha-triol	0.41408885294592046	single	1	AS_Female:20,FU_Male:20	0.5244451877499116	False
Uscharidin	0.4141838905319417	single	1	AS_Female:20,FU_Male:20	0.5244451877499116	False
3Z,6Z,9Z-Eicosatriene	0.4147122453203014	single	1	AS_Female:20,FU_Male:20	0.5245205317811621	False
Ptilosaponoside B	0.41496776398147495	single	1	AS_Female:20,FU_Male:20	0.5245205317811621	False
S-Japonin	0.4150627212979616	single	1	AS_Female:20,FU_Male:20	0.5245205317811621	False
3Z-Hexenyl acetate	0.4151877393365785	single	1	AS_Female:20,FU_Male:20	0.5245205317811621	False
PG(10:0/10:0)	0.4153266664289499	single	1	AS_Female:20,FU_Male:20	0.5245205317811621	False
Pentosidine	0.4160880044633738	single	1	AS_Female:20,FU_Male:20	0.5252080598570532	False
15(S)-HETE	0.41689559444392355	single	1	AS_Female:20,FU_Male:20	0.5259532225892335	False
PC(18:0/20:4(8Z,11Z,14Z,17Z))	0.41748789786717433	single	1	AS_Female:20,FU_Male:20	0.5264261462168901	False
PE(20:3(5Z,8Z,11Z)/P-18:1(11Z))	0.41845191690094186	single	1	AS_Female:20,FU_Male:20	0.5273670436320563	False
3-Hydroxy-7-aminonitrazepam	0.41916778306767266	single	1	AS_Female:20,FU_Male:20	0.5279943823136501	False
Acyclovir triphosphate	0.4209073870697111	single	1	AS_Female:20,FU_Male:20	0.5299099241267657	False
Piroxicam	0.42112662995694383	single	1	AS_Female:20,FU_Male:20	0.5299103800029943	False
Metominostrobin	0.4217126840580526	single	1	AS_Female:20,FU_Male:20	0.5303721600543093	False
SM(d18:0/18:2)	0.42614356688267696	single	1	AS_Female:20,FU_Male:20	0.5356664462216827	False
17-hydroxyandrostane-3-glucuronide	0.42722956039754134	single	1	AS_Female:20,FU_Male:20	0.536600347661491	False
4-(4-Deoxy-??-D-gluc-4-enuronosyl)-D-galacturonate	0.4273298101162142	single	1	AS_Female:20,FU_Male:20	0.536600347661491	False
APC	0.42851427590016666	single	1	AS_Female:20,FU_Male:20	0.5378087412930552	False
3-(6'-Methylthio)hexylmalic acid	0.4288270577988059	single	1	AS_Female:20,FU_Male:20	0.5378639471109024	False
Dehydroepiandrosterone	0.4290025947423183	single	1	AS_Female:20,FU_Male:20	0.5378639471109024	False
25-Dehydrovitamin D3	0.42938043917521396	single	1	AS_Female:20,FU_Male:20	0.5380590285937852	False
2-methoxy-5Z-hexadecenoic acid	0.4300846057259132	single	1	AS_Female:20,FU_Male:20	0.5384876733810828	False
Trimetrexate	0.4302433308779082	single	1	AS_Female:20,FU_Male:20	0.5384876733810828	False
1-Pentanesulfenothioic acid	0.4303897761224268	single	1	AS_Female:20,FU_Male:20	0.5384876733810828	False
Butamifos	0.43315789978736186	single	1	AS_Female:20,FU_Male:20	0.5416711133188032	False
SANGUINARINE	0.4351171143826781	single	1	AS_Female:20,FU_Male:20	0.543840234342005	False
Paroxetine	0.4365288706267014	single	1	AS_Female:20,FU_Male:20	0.5453232176404769	False
17-HDoHE	0.4369327412469889	single	1	AS_Female:20,FU_Male:20	0.5455462437127179	False
4-(2-hydroxy-3-isopropyl-aminopropyl)benzoic scid	0.43751728055244465	single	1	AS_Female:20,FU_Male:20	0.5459945032048806	False
(25S)-5alpha-cholestan-3beta,4beta,6alpha,7alpha,8beta,15beta,16beta,26-octol	0.43898143136606715	single	1	AS_Female:20,FU_Male:20	0.5475394360315552	False
11-dehydro-2,3-dinor-TXB2	0.4398161416708314	single	1	AS_Female:20,FU_Male:20	0.5482980839264072	False
3-oxo-heptadecanoic acid	0.44045134295240707	single	1	AS_Female:20,FU_Male:20	0.5486050955260315	False
8-Methoxycoumestrol	0.4407387800478826	single	1	AS_Female:20,FU_Male:20	0.5486050955260315	False
1-Acetylindole	0.44074221842136774	single	1	AS_Female:20,FU_Male:20	0.5486050955260315	False
Valrubicin	0.4430330485785994	single	1	AS_Female:20,FU_Male:20	0.5511731811967056	False
(25R)-1beta,3alpha,7alpha-trihydroxy-5beta-cholestan-27-oyl taurine	0.44428385939122617	single	1	AS_Female:20,FU_Male:20	0.5520358354515468	False
SM(d18:1/16:0)	0.44433897329848304	single	1	AS_Female:20,FU_Male:20	0.5520358354515468	False
PE(22:4(7Z,10Z,13Z,16Z)/0:0)	0.4444105094155575	single	1	AS_Female:20,FU_Male:20	0.5520358354515468	False
Phytol	0.445207313201602	aggregate	2	AS_Female:20,FU_Male:20	0.5523920160570208	False
I-Methyl-4-nitro-imidazole	0.44522533859609026	single	1	AS_Female:20,FU_Male:20	0.5523920160570208	False
Oxypurinol	0.445381749418961	single	1	AS_Female:20,FU_Male:20	0.5523920160570208	False
Cer(d18:1/22:0)	0.4469872732693837	single	1	AS_Female:20,FU_Male:20	0.5540994309191899	False
15-hydroxy-hexadecanoic acid	0.44762731071928474	single	1	AS_Female:20,FU_Male:20	0.5546088634858691	False
Maltitol	0.4491386580174782	single	1	AS_Female:20,FU_Male:20	0.5561967729208771	False
Viniferifuran	0.4496041508988615	single	1	AS_Female:20,FU_Male:20	0.5564885732751246	False
PC(20:0/18:3(9Z,12Z,15Z))	0.4517610406328848	single	1	AS_Female:20,FU_Male:20	0.55857066619783	False
Elaidic acid	0.4518040819789104	single	1	AS_Female:20,FU_Male:20	0.55857066619783	False
Epinephrine	0.45197849445747584	single	1	AS_Female:20,FU_Male:20	0.55857066619783	False
Nitralin	0.4538736631991658	single	1	AS_Female:20,FU_Male:20	0.5605898464207326	False
1-(2,3-Dihydro-1H-pyrrolizin-5-yl)-2-propen-1-one	0.45407546007065536	single	1	AS_Female:20,FU_Male:20	0.5605898464207326	False
Avermectin A2a aglycone	0.4547971741357735	single	1	AS_Female:20,FU_Male:20	0.5611946781767113	False
AM2232	0.45547612334001397	single	1	AS_Female:20,FU_Male:20	0.5617461510984074	False
3-hydroxypropionic acid	0.45620897111430336	single	1	AS_Female:20,FU_Male:20	0.5623635025803098	False
PE(18:1(11Z)/20:2(11Z,14Z))	0.45724187217665013	single	1	AS_Female:20,FU_Male:20	0.5633499096893995	False
Lipoxin C4	0.45777532519190844	single	1	AS_Female:20,FU_Male:20	0.5637202758339829	False
PI(O-20:0/20:0)	0.45825368939180544	single	1	AS_Female:20,FU_Male:20	0.5640224616256029	False
3-Methoxytyramine-xanthin	0.45851606166567627	single	1	AS_Female:20,FU_Male:20	0.5640586307381109	False
7-Acetamidonitrazepam	0.4588217381065185	single	1	AS_Female:20,FU_Male:20	0.5641480081035456	False
(S)-3,4-Dihydroxybutyric acid	0.4590780810793065	single	1	AS_Female:20,FU_Male:20	0.5641766671538077	False
6a,12b-Dihydro-3,10,11,12-tetrahydroxy-6-(3,4,5-trihydroxyphenyl)-[2]benzopyrano[3,4-c]benzopyran-8(6H)-one	0.4598963380567824	single	1	AS_Female:20,FU_Male:20	0.564610027762378	False
N-Desmethyltrifluoperazine	0.4600176114004607	single	1	AS_Female:20,FU_Male:20	0.564610027762378	False
3-(2,4-Cyclopentadien-1-ylidene)pregn-4-en-20-one	0.46013035306698546	single	1	AS_Female:20,FU_Male:20	0.564610027762378	False
Cholesterol glucuronide	0.4608978363236653	single	1	AS_Female:20,FU_Male:20	0.5652652795033403	False
D-Maltose	0.46259551766420626	single	1	AS_Female:20,FU_Male:20	0.5669599617913033	False
10Z,12Z-octadecadienoic acid	0.46286012788772757	single	1	AS_Female:20,FU_Male:20	0.5669599617913033	False
3,7-Dimethyl-2E-octene-1,8-dioic acid	0.46298217449872225	single	1	AS_Female:20,FU_Male:20	0.5669599617913033	False
pregn-4-en-3-one	0.4684897989065675	single	1	AS_Female:20,FU_Male:20	0.5734144606434782	False
Avermectin A1b monosaccharide	0.4688098208648229	single	1	AS_Female:20,FU_Male:20	0.5735162083444852	False
3beta,23S,25-dihydroxyvitamin D3	0.46927527989060824	single	1	AS_Female:20,FU_Male:20	0.573795683138971	False
LysoPC(22:5(4Z,7Z,10Z,13Z,16Z))	0.4700975727991	single	1	AS_Female:20,FU_Male:20	0.5742547929262156	False
N-palmitoyl tyrosine	0.4701251547210902	single	1	AS_Female:20,FU_Male:20	0.5742547929262156	False
Oxymorphone	0.47044258081076085	single	1	AS_Female:20,FU_Male:20	0.5743527423816702	False
PC(O-1:0/2:0)	0.4716720820256455	single	1	AS_Female:20,FU_Male:20	0.5755635638024635	False
17(20)-Dehydrocryptogenin	0.47259141052583553	single	1	AS_Female:20,FU_Male:20	0.5763948639209309	False
4,11,13,15-Tetrahydroridentin B	0.47314409888158937	single	1	AS_Female:20,FU_Male:20	0.5766872536971985	False
5a-Androstan-3b-ol	0.4733075477473496	single	1	AS_Female:20,FU_Male:20	0.5766872536971985	False
19-Norandrosterone glucuronide	0.47486139181515974	single	1	AS_Female:20,FU_Male:20	0.5782894515012584	False
S-(1,2-DICARBOXYETHYL)GLUTATHIONE	0.47571645537209106	single	1	AS_Female:20,FU_Male:20	0.5790394864031335	False
PC(20:3(8Z,11Z,14Z)/18:2(9Z,12Z))	0.4797363475622344	single	1	AS_Female:20,FU_Male:20	0.5836390439438037	False
2,5-undecadienal	0.480900838649323	single	1	AS_Female:20,FU_Male:20	0.5847618937066855	False
Rhein	0.4824200872930534	single	1	AS_Female:20,FU_Male:20	0.5863147747673104	False
Fusicoplagin A	0.4829448972085333	single	1	AS_Female:20,FU_Male:20	0.5866581014259202	False
Cymorcin diglucoside	0.48324262836884035	single	1	AS_Female:20,FU_Male:20	0.5867253777738026	False
Indicine	0.48430386810986015	single	1	AS_Female:20,FU_Male:20	0.5874888560879933	False
Hydratopyrrhoxanthinol	0.48435677684908496	single	1	AS_Female:20,FU_Male:20	0.5874888560879933	False
Phytolaccoside E	0.4850529300000792	single	1	AS_Female:20,FU_Male:20	0.5878300882342586	False
Gliricidol	0.4851237159405406	single	1	AS_Female:20,FU_Male:20	0.5878300882342586	False
Retinyl ester	0.4869305359063608	single	1	AS_Female:20,FU_Male:20	0.589724275852576	False
2,3-Dinor-6-keto-prostaglandin F1 a	0.48764061298152095	single	1	AS_Female:20,FU_Male:20	0.5902889620141312	False
Eucaglobulin	0.48813250087402316	single	1	AS_Female:20,FU_Male:20	0.5905890977591255	False
Deacetoxycephalosporin C	0.4886408168740394	single	1	AS_Female:20,FU_Male:20	0.5909088000259987	False
Norketotifen	0.4903670808468066	single	1	AS_Female:20,FU_Male:20	0.5924881319165778	False
Methylsyringin	0.4906307770178884	single	1	AS_Female:20,FU_Male:20	0.5924881319165778	False
PA(22:2(13Z,16Z)/0:0)	0.49068100144268423	single	1	AS_Female:20,FU_Male:20	0.5924881319165778	False
Vomitoxin	0.4911343408014227	single	1	AS_Female:20,FU_Male:20	0.5927398998406004	False
20-hydroxy-eicosanoic acid	0.494931694986271	single	1	AS_Female:20,FU_Male:20	0.5970252284811969	False
4-Piperidinemethanol, a,a-diphenyl-	0.4968605346757723	single	1	AS_Female:20,FU_Male:20	0.5990534633715362	False
PE(20:3(8Z,11Z,14Z)/0:0)	0.49900673920979766	single	1	AS_Female:20,FU_Male:20	0.6012750743318875	False
Phenylbutazone	0.49919987583936143	single	1	AS_Female:20,FU_Male:20	0.6012750743318875	False
RETUSOQUINONE	0.49973750141484896	single	1	AS_Female:20,FU_Male:20	0.6016233172179758	False
7alpha-Hydroxy-3-oxo-5beta-cholan-24-oic Acid	0.5003167947421703	single	1	AS_Female:20,FU_Male:20	0.602021351923854	False
ACETYLTRYPTOPHANAMIDE	0.5013241754531745	single	1	AS_Female:20,FU_Male:20	0.6029338443974841	False
hexyl decanoate	0.5016012653348076	single	1	AS_Female:20,FU_Male:20	0.6029675587763502	False
Withanolide A	0.5019996904081705	single	1	AS_Female:20,FU_Male:20	0.6031470225698168	False
Paraxanthine	0.5028148002761186	single	1	AS_Female:20,FU_Male:20	0.603826702117303	False
Phylloflavan	0.5040007546087145	single	1	AS_Female:20,FU_Male:20	0.604950831387059	False
Nervonic acid	0.5047352694853549	single	1	AS_Female:20,FU_Male:20	0.6054370168812531	False
Lamioside	0.5049059632727179	single	1	AS_Female:20,FU_Male:20	0.6054370168812531	False
PC(16:0/5:0(CHO))	0.5060779053096134	single	1	AS_Female:20,FU_Male:20	0.6062540475147914	False
PC(14:0/0:0)	0.5060881577973537	single	1	AS_Female:20,FU_Male:20	0.6062540475147914	False
PA(20:5(5Z,8Z,11Z,14Z,17Z)/22:6(4Z,7Z,10Z,13Z,16Z,19Z))	0.5073431146789806	single	1	AS_Female:20,FU_Male:20	0.6073995257506295	False
11-deoxy-PGF2a	0.5075461547267754	single	1	AS_Female:20,FU_Male:20	0.6073995257506295	False
(21-Methyl-8Z-pentatriacontene	0.5084253513652766	single	1	AS_Female:20,FU_Male:20	0.6081510749285249	False
Auriculoside	0.510700444006376	single	1	AS_Female:20,FU_Male:20	0.6105707530565118	False
gamma-caprolactone	0.5116657832333849	single	1	AS_Female:20,FU_Male:20	0.6114229324817496	False
p-Hydroxyphenylbutazone	0.5133334077404398	single	1	AS_Female:20,FU_Male:20	0.612799046297202	False
Nornantenine	0.5134978579536891	single	1	AS_Female:20,FU_Male:20	0.612799046297202	False
3-Methoxy-4-Hydroxyphenylglycol sulfate	0.5135767306637848	single	1	AS_Female:20,FU_Male:20	0.612799046297202	False
20-acetoxy-clavulone I	0.5148385977776169	single	1	AS_Female:20,FU_Male:20	0.6140020912411874	False
Carbaprostacyclin-biotin	0.5171925121036642	single	1	AS_Female:20,FU_Male:20	0.6162533428014749	False
PC(16:0/O-16:0)	0.5172353542224688	single	1	AS_Female:20,FU_Male:20	0.6162533428014749	False
Alliogenin	0.5177448020196102	single	1	AS_Female:20,FU_Male:20	0.6165568940922166	False
(Z)-[3-(Methylsulfinyl)-1-propenyl] 2-propenyl disulfide	0.5188685858171196	single	1	AS_Female:20,FU_Male:20	0.6175913698442707	False
N-arachidonoyl isoleucine	0.5194867924172977	single	1	AS_Female:20,FU_Male:20	0.6180233535342887	False
Avermectin A1b aglycone	0.521519717796386	single	1	AS_Female:20,FU_Male:20	0.6201371496979619	False
6-sulfatoxymelatonin	0.5221777818433045	single	1	AS_Female:20,FU_Male:20	0.6206148305560335	False
15S-HETrE	0.5227513600041298	single	1	AS_Female:20,FU_Male:20	0.6209916793768392	False
3alpha,7beta,21chi-Trihydroxy-5beta-cholan-24-oic Acid	0.5244816648696067	single	1	AS_Female:20,FU_Male:20	0.6227415942370367	False
PA(18:1(9Z)/0:0)	0.5268977143521111	single	1	AS_Female:20,FU_Male:20	0.6253036110031671	False
15-tetracosenal	0.5274069231915133	single	1	AS_Female:20,FU_Male:20	0.6256012547999283	False
4-Ipomeanol	0.5283589615650232	single	1	AS_Female:20,FU_Male:20	0.6264236268114207	False
6-Thioguanosine monophosphate	0.5286647201137977	single	1	AS_Female:20,FU_Male:20	0.6264793379322096	False
Rhodoxanthin	0.5303930568145176	single	1	AS_Female:20,FU_Male:20	0.6282121919535573	False
PD 123319	0.5306459861813402	single	1	AS_Female:20,FU_Male:20	0.6282121919535573	False
PC(P-19:1(12Z)/0:0)	0.5323330264710955	single	1	AS_Female:20,FU_Male:20	0.6299013964254752	False
13Z-Hexadecen-11-yn-1-ol	0.5327125974722408	single	1	AS_Female:20,FU_Male:20	0.6300425981828505	False
Pyocyanin	0.5338545722380079	single	1	AS_Female:20,FU_Male:20	0.6309165606052848	False
5,7,2'-Trihydroxyflavone 7-glucuronide	0.533972752036443	single	1	AS_Female:20,FU_Male:20	0.6309165606052848	False
Cer(d18:0/18:0)	0.5344187067511956	single	1	AS_Female:20,FU_Male:20	0.6310839379007352	False
Phenylephrine 3-O-sulfate	0.5346357524305692	single	1	AS_Female:20,FU_Male:20	0.6310839379007352	False
Palmyrolide A	0.5356307904791106	single	1	AS_Female:20,FU_Male:20	0.6319503624512314	False
9,12,15-Octadecatrien-1-ol	0.537379775429913	single	1	AS_Female:20,FU_Male:20	0.6337050347373694	False
mafenide	0.5381091149050331	single	1	AS_Female:20,FU_Male:20	0.6342561670813462	False
5-oxo-7-octenoic acid	0.5393638184874499	single	1	AS_Female:20,FU_Male:20	0.6354256956487183	False
N-(2R-methyl-3-hydroxy-ethyl)-16,16-dimethyl-5Z,8Z,11Z,14Z-docosatetraenoyl amine	0.5402656783098936	single	1	AS_Female:20,FU_Male:20	0.6361786027180216	False
4-Hydroxyvalsartan	0.540729231249182	single	1	AS_Female:20,FU_Male:20	0.6364149095062079	False
PGF1alpha	0.5415576429940085	single	1	AS_Female:20,FU_Male:20	0.6370802010148177	False
Riboflavin	0.5419897886320594	single	1	AS_Female:20,FU_Male:20	0.6372789112570256	False
2-Aminobenzoic acid	0.5428404071886472	single	1	AS_Female:20,FU_Male:20	0.6378882518004549	False
3,5-Dinitroguaiacol	0.5430349801572646	single	1	AS_Female:20,FU_Male:20	0.6378882518004549	False
cis-sabinol	0.5469264688385667	single	1	AS_Female:20,FU_Male:20	0.6419139326019284	False
PE(18:3(9Z,12Z,15Z)/18:0)	0.5472022307846552	single	1	AS_Female:20,FU_Male:20	0.6419139326019284	False
4,7,10,13-Eicosatetraenoic acid	0.5472574790955722	single	1	AS_Female:20,FU_Male:20	0.6419139326019284	False
CAY10594	0.5480521888959262	single	1	AS_Female:20,FU_Male:20	0.6425347938581295	False
9-Acetoxyfukinanolide	0.5487896261125413	single	1	AS_Female:20,FU_Male:20	0.6430879403767971	False
Omeprazole sulfide	0.5501451856795407	single	1	AS_Female:20,FU_Male:20	0.6443645353314794	False
N6-Methyl-2'-deoxyadenosine	0.5510856812638605	single	1	AS_Female:20,FU_Male:20	0.6451539817890746	False
PC(18:0/22:6(9Z,11Z,13Z,15Z,17Z,19))	0.5528576400785379	single	1	AS_Female:20,FU_Male:20	0.6467133955506227	False
PE(18:4(6Z,9Z,12Z,15Z)/19:1(9Z))	0.5529519738908669	single	1	AS_Female:20,FU_Male:20	0.6467133955506227	False
2-hydroxy-pentadecanoic acid	0.5535478346492657	single	1	AS_Female:20,FU_Male:20	0.6470976859902812	False
Hydrocinnamic acid	0.5543184208610619	single	1	AS_Female:20,FU_Male:20	0.6476857610543585	False
5-Carboxypyranocyanidin 3-O-beta-glucopyranoside	0.5576171766500704	single	1	AS_Female:20,FU_Male:20	0.6512258488518188	False
(25S)-5alpha-cholestan-3beta,6alpha,7beta,8beta,15alpha,16beta,26-heptol	0.5587847518972909	single	1	AS_Female:20,FU_Male:20	0.6522747754789495	False
Evasterioside B	0.5615656190001949	single	1	AS_Female:20,FU_Male:20	0.6551500284229445	False
22-Angeloyltheasapogenol A	0.5619155842354375	single	1	AS_Female:20,FU_Male:20	0.6551500284229445	False
PC(20:3(5Z,8Z,11Z)/P-18:1(11Z))	0.5620597311170821	single	1	AS_Female:20,FU_Male:20	0.6551500284229445	False
Haplodimerine	0.563776938209998	single	1	AS_Female:20,FU_Male:20	0.6568354029867204	False
Armillaripin	0.5666470643053159	single	1	AS_Female:20,FU_Male:20	0.6598617328923375	False
Oleandolide	0.5676765897747047	single	1	AS_Female:20,FU_Male:20	0.6607427999252693	False
Anhydrorhodovibrin	0.5703433600865486	single	1	AS_Female:20,FU_Male:20	0.6635277629839184	False
Istamycin AP	0.5722838661902327	single	1	AS_Female:20,FU_Male:20	0.665166508205006	False
Fortimicin FU-10	0.5725542490083972	single	1	AS_Female:20,FU_Male:20	0.665166508205006	False
Nonate	0.5726955189628489	single	1	AS_Female:20,FU_Male:20	0.665166508205006	False
PC(22:5(4Z,7Z,10Z,13Z,16Z)/18:2(9Z,12Z))	0.5729382940999127	single	1	AS_Female:20,FU_Male:20	0.665166508205006	False
PA(18:2(9Z,12Z)/0:0)	0.5731257067805215	single	1	AS_Female:20,FU_Male:20	0.665166508205006	False
Glutaminyl-Glutamate	0.5736003014050676	single	1	AS_Female:20,FU_Male:20	0.6653983371833582	False
PE(12:0/22:2(13Z,16Z))	0.5749693637358093	single	1	AS_Female:20,FU_Male:20	0.6663431428424983	False
Austalide L	0.5750541941787242	single	1	AS_Female:20,FU_Male:20	0.6663431428424983	False
PE(17:1(9Z)/18:3(6Z,9Z,12Z))	0.5752404661465599	single	1	AS_Female:20,FU_Male:20	0.6663431428424983	False
Alchornoic acid	0.5777244788161804	single	1	AS_Female:20,FU_Male:20	0.6688229245060957	False
Hericenone C	0.57805013400746	single	1	AS_Female:20,FU_Male:20	0.6688229245060957	False
Taxa-4(20),11(12)-dien-5alpha-yl acetate	0.5782099880178679	single	1	AS_Female:20,FU_Male:20	0.6688229245060957	False
Myrtucommulone A	0.5802636127600544	single	1	AS_Female:20,FU_Male:20	0.6708778445520973	False
N-tert-Butyloxycarbonyl-deacetyl-leupeptin	0.580935880090599	single	1	AS_Female:20,FU_Male:20	0.6713344943672269	False
Veranisatin C	0.581968264831091	single	1	AS_Female:20,FU_Male:20	0.6718944116032831	False
10-hydroxy-hexadecan-1,16-dioic acid	0.5819754568905761	single	1	AS_Female:20,FU_Male:20	0.6718944116032831	False
PC(18:3(6Z,9Z,12Z)/0:0)	0.5836032619757388	single	1	AS_Female:20,FU_Male:20	0.6734525725659025	False
Termitomycesphin A	0.5841567511952788	single	1	AS_Female:20,FU_Male:20	0.6737701260808814	False
3-hydroxy-dodecanedioic acid	0.5850122368767947	single	1	AS_Female:20,FU_Male:20	0.6744355359422476	False
1-Acetyl-3,27-dihydroxywitha-5,24-dienolide 3-glucoside	0.5865707217815338	single	1	AS_Female:20,FU_Male:20	0.6759103843089449	False
Dichotellate B	0.5884495112272752	single	1	AS_Female:20,FU_Male:20	0.6777527434258959	False
JP83	0.5897634641716298	single	1	AS_Female:20,FU_Male:20	0.6789431035470831	False
Arnamiol	0.5906732694117339	single	1	AS_Female:20,FU_Male:20	0.6796672933677794	False
PA(22:4(7Z,10Z,13Z,16Z)/0:0)	0.5915762447449908	single	1	AS_Female:20,FU_Male:20	0.6803829399181105	False
PI(18:1(9Z)/0:0)	0.5941566053204567	single	1	AS_Female:20,FU_Male:20	0.6827240601371619	False
3a,7b,12a-Trihydroxyoxocholanyl-Glycine	0.5941757929405205	single	1	AS_Female:20,FU_Male:20	0.6827240601371619	False
Tuberonic acid	0.5949383821208851	single	1	AS_Female:20,FU_Male:20	0.6832760071701437	False
Fesoterodine	0.5961918045216008	single	1	AS_Female:20,FU_Male:20	0.6843908765987651	False
Tetranor-PGEM	0.5972841640206341	single	1	AS_Female:20,FU_Male:20	0.6850917164790056	False
bayogenin	0.5973682831421647	single	1	AS_Female:20,FU_Male:20	0.6850917164790056	False
8S-hydroxy-2E-Decene-4,6-diynoic acid	0.5983579177603762	single	1	AS_Female:20,FU_Male:20	0.6859017608417949	False
PC(O-11:1(10E)/2:0)	0.6002214415072807	single	1	AS_Female:20,FU_Male:20	0.687538129107464	False
Inosine	0.6003534097204374	aggregate	2	AS_Female:20,FU_Male:20	0.687538129107464	False
??-Hydroxyphenylbutazone	0.6006393505180971	single	1	AS_Female:20,FU_Male:20	0.6875403629334814	False
PS(22:4(7Z,10Z,13Z,16Z)/21:0)	0.6025329662024904	single	1	AS_Female:20,FU_Male:20	0.6893819996106944	False
14-methyl palmitic acid	0.6039116894288248	single	1	AS_Female:20,FU_Male:20	0.6906330657095818	False
DHA	0.605264776582609	single	1	AS_Female:20,FU_Male:20	0.69185364688692	False
Hirusten-12-oic acid	0.6075054990877005	single	1	AS_Female:20,FU_Male:20	0.6940872172210112	False
8,11,14-Docosatriynoic acid	0.6130006969873576	single	1	AS_Female:20,FU_Male:20	0.7000352299086758	False
1,1'-(Tetrahydro-6a-hydroxy-2,3a,5-trimethylfuro[2,3-d]-1,3-dioxole-2,5-diyl)bis-ethanone	0.6165368517013614	single	1	AS_Female:20,FU_Male:20	0.7037414983352174	False
Ascorbyl Palmitate	0.6175415659653273	single	1	AS_Female:20,FU_Male:20	0.7042904174488036	False
PE(22:6(4Z,7Z,10Z,13Z,16Z,19Z)/21:0)	0.6175995688739405	single	1	AS_Female:20,FU_Male:20	0.7042904174488036	False
1,2-di-(9Z,12Z,15Z-octadecatrienoyl)-3-(8-(2E,4Z-decadienoyloxy)-5,6-octadienoyl)-sn-glycerol	0.6179196093252759	single	1	AS_Female:20,FU_Male:20	0.7043236224936407	False
Bis(4-isothiocyanatobutyl) disulfide	0.6214797450510804	single	1	AS_Female:20,FU_Male:20	0.7080482177734897	False
19-hydroxy-nonadecanoic acid	0.6223763194921033	single	1	AS_Female:20,FU_Male:20	0.7087361568628325	False
dolichyl diphosphate	0.624817071692916	single	1	AS_Female:20,FU_Male:20	0.7111810674981428	False
Ambrettolic acid	0.6261451686907655	single	1	AS_Female:20,FU_Male:20	0.712357825846026	False
Kanamycin	0.6266970815439376	single	1	AS_Female:20,FU_Male:20	0.7126508381483667	False
pitavastatin	0.6284135047721118	single	1	AS_Female:20,FU_Male:20	0.714267180776189	False
JWH 200-d5	0.6295923212268744	single	1	AS_Female:20,FU_Male:20	0.715032287314969	False
Leukotriene D4 methyl ester	0.6296773385194192	single	1	AS_Female:20,FU_Male:20	0.715032287314969	False
11-acetoxy-3beta,6alpha-dihydroxy-24-methyl-9,11-seco-5alpha-cholesta-7,22Z-dien-9-one.	0.6347787655661127	single	1	AS_Female:20,FU_Male:20	0.7204872908746174	False
Cyhalofop-butyl	0.6365025680816094	single	1	AS_Female:20,FU_Male:20	0.7221053033390704	False
Methantheline	0.6368177308644156	single	1	AS_Female:20,FU_Male:20	0.7221244620247074	False
Leucyl-leucyl-norleucine	0.6380331198343558	single	1	AS_Female:20,FU_Male:20	0.7231189051418454	False
Streptamine phosphate	0.638292069511823	single	1	AS_Female:20,FU_Male:20	0.7231189051418454	False
lithocholic acid sulfate	0.6386392913805196	single	1	AS_Female:20,FU_Male:20	0.7231738654968372	False
DG(18:0/20:4(5Z,8Z,11Z,14Z)/0:0)	0.6429688641995701	single	1	AS_Female:20,FU_Male:20	0.727736147838784	False
Pyridoxamine 5'-phosphate	0.643908734898692	single	1	AS_Female:20,FU_Male:20	0.7282878603025945	False
2alpha,3alpha-(Difluoromethylene)-5alpha-androstan-17beta-ol acetate	0.6440579549392214	single	1	AS_Female:20,FU_Male:20	0.7282878603025945	False
LysoPE(0:0/22:5(7Z,10Z,13Z,16Z,19Z))	0.6448832520117862	single	1	AS_Female:20,FU_Male:20	0.7287543191111308	False
9-Keto heptadecylic acid	0.6450724931248052	single	1	AS_Female:20,FU_Male:20	0.7287543191111308	False
Phosphocholine	0.6457434971527232	single	1	AS_Female:20,FU_Male:20	0.7291721112904583	False
AS-604850	0.6544457288769203	single	1	AS_Female:20,FU_Male:20	0.7386541303547898	False
7alpha,12alpha-dihydroxy-3-oxocholest-4-en-27-oic acid	0.6563831986948074	single	1	AS_Female:20,FU_Male:20	0.7404956775583079	False
1-Aminocyclopropane-1-carboxylic acid	0.6567860750907926	single	1	AS_Female:20,FU_Male:20	0.7406050711666553	False
11Z,13E,15-Hexadecatrienyl acetate	0.6582211052719114	single	1	AS_Female:20,FU_Male:20	0.7418232202851565	False
PS(22:2(13Z,16Z)/17:2(9Z,12Z))	0.6584791823183813	single	1	AS_Female:20,FU_Male:20	0.7418232202851565	False
Penicilloic G acid	0.6588192072227954	single	1	AS_Female:20,FU_Male:20	0.741861070086692	False
PS(22:1(11Z)/0:0)	0.6605148822345996	single	1	AS_Female:20,FU_Male:20	0.7434247000883151	False
Tuberonic acid glucoside	0.6611579229682645	single	1	AS_Female:20,FU_Male:20	0.7436062984000934	False
Cer(d18:0/17:0)	0.6612905247647258	single	1	AS_Female:20,FU_Male:20	0.7436062984000934	False
N-Acetyl-2,3-dihydro-1H-pyrrole	0.6620865189886698	single	1	AS_Female:20,FU_Male:20	0.7441557393089924	False
PA(22:6(4Z,7Z,10Z,13Z,16Z,19Z)/0:0)	0.6624581108847825	single	1	AS_Female:20,FU_Male:20	0.7442278823443427	False
11-hydroxy-9,10-dihydrojasmonic acid	0.66349367658214	single	1	AS_Female:20,FU_Male:20	0.7450455431379225	False
3-Methylglutaconic acid	0.6660976439492207	single	1	AS_Female:20,FU_Male:20	0.747441664690703	False
2,4-octadienal	0.6662449865355378	single	1	AS_Female:20,FU_Male:20	0.747441664690703	False
Oxotolrestat glucuronide	0.6668506330551274	single	1	AS_Female:20,FU_Male:20	0.7476845000765941	False
5-Oxoavermectin ''2a'' aglycone	0.6670791078750282	single	1	AS_Female:20,FU_Male:20	0.7476845000765941	False
3,4-Dihydroxychalcone 4-beta-L-arabinopyranosyl-(1->4)-galactoside	0.6675675784041486	single	1	AS_Female:20,FU_Male:20	0.7478857507248698	False
6Z,9Z-octadecadienoic acid	0.6684704525410405	single	1	AS_Female:20,FU_Male:20	0.7485508629055777	False
DG(16:0/22:4(7Z,10Z,13Z,16Z)/0:0)	0.6697376651704614	single	1	AS_Female:20,FU_Male:20	0.7496231564390601	False
Omeprazole	0.6705611141433497	single	1	AS_Female:20,FU_Male:20	0.7501979932259933	False
2-Hydroxy-C18-cerebroside	0.6725789150286334	single	1	AS_Female:20,FU_Male:20	0.7521078768056912	False
Saponin H	0.6742698537462268	single	1	AS_Female:20,FU_Male:20	0.7536506537025001	False
HEUDELOTTIN C	0.6768324747860166	single	1	AS_Female:20,FU_Male:20	0.7561658613091583	False
LysoPC(P-18:0)	0.6783416744887323	single	1	AS_Female:20,FU_Male:20	0.7575023957275003	False
Tautomycetin	0.6803325327519059	single	1	AS_Female:20,FU_Male:20	0.7593753166400941	False
bacteriohopane-,32,33,34-triol-35-cyclitolguanine	0.6815792275317281	single	1	AS_Female:20,FU_Male:20	0.7604162718222643	False
Allocholic acid	0.6832619433810995	single	1	AS_Female:20,FU_Male:20	0.7619424988142063	False
DG(12:0/16:0/0:0)[iso2]	0.6839913549820975	single	1	AS_Female:20,FU_Male:20	0.7624047285504871	False
Myristic acid	0.6857783225868794	single	1	AS_Female:20,FU_Male:20	0.7637806819478604	False
Gibberellin A75	0.6858567544628866	single	1	AS_Female:20,FU_Male:20	0.7637806819478604	False
Polyethylene, oxidized	0.6870934641620922	single	1	AS_Female:20,FU_Male:20	0.7646250321321343	False
PI(16:0/22:5(4Z,7Z,10Z,13Z,16Z))	0.6872466211976556	single	1	AS_Female:20,FU_Male:20	0.7646250321321343	False
Moxifloxacin	0.6877690497571929	single	1	AS_Female:20,FU_Male:20	0.7648547861562536	False
PE(19:1(9Z)/0:0)	0.6898073416727755	single	1	AS_Female:20,FU_Male:20	0.7667693178098206	False
14-O-(beta-D-glucopyranosyl)-7S,14R-dihydroxy-7,9,13,17-tetramethyl-2E,4E,8E,10E,12E,16E-octadecahexaenoic acid	0.6914507359505215	single	1	AS_Female:20,FU_Male:20	0.7682180634287546	False
Isomaltose	0.6917453028809109	single	1	AS_Female:20,FU_Male:20	0.7682180634287546	False
Isovalerylglycine	0.6931011206165336	single	1	AS_Female:20,FU_Male:20	0.7693708450310077	False
Nonadecylic acid	0.695594036513782	single	1	AS_Female:20,FU_Male:20	0.7717842174151541	False
3-keto-n-caprylic acid	0.6973273280832669	single	1	AS_Female:20,FU_Male:20	0.7733529369168984	False
PC(O-14:0/2:0)	0.6987115736812988	single	1	AS_Female:20,FU_Male:20	0.7742782419529011	False
10-Hydroxyloganin	0.698801304695204	single	1	AS_Female:20,FU_Male:20	0.7742782419529011	False
PI(18:2(9Z,12Z)/0:0)	0.7019818138878926	single	1	AS_Female:20,FU_Male:20	0.7774464645117054	False
Pelargonidin	0.7023481111424786	single	1	AS_Female:20,FU_Male:20	0.7774964687132788	False
2-Methoxyestradiol-17beta 3-sulfate	0.7034830004725987	single	1	AS_Female:20,FU_Male:20	0.7783968666106771	False
Eremopetasitenin A2	0.7046106814387799	single	1	AS_Female:20,FU_Male:20	0.7792884695126936	False
Armillarin	0.7057046208785364	single	1	AS_Female:20,FU_Male:20	0.780141957601341	False
Talampicillin	0.706129810415463	single	1	AS_Female:20,FU_Male:20	0.7802557147493545	False
18-carboxy dinor Leukotriene B4	0.7076764027764446	single	1	AS_Female:20,FU_Male:20	0.7816079247818305	False
Austalide G	0.712542784298613	single	1	AS_Female:20,FU_Male:20	0.7866238398481268	False
Ptilosteroid B	0.7139158616128078	single	1	AS_Female:20,FU_Male:20	0.7877480775970844	False
17beta-Estradiol 3-(beta-D-glucuronide)	0.7142119084368443	single	1	AS_Female:20,FU_Male:20	0.7877480775970844	False
Carbamoyl phosphate	0.7154199762852481	single	1	AS_Female:20,FU_Male:20	0.7887212033636547	False
Sulfamethoxazole glucuronide	0.7208469068584695	single	1	AS_Female:20,FU_Male:20	0.7941822369735683	False
PE(16:0/0:0)	0.7210295567401499	single	1	AS_Female:20,FU_Male:20	0.7941822369735683	False
Estrone 3-glucuronide	0.7213665708496788	single	1	AS_Female:20,FU_Male:20	0.7941921182478728	False
PS(15:0/20:0)	0.7219091847725753	single	1	AS_Female:20,FU_Male:20	0.7944282437883657	False
methyl 8-[2-(2-formyl-vinyl)-3-hydroxy-5-oxo-cyclopentyl]-octanoate	0.724253025349413	single	1	AS_Female:20,FU_Male:20	0.7966454222493998	False
Cer(d16:2(4E,6E)/22:1(13Z)(2OH))	0.7256433460065672	single	1	AS_Female:20,FU_Male:20	0.7978122346420977	False
3-Sulfinoalanine	0.7278698743212236	single	1	AS_Female:20,FU_Male:20	0.7998969431373956	False
NONOXYNOL-9	0.7303337238498402	single	1	AS_Female:20,FU_Male:20	0.8022404471145477	False
DIMETHYL 4,4-o-PHENYLENE-BIS (3-THIOPHANATE)	0.7308046823047898	single	1	AS_Female:20,FU_Male:20	0.8023937124081161	False
Sumatriptan	0.7317934648760327	single	1	AS_Female:20,FU_Male:20	0.8031151307637693	False
MG(16:0/0:0/0:0)	0.7321496252343919	single	1	AS_Female:20,FU_Male:20	0.8031419314419859	False
Naringenin	0.7364425512564414	single	1	AS_Female:20,FU_Male:20	0.8074852430216688	False
Amoxicillin(hydrolyzed form)	0.7374261418131887	single	1	AS_Female:20,FU_Male:20	0.8078548933098363	False
Taurocholic acid	0.7374682646231541	single	1	AS_Female:20,FU_Male:20	0.8078548933098363	False
MG(0:0/22:6(4Z,7Z,10Z,13Z,16Z,19Z)/0:0)	0.7377807389954762	single	1	AS_Female:20,FU_Male:20	0.8078548933098363	False
3,4,5-Trimethoxycinnamic acid	0.7387361983030005	single	1	AS_Female:20,FU_Male:20	0.8085354141462768	False
5-hydroperoxy-7-[3,5-epidioxy-2-(2-octenyl)-cyclopentyl]-6-heptenoic acid	0.7398511234917431	single	1	AS_Female:20,FU_Male:20	0.8089553347024807	False
5'-Hydroxysulfapyridine glucuronide	0.739907369804572	single	1	AS_Female:20,FU_Male:20	0.8089553347024807	False
N-Butylscopolamine	0.7401222909401053	single	1	AS_Female:20,FU_Male:20	0.8089553347024807	False
(R)-1-O-[b-D-Glucopyranosyl-(1->6)-b-D-glucopyranoside]-1,3-octanediol	0.742843972193745	single	1	AS_Female:20,FU_Male:20	0.8115637439896465	False
Amorphigenol	0.7433139583653268	single	1	AS_Female:20,FU_Male:20	0.8117109125856816	False
Physapruin B	0.7442795303519864	single	1	AS_Female:20,FU_Male:20	0.8123988922372223	False
Triricinolein	0.7454422160067053	single	1	AS_Female:20,FU_Male:20	0.8129358525216278	False
2-amino-14,16-dimethyloctadecan-3-ol	0.7454430370086798	single	1	AS_Female:20,FU_Male:20	0.8129358525216278	False
2,3-Dinor-TXB1	0.7478082912863611	single	1	AS_Female:20,FU_Male:20	0.8151480743828367	False
Alpha-N-Phenylacetyl-L-glutamine	0.7482269279678999	single	1	AS_Female:20,FU_Male:20	0.8152373504096695	False
threo-Syringoylglycerol	0.7486055863671254	single	1	AS_Female:20,FU_Male:20	0.8152830070152095	False
PS(15:1(9Z)/18:2(9Z,12Z))	0.7496842402574153	single	1	AS_Female:20,FU_Male:20	0.816090623050001	False
Physalolactone B 3-glucoside	0.7537530273857495	single	1	AS_Female:20,FU_Male:20	0.8201510468768087	False
13,14-dihydroxy-docosanoic acid	0.755362476784045	single	1	AS_Female:20,FU_Male:20	0.8215330441573104	False
Anatoxin a(s)	0.7577466372931938	single	1	AS_Female:20,FU_Male:20	0.8235818229764584	False
6'-Dehydro-6'-oxoparomamine	0.7579266012356668	single	1	AS_Female:20,FU_Male:20	0.8235818229764584	False
Apigenin 7-sulfate	0.7593248687027458	single	1	AS_Female:20,FU_Male:20	0.8247310485102501	False
Cobalt-precorrin 3	0.7604463262750134	single	1	AS_Female:20,FU_Male:20	0.8255787246241288	False
PS(12:0/12:0)	0.7616531980143032	single	1	AS_Female:20,FU_Male:20	0.8265183291764358	False
22-deoxy-20,21-dihydroxyecdysone	0.7629307855276942	single	1	AS_Female:20,FU_Male:20	0.8275337955925394	False
L-2-Hydroxyglutaric acid	0.7644485386648541	single	1	AS_Female:20,FU_Male:20	0.828622842583791	False
5,6-dihydroxy stearic acid	0.7647312555694942	single	1	AS_Female:20,FU_Male:20	0.828622842583791	False
2-octenal	0.7652369291177319	single	1	AS_Female:20,FU_Male:20	0.828622842583791	False
PE(18:3(9Z,12Z,15Z)/0:0)	0.7653038727870123	single	1	AS_Female:20,FU_Male:20	0.828622842583791	False
L-Olivosyl-oleandolide	0.7676992268603847	single	1	AS_Female:20,FU_Male:20	0.8308125522351022	False
5a-Dihydrotestosterone sulfate	0.7680125947551255	single	1	AS_Female:20,FU_Male:20	0.8308125522351022	False
CerP(d18:1/8:0)	0.7694180051090158	single	1	AS_Female:20,FU_Male:20	0.8319291674946496	False
PC(22:5(4Z,7Z,10Z,13Z,16Z)/16:0)	0.7697320674052107	single	1	AS_Female:20,FU_Male:20	0.8319291674946496	False
LysoPC(18:3(9Z,12Z,15Z))	0.7703378221369871	single	1	AS_Female:20,FU_Male:20	0.8320576524592124	False
Derhamnosylmaysin	0.7705383134298034	single	1	AS_Female:20,FU_Male:20	0.8320576524592124	False
N4-Acetylsulfadoxine	0.7727830661987187	single	1	AS_Female:20,FU_Male:20	0.833873062329567	False
Thaumatin b, recombinant	0.7730833857102244	single	1	AS_Female:20,FU_Male:20	0.833873062329567	False
PE(18:3(6Z,9Z,12Z)/0:0)	0.773345046195681	single	1	AS_Female:20,FU_Male:20	0.833873062329567	False
6,10-Dimethyl-5(E),9-undecadien-2-one	0.77359723171921	single	1	AS_Female:20,FU_Male:20	0.833873062329567	False
Coenzyme Q8	0.7765850982662703	single	1	AS_Female:20,FU_Male:20	0.8367211939931645	False
(23S,24R,25S)-23,24-dihydroxy-spirost-5-en-3beta-yl O-alpha-L-rhamnopyranosyl-(1-2)-beta-D-glucopyranoside	0.7802195849363692	single	1	AS_Female:20,FU_Male:20	0.840263173990636	False
Theophylline	0.783104821560707	single	1	AS_Female:20,FU_Male:20	0.8426895205898612	False
9,11alpha-epoxy-6alpha-acetoxy-cholest-7-en-3beta,5alpha,19-triol	0.7833537596277058	single	1	AS_Female:20,FU_Male:20	0.8426895205898612	False
17-HOME(9Z)	0.7835167744104823	single	1	AS_Female:20,FU_Male:20	0.8426895205898612	False
Isobutyryl-L-carnitine	0.7844121499331901	single	1	AS_Female:20,FU_Male:20	0.8432778929787981	False
LysoPE(0:0/24:6(6Z,9Z,12Z,15Z,18Z,21Z))	0.7874942348954479	single	1	AS_Female:20,FU_Male:20	0.846215509401633	False
Nitenin	0.7892161993635879	single	1	AS_Female:20,FU_Male:20	0.8476896267343594	False
Pentadecanoic acid	0.7903968916371473	aggregate	2	AS_Female:20,FU_Male:20	0.848581319136822	False
Aerobactin	0.7915999914484488	single	1	AS_Female:20,FU_Male:20	0.8494691611426106	False
sn-3-O-(geranylgeranyl)glycerol 1-phosphate	0.7926525085108438	single	1	AS_Female:20,FU_Male:20	0.8494691611426106	False
PE(20:4(5Z,8Z,11Z,14Z)/P-16:0)	0.79299020579801	single	1	AS_Female:20,FU_Male:20	0.8494691611426106	False
Retinol	0.7930786744925414	single	1	AS_Female:20,FU_Male:20	0.8494691611426106	False
Succinyladenosine	0.7935114474080882	single	1	AS_Female:20,FU_Male:20	0.8494691611426106	False
Octan-1-ol	0.7936244020255449	single	1	AS_Female:20,FU_Male:20	0.8494691611426106	False
Pongamoside C	0.7936799845124268	single	1	AS_Female:20,FU_Male:20	0.8494691611426106	False
1(3)-glyceryl-6-keto-PGF1alpha	0.7942501647110478	single	1	AS_Female:20,FU_Male:20	0.8495479115332262	False
N4-Phosphoagmatine	0.7944553786498241	single	1	AS_Female:20,FU_Male:20	0.8495479115332262	False
1,2,10-Trihydroxydihydro-trans-linalyl oxide 7-O-beta-D-glucopyranoside	0.7950990164860677	single	1	AS_Female:20,FU_Male:20	0.8498608030519956	False
PE(12:0/18:3(6Z,9Z,12Z))	0.798180481327565	single	1	AS_Female:20,FU_Male:20	0.8527779988058407	False
14-methyl-8-hexadecen-1-ol	0.8005433294021882	single	1	AS_Female:20,FU_Male:20	0.854925187685354	False
7-methylguanosine 5'-phosphate	0.801653794088539	single	1	AS_Female:20,FU_Male:20	0.8557336135310197	False
5beta-Chola-7,9(11)-dien-24-oic Acid	0.8071362314010192	single	1	AS_Female:20,FU_Male:20	0.8612061772683418	False
Kushenol G	0.808079908054511	single	1	AS_Female:20,FU_Male:20	0.8618332411453618	False
7-Dehydrocholesterol-3-sulfate ester	0.8093043812925519	single	1	AS_Female:20,FU_Male:20	0.8627590960410693	False
3alpha,12alpha,15alpha-Trihydroxy-5beta-cholan-24-oic Acid	0.8100071926405157	single	1	AS_Female:20,FU_Male:20	0.8631282629325213	False
M-Hydroxydesmethylgliquidone	0.8140618736122481	single	1	AS_Female:20,FU_Male:20	0.8670672221800496	False
Ecabet	0.8146551260831296	single	1	AS_Female:20,FU_Male:20	0.867317528692725	False
Cer(d16:2(4E,6E)/24:0(2OH))	0.8153150424652461	single	1	AS_Female:20,FU_Male:20	0.8676385572784004	False
2,3-dinor Fluprostenol	0.8198193928576059	single	1	AS_Female:20,FU_Male:20	0.8720486599772688	False
9-octadecenal	0.8217135280868773	single	1	AS_Female:20,FU_Male:20	0.8736387837117562	False
L-Isoleucine	0.8220359972306405	single	1	AS_Female:20,FU_Male:20	0.8736387837117562	False
Tetranor-PGE1	0.822879031796464	single	1	AS_Female:20,FU_Male:20	0.8741510030624131	False
CAY10435	0.8258288552009077	single	1	AS_Female:20,FU_Male:20	0.8766974656821956	False
7-Geranylformononetin	0.8260003796865297	single	1	AS_Female:20,FU_Male:20	0.8766974656821956	False
gibberellin A28	0.8293999554871305	single	1	AS_Female:20,FU_Male:20	0.8797622326242069	False
Acetyl-N-formyl-5-methoxykynurenamine	0.8296146952007701	single	1	AS_Female:20,FU_Male:20	0.8797622326242069	False
Phytophthora mating hormone alpha1	0.8306523008357408	single	1	AS_Female:20,FU_Male:20	0.8804768915601263	False
Halstoctacosanolide A	0.8315642226795872	single	1	AS_Female:20,FU_Male:20	0.8810577606596415	False
4-methyl-n-(2-oxo-2,5,6,7-tetrahydro-1h-cyclopenta[b]pyridin-4-yl)benzenesulfonamide	0.8325352168015974	single	1	AS_Female:20,FU_Male:20	0.8817006823607467	False
13R-HODE	0.8334563895626769	single	1	AS_Female:20,FU_Male:20	0.8822903013254222	False
PE(19:1(9Z)/22:2(13Z,16Z))	0.8339072114550854	single	1	AS_Female:20,FU_Male:20	0.882381712820263	False
Inodxyl glucuronide	0.8387819975597197	single	1	AS_Female:20,FU_Male:20	0.8871521258593629	False
D-Galactopyranosyl-(1->3)-D-galactopyranosyl-(1->3)-L-arabinose	0.842038482958128	single	1	AS_Female:20,FU_Male:20	0.8899132050443729	False
17alpha-estradiol 3-glucosiduronic acid	0.8421276963059308	single	1	AS_Female:20,FU_Male:20	0.8899132050443729	False
Zolpidem	0.8432370138056818	single	1	AS_Female:20,FU_Male:20	0.8900034194696442	False
1-(10-methyl-hexadecanyl-2-(8-[3]-ladderane-octanyl)-sn-glycerol	0.8432439038195636	single	1	AS_Female:20,FU_Male:20	0.8900034194696442	False
7-oxo-cholestenone	0.8433159208027112	single	1	AS_Female:20,FU_Male:20	0.8900034194696442	False
3-(3'-Methylthio)propylmalic acid	0.8450318707093805	single	1	AS_Female:20,FU_Male:20	0.891425777336562	False
LysoPE(22:5(4Z,7Z,10Z,13Z,16Z)/0:0)	0.8469436077959198	single	1	AS_Female:20,FU_Male:20	0.8930533425409067	False
Isoleucyl-Phenylalanine	0.847665560593098	single	1	AS_Female:20,FU_Male:20	0.8934254776647325	False
(??)-threo-1-(p-Hydroxyphenyl)propylene glycol 4'-glucoside	0.8485348601120968	single	1	AS_Female:20,FU_Male:20	0.8937691667356559	False
N-palmitoyl histidine	0.8487299935255154	single	1	AS_Female:20,FU_Male:20	0.8937691667356559	False
4-methyl-4-pentenoic acid	0.849991238884794	single	1	AS_Female:20,FU_Male:20	0.8947081692782983	False
Avermectin A1a monosaccharide	0.8503810031053753	single	1	AS_Female:20,FU_Male:20	0.8947294256923571	False
Ivermectin B1a	0.8518873418390012	single	1	AS_Female:20,FU_Male:20	0.8957698822492423	False
Tomentolide A	0.8524167079621139	single	1	AS_Female:20,FU_Male:20	0.8957698822492423	False
E-64c	0.8524798879397992	single	1	AS_Female:20,FU_Male:20	0.8957698822492423	False
Icariside II	0.8546156433136933	single	1	AS_Female:20,FU_Male:20	0.89762449998371	False
Sulfanilamide	0.85521414400641	single	1	AS_Female:20,FU_Male:20	0.8977430460505093	False
3,4,7-Trihydroxy-5-methoxy-8-prenylflavan 4-O-(beta-D-xylopyranosyl-(1->6)-beta-D-glucopyranoside)	0.8556366223987127	single	1	AS_Female:20,FU_Male:20	0.8977430460505093	False
Triterpenoid	0.856348338661151	single	1	AS_Female:20,FU_Male:20	0.8977430460505093	False
Prostaglandin M	0.8565046652613266	single	1	AS_Female:20,FU_Male:20	0.8977430460505093	False
Kurilensoside G	0.8565825842117623	single	1	AS_Female:20,FU_Male:20	0.8977430460505093	False
Dihydroferulic acid 4-sulfate	0.8576709141512658	single	1	AS_Female:20,FU_Male:20	0.8984947136132473	False
Pikromycin	0.8586334854655281	single	1	AS_Female:20,FU_Male:20	0.8991140433875621	False
Rhizonin A	0.8599815329777564	single	1	AS_Female:20,FU_Male:20	0.9001363127276906	False
Voriconazole	0.8623360752721163	single	1	AS_Female:20,FU_Male:20	0.9022107338953299	False
Estradiol valerate	0.865676780997176	single	1	AS_Female:20,FU_Male:20	0.9053146811205888	False
3-Indolepropionic acid	0.8662041316041407	single	1	AS_Female:20,FU_Male:20	0.9054750443064009	False
N-(3-oxo-octanoyl)-homoserine lactone	0.8687371466364472	single	1	AS_Female:20,FU_Male:20	0.9076113530060178	False
LysoPE(0:0/22:5(4Z,7Z,10Z,13Z,16Z))	0.8689975697100162	single	1	AS_Female:20,FU_Male:20	0.9076113530060178	False
Eszopiclone	0.8694547193736661	single	1	AS_Female:20,FU_Male:20	0.9076972296695324	False
Glucosyl (2E,6E,10x)-10,11-dihydroxy-2,6-farnesadienoate	0.8700972683738732	single	1	AS_Female:20,FU_Male:20	0.9079765029022185	False
Nicardipine	0.873174972303892	single	1	AS_Female:20,FU_Male:20	0.9107425429460322	False
Fenofibric acid	0.8735002828255625	single	1	AS_Female:20,FU_Male:20	0.9107425429460322	False
??-D-Glucopyranosiduronic acid, 2-(1H-indol-4-yloxy)-1-[[(1-methylethyl)amino]methyl]ethyl	0.874160535676125	single	1	AS_Female:20,FU_Male:20	0.9110385952956946	False
PHOME	0.8745889031055972	single	1	AS_Female:20,FU_Male:20	0.9110928289236879	False
13-OxoODE	0.8761060525796079	single	1	AS_Female:20,FU_Male:20	0.9122807541054756	False
L-Glutamic acid	0.8782357186913297	single	1	AS_Female:20,FU_Male:20	0.9141051912948018	False
C20 Sulfatide	0.8790924719243364	single	1	AS_Female:20,FU_Male:20	0.9146037277734501	False
Visnagin	0.8795355291839944	single	1	AS_Female:20,FU_Male:20	0.9146716134684065	False
ZM 447439	0.8811985037291753	single	1	AS_Female:20,FU_Male:20	0.9158096732990615	False
2-Amino-3-methyl-1-butanol	0.8813864265951314	single	1	AS_Female:20,FU_Male:20	0.9158096732990615	False
LysoPC(22:6(4Z,7Z,10Z,13Z,16Z,19Z))	0.882362839880214	single	1	AS_Female:20,FU_Male:20	0.9160930438346911	False
2,5-Furandicarboxylic acid	0.8824159348296158	single	1	AS_Female:20,FU_Male:20	0.9160930438346911	False
2,3-Dihydro-5-(5-methyl-2-furanyl)-1H-pyrrolizine	0.8854458409156563	single	1	AS_Female:20,FU_Male:20	0.9186904736889734	False
Benzamide	0.8857965812217802	single	1	AS_Female:20,FU_Male:20	0.9186904736889734	False
PS(O-18:0/0:0)	0.8860562809020045	single	1	AS_Female:20,FU_Male:20	0.9186904736889734	False
PS(22:4(7Z,10Z,13Z,16Z)/15:0)	0.8881940661533391	single	1	AS_Female:20,FU_Male:20	0.9204001122147055	False
Serradiol	0.8884655358305521	single	1	AS_Female:20,FU_Male:20	0.9204001122147055	False
Prostaglandin E2	0.8894445558717697	single	1	AS_Female:20,FU_Male:20	0.9210202180348821	False
2-C-Methyl-D-erythritol 4-phosphate	0.8903404323057906	single	1	AS_Female:20,FU_Male:20	0.9215537351912437	False
3beta-Acetoxy-4-oplopanone	0.8920701432850606	single	1	AS_Female:20,FU_Male:20	0.9229494943987743	False
SM(d18:1/18:0)	0.8925321617460688	single	1	AS_Female:20,FU_Male:20	0.9230330472393133	False
Cerarvensin	0.8940163863266404	single	1	AS_Female:20,FU_Male:20	0.9241732157543965	False
Tirandamycin	0.8946351927788989	single	1	AS_Female:20,FU_Male:20	0.9244181825513078	False
Camptothecin	0.8965796213222024	single	1	AS_Female:20,FU_Male:20	0.9259918909939063	False
22-tricosenoic acid	0.8974126323601772	single	1	AS_Female:20,FU_Male:20	0.9259918909939063	False
cis-Resveratrol 3-sulfate	0.897574143617601	single	1	AS_Female:20,FU_Male:20	0.9259918909939063	False
JWH022	0.8976881322439892	single	1	AS_Female:20,FU_Male:20	0.9259918909939063	False
formyl 2,6-dimethyl-tetradecanoate	0.8994768020988608	single	1	AS_Female:20,FU_Male:20	0.9274417963719515	False
Peroxysimulenoline	0.9011587235755935	single	1	AS_Female:20,FU_Male:20	0.928780446903581	False
9-oxo-9,11-seco-campest-5-en-3beta,11-diol	0.9031004382511065	single	1	AS_Female:20,FU_Male:20	0.9303856004280548	False
PC(22:6(4Z,7Z,10Z,13Z,16Z,19Z)/0:0)	0.9041671726065028	single	1	AS_Female:20,FU_Male:20	0.9310883559678194	False
PI(20:1(11Z)/0:0)	0.9055885613149225	single	1	AS_Female:20,FU_Male:20	0.9321555726800287	False
PC(P-14:0/0:0)	0.9070111326462847	single	1	AS_Female:20,FU_Male:20	0.9332230990806015	False
PE(12:0/0:0)	0.9075075207902632	single	1	AS_Female:20,FU_Male:20	0.9333371741007762	False
3,5-Pyridinedicarboxylic acid, 2-(hydroxymethyl)-6-methyl-4-(2-nitrophenyl)-, 5-methyl ester	0.9094202577159447	single	1	AS_Female:20,FU_Male:20	0.934907194874863	False
Calcimycin	0.9103888274433758	single	1	AS_Female:20,FU_Male:20	0.9355056669101922	False
OH-Chlorobactene glucoside ester	0.9111911233752062	single	1	AS_Female:20,FU_Male:20	0.935932842465581	False
Formylfusarochromanone	0.9136488781108729	single	1	AS_Female:20,FU_Male:20	0.938059344319942	False
Phytolaccoside A	0.9154164740085642	single	1	AS_Female:20,FU_Male:20	0.9393818350842913	False
Idebenone Metabolite (Benzenebutanoic acid, 2,5-dihydroxy-3,4-dimethoxy-6-methyl-)	0.9157129825687432	single	1	AS_Female:20,FU_Male:20	0.9393818350842913	False
PC(16:1(9Z)/P-18:1(9Z))	0.9218965915597765	single	1	AS_Female:20,FU_Male:20	0.9453247133274965	False
Goyaglycoside h	0.9246994103486068	single	1	AS_Female:20,FU_Male:20	0.9477973211066795	False
2,5-Dimethylbenzaldehyde	0.9260997924933607	single	1	AS_Female:20,FU_Male:20	0.9487276954493498	False
MG(18:0/0:0/0:0)[rac]	0.9263908599926736	single	1	AS_Female:20,FU_Male:20	0.9487276954493498	False
PC(20:0/20:4(8Z,11Z,14Z,17Z))	0.9277957416476308	single	1	AS_Female:20,FU_Male:20	0.9494937812277066	False
3,5,7,9,11-dodecapentaenoic acid	0.9279232905348012	single	1	AS_Female:20,FU_Male:20	0.9494937812277066	False
Nebrosteroid L	0.9287983569765736	single	1	AS_Female:20,FU_Male:20	0.9499876731053167	False
Trans-2, 3, 4-Trimethoxycinnamate	0.9295200239802078	single	1	AS_Female:20,FU_Male:20	0.9503243150574675	False
Toonacilin	0.9318682889283747	single	1	AS_Female:20,FU_Male:20	0.9523229748820579	False
13E,17-octadecadienoic acid	0.9336893990859589	single	1	AS_Female:20,FU_Male:20	0.9537814494460366	False
Alpha-CEHC	0.9343831744160942	single	1	AS_Female:20,FU_Male:20	0.9538977418572799	False
Difenacoum	0.9345912613322875	single	1	AS_Female:20,FU_Male:20	0.9538977418572799	False
tetranor-PGDM	0.9361269783183586	single	1	AS_Female:20,FU_Male:20	0.9550625429872508	False
H-1152	0.9371865852876098	single	1	AS_Female:20,FU_Male:20	0.9555796015736736	False
Isopropyl tetradecanoate	0.9376087235533954	single	1	AS_Female:20,FU_Male:20	0.9555796015736736	False
MGDG(16:0/18:2(9Z,12Z))	0.9378178989421927	single	1	AS_Female:20,FU_Male:20	0.9555796015736736	False
(1S,3R,4R)-8,10-Dihydroxyfenchone 10-O-b-D-glucoside	0.9387988508277594	single	1	AS_Female:20,FU_Male:20	0.955798106373127	False
3alpha-Hydroxy-5beta-chola-7,9(11)-dien-24-oic Acid	0.9388219318278794	single	1	AS_Female:20,FU_Male:20	0.955798106373127	False
D-Galactose 6-sulfate	0.939868179925837	single	1	AS_Female:20,FU_Male:20	0.9564610607820309	False
PC(20:5(5Z,8Z,11Z,14Z,17Z)/0:0)	0.9417460505460432	single	1	AS_Female:20,FU_Male:20	0.9578237866494346	False
Ganoderic acid Mb	0.9421049744037814	single	1	AS_Female:20,FU_Male:20	0.9578237866494346	False
(7alpha,10beta)-1(10->19)-Abeo-7-acetoxyisoobacun-3,10-olide	0.9423941593552058	single	1	AS_Female:20,FU_Male:20	0.9578237866494346	False
PI(20:2(11Z,14Z)/0:0)	0.9465361863482453	single	1	AS_Female:20,FU_Male:20	0.9616299232686119	False
N??-Acetyl-L-glutamine	0.9496903479181324	single	1	AS_Female:20,FU_Male:20	0.9642147739896657	False
Cer(d18:1/14:0)	0.9498770078336854	single	1	AS_Female:20,FU_Male:20	0.9642147739896657	False
SRT 1720	0.953585745604648	single	1	AS_Female:20,FU_Male:20	0.9675738013867782	False
3alpha,6alpha,7alpha,12alpha-Tetrahydroxy-5beta-cholest-24-en-26-oic acid	0.9570643701911845	single	1	AS_Female:20,FU_Male:20	0.9706966234741758	False
9Z,14Z-Octadecadien-12-ynoic acid	0.9582666270851079	single	1	AS_Female:20,FU_Male:20	0.9715090050975905	False
9,12,15-octadecatrienal	0.9597265195533078	single	1	AS_Female:20,FU_Male:20	0.9725359853531713	False
S-Propyl 1-propanesulfinothioate	0.9606290993494112	single	1	AS_Female:20,FU_Male:20	0.9725359853531713	False
N,N-Diethylphenylacetamide	0.9607638868279041	single	1	AS_Female:20,FU_Male:20	0.9725359853531713	False
C24 Sulfatide	0.9611686750835051	single	1	AS_Female:20,FU_Male:20	0.9725359853531713	False
formyl 2,6,10-trimethyl-tridecanoate	0.9612881507435518	single	1	AS_Female:20,FU_Male:20	0.9725359853531713	False
PC(O-16:0/18:2(9Z,12Z))	0.9618017325181487	single	1	AS_Female:20,FU_Male:20	0.9726491204788797	False
19R-hydroxy-PGE1	0.964913605315304	single	1	AS_Female:20,FU_Male:20	0.9753607005807708	False
Cyanidin 3-(6''-p-coumarylsambubioside)	0.9652888222187225	single	1	AS_Female:20,FU_Male:20	0.9753607005807708	False
Isotrichodermin	0.9680152047674835	single	1	AS_Female:20,FU_Male:20	0.9775047736148159	False
Avideoxycholic acid	0.9682182763851006	single	1	AS_Female:20,FU_Male:20	0.9775047736148159	False
PE(18:4(6Z,9Z,12Z,15Z)/22:6(4Z,7Z,10Z,13Z,16Z,19Z))	0.9717391583505709	single	1	AS_Female:20,FU_Male:20	0.9806504803529522	False
[Nitrilotris(methylene)]trisphosphonic acid	0.9722706319584556	single	1	AS_Female:20,FU_Male:20	0.9807779999880921	False
Bacampicillin	0.9734178248504916	single	1	AS_Female:20,FU_Male:20	0.9814468811387017	False
Hydroxytinidazole	0.9737444892586375	single	1	AS_Female:20,FU_Male:20	0.9814468811387017	False
N-pentadecanoyl-L-Homoserine lactone	0.9780431927879696	single	1	AS_Female:20,FU_Male:20	0.9853693590260817	False
Nebrosteroid K	0.9802413969257819	single	1	AS_Female:20,FU_Male:20	0.9868411826613277	False
Plicamine	0.9803193078482004	single	1	AS_Female:20,FU_Male:20	0.9868411826613277	False
Geissospermine	0.9815820826025136	single	1	AS_Female:20,FU_Male:20	0.9877016716461701	False
10-[5]-ladderane-decanoic acid	0.9824061870949232	single	1	AS_Female:20,FU_Male:20	0.9878577340040056	False
2-(6'-Methylthio)hexylmalic acid	0.9825532521609439	single	1	AS_Female:20,FU_Male:20	0.9878577340040056	False
L-lysine	0.983475085063754	single	1	AS_Female:20,FU_Male:20	0.9883740892234739	False
LysoPC(20:5(5Z,8Z,11Z,14Z,17Z))	0.9839329131427166	single	1	AS_Female:20,FU_Male:20	0.9884238932441978	False
Glutamylphenylalanine	0.9856268738222773	single	1	AS_Female:20,FU_Male:20	0.9897149156050326	False
(4E,8E,d18:2) sphingosine	0.9876908252757775	single	1	AS_Female:20,FU_Male:20	0.9913762388029259	False
Sophoracoumestan A	0.9881702768996626	single	1	AS_Female:20,FU_Male:20	0.9914464319826288	False
pregnenolone sulfate	0.9892387902753841	single	1	AS_Female:20,FU_Male:20	0.9921073368917583	False
Leucodelphinidin 3-O-(beta-D-glucopyranosyl-(1->4)-alpha-L-rhamnopyranoside)	0.9897492768443764	single	1	AS_Female:20,FU_Male:20	0.9922082812588966	False
Ustilic acid A	0.9901728163134645	single	1	AS_Female:20,FU_Male:20	0.9922220150227226	False
Risperidone	0.9941692995194418	single	1	AS_Female:20,FU_Male:20	0.9957508246812832	False
trans-vaccenic acid	0.994516932705222	single	1	AS_Female:20,FU_Male:20	0.9957508246812832	False
(1R,3S,4S,6R)-6,9-Dihydroxyfenchone 6-O-b-D-glucoside	0.9983295785850812	single	1	AS_Female:20,FU_Male:20	0.9990029708619361	False
9-oxo-24-methylene-9,11-seco-cholest-5-en-3beta,11-diol	0.9986264422895166	single	1	AS_Female:20,FU_Male:20	0.9990029708619361	False
S-Furanopetasitin	0.9990029708619361	single	1	AS_Female:20,FU_Male:20	0.9990029708619361	False
