Input name	RefMet_ID	Formula	Exact mass	Super class	Main class	Sub class	PubChem_CID	ChEBI_ID	HMDB_ID	LM_ID	KEGG_ID	INCHI_KEY	SMILES	Standardized name	ChEBI_ID_Step1_reactome	Reactome_Pathways_Step1	KEGG_Compounds_Step1	KEGG_Pathways_Step1	CHEBI_Exact_From_Names	CHEBI_Fuzzy_From_Names	CHEBI_From_Names_All	CHEBI_ID_Step2	KEGG_Exact_From_Names	KEGG_Fuzzy_From_Names	KEGG_From_Names_All	KEGG_ID_Step2	ChEBI_ID_Step2_reactome	Reactome_Pathways_Step2	KEGG_Compounds_Step2	KEGG_Pathways_Step2	CHEBI_RO_Equivalents	CHEBI_ID_Step3	KEGG_ID_Step3	ChEBI_ID_Step3_reactome	Reactome_Pathways_Step3	KEGG_Compounds_Step3	KEGG_Pathways_Step3	CHEBI_is_a_Equivalents	CHEBI_ID_Step4	KEGG_ID_Step4	ChEBI_ID_Step4_reactome	Reactome_Pathways_Step4	KEGG_Compounds_Step4	KEGG_Pathways_Step4	CHEBI_IsA_Generalisation	Reactome_Pathways_IsA_Generalisation	n_pathways_isa_generalisation
Obscuraminol A	RM0121081	C18H31NO	277.2406	Sphingolipids	Sphingoid bases	Sphingoid base analogs	10062076	CHEBI:73892		LMSP01080035		YNNQTVPKSXTDCK-SABUVIKOSA-N	CC/C=C\C/C=C\C/C=C\C/C=C\CC[C@H]([C@H](C)N)O	Obscuraminol A					CHEBI:73892	CHEBI:73892	CHEBI:73892	CHEBI:73892										CHEBI:73892							CHEBI:73892						CHEBI:35785	R-HSA-1660661	1
Presphaerol	-	-	-	-	-	-	-		-	-		-	-	-					CHEBI:188193	CHEBI:188193	CHEBI:188193	CHEBI:188193										CHEBI:188193							CHEBI:188193						CHEBI:30879	R-HSA-1483166,R-HSA-2022377,R-HSA-8935690	3
5-(1-oxopropan-2-yl)isolongifol-5-ene	-	-	-	-	-	-	-		-	-		-	-	-					CHEBI:48329	CHEBI:48329	CHEBI:48329	CHEBI:48329										CHEBI:48329							CHEBI:48329						CHEBI:18059	R-HSA-1222556,R-HSA-1369062,R-HSA-5682294,R-HSA-804914,R-HSA-8941413	5
9R,10S-Epoxy-3Z,6Z-eicosadiene	-	-	-	-	-	-	-		-	-		-	-	-					CHEBI:188203	CHEBI:188203	CHEBI:188203	CHEBI:188203										CHEBI:188203							CHEBI:188203								0
11Z,19-Eicosadienyl acetate	-	-	-	-	-	-	-		-	-		-	-	-					CHEBI:188235	CHEBI:188235	CHEBI:188235	CHEBI:188235										CHEBI:188235							CHEBI:188235								0
3E,6Z-Heneicosadien-11-one	-	-	-	-	-	-	-		-	-		-	-	-					CHEBI:188249	CHEBI:188249	CHEBI:188249	CHEBI:188249										CHEBI:188249							CHEBI:188249								0
Anandamide (20:2, n-6)	RM0153135	C22H41NO2	351.3137	Fatty Acyls	Fatty amides	NAE	5283444	CHEBI:73733		LMFA08040002		MWQCBVWCBTUPDQ-HZJYTTRNSA-N	CCCCC/C=C\C/C=C\CCCCCCCCCC(=O)NCCO	Eicosadienoyl-EA								CHEBI:73733										CHEBI:73733							CHEBI:73733						CHEBI:18059,CHEBI:30879	R-HSA-1222556,R-HSA-1369062,R-HSA-1483166,R-HSA-2022377,R-HSA-5682294,R-HSA-804914,R-HSA-8935690,R-HSA-8941413	8
C16 Sphinganine	RM0135377	C16H35NO2	273.2668	Sphingolipids	Sphingoid bases	Sphinganines	656816	CHEBI:71050		LMSP01040001	C13915	ZKLREJQHRKUJHD-JKSUJKDBSA-N	CCCCCCCCCCCCC[C@H]([C@H](CO)N)O	C16 Sphinganine					CHEBI:71009,CHEBI:71050	CHEBI:71009,CHEBI:71050	CHEBI:71009,CHEBI:71050	CHEBI:71009,CHEBI:71050	C13915	C13915	C13915	C13915						CHEBI:71009,CHEBI:71050	C13915						CHEBI:71009,CHEBI:71050	C13915					CHEBI:35785,CHEBI:84410	R-HSA-1660661,R-HSA-5218921,R-HSA-9009391,R-HSA-9840310,R-HSA-9845614	5
Sulfometuron methyl	RM0137165	C15H16N4O5S	364.0841	Organic nitrogen compounds	Organonitrogen compounds	Sulfonylureas	52997	CHEBI:9348	HMDB0258595		C10955	ZDXMLEQEMNLCQG-UHFFFAOYSA-N	Cc1cc(C)nc(n1)NC(=O)NS(=O)(=O)c1ccccc1C(=O)OC	Sulfometuron methyl					CHEBI:9348	CHEBI:9348	CHEBI:9348	CHEBI:9348	C10955	C10955	C10955	C10955						CHEBI:9348	C10955						CHEBI:9348	C10955							0
Citpressine II	-	-	-	-	-	-	-		-	-		-	-	-					CHEBI:172546	CHEBI:172546	CHEBI:172546	CHEBI:172546										CHEBI:172546							CHEBI:172546								0
Hippeastrine	RM0204030	C17H17NO5	315.1107	Alkaloids	Tyrosine alkaloids	Amarylidaceae alkaloids	441594					DGQPIOQRPAGNGB-DANNLKNASA-N	CN1CCC2=C[C@@H]([C@@H]3[C@@H](c4cc5c(cc4C(=O)O3)OCO5)[C@H]12)O	Hippeastrine					CHEBI:5724	CHEBI:5724	CHEBI:5724	CHEBI:5724	C08528	C08528	C08528	C08528						CHEBI:5724	C08528						CHEBI:5724	C08528					CHEBI:30879	R-HSA-1483166,R-HSA-2022377,R-HSA-8935690	3
Dexrazoxane	-	-	-	-	-	-	-		-	-		-	-	-					CHEBI:50223	CHEBI:50223	CHEBI:50223	CHEBI:50223										CHEBI:50223							CHEBI:50223								0
3alpha-Hydroxy-7,12-dioxo-5beta-cholan-24-oic Acid	RM0135824	C24H36O5	404.2563	Sterol Lipids	Bile acids	C24 bile acids	3080560	CHEBI:138389		LMST04010192		MAFJMPFLJJCSTB-FQBQTYDJSA-N	C[C@H](CCC(=O)O)[C@H]1CC[C@H]2[C@H]3[C@H](CC(=O)[C@]12C)[C@@]1(C)CC[C@H](C[C@H]1CC3=O)O	7,12-Diketolithocholic acid					CHEBI:138389	CHEBI:138389	CHEBI:138389	CHEBI:138389									CHEBI:137789	CHEBI:137789,CHEBI:138389							CHEBI:137789,CHEBI:138389						CHEBI:30879,CHEBI:35341	R-HSA-1483166,R-HSA-196071,R-HSA-2022377,R-HSA-8935690	4
Hexadecanedioic acid	RM0139429	C16H30O4	286.2144	Fatty Acyls	Fatty acids	Dicarboxylic acids	10459	CHEBI:73722	HMDB0000672	LMFA01170022	C19615	QQHJDPROMQRDLA-UHFFFAOYSA-N	C(CCCCCCCC(=O)O)CCCCCCC(=O)O	Hexadecanedioic acid			C19615	map01100,map00073	CHEBI:73722	CHEBI:73722	CHEBI:73722	CHEBI:73722	C19615	C19615	C19615	C19615			C19615	map01100,map00073	CHEBI:76276	CHEBI:73722,CHEBI:76276	C19615			C19615	map01100,map00073		CHEBI:73722,CHEBI:76276	C19615			C19615	map01100,map00073	CHEBI:18059,CHEBI:33575	R-HSA-1222556,R-HSA-1369062,R-HSA-5682294,R-HSA-6809371,R-HSA-804914,R-HSA-8941413	6
2',7-Dihydroxy-4'-methoxy-8-prenylflavan 2',7-diglucoside	-	-	-	-	-	-	-		-	-		-	-	-					CHEBI:168214	CHEBI:168214	CHEBI:168214	CHEBI:168214										CHEBI:168214							CHEBI:168214								0
16-phenyl-tetranor-PGE2	RM0139510	C22H28O5	372.1937	Fatty Acyls	Eicosanoids	Prostaglandins	5283067	CHEBI:165308		LMFA03010066		DXWJXQSQVUJRNS-YYWARMNLSA-N	C(=C\C[C@@H]1[C@@H](/C=C/[C@H](Cc2ccccc2)O)[C@@H](CC1=O)O)\CCCC(=O)O	16-Phenyl-tetranor-PGE2					CHEBI:165308	CHEBI:165308	CHEBI:165308	CHEBI:165308										CHEBI:165308							CHEBI:165308						CHEBI:18059	R-HSA-1222556,R-HSA-1369062,R-HSA-5682294,R-HSA-804914,R-HSA-8941413	5
3-O-Acetylhamayne	-	-	-	-	-	-	-		-	-		-	-	-					CHEBI:31120	CHEBI:31120	CHEBI:31120	CHEBI:31120	C12165	C12165	C12165	C12165						CHEBI:31120	C12165						CHEBI:31120	C12165							0
Dihydroisolysergic acid II	-	-	-	-	-	-	-		-	-		-	-	-																																	0
8-hydroxy-17-octadecene-9,11-diynoic acid	-	-	-	-	-	-	-		-	-		-	-	-																																	0
Ribothymidine	RM0138932	C10H14N2O6	258.0852	Nucleic acids	Pyrimidines	Pyrimidine ribonucleosides	445408	CHEBI:45996	HMDB0000884			DWRXFEITVBNRMK-JXOAFFINSA-N	Cc1cn([C@H]2[C@@H]([C@@H]([C@@H](CO)O2)O)O)c(=O)[nH]c1=O	Ribothymidine					CHEBI:45996	CHEBI:45996	CHEBI:45996	CHEBI:45996										CHEBI:45996							CHEBI:45996								0
URB597	-	-	-	-	-	-	-		-	-		-	-	-					CHEBI:188061	CHEBI:188061	CHEBI:188061	CHEBI:188061										CHEBI:188061							CHEBI:188061								0
3'-O-methylbatatasin III	-	-	-	-	-	-	-		-	-		-	-	-					CHEBI:137813	CHEBI:137813	CHEBI:137813	CHEBI:137813	C10271	C10271	C10271	C10271						CHEBI:137813	C10271						CHEBI:137813	C10271							0
(10S)-Juvenile hormone III diol	RM0224421	C16H28O4	284.1988	Prenol Lipids	Isoprenoids	C15 isoprenoids	10859043	CHEBI:80537			C16505	MBJDYYPZJXVUHJ-RATZTOCSSA-N	C/C(=CCC/C(=C/C(=O)OC)/C)/CC[C@@H](C(C)(C)O)O	Juvenile hormone III diol			C16505	map00981	CHEBI:80537	CHEBI:80537	CHEBI:80537	CHEBI:80537	C16505	C16505	C16505	C16505			C16505	map00981		CHEBI:80537	C16505			C16505	map00981		CHEBI:80537	C16505			C16505	map00981	CHEBI:30879	R-HSA-1483166,R-HSA-2022377,R-HSA-8935690	3
Neopterin	RM0029599	C9H11N5O4	253.0811	Organoheterocyclic compounds	Pterins	Biopterins	135408877		HMDB0000845		C05926	BMQYVXCPAOLZOK-UHFFFAOYSA-N	c1c(C(C(CO)O)O)nc2c(n1)nc(N)[nH]c2=O	Neopterin			C05926	map00790	CHEBI:28670	CHEBI:28670	CHEBI:28670	CHEBI:28670	C05926	C05926	C05926	C05926			C05926	map00790		CHEBI:28670	C05926			C05926	map00790	CHEBI:49751,CHEBI:49771,CHEBI:179056,CHEBI:232415	CHEBI:28670,CHEBI:49751,CHEBI:49771,CHEBI:179056,CHEBI:232415	C05926			C05926	map00790			0
Ichangin 4-glucoside	-	-	-	-	-	-	-		-	-		-	-	-					CHEBI:168813	CHEBI:168813	CHEBI:168813	CHEBI:168813										CHEBI:168813							CHEBI:168813						CHEBI:18059	R-HSA-1222556,R-HSA-1369062,R-HSA-5682294,R-HSA-804914,R-HSA-8941413	5
(R)-(+)-alpha-Terpineol	RM0135327	C10H18O	154.1358	Prenol Lipids	Isoprenoids	C10 isoprenoids	442501	CHEBI:300	HMDB0004043	LMPR0102090028	C09902	WUOACPNHFRMFPN-VIFPVBQESA-N	CC1=CC[C@@H](CC1)C(C)(C)O	(R)-alpha-Terpineol					CHEBI:300	CHEBI:300	CHEBI:300	CHEBI:300	C09902	C09902	C09902	C09902					CHEBI:128	CHEBI:128,CHEBI:300	C09902,C11393			C11393	map01100,map01110,map00902,map01062		CHEBI:128,CHEBI:300	C09902,C11393			C11393	map01100,map01110,map00902,map01062	CHEBI:30879	R-HSA-1483166,R-HSA-2022377,R-HSA-8935690	3
11S-HpODE	RM0150752	C18H32O4	312.2301	Fatty Acyls	Octadecanoids	HpODE	5281026	CHEBI:15657	HMDB0062281	LMFA02000115	C07338	PLWDMWAXENHPLY-PDBSFCERSA-N	CCCCC/C=C\[C@@H](/C=C\CCCCCCCC(=O)O)OO	11S-HpODE			C07338	map00591				CHEBI:15657	C07338	C07338	C07338	C07338			C07338	map00591	CHEBI:57467,CHEBI:134247,CHEBI:134248	CHEBI:15657,CHEBI:57467,CHEBI:134247,CHEBI:134248	C07338			C07338	map00591		CHEBI:15657,CHEBI:57467,CHEBI:134247,CHEBI:134248	C07338			C07338	map00591	CHEBI:15904	R-HSA-1369062,R-HSA-192456,R-HSA-3000471,R-HSA-390247,R-HSA-5684045,R-HSA-77289,R-HSA-8963901,R-HSA-8964058,R-HSA-975634	9
Bifenazate	RM0137052	C17H20N2O3	300.1474	Benzenoids	Biphenyls	Biphenyls	176879	CHEBI:38660				VHLKTXFWDRXILV-UHFFFAOYSA-N	CC(C)OC(=O)NNc1cc(ccc1OC)c1ccccc1	Bifenazate					CHEBI:38660	CHEBI:38660	CHEBI:38660	CHEBI:38660	C18589	C18589	C18589	C18589						CHEBI:38660	C18589						CHEBI:38660	C18589							0
Biocytin	RM0158825	C16H28N4O4S	372.1831	Organoheterocyclic compounds	Heterocyclic compounds	Biotins	83814	CHEBI:27870	HMDB0003134		C05552	BAQMYDQNMFBZNA-MNXVOIDGSA-N	C(CCC(=O)NCCCC[C@@H](C(=O)O)N)C[C@H]1[C@@H]2[C@H](CS1)NC(=O)N2	Biocytin			C05552	map01100,map00780,map04977	CHEBI:195545,CHEBI:27870,CHEBI:27870	CHEBI:195545,CHEBI:27870,CHEBI:27870	CHEBI:195545,CHEBI:27870,CHEBI:27870	CHEBI:27870,CHEBI:195545	C05552	C05552	C05552	C05552	CHEBI:195545	R-HSA-196780,R-HSA-3371598	C05552	map01100,map00780,map04977		CHEBI:27870,CHEBI:195545	C05552	CHEBI:195545	R-HSA-196780,R-HSA-3371598	C05552	map01100,map00780,map04977		CHEBI:27870,CHEBI:195545	C05552	CHEBI:195545	R-HSA-196780,R-HSA-3371598	C05552	map01100,map00780,map04977			0
Indolelactic acid	RM0044363	C11H11NO3	205.0739	Alkaloids	Tryptophan alkaloids	Indolecarboxylic acids	676158	CHEBI:55528	HMDB0000671			XGILAAMKEQUXLS-SNVBAGLBSA-N	c1ccc2c(c1)c(C[C@H](C(=O)O)O)c[nH]2	Indolelactic acid	CHEBI:55528	R-HSA-71240						CHEBI:55528					CHEBI:55528	R-HSA-71240			CHEBI:55529	CHEBI:55528,CHEBI:55529		CHEBI:55528	R-HSA-71240				CHEBI:55528,CHEBI:55529		CHEBI:55528	R-HSA-71240					0
Heptadecanoic acid	RM0149933	C17H34O2	270.2559	Fatty Acyls	Fatty acids	Saturated FA	10465	CHEBI:32365	HMDB0002259	LMFA01010017		KEMQGTRYUADPNZ-UHFFFAOYSA-N	CCCCCCCCCCCCCCCCC(=O)O	Margaric acid					CHEBI:32365	CHEBI:32365	CHEBI:32365	CHEBI:32365									CHEBI:32366	CHEBI:32365,CHEBI:32366							CHEBI:32365,CHEBI:32366						CHEBI:15904	R-HSA-1369062,R-HSA-192456,R-HSA-3000471,R-HSA-390247,R-HSA-5684045,R-HSA-77289,R-HSA-8963901,R-HSA-8964058,R-HSA-975634	9
Bixindial/ Bixin aldehyde	-	-	-	-	-	-	-		-	-		-	-	-																																	0
XYLOCARPUS A	-	-	-	-	-	-	-		-	-		-	-	-					CHEBI:188062	CHEBI:188062	CHEBI:188062	CHEBI:188062										CHEBI:188062							CHEBI:188062						CHEBI:18059	R-HSA-1222556,R-HSA-1369062,R-HSA-5682294,R-HSA-804914,R-HSA-8941413	5
2Z-octadecenoic acid	-	-	-	-	-	-	-		-	-		-	-	-																																	0
Etiocholan-3alpha-ol-17-one 3-glucuronide	-	-	-	-	-	-	-		-	-		-	-	-					CHEBI:37451	CHEBI:37451	CHEBI:37451	CHEBI:37451	C11136	C11136	C11136	C11136			C11136	map00140		CHEBI:37451	C11136			C11136	map00140		CHEBI:37451	C11136			C11136	map00140	CHEBI:35341	R-HSA-196071	1
Androsterone 3-glucuronide	RM0135838	C25H38O8	466.2567	Sterol Lipids	Steroids	C19 Steroids	114833	CHEBI:28832	HMDB0002829	LMST05010013	C11135	VFUIRAVTUVCQTF-BSOWLZGZSA-N	C[C@]12CC[C@H](C[C@@H]1CC[C@H]1[C@@H]3CCC(=O)[C@@]3(C)CC[C@H]21)O[C@H]1[C@@H]([C@H]([C@@H]([C@@H](C(=O)O)O1)O)O)O	Androsterone 3-glucuronide			C11135	map01100,map00140	CHEBI:28832	CHEBI:28832	CHEBI:28832	CHEBI:28832	C11135	C11135	C11135	C11135			C11135	map01100,map00140		CHEBI:28832	C11135			C11135	map01100,map00140		CHEBI:28832	C11135			C11135	map01100,map00140	CHEBI:35341	R-HSA-196071	1
Muricin E	-	-	-	-	-	-	-		-	-		-	-	-					CHEBI:171723	CHEBI:171723	CHEBI:171723	CHEBI:171723										CHEBI:171723							CHEBI:171723								0
4,5-(methanoxy-2-methylethano)isolongifol-4-ene	-	-	-	-	-	-	-		-	-		-	-	-					CHEBI:48331	CHEBI:48331	CHEBI:48331	CHEBI:48331										CHEBI:48331							CHEBI:48331						CHEBI:18059	R-HSA-1222556,R-HSA-1369062,R-HSA-5682294,R-HSA-804914,R-HSA-8941413	5
6-Hydroxymelatonin	RM0136254	C13H16N2O3	248.1161	Alkaloids	Tryptophan alkaloids	3-Alkylindoles	1864	CHEBI:2198	HMDB0004081		C05643	OMYMRCXOJJZYKE-UHFFFAOYSA-N	CC(=O)NCCc1c[nH]c2cc(c(cc12)OC)O	6-Hydroxymelatonin			C05643	map00380	CHEBI:2198,CHEBI:28736	CHEBI:2198,CHEBI:28736	CHEBI:2198,CHEBI:28736	CHEBI:2198,CHEBI:28736	C05643,C05647	C05643,C05647	C05643,C05647	C05643,C05647			C05643,C05647	map00380,map00380		CHEBI:2198,CHEBI:28736	C05643,C05647			C05643,C05647	map00380,map00380		CHEBI:2198,CHEBI:28736	C05643,C05647			C05643,C05647	map00380,map00380			0
Remifentanil	RM0204256	C20H28N2O5	376.1998	Organic acids	Amino acids and peptides	Amino acids	60815	CHEBI:8802	HMDB0015036		C08021	ZTVQQQVZCWLTDF-UHFFFAOYSA-N	CCC(=O)N(c1ccccc1)C1(CCN(CCC(=O)OC)CC1)C(=O)OC	Remifentanil					CHEBI:8802,CHEBI:8802,CHEBI:8802	CHEBI:8802,CHEBI:8802,CHEBI:8802	CHEBI:8802,CHEBI:8802,CHEBI:8802	CHEBI:8802	C08021	C08021	C08021	C08021						CHEBI:8802	C08021						CHEBI:8802	C08021							0
coumarin-SAHA	-	-	-	-	-	-	-		-	-		-	-	-					CHEBI:188189	CHEBI:188189	CHEBI:188189	CHEBI:188189										CHEBI:188189							CHEBI:188189								0
MG(0:0/18:1(9Z)/0:0)	RM0135020	C21H40O4	356.2927	Glycerolipids	Monoradylglycerols	MAG	5319879	CHEBI:73990	HMDB0011537	LMGL01010024		UPWGQKDVAURUGE-KTKRTIGZSA-N	CCCCCCCC/C=C\CCCCCCCC(=O)OC(CO)CO	MG 0:0/18:1(9Z)/0:0					CHEBI:73990	CHEBI:73990	CHEBI:73990	CHEBI:73990										CHEBI:73990							CHEBI:73990						CHEBI:17389	R-HSA-1482883,R-HSA-163560,R-HSA-75109	3
trans-9-palmitoleic acid	RM0153618	C16H30O2	254.2246	Fatty Acyls	Fatty acids	Unsaturated FA	5282745	CHEBI:59265	HMDB0012328	LMFA01030057	C08362	SECPZKHBENQXJG-BQYQJAHWSA-N	CCCCCC/C=C/CCCCCCCC(=O)O	Palmitelaidic acid			C08362	map01100,map00061	CHEBI:59265	CHEBI:59265	CHEBI:59265	CHEBI:59265	C08362	C08362	C08362	C08362			C08362	map01100,map00061		CHEBI:59265	C08362			C08362	map01100,map00061		CHEBI:59265	C08362			C08362	map01100,map00061	CHEBI:15904	R-HSA-1369062,R-HSA-192456,R-HSA-3000471,R-HSA-390247,R-HSA-5684045,R-HSA-77289,R-HSA-8963901,R-HSA-8964058,R-HSA-975634	9
Chlorbufam	-	-	-	-	-	-	-		-	-		-	-	-					CHEBI:82186	CHEBI:82186	CHEBI:82186	CHEBI:82186	C19060	C19060	C19060	C19060						CHEBI:82186	C19060						CHEBI:82186	C19060							0
N-Phospho-D-lombricine	RM0136908	C6H16N4O9P2	350.0393	Organic acids	Amino acids and peptides	Amino acids	439827	CHEBI:35265				QOYUHKALUMVCHB-SCSAIBSYSA-N	C(COP(=O)(O)OC[C@H](C(=O)O)N)NC(=N)NP(=O)(O)O	N-Phospho-D-lombricine					CHEBI:35265,CHEBI:35265	CHEBI:35265,CHEBI:35265	CHEBI:35265,CHEBI:35265	CHEBI:35265	C02855	C02855	C02855	C02855			C02855	map01100,map00470	CHEBI:18039,CHEBI:58356	CHEBI:18039,CHEBI:35265,CHEBI:58356	C02855,C14178			C02855	map01100,map00470		CHEBI:18039,CHEBI:35265,CHEBI:58356	C02855,C14178			C02855	map01100,map00470			0
Rapanone	RM0013035	C19H30O4	322.2144	Polyketides	Aromatic polyketides	Benzoquinones	100659	CHEBI:8779		LMPK15050009	C10399	AMKNOBHCKRZHIO-UHFFFAOYSA-N	CCCCCCCCCCCCCC1=C(C(=O)C=C(C1=O)O)O	Rapanone					CHEBI:8779	CHEBI:8779	CHEBI:8779	CHEBI:8779	C10399	C10399	C10399	C10399						CHEBI:8779	C10399						CHEBI:8779	C10399					CHEBI:132124	R-HSA-389661	1
(S)-Annocherine A	-	-	-	-	-	-	-		-	-		-	-	-					CHEBI:169192	CHEBI:169192	CHEBI:169192	CHEBI:169192										CHEBI:169192							CHEBI:169192								0
Melicopicine	RM0137183	C18H19NO5	329.1263	Organoheterocyclic compounds	Quinolines	Benzoquinolines	101253	CHEBI:6734			C10722	URPVDDXMEZAEJY-UHFFFAOYSA-N	Cn1c2ccccc2c(=O)c2c1c(c(c(c2OC)OC)OC)OC	Melicopicine			C10722	map01110,map00996,map01063	CHEBI:6734	CHEBI:6734	CHEBI:6734	CHEBI:6734	C10722	C10722	C10722	C10722			C10722	map01110,map00996,map01063		CHEBI:6734	C10722			C10722	map01110,map00996,map01063		CHEBI:6734	C10722			C10722	map01110,map00996,map01063			0
9E,11E-Octadecadienoic acid	RM0139482	C18H32O2	280.2402	Fatty Acyls	Fatty acids	Unsaturated FA	5282796	CHEBI:88464	HMDB0005047	LMFA01030119		JBYXPOFIGCOSSB-XBLVEGMJSA-N	CCCCCC/C=C/C=C/CCCCCCCC(=O)O	9E,11E-Octadecadienoic acid					CHEBI:88464	CHEBI:88464	CHEBI:88464	CHEBI:88464									CHEBI:194440	CHEBI:88464,CHEBI:194440							CHEBI:88464,CHEBI:194440						CHEBI:15904	R-HSA-1369062,R-HSA-192456,R-HSA-3000471,R-HSA-390247,R-HSA-5684045,R-HSA-77289,R-HSA-8963901,R-HSA-8964058,R-HSA-975634	9
Longifolonine	RM0137280	C17H15NO4	297.1001	Alkaloids	Tyrosine alkaloids	Isoquinoline alkaloids	442312	CHEBI:6531			C09569	XUPKMHYGWVWELF-UHFFFAOYSA-N	COc1cc2CCN=C(c2cc1O)C(=O)c1ccc(cc1)O	Longifolonine					CHEBI:6531	CHEBI:6531	CHEBI:6531	CHEBI:6531	C09569	C09569	C09569	C09569						CHEBI:6531	C09569						CHEBI:6531	C09569							0
9,10-DHOME	RM0074128	C18H34O4	314.2457	Fatty Acyls	Octadecanoids	DiHOME	9966640	CHEBI:72663	HMDB0004704	LMFA02000229	C14828	XEBKSQSGNGRGDW-YFHOEESVSA-N	CCCCC/C=C\CC(C(CCCCCCCC(=O)O)O)O	9,10-DiHOME			C14828	map00591	CHEBI:72663	CHEBI:72663	CHEBI:72663	CHEBI:72663	C14828	C14828	C14828	C14828			C14828	map00591	CHEBI:84027	CHEBI:72663,CHEBI:84027	C14828			C14828	map00591		CHEBI:72663,CHEBI:84027	C14828			C14828	map00591	CHEBI:15904,CHEBI:24654	R-HSA-1369062,R-HSA-192456,R-HSA-3000471,R-HSA-3000480,R-HSA-3000484,R-HSA-390247,R-HSA-5684045,R-HSA-5686938,R-HSA-77289,R-HSA-8963901,R-HSA-8964058,R-HSA-975634	12
PGF1a alcohol	-	-	-	-	-	-	-		-	-		-	-	-																																	0
Oxytetracycline	RM0135172	C22H24N2O9	460.1482	Polyketides	Tetracyclines	Tetracyclines	54675779	CHEBI:133011	HMDB0014733	LMPK07000005	C06624	IWVCMVBTMGNXQD-PXOLEDIWSA-N	C[C@]1(c2cccc(c2C(=O)C2=C([C@]3([C@H]([C@@H](C(=C(C3=O)C(=O)N)O)N(C)C)[C@H]([C@H]12)O)O)O)O)O	Oxytetracycline			C06624	map01100,map01110,map01057,map00253	CHEBI:133011,CHEBI:27701	CHEBI:133011,CHEBI:27701	CHEBI:133011,CHEBI:27701	CHEBI:27701,CHEBI:133011	C06624	C06624	C06624	C06624			C06624	map01100,map01110,map01057,map00253		CHEBI:27701,CHEBI:133011	C06624			C06624	map01100,map01110,map01057,map00253		CHEBI:27701,CHEBI:133011	C06624			C06624	map01100,map01110,map01057,map00253			0
Desmedipham	RM0188695	C16H16N2O4	300.1110	Benzenoids	Benzenes	Phenylcarbamic acid esters	24743					WZJZMXBKUWKXTQ-UHFFFAOYSA-N	CCOC(=O)Nc1cccc(c1)OC(=O)Nc1ccccc1	Desmedipham					CHEBI:81733	CHEBI:81733	CHEBI:81733	CHEBI:81733	C18417	C18417	C18417	C18417						CHEBI:81733	C18417						CHEBI:81733	C18417							0
6-amino-hexanoic acid	RM0153073	C6H13NO2	131.0946	Fatty Acyls	Fatty acids	Amino FA	564	CHEBI:16586	HMDB0001901	LMFA01100035	C02378	SLXKOJJOQWFEFD-UHFFFAOYSA-N	C(CCC(=O)O)CCN	6-Aminocaproic acid	CHEBI:16586	R-HSA-75205	C02378	map01100,map01120,map00930	CHEBI:16586	CHEBI:16586	CHEBI:16586	CHEBI:16586	C02378	C02378	C02378	C02378	CHEBI:16586	R-HSA-75205	C02378	map01100,map01120,map00930	CHEBI:32396,CHEBI:57826	CHEBI:16586,CHEBI:32396,CHEBI:57826	C02378	CHEBI:16586	R-HSA-75205	C02378	map01100,map01120,map00930		CHEBI:16586,CHEBI:32396,CHEBI:57826	C02378	CHEBI:16586	R-HSA-75205	C02378	map01100,map01120,map00930			0
5-NITRO-2-PHENYLPROPYLAMINOBENZOIC ACID [NPPB]	RM0041628	C16H16N2O4	300.1110	Benzenoids	Benzenes	Other benzenes	4549	CHEBI:34457	HMDB0255766		C13705	WBSMIPAMAXNXFS-UHFFFAOYSA-N	c1ccc(cc1)CCCNc1ccc(cc1C(=O)O)[N+](=O)[O-]	NPPB					CHEBI:34457	CHEBI:34457	CHEBI:34457	CHEBI:34457	C13705	C13705	C13705	C13705						CHEBI:34457	C13705						CHEBI:34457	C13705					CHEBI:33575	R-HSA-6809371	1
Eremopetasinorol	-	-	-	-	-	-	-		-	-		-	-	-					CHEBI:168343	CHEBI:168343	CHEBI:168343	CHEBI:168343										CHEBI:168343							CHEBI:168343								0
(S)-Spinacine	RM0188874	C7H9N3O2	167.0695	Organic acids	Amino acids and peptides	Amino acids	162899	CHEBI:355044	HMDB0029873			YCFJXOFFQLPCHD-RXMQYKEDSA-N	C1c2c(CN[C@H]1C(=O)O)nc[nH]2	Spinacine					CHEBI:177618,CHEBI:172422	CHEBI:177618,CHEBI:172422	CHEBI:177618,CHEBI:172422	CHEBI:172422,CHEBI:177618,CHEBI:355044										CHEBI:172422,CHEBI:177618,CHEBI:355044							CHEBI:172422,CHEBI:177618,CHEBI:355044						CHEBI:33575	R-HSA-6809371	1
Testosterone sulfate	RM0126068	C19H28O5S	368.1657	Sterol Lipids	Steroids	C19 Steroids	119207	CHEBI:84094	HMDB0002833	LMST05020032		WAQBISPOEAOCOG-DYKIIFRCSA-N	C[C@]12CCC(=O)C=C1CC[C@H]1[C@@H]3CC[C@@H]([C@@]3(C)CC[C@H]21)OS(=O)(=O)O	Testosterone sulfate					CHEBI:84094	CHEBI:84094	CHEBI:84094	CHEBI:84094									CHEBI:190489	CHEBI:84094,CHEBI:190489							CHEBI:84094,CHEBI:190489						CHEBI:35341	R-HSA-196071	1
N-Butyl-beta-carboline-3-carboxylate	-	-	-	-	-	-	-		-	-		-	-	-					CHEBI:34867	CHEBI:34867	CHEBI:34867	CHEBI:34867	C13805	C13805	C13805	C13805						CHEBI:34867	C13805						CHEBI:34867	C13805							0
1,8-ANS	-	-	-	-	-	-	-		-	-		-	-	-																																	0
Undecanedioic acid	RM0139029	C11H20O4	216.1362	Fatty Acyls	Fatty acids	Dicarboxylic acids	15816	CHEBI:73713	HMDB0000888	LMFA01170007		LWBHHRRTOZQPDM-UHFFFAOYSA-N	C(CCCCC(=O)O)CCCCC(=O)O	Undecanedioic acid					CHEBI:73713	CHEBI:73713	CHEBI:73713	CHEBI:73713										CHEBI:73713							CHEBI:73713						CHEBI:33575	R-HSA-6809371	1
IM-54	-	-	-	-	-	-	-		-	-		-	-	-					CHEBI:188130	CHEBI:188130	CHEBI:188130	CHEBI:188130										CHEBI:188130							CHEBI:188130								0
()8,9-DiHETrE	RM0139511	C20H34O4	338.2457	Fatty Acyls	Eicosanoids	HETrE	5283144	CHEBI:63970	HMDB0002311	LMFA03050006	C14773	DCJBINATHQHPKO-TYAUOURKSA-N	CCCCC/C=C\C/C=C\CC(C(C/C=C\CCCC(=O)O)O)O	8,9-DiHETrE			C14773	map01100,map00590,map04726	CHEBI:63970	CHEBI:63970	CHEBI:63970	CHEBI:63970	C14773	C14773	C14773	C14773			C14773	map01100,map00590,map04726	CHEBI:84032	CHEBI:63970,CHEBI:84032	C14773	CHEBI:84032	R-HSA-2142670	C14773	map01100,map00590,map04726	CHEBI:138002,CHEBI:138008,CHEBI:138585,CHEBI:138586	CHEBI:63970,CHEBI:84032,CHEBI:138002,CHEBI:138008,CHEBI:138585,CHEBI:138586	C14773	CHEBI:84032	R-HSA-2142670	C14773	map01100,map00590,map04726			0
Dihydrostreptomycin 6-phosphate	RM0136803	C21H42N7O15P	663.2477	Organic oxygen compounds	Alcohols and polyols	Cyclitols	439445	CHEBI:16505				DCRWHJGCOKPJBN-TWBNDLJKSA-N	C[C@H]1[C@](CO)([C@H]([C@@H](O1)O[C@@H]1[C@H]([C@@H]([C@H]([C@@H]([C@H]1O)OP(=O)(O)O)NC(=N)N)O)NC(=N)N)O[C@H]1[C@H]([C@@H]([C@H]([C@H](CO)O1)O)O)NC)O	Dihydrostreptomycin 6-phosphate					CHEBI:16505,CHEBI:16505,CHEBI:57797	CHEBI:16505,CHEBI:16505,CHEBI:57797	CHEBI:16505,CHEBI:16505,CHEBI:57797	CHEBI:16505,CHEBI:57797	C01221	C01221	C01221	C01221			C01221	map01100,map01110,map00521		CHEBI:16505,CHEBI:57797	C01221			C01221	map01100,map01110,map00521		CHEBI:16505,CHEBI:57797	C01221			C01221	map01100,map01110,map00521	CHEBI:36916	R-HSA-936837	1
L-Histidinol	RM0136228	C6H11N3O	141.0902	Organic nitrogen compounds	Amines	Aralkylamines	165271	CHEBI:16255	HMDB0003431		C00860	ZQISRDCJNBUVMM-YFKPBYRVSA-N	C([C@@H](CO)N)c1c[nH]cn1	L-Histidinol			C00860	map01100,map01110,map01230,map00340	CHEBI:16255,CHEBI:16255,CHEBI:57699	CHEBI:16255,CHEBI:16255,CHEBI:57699	CHEBI:16255,CHEBI:16255,CHEBI:57699	CHEBI:16255,CHEBI:57699	C00860	C00860	C00860	C00860			C00860	map01100,map01110,map01230,map00340	CHEBI:235517	CHEBI:16255,CHEBI:57699,CHEBI:235517	C00860			C00860	map01100,map01110,map01230,map00340		CHEBI:16255,CHEBI:57699,CHEBI:235517	C00860			C00860	map01100,map01110,map01230,map00340	CHEBI:30879,CHEBI:36916	R-HSA-1483166,R-HSA-2022377,R-HSA-8935690,R-HSA-936837	4
Lysergic acid	RM0108646	C16H16N2O2	268.1212	Alkaloids	Tryptophan alkaloids	Ergot alkaloids	441285	CHEBI:182503	HMDB0242256		C07541	ZAGRKAFMISFKIO-LNUXAPHWSA-N	CN1CC(C=C2c3cccc4c3c(C[C@@H]12)c[nH]4)C(=O)O	Lysergic acid			C07541	map01110,map00901	CHEBI:6604,CHEBI:6604	CHEBI:6604,CHEBI:6604	CHEBI:6604,CHEBI:6604	CHEBI:6604,CHEBI:182503	C07541	C07541	C07541	C07541			C07541	map01110,map00901		CHEBI:6604,CHEBI:182503	C07541			C07541	map01110,map00901		CHEBI:6604,CHEBI:182503	C07541			C07541	map01110,map00901			0
(S)-Menthone 8-thioacetate	-	-	-	-	-	-	-		-	-		-	-	-					CHEBI:157672	CHEBI:157672	CHEBI:157672	CHEBI:157672										CHEBI:157672							CHEBI:157672						CHEBI:18059	R-HSA-1222556,R-HSA-1369062,R-HSA-5682294,R-HSA-804914,R-HSA-8941413	5
Diamorphine (heroin)	-	-	-	-	-	-	-		-	-		-	-	-																																	0
DL-3-hydroxy stearic acid	RM0153735	C18H36O3	300.2664	Fatty Acyls	Octadecanoids	HODA	5282907	CHEBI:50578		LMFA02000121		POMQYTSPMKEQNB-UHFFFAOYSA-N	CCCCCCCCCCCCCCCC(CC(=O)O)O	3-Hydroxystearic acid					CHEBI:50578	CHEBI:50578	CHEBI:50578	CHEBI:50578									CHEBI:76614	CHEBI:50578,CHEBI:76614						CHEBI:50579,CHEBI:145205	CHEBI:50578,CHEBI:50579,CHEBI:76614,CHEBI:145205						CHEBI:15904,CHEBI:24654	R-HSA-1369062,R-HSA-192456,R-HSA-3000471,R-HSA-3000480,R-HSA-3000484,R-HSA-390247,R-HSA-5684045,R-HSA-5686938,R-HSA-77289,R-HSA-8963901,R-HSA-8964058,R-HSA-975634	12
CAY10444	-	-	-	-	-	-	-		-	-		-	-	-																																	0
cis-erucic acid	RM0153624	C22H42O2	338.3185	Fatty Acyls	Fatty acids	Unsaturated FA	5281116	CHEBI:28792	HMDB0002068	LMFA01030089	C08316	DPUOLQHDNGRHBS-KTKRTIGZSA-N	CCCCCCCC/C=C\CCCCCCCCCCCC(=O)O	cis-Erucic acid			C08316	map01040				CHEBI:28792	C08316	C08316	C08316	C08316			C08316	map01040	CHEBI:32393	CHEBI:28792,CHEBI:32393	C08316			C08316	map01040		CHEBI:28792,CHEBI:32393	C08316			C08316	map01040	CHEBI:15904	R-HSA-1369062,R-HSA-192456,R-HSA-3000471,R-HSA-390247,R-HSA-5684045,R-HSA-77289,R-HSA-8963901,R-HSA-8964058,R-HSA-975634	9
Sulfometuron	-	-	-	-	-	-	-		-	-		-	-	-					CHEBI:82042	CHEBI:82042	CHEBI:82042	CHEBI:82042	C18895	C18895	C18895	C18895						CHEBI:82042	C18895						CHEBI:82042	C18895					CHEBI:33575	R-HSA-6809371	1
trans-1,2-Diphenylcyclobutane	-	-	-	-	-	-	-		-	-		-	-	-					CHEBI:79947	CHEBI:79947	CHEBI:79947	CHEBI:79947	C15449	C15449	C15449	C15449						CHEBI:79947	C15449						CHEBI:79947	C15449							0
PE-NMe(O-16:0/O-16:0)	-	-	-	-	-	-	-		-	-		-	-	-					CHEBI:188339	CHEBI:188339	CHEBI:188339	CHEBI:188339										CHEBI:188339							CHEBI:188339						CHEBI:37739	R-HSA-9845576	1
17-??, 21-dihydroxy-11,20-dioxo-5-??-pregnan-3-??-yl-??-d-glucuronide	-	-	-	-	-	-	-		-	-		-	-	-																																	0
4-Hydroxy-desmethylclobazam	-	-	-	-	-	-	-		-	-		-	-	-																																	0
SECNIDAZOLE	RM0224244	C7H11N3O3	185.0800	Organoheterocyclic compounds	Azoles	Imidazoles	71815	CHEBI:140628	HMDB0258202			KPQZUUQMTUIKBP-UHFFFAOYSA-N	CC(Cn1c(C)ncc1[N+](=O)[O-])O	Secnidazole					CHEBI:140628	CHEBI:140628	CHEBI:140628	CHEBI:140628										CHEBI:140628							CHEBI:140628						CHEBI:30879	R-HSA-1483166,R-HSA-2022377,R-HSA-8935690	3
3'-Hydroxy-T2 Toxin	-	-	-	-	-	-	-		-	-		-	-	-					CHEBI:172708	CHEBI:172708	CHEBI:172708	CHEBI:172708										CHEBI:172708							CHEBI:172708						CHEBI:18059	R-HSA-1222556,R-HSA-1369062,R-HSA-5682294,R-HSA-804914,R-HSA-8941413	5
2R-aminohexadecanoic acid	RM0153687	C16H33NO2	271.2511	Fatty Acyls	Fatty acids	Amino FA	5312966	CHEBI:165351		LMFA01100016		XELWBYCKQCNAGY-OAHLLOKOSA-N	CCCCCCCCCCCCCC[C@H](C(=O)O)N	2R-Aminohexadecanoic acid					CHEBI:165351	CHEBI:165351	CHEBI:165351	CHEBI:165351										CHEBI:165351							CHEBI:165351						CHEBI:15904	R-HSA-1369062,R-HSA-192456,R-HSA-3000471,R-HSA-390247,R-HSA-5684045,R-HSA-77289,R-HSA-8963901,R-HSA-8964058,R-HSA-975634	9
Palmitolinoleic acid	RM0153304	C16H28O2	252.2089	Fatty Acyls	Fatty acids	Unsaturated FA	5312427	CHEBI:77522	HMDB0247596	LMFA01030275	C08362	RVEKLXYYCHAMDF-UTOQUPLUSA-N	CCC/C=C\C/C=C\CCCCCCCC(=O)O	Palmitolinoleic acid			C08362	map01100,map00061	CHEBI:28716,CHEBI:77522	CHEBI:28716,CHEBI:77522	CHEBI:28716,CHEBI:77522	CHEBI:28716,CHEBI:77522	C08362	C08362	C08362	C08362	CHEBI:28716	R-HSA-381771,R-HSA-416476,R-HSA-444209	C08362	map01100,map00061	CHEBI:32372,CHEBI:77219	CHEBI:28716,CHEBI:32372,CHEBI:77219,CHEBI:77522	C08362	CHEBI:28716	R-HSA-381771,R-HSA-416476,R-HSA-444209	C08362	map01100,map00061		CHEBI:28716,CHEBI:32372,CHEBI:77219,CHEBI:77522	C08362	CHEBI:28716	R-HSA-381771,R-HSA-416476,R-HSA-444209	C08362	map01100,map00061			0
Hydroxyprolyl-Hydroxyproline	-	-	-	-	-	-	-		-	-		-	-	-					CHEBI:174262	CHEBI:174262	CHEBI:174262	CHEBI:174262										CHEBI:174262							CHEBI:174262						CHEBI:46761	R-HSA-427975	1
Quinagolide sulfate	-	-	-	-	-	-	-		-	-		-	-	-																																	0
S-cucujolide III	-	-	-	-	-	-	-		-	-		-	-	-					CHEBI:177102	CHEBI:177102	CHEBI:177102	CHEBI:177102										CHEBI:177102							CHEBI:177102								0
Uric acid	RM0160856	C5H4N4O3	168.0283	Nucleic acids	Purines	Xanthines	1175	CHEBI:17775	HMDB0000289		C00366	LEHOTFFKMJEONL-UHFFFAOYSA-N	c12c([nH]c(=O)[nH]2)[nH]c(=O)[nH]c1=O	Uric acid	CHEBI:17775	R-HSA-189200,R-HSA-196807,R-HSA-2672351,R-HSA-561048,R-HSA-5619047,R-HSA-5619071,R-HSA-74259	C00366	map01100,map01120,map00230,map04976	CHEBI:17775,CHEBI:17775,CHEBI:27226	CHEBI:17775,CHEBI:17775,CHEBI:27226	CHEBI:17775,CHEBI:17775,CHEBI:27226	CHEBI:17775,CHEBI:27226	C00366	C00366	C00366	C00366	CHEBI:17775	R-HSA-189200,R-HSA-196807,R-HSA-2672351,R-HSA-561048,R-HSA-5619047,R-HSA-5619071,R-HSA-74259	C00366	map01100,map01120,map00230,map04976	CHEBI:27216,CHEBI:30848,CHEBI:46811,CHEBI:46814,CHEBI:46817,CHEBI:46820,CHEBI:46821,CHEBI:46822,CHEBI:46823,CHEBI:46824,CHEBI:46825,CHEBI:46826,CHEBI:49051	CHEBI:17775,CHEBI:27216,CHEBI:27226,CHEBI:30848,CHEBI:46811,CHEBI:46814,CHEBI:46817,CHEBI:46820,CHEBI:46821,CHEBI:46822,CHEBI:46823,CHEBI:46824,CHEBI:46825,CHEBI:46826,CHEBI:49051	C00366	CHEBI:17775	R-HSA-189200,R-HSA-196807,R-HSA-2672351,R-HSA-561048,R-HSA-5619047,R-HSA-5619071,R-HSA-74259	C00366	map01100,map01120,map00230,map04976	CHEBI:18072,CHEBI:59562,CHEBI:62585,CHEBI:62589	CHEBI:17775,CHEBI:18072,CHEBI:27216,CHEBI:27226,CHEBI:30848,CHEBI:46811,CHEBI:46814,CHEBI:46817,CHEBI:46820,CHEBI:46821,CHEBI:46822,CHEBI:46823,CHEBI:46824,CHEBI:46825,CHEBI:46826,CHEBI:49051,CHEBI:59562,CHEBI:62585,CHEBI:62589	C00366,C11821	CHEBI:17775	R-HSA-189200,R-HSA-196807,R-HSA-2672351,R-HSA-561048,R-HSA-5619047,R-HSA-5619071,R-HSA-74259	C00366,C11821	map01100,map01120,map00230,map04976,map01100,map01120,map00230			0
7-heptadecynoic acid	-	-	-	-	-	-	-		-	-		-	-	-					CHEBI:187284	CHEBI:187284	CHEBI:187284	CHEBI:187284										CHEBI:187284							CHEBI:187284						CHEBI:15904	R-HSA-1369062,R-HSA-192456,R-HSA-3000471,R-HSA-390247,R-HSA-5684045,R-HSA-77289,R-HSA-8963901,R-HSA-8964058,R-HSA-975634	9
DG(14:0/17:2(9Z,12Z)/0:0)[iso2]	-	-	-	-	-	-	-		-	-		-	-	-					CHEBI:188287	CHEBI:188287	CHEBI:188287	CHEBI:188287										CHEBI:188287							CHEBI:188287						CHEBI:18035	R-HSA-112043,R-HSA-1250196,R-HSA-192456,R-HSA-202424,R-HSA-202433,R-HSA-2029485,R-HSA-2871809,R-HSA-2871837,R-HSA-418890,R-HSA-5218921,R-HSA-5607764,R-HSA-6809371,R-HSA-8963889,R-HSA-8963901,R-HSA-8964058,R-HSA-9027277,R-HSA-9648002,R-HSA-9664323,R-HSA-9680350,R-HSA-975634	20
Lasalocid A	-	-	-	-	-	-	-		-	-		-	-	-					CHEBI:92181	CHEBI:92181	CHEBI:92181	CHEBI:92181									CHEBI:156364	CHEBI:92181,CHEBI:156364							CHEBI:92181,CHEBI:156364						CHEBI:30879,CHEBI:33575	R-HSA-1483166,R-HSA-2022377,R-HSA-6809371,R-HSA-8935690	4
Gibberellin A14 aldehyde	-	-	-	-	-	-	-		-	-		-	-	-					CHEBI:143960,CHEBI:29589,CHEBI:29589	CHEBI:143960,CHEBI:29589,CHEBI:29589	CHEBI:143960,CHEBI:29589	CHEBI:29589,CHEBI:143960	C11853	C11853	C11853	C11853			C11853	map01100,map01110,map00904		CHEBI:29589,CHEBI:143960	C11853			C11853	map01100,map01110,map00904		CHEBI:29589,CHEBI:143960	C11853			C11853	map01100,map01110,map00904	CHEBI:25696,CHEBI:33575	R-HSA-382556,R-HSA-428643,R-HSA-5690338,R-HSA-6809371	4
Anandamide (20:l, n-9)	RM0153079	C22H43NO2	353.3294	Fatty Acyls	Fatty amides	NAE	5283452	CHEBI:73725		LMFA08040010		YDKRGMXLBRWZJR-KTKRTIGZSA-N	CCCCCCCC/C=C\CCCCCCCCCC(=O)NCCO	11Z-Eicosaenoyl-EA								CHEBI:73725										CHEBI:73725							CHEBI:73725						CHEBI:18059,CHEBI:30879	R-HSA-1222556,R-HSA-1369062,R-HSA-1483166,R-HSA-2022377,R-HSA-5682294,R-HSA-804914,R-HSA-8935690,R-HSA-8941413	8
2-(a-Hydroxyethyl)thiamine diphosphate	-	-	-	-	-	-	-		-	-		-	-	-																																	0
Sodium thiosalicylate	-	-	-	-	-	-	-		-	-		-	-	-					CHEBI:9182	CHEBI:9182	CHEBI:9182	CHEBI:9182	C08171	C08171	C08171	C08171						CHEBI:9182	C08171						CHEBI:9182	C08171							0
3alpha-hydroxy-5alpha-androstane-17-one 3-D-glucuronide	-	-	-	-	-	-	-		-	-		-	-	-					CHEBI:179730	CHEBI:179730	CHEBI:179730	CHEBI:179730										CHEBI:179730							CHEBI:179730						CHEBI:35341	R-HSA-196071	1
Phenmedipham	RM0188668	C16H16N2O4	300.1110	Benzenoids	Benzenes	Phenylcarbamic acid esters	24744					IDOWTHOLJBTAFI-UHFFFAOYSA-N	Cc1cccc(c1)NC(=O)Oc1cccc(c1)NC(=O)OC	Phenmedipham					CHEBI:81734	CHEBI:81734	CHEBI:81734	CHEBI:81734	C18420	C18420	C18420	C18420						CHEBI:81734	C18420						CHEBI:81734	C18420							0
Betaine	RM0135869	C5H11NO2	117.0790	Organic acids	Amino acids and peptides	Amino acids	247	CHEBI:17750	HMDB0000043			KWIUHFFTVRNATP-UHFFFAOYSA-N	C[N+](C)(C)CC(=O)[O-]	Betaine	CHEBI:17750	R-HSA-1614635,R-HSA-352230,R-HSA-6798163,R-HSA-888593			CHEBI:17750	CHEBI:17750	CHEBI:17750	CHEBI:17750	C00719	C00719	C00719	C00719	CHEBI:17750	R-HSA-1614635,R-HSA-352230,R-HSA-6798163,R-HSA-888593	C00719	map01100,map00260,map00670,map02010,map04981	CHEBI:41139	CHEBI:17750,CHEBI:41139	C00719	CHEBI:17750	R-HSA-1614635,R-HSA-352230,R-HSA-6798163,R-HSA-888593	C00719	map01100,map00260,map00670,map02010,map04981		CHEBI:17750,CHEBI:41139	C00719	CHEBI:17750	R-HSA-1614635,R-HSA-352230,R-HSA-6798163,R-HSA-888593	C00719	map01100,map00260,map00670,map02010,map04981			0
16-heptadecynoic acid	-	-	-	-	-	-	-		-	-		-	-	-					CHEBI:187945	CHEBI:187945	CHEBI:187945	CHEBI:187945										CHEBI:187945							CHEBI:187945						CHEBI:15904	R-HSA-1369062,R-HSA-192456,R-HSA-3000471,R-HSA-390247,R-HSA-5684045,R-HSA-77289,R-HSA-8963901,R-HSA-8964058,R-HSA-975634	9
cis-and-trans-Inophyllolide	-	-	-	-	-	-	-		-	-		-	-	-					CHEBI:188173	CHEBI:188173	CHEBI:188173	CHEBI:188173										CHEBI:188173							CHEBI:188173								0
3-Dimethylallyl-4-hydroxymandelic acid	-	-	-	-	-	-	-		-	-		-	-	-					CHEBI:31112	CHEBI:31112	CHEBI:31112	CHEBI:31112	C12457	C12457	C12457	C12457			C12457	map01110,map00401	CHEBI:136890	CHEBI:31112,CHEBI:136890	C12457			C12457	map01110,map00401		CHEBI:31112,CHEBI:136890	C12457			C12457	map01110,map00401	CHEBI:33575	R-HSA-6809371	1
Bolusanthin	-	-	-	-	-	-	-		-	-		-	-	-					CHEBI:187979	CHEBI:187979	CHEBI:187979	CHEBI:187979										CHEBI:187979							CHEBI:187979								0
Dicyclohexyl disulfide	RM0118109	C12H22S2	230.1163	Organosulfur compounds	Dialkyldisulfides	Dialkyldisulfides	17356	CHEBI:166589	HMDB0041448			ODHAQPXNQDBHSH-UHFFFAOYSA-N	C1CCC(CC1)SSC1CCCCC1	Dicyclohexyl disulfide	CHEBI:166589	R-HSA-381753,R-HSA-381753			CHEBI:166589	CHEBI:166589	CHEBI:166589	CHEBI:166589					CHEBI:166589	R-HSA-381753,R-HSA-381753				CHEBI:166589		CHEBI:166589	R-HSA-381753,R-HSA-381753				CHEBI:166589		CHEBI:166589	R-HSA-381753,R-HSA-381753					0
Palmitic acid	RM0153571	C16H32O2	256.2402	Fatty Acyls	Fatty acids	Saturated FA	985	CHEBI:15756	HMDB0000220	LMFA01010001	C00249	IPCSVZSSVZVIGE-UHFFFAOYSA-N	CCCCCCCCCCCCCCCC(=O)O	Palmitic acid			C00249	map01100,map01212,map00061,map00062,map00071,map00073,map01040,map00563,map01060	CHEBI:15756,CHEBI:15756,CHEBI:15756	CHEBI:15756,CHEBI:15756,CHEBI:15756	CHEBI:15756,CHEBI:15756,CHEBI:15756	CHEBI:15756	C00249	C00249	C00249	C00249			C00249	map01100,map01212,map00061,map00062,map00071,map00073,map01040,map00563,map01060	CHEBI:7896	CHEBI:7896,CHEBI:15756	C00249	CHEBI:7896	R-HSA-112310,R-HSA-1368108,R-HSA-163560,R-HSA-192456,R-HSA-1989781,R-HSA-1989781,R-HSA-203615,R-HSA-2151201,R-HSA-2187335,R-HSA-2426168,R-HSA-2453902,R-HSA-373760,R-HSA-381340,R-HSA-381771,R-HSA-400206,R-HSA-400511,R-HSA-416476,R-HSA-434316,R-HSA-444209,R-HSA-444209,R-HSA-5619108,R-HSA-75105,R-HSA-75876,R-HSA-75896,R-HSA-804914,R-HSA-9009391,R-HSA-9648002,R-HSA-9707564,R-HSA-9707616,R-HSA-975634,R-HSA-9845614,R-HSA-9931509,R-HSA-9933387	C00249	map01100,map01212,map00061,map00062,map00071,map00073,map01040,map00563,map01060		CHEBI:7896,CHEBI:15756	C00249	CHEBI:7896	R-HSA-112310,R-HSA-1368108,R-HSA-163560,R-HSA-192456,R-HSA-1989781,R-HSA-1989781,R-HSA-203615,R-HSA-2151201,R-HSA-2187335,R-HSA-2426168,R-HSA-2453902,R-HSA-373760,R-HSA-381340,R-HSA-381771,R-HSA-400206,R-HSA-400511,R-HSA-416476,R-HSA-434316,R-HSA-444209,R-HSA-444209,R-HSA-5619108,R-HSA-75105,R-HSA-75876,R-HSA-75896,R-HSA-804914,R-HSA-9009391,R-HSA-9648002,R-HSA-9707564,R-HSA-9707616,R-HSA-975634,R-HSA-9845614,R-HSA-9931509,R-HSA-9933387	C00249	map01100,map01212,map00061,map00062,map00071,map00073,map01040,map00563,map01060			0
4E,7Z,10Z-Tridecatrienyl acetate	-	-	-	-	-	-	-		-	-		-	-	-					CHEBI:188049	CHEBI:188049	CHEBI:188049	CHEBI:188049										CHEBI:188049							CHEBI:188049								0
2-nonenal	RM0136657	C9H16O	140.1201	Organic oxygen compounds	Carbonyl compounds	Other carbonyl compounds	5354833	CHEBI:61726	HMDB0031269			BSAIUMLZVGUGKX-FPLPWBNLSA-N	CCCCCC/C=C\C=O	2-Nonenal					CHEBI:61726	CHEBI:61726	CHEBI:61726	CHEBI:61726										CHEBI:61726							CHEBI:61726						CHEBI:35746	R-HSA-1482788,R-HSA-75109	2
Allyl isothiocyanate	RM0020386	C4H5NS	99.0143	Organosulfur compounds	Organosulfur compounds	Isothiocyanates	5971	CHEBI:73224	HMDB0005843		C19317	ZOJBYZNEUISWFT-UHFFFAOYSA-N	C=CCN=C=S	Allyl isothiocyanate	CHEBI:73224	R-HSA-418594,R-HSA-420499,R-HSA-9717207,R-HSA-9717207	C19317	map04750	CHEBI:73224	CHEBI:73224	CHEBI:73224	CHEBI:73224	C19317	C19317	C19317	C19317	CHEBI:73224	R-HSA-418594,R-HSA-420499,R-HSA-9717207,R-HSA-9717207	C19317	map04750		CHEBI:73224	C19317	CHEBI:73224	R-HSA-418594,R-HSA-420499,R-HSA-9717207,R-HSA-9717207	C19317	map04750		CHEBI:73224	C19317	CHEBI:73224	R-HSA-418594,R-HSA-420499,R-HSA-9717207,R-HSA-9717207	C19317	map04750			0
poststerone	RM0138904	C21H30O5	362.2093	Sterol Lipids	Steroids	C21 Steroids	441835	CHEBI:27709		LMST02030165	C08837	VNLQNGYIXVTQRR-NQPIQAHSSA-N	CC(=O)[C@H]1CC[C@]2(C3=CC(=O)[C@@H]4C[C@H]([C@H](C[C@]4(C)[C@H]3CC[C@]12C)O)O)O	Poststerone					CHEBI:27709,CHEBI:27709	CHEBI:27709,CHEBI:27709	CHEBI:27709,CHEBI:27709	CHEBI:27709	C08837	C08837	C08837	C08837						CHEBI:27709	C08837						CHEBI:27709	C08837					CHEBI:30879,CHEBI:35341	R-HSA-1483166,R-HSA-196071,R-HSA-2022377,R-HSA-8935690	4
Latanoprost Lactol	-	-	-	-	-	-	-		-	-		-	-	-					CHEBI:185859	CHEBI:185859	CHEBI:185859	CHEBI:185859										CHEBI:185859							CHEBI:185859								0
Simvastatin-6'-carboxylic acid	-	-	-	-	-	-	-		-	-		-	-	-																																	0
4-Phenylbutyl glucosinolate	-	-	-	-	-	-	-		-	-		-	-	-					CHEBI:169658	CHEBI:169658	CHEBI:169658	CHEBI:169658										CHEBI:169658							CHEBI:169658								0
Cortisol	RM0135767	C21H30O5	362.2093	Sterol Lipids	Steroids	C21 Steroids	5754	CHEBI:17650	HMDB0000063	LMST02030001	C00735	JYGXADMDTFJGBT-VWUMJDOOSA-N	C[C@]12CCC(=O)C=C1CC[C@H]1[C@@H]3CC[C@](C(=O)CO)([C@@]3(C)C[C@@H]([C@H]21)O)O	Cortisol	CHEBI:17650	R-HSA-194002,R-HSA-211976,R-HSA-3371497,R-HSA-4090294,R-HSA-8849473,R-HSA-8939902,R-HSA-9615017,R-HSA-9679191,R-HSA-9768777	C00735	map01100,map00140,map04080,map04927,map04976,map04960,map05200,map05215,map04934,map07225	CHEBI:17650,CHEBI:17650	CHEBI:17650,CHEBI:17650	CHEBI:17650,CHEBI:17650	CHEBI:17650	C00735	C00735	C00735	C00735	CHEBI:17650	R-HSA-194002,R-HSA-211976,R-HSA-3371497,R-HSA-4090294,R-HSA-8849473,R-HSA-8939902,R-HSA-9615017,R-HSA-9679191,R-HSA-9768777	C00735	map01100,map00140,map04080,map04927,map04976,map04960,map05200,map05215,map04934,map07225		CHEBI:17650	C00735	CHEBI:17650	R-HSA-194002,R-HSA-211976,R-HSA-3371497,R-HSA-4090294,R-HSA-8849473,R-HSA-8939902,R-HSA-9615017,R-HSA-9679191,R-HSA-9768777	C00735	map01100,map00140,map04080,map04927,map04976,map04960,map05200,map05215,map04934,map07225		CHEBI:17650	C00735	CHEBI:17650	R-HSA-194002,R-HSA-211976,R-HSA-3371497,R-HSA-4090294,R-HSA-8849473,R-HSA-8939902,R-HSA-9615017,R-HSA-9679191,R-HSA-9768777	C00735	map01100,map00140,map04080,map04927,map04976,map04960,map05200,map05215,map04934,map07225			0
9-octadecen-4-olide	-	-	-	-	-	-	-		-	-		-	-	-					CHEBI:187972	CHEBI:187972	CHEBI:187972	CHEBI:187972										CHEBI:187972							CHEBI:187972								0
2E-Hexene	RM0152832	C6H12	84.0939	Fatty Acyls	Hydrocarbons	Hydrocarbons	639661	CHEBI:137755		LMFA11000035		RYPKRALMXUUNKS-HWKANZROSA-N	C/C=C/CCC	2E-Hexene					CHEBI:137755	CHEBI:137755	CHEBI:137755	CHEBI:137755										CHEBI:137755							CHEBI:137755								0
2-Sterpurene-6,12,15-triol	-	-	-	-	-	-	-		-	-		-	-	-																																	0
didesmethyl tocotrienol	-	-	-	-	-	-	-		-	-		-	-	-					CHEBI:33278	CHEBI:33278	CHEBI:33278	CHEBI:33278										CHEBI:33278							CHEBI:33278								0
PGE2 1,15-lactone	-	-	-	-	-	-	-		-	-		-	-	-					CHEBI:187977	CHEBI:187977	CHEBI:187977	CHEBI:187977										CHEBI:187977							CHEBI:187977						CHEBI:18059	R-HSA-1222556,R-HSA-1369062,R-HSA-5682294,R-HSA-804914,R-HSA-8941413	5
(25S)-11alpha,20,26-trihydroxyecdysone	-	-	-	-	-	-	-		-	-		-	-	-					CHEBI:46739	CHEBI:46739	CHEBI:46739	CHEBI:46739										CHEBI:46739							CHEBI:46739						CHEBI:35341	R-HSA-196071	1
2-Aminoadenosine	RM0156396	C10H14N6O4	282.1077	Nucleic acids	Purines	Purine ribonucleosides	72200	CHEBI:1014			C00939	ZDTFMPXQUSBYRL-UUOKFMHZSA-N	C([C@@H]1[C@H]([C@H]([C@H](n2cnc3c(N)nc(N)nc23)O1)O)O)O	2-Aminoadenosine					CHEBI:1014	CHEBI:1014	CHEBI:1014	CHEBI:1014	C00939	C00939	C00939	C00939						CHEBI:1014	C00939						CHEBI:1014	C00939							0
PGE1 alcohol	RM0153773	C20H36O4	340.2614	Fatty Acyls	Eicosanoids	Prostaglandins	5283054	CHEBI:165331		LMFA03010053		CMHCOGHTKXUQKW-KOAZGICHSA-N	CCCCC[C@@H](/C=C/[C@@H]1[C@@H](CCCCCCCO)C(=O)C[C@H]1O)O	PGE1 alcohol					CHEBI:165331	CHEBI:165331	CHEBI:165331	CHEBI:165331										CHEBI:165331							CHEBI:165331						CHEBI:30879	R-HSA-1483166,R-HSA-2022377,R-HSA-8935690	3
3-Epimacronine	-	-	-	-	-	-	-		-	-		-	-	-					CHEBI:31115	CHEBI:31115	CHEBI:31115	CHEBI:31115	C12178	C12178	C12178	C12178						CHEBI:31115	C12178						CHEBI:31115	C12178							0
L-Tyrosine methyl ester 4-sulfate	-	-	-	-	-	-	-		-	-		-	-	-					CHEBI:18103,CHEBI:18103,CHEBI:58377	CHEBI:18103,CHEBI:18103,CHEBI:58377	CHEBI:18103,CHEBI:58377	CHEBI:18103,CHEBI:58377	C04201	C04201	C04201	C04201						CHEBI:18103,CHEBI:58377	C04201						CHEBI:18103,CHEBI:58377	C04201					CHEBI:25696	R-HSA-382556,R-HSA-428643,R-HSA-5690338	3
2-hydroxy pelargonic acid	-	-	-	-	-	-	-		-	-		-	-	-					CHEBI:73753	CHEBI:73753	CHEBI:73753	CHEBI:73753										CHEBI:73753							CHEBI:73753						CHEBI:59554	R-HSA-390247,R-HSA-77289	2
5,3'-Dihydroxy-4',5'-dimethoxy-6,7-methylenedioxyisoflavone	-	-	-	-	-	-	-		-	-		-	-	-					CHEBI:188245	CHEBI:188245	CHEBI:188245	CHEBI:188245										CHEBI:188245							CHEBI:188245								0
7Z-Octadecene	-	-	-	-	-	-	-		-	-		-	-	-																																	0
3,5-Pyridinedicarboxylic acid, 1,4-dihydro-2,6-dimethyl-4-(3-nitrophenyl)-, 2-hydroxyethyl methyl es	-	-	-	-	-	-	-		-	-		-	-	-																																	0
9S-hydroxy-10S,11S-epoxy-12Z,15Z-octadecadienoic acid	-	-	-	-	-	-	-		-	-		-	-	-					CHEBI:173146	CHEBI:173146	CHEBI:173146	CHEBI:173146										CHEBI:173146							CHEBI:173146								0
Margaroyl-EA	RM0153084	C19H39NO2	313.2981	Fatty Acyls	Fatty amides	NAE	14455158	CHEBI:165587		LMFA08040049		GCCFMSAXQJECNH-UHFFFAOYSA-N	CCCCCCCCCCCCCCCCC(=O)NCCO	Margaroyl-EA					CHEBI:165587	CHEBI:165587	CHEBI:165587	CHEBI:165587										CHEBI:165587							CHEBI:165587						CHEBI:30879	R-HSA-1483166,R-HSA-2022377,R-HSA-8935690	3
Pyranocyanin A	-	-	-	-	-	-	-		-	-		-	-	-					CHEBI:184166	CHEBI:184166	CHEBI:184166	CHEBI:184166										CHEBI:184166							CHEBI:184166								0
2(??-D-Mannosyl)-D-glycerate	-	-	-	-	-	-	-		-	-		-	-	-																																	0
Praecanson A	-	-	-	-	-	-	-		-	-		-	-	-					CHEBI:73782	CHEBI:73782	CHEBI:73782	CHEBI:73782										CHEBI:73782							CHEBI:73782								0
29-demethylgeodisterol-O-sulfite	-	-	-	-	-	-	-		-	-		-	-	-					CHEBI:169252	CHEBI:169252	CHEBI:169252	CHEBI:169252										CHEBI:169252							CHEBI:169252						CHEBI:35341	R-HSA-196071	1
PE(O-16:0/0:0)	RM0133226	C21H46NO6P	439.3063	Glycerophospholipids	Glycerophosphoethanolamines	O-LPE								LPE O-16:0					CHEBI:155822,CHEBI:79283	CHEBI:155822,CHEBI:155822,CHEBI:79283	CHEBI:155822,CHEBI:79283	CHEBI:79283,CHEBI:155822									CHEBI:78390	CHEBI:78390,CHEBI:79283,CHEBI:155822							CHEBI:78390,CHEBI:79283,CHEBI:155822						CHEBI:36314	R-HSA-1482788	1
6-Benzylaminopurine	RM0049818	C12H11N5	225.1014	Nucleic acids	Purines	Alkylaminopurines	62389	CHEBI:29022	HMDB0039238		C11263	NWBJYWHLCVSVIJ-UHFFFAOYSA-N	c1ccc(cc1)CNc1c2c([nH]cn2)ncn1	Cytokinin B					CHEBI:29022	CHEBI:29022	CHEBI:29022	CHEBI:29022	C11263	C11263	C11263	C11263						CHEBI:29022	C11263						CHEBI:29022	C11263							0
Artesunate	-	-	-	-	-	-	-		-	-		-	-	-					CHEBI:63918	CHEBI:63918	CHEBI:63918	CHEBI:63918										CHEBI:63918							CHEBI:63918						CHEBI:33575	R-HSA-6809371	1
8-methoxy-13-hydroxy-9,11-octadecadienoic acid	RM0153923	C19H34O4	326.2457	Fatty Acyls	Fatty acids	Methoxy FA	5283022	CHEBI:165424		LMFA01080002		FPDXRJMUHIDIMS-FVIOEUFFSA-N	CCCCCC(/C=C/C=C/C(CCCCCCC(=O)O)OC)O	8-Methoxy-13-hydroxy-9,11-octadecadienoic acid					CHEBI:165424	CHEBI:165424	CHEBI:165424	CHEBI:165424										CHEBI:165424							CHEBI:165424						CHEBI:15904	R-HSA-1369062,R-HSA-192456,R-HSA-3000471,R-HSA-390247,R-HSA-5684045,R-HSA-77289,R-HSA-8963901,R-HSA-8964058,R-HSA-975634	9
10-Deoxymethynolide	RM0135161	C17H28O4	296.1988	Polyketides	Macrolides	Macrolides	5282031	CHEBI:29461		LMPK04000034	C11993	NZUJVBSYQXETNF-PQWITYJESA-N	CC[C@@H]1[C@H](C)/C=C/C(=O)[C@H](C)C[C@H](C)[C@@H]([C@@H](C)C(=O)O1)O	10-Deoxymethynolide			C11993	map01100,map01110,map00522	CHEBI:29461	CHEBI:29461	CHEBI:29461	CHEBI:29461	C11993	C11993	C11993	C11993			C11993	map01100,map01110,map00522		CHEBI:29461	C11993			C11993	map01100,map01110,map00522		CHEBI:29461	C11993			C11993	map01100,map01110,map00522			0
8E-Heptadecenedioic acid	RM0153424	C17H30O4	298.2144	Fatty Acyls	Fatty acids	Dicarboxylic acids	9543673	CHEBI:165383		LMFA01170053		VDTSYDDUGXHLDV-OWOJBTEDSA-N	C(=C\CCCCCCC(=O)O)/CCCCCCCC(=O)O	8E-Heptadecenedioic acid					CHEBI:165383	CHEBI:165383	CHEBI:165383	CHEBI:165383										CHEBI:165383							CHEBI:165383						CHEBI:15904	R-HSA-1369062,R-HSA-192456,R-HSA-3000471,R-HSA-390247,R-HSA-5684045,R-HSA-77289,R-HSA-8963901,R-HSA-8964058,R-HSA-975634	9
6-Gingerol	RM0030865	C17H26O4	294.1831	Benzenoids	Phenols	Other phenols	442793	CHEBI:10136	HMDB0005783	LMPK15020007	C10462	NLDDIKRKFXEWBK-AWEZNQCLSA-N	CCCCC[C@@H](CC(=O)CCc1ccc(c(c1)OC)O)O	Gingerol			C10462	map01110,map00945	CHEBI:10136	CHEBI:10136	CHEBI:10136	CHEBI:10136	C10462	C10462	C10462	C10462			C10462	map01110,map00945		CHEBI:10136	C10462			C10462	map01110,map00945		CHEBI:10136	C10462			C10462	map01110,map00945			0
1-(3-methylpentadecyl)-3-nonylcyclopentane	-	-	-	-	-	-	-		-	-		-	-	-					CHEBI:188215	CHEBI:188215	CHEBI:188215	CHEBI:188215										CHEBI:188215							CHEBI:188215								0
9Z-Tritriacontene	RM0150695	C33H66	462.5165	Fatty Acyls	Hydrocarbons	Hydrocarbons	56936098	CHEBI:165744		LMFA11000118		BMSAQRLIFYCSRH-ZPHPHTNESA-N	CCCCCCCC/C=C\CCCCCCCCCCCCCCCCCCCCCCC	9Z-Tritriacontene					CHEBI:165744	CHEBI:165744	CHEBI:165744	CHEBI:165744										CHEBI:165744							CHEBI:165744								0
Alpha-Pyrrolidinopropiophenone	-	-	-	-	-	-	-		-	-		-	-	-					CHEBI:180548	CHEBI:180548	CHEBI:180548	CHEBI:180548										CHEBI:180548							CHEBI:180548								0
Verimol I	-	-	-	-	-	-	-		-	-		-	-	-					CHEBI:191514	CHEBI:191514	CHEBI:191514	CHEBI:191514										CHEBI:191514							CHEBI:191514								0
Senecionine N-oxide	-	-	-	-	-	-	-		-	-		-	-	-					CHEBI:52070	CHEBI:52070	CHEBI:52070	CHEBI:52070	C15612	C15612	C15612	C15612			C15612	map01110,map00960		CHEBI:52070	C15612			C15612	map01110,map00960		CHEBI:52070	C15612			C15612	map01110,map00960			0
Sphingosine-1-phosphate	RM0138834	C18H38NO5P	379.2488	Sphingolipids	Sphingoid bases	Sphingoid base 1-P	5283560	CHEBI:37550	HMDB0000277	LMSP01050001	C06124	DUYSYHSSBDVJSM-KRWOKUGFSA-N	CCCCCCCCCCCCC/C=C/[C@H]([C@H](COP(=O)(O)O)N)O	Sphingosine 1-phosphate			C06124	map01100,map00600,map04371,map04020,map04072,map04071,map04080,map04148,map04666,map05152	CHEBI:37550,CHEBI:37550	CHEBI:37550,CHEBI:37550	CHEBI:37550,CHEBI:37550	CHEBI:37550	C06124	C06124	C06124	C06124			C06124	map01100,map00600,map04371,map04020,map04072,map04071,map04080,map04148,map04666,map05152	CHEBI:60119	CHEBI:37550,CHEBI:60119	C06124	CHEBI:60119	R-HSA-1660661,R-HSA-418594,R-HSA-419408,R-HSA-5218921,R-HSA-9009391,R-HSA-9845614	C06124	map01100,map00600,map04371,map04020,map04072,map04071,map04080,map04148,map04666,map05152		CHEBI:37550,CHEBI:60119	C06124	CHEBI:60119	R-HSA-1660661,R-HSA-418594,R-HSA-419408,R-HSA-5218921,R-HSA-9009391,R-HSA-9845614	C06124	map01100,map00600,map04371,map04020,map04072,map04071,map04080,map04148,map04666,map05152			0
L-Lyxonate	RM0155904	C5H10O6	166.0477	Carbohydrates	Monosaccharides	Sugar acids	644110	CHEBI:6268	HMDB0060255		C05412	QXKAIJAYHKCRRA-PZGQECOJSA-N	C([C@@H]([C@H]([C@H](C(=O)O)O)O)O)O	L-Lyxonic acid			C05412	map01100,map00040,map00053	CHEBI:6268,CHEBI:145753	CHEBI:6268,CHEBI:145753	CHEBI:6268,CHEBI:145753	CHEBI:6268,CHEBI:145753	C05412	C05412	C05412	C05412			C05412	map01100,map00040,map00053	CHEBI:134538,CHEBI:145758	CHEBI:6268,CHEBI:134538,CHEBI:145753,CHEBI:145758	C05412			C05412	map01100,map00040,map00053		CHEBI:6268,CHEBI:134538,CHEBI:145753,CHEBI:145758	C05412			C05412	map01100,map00040,map00053	CHEBI:25696,CHEBI:33575	R-HSA-382556,R-HSA-428643,R-HSA-5690338,R-HSA-6809371	4
Collettiside I	-	-	-	-	-	-	-		-	-		-	-	-					CHEBI:74020	CHEBI:74020	CHEBI:74020	CHEBI:74020										CHEBI:74020							CHEBI:74020						CHEBI:35341	R-HSA-196071	1
cyasterone	RM0128371	C29H44O8	520.3036	Sterol Lipids	Sterols	Stigmasterols	119444	CHEBI:29012	HMDB0250618	LMST01040153	C08816	NEFYSBQJYCICOG-YSEUJXISSA-N	C[C@H]1[C@H](C[C@H]([C@@](C)([C@H]2CC[C@]3(C4=CC(=O)[C@@H]5C[C@H]([C@H](C[C@]5(C)[C@H]4CC[C@]23C)O)O)O)O)O)[C@@H](C)OC1=O	Cyasterone					CHEBI:29012,CHEBI:29012	CHEBI:29012,CHEBI:29012	CHEBI:29012,CHEBI:29012	CHEBI:29012	C08816	C08816	C08816	C08816						CHEBI:29012	C08816						CHEBI:29012	C08816					CHEBI:35341	R-HSA-196071	1
Distemonanthin	RM0049631	C17H10O9	358.0325	Polyketides	Flavonoids	Flavones	135873706	CHEBI:166626		LMPK12113389		SLUGCDLLXDGNNT-UHFFFAOYSA-N	COc1c(cc2c(c1O)c(=O)c1c(c3ccc(c(c3c(=O)o1)O)O)o2)O	Distemonanthin					CHEBI:166626	CHEBI:166626	CHEBI:166626	CHEBI:166626										CHEBI:166626							CHEBI:166626								0
15(16)-EpODE	RM0139781	C18H30O4	310.2144	Fatty Acyls	Octadecanoids	EpODE	16061056	CHEBI:197186	HMDB0010206	LMFA02000030		OAFZOWOHMXJGNM-DEOFSOSHSA-N	CCC1C(CC(/C=C/C=C\CCCCCCCC(=O)O)O)O1	15(16)-EpODE					CHEBI:88460	CHEBI:88460	CHEBI:88460	CHEBI:88460,CHEBI:197186										CHEBI:88460,CHEBI:197186							CHEBI:88460,CHEBI:197186						CHEBI:15904,CHEBI:33575,CHEBI:35366	R-HSA-1369062,R-HSA-1482883,R-HSA-167826,R-HSA-192456,R-HSA-3000471,R-HSA-390247,R-HSA-422085,R-HSA-426048,R-HSA-5684045,R-HSA-6809371,R-HSA-6811436,R-HSA-77289,R-HSA-8963889,R-HSA-8963901,R-HSA-8964038,R-HSA-8964058,R-HSA-975634	17
7-hydroxy-10E,16-heptadecadien-8-ynoic acid	-	-	-	-	-	-	-		-	-		-	-	-					CHEBI:186934	CHEBI:186934	CHEBI:186934	CHEBI:186934										CHEBI:186934							CHEBI:186934						CHEBI:15904	R-HSA-1369062,R-HSA-192456,R-HSA-3000471,R-HSA-390247,R-HSA-5684045,R-HSA-77289,R-HSA-8963901,R-HSA-8964058,R-HSA-975634	9
meso-Tartaric acid	RM0118171	C4H6O6	150.0164	Carbohydrates	Monosaccharides	Sugar acids	447315	CHEBI:15673				FEWJPZIEWOKRBE-XIXRPRMCSA-N	[C@H]([C@H](C(=O)O)O)(C(=O)O)O	Meso-tartaric acid					CHEBI:15673,CHEBI:15673	CHEBI:15673,CHEBI:15673	CHEBI:15673,CHEBI:15673	CHEBI:15673	C00552	C00552	C00552	C00552			C00552	map01100,map00630	CHEBI:30928,CHEBI:35400	CHEBI:15673,CHEBI:30928,CHEBI:35400	C00552			C00552	map01100,map00630	CHEBI:48930,CHEBI:48931	CHEBI:15673,CHEBI:30928,CHEBI:35400,CHEBI:48930,CHEBI:48931	C00552			C00552	map01100,map00630	CHEBI:33575	R-HSA-6809371	1
Quercetin 3-glucuronide-3'-sulfate	-	-	-	-	-	-	-		-	-		-	-	-					CHEBI:188308	CHEBI:188308	CHEBI:188308	CHEBI:188308										CHEBI:188308							CHEBI:188308								0
1-O-Acetyllycorine	-	-	-	-	-	-	-		-	-		-	-	-					CHEBI:31045	CHEBI:31045	CHEBI:31045	CHEBI:31045	C12166	C12166	C12166	C12166						CHEBI:31045	C12166						CHEBI:31045	C12166							0
5-Nonen-2-one	-	-	-	-	-	-	-		-	-		-	-	-					CHEBI:167144	CHEBI:167144	CHEBI:167144	CHEBI:167144										CHEBI:167144						CHEBI:180466,CHEBI:180467	CHEBI:167144,CHEBI:180466,CHEBI:180467								0
Antibiotic GR 95647X	-	-	-	-	-	-	-		-	-		-	-	-																																	0
Miraxanthin-III	-	-	-	-	-	-	-		-	-		-	-	-					CHEBI:6947	CHEBI:6947	CHEBI:6947	CHEBI:6947	C08556	C08556	C08556	C08556						CHEBI:6947	C08556						CHEBI:6947	C08556					CHEBI:33575	R-HSA-6809371	1
Clidinium	RM0157158	C22H26NO3	352.1913	Benzenoids	Benzenes	Diphenylmethanes	2784	CHEBI:3743	HMDB0014909			HOOSGZJRQIVJSZ-NNBUQUNQSA-N	C[N@@+]12CC[C@@H](CC1)C(C2)OC(=O)C(c1ccccc1)(c1ccccc1)O	Clidinium	CHEBI:3743	R-HSA-390648			CHEBI:3743,CHEBI:3743,CHEBI:3743	CHEBI:3743,CHEBI:3743,CHEBI:3743	CHEBI:3743,CHEBI:3743,CHEBI:3743	CHEBI:3743	C07853	C07853	C07853	C07853	CHEBI:3743	R-HSA-390648				CHEBI:3743	C07853	CHEBI:3743	R-HSA-390648				CHEBI:3743	C07853	CHEBI:3743	R-HSA-390648					0
Stearoylcarnitine	RM0153850	C25H49NO4	427.3662	Fatty Acyls	Fatty esters	Acyl carnitines	52922056	CHEBI:84644	HMDB0000848	LMFA07070008		FNPHNLNTJNMAEE-HSZRJFAPSA-N	CCCCCCCCCCCCCCCCCC(=O)O[C@H](CC(=O)[O-])C[N+](C)(C)C	CAR 18:0					CHEBI:84644,CHEBI:73074	CHEBI:84644,CHEBI:73074	CHEBI:84644,CHEBI:73074	CHEBI:73074,CHEBI:84644										CHEBI:73074,CHEBI:84644							CHEBI:73074,CHEBI:84644						CHEBI:18059	R-HSA-1222556,R-HSA-1369062,R-HSA-5682294,R-HSA-804914,R-HSA-8941413	5
Safingol ( L-threo-sphinganine)	-	-	-	-	-	-	-		-	-		-	-	-					CHEBI:179060	CHEBI:179060	CHEBI:179060	CHEBI:179060										CHEBI:179060							CHEBI:179060						CHEBI:30879	R-HSA-1483166,R-HSA-2022377,R-HSA-8935690	3
Cer(d18:1/24:1(15Z))	RM0134170	C42H81NO3	647.6216	Sphingolipids	Ceramides	Cer	5283568	CHEBI:74450	HMDB0004953	LMSP02010009		VJSBNBBOSZJDKB-KPEYJIHVSA-N	CCCCCCCC/C=CCCCCCCCCCCCCCC(=O)N[C@@H](CO)[C@@H](/C=C/CCCCCCCCCCCCC)O	Cer 18:1;O2/24:1(15Z)					CHEBI:74450	CHEBI:74450	CHEBI:74450	CHEBI:74450										CHEBI:74450							CHEBI:74450						CHEBI:52639,CHEBI:83273	R-HSA-1660661,R-HSA-193681,R-HSA-198933,R-HSA-9840309,R-HSA-9840310,R-HSA-9845576,R-HSA-9845614	7
methyl 15-hydroperoxy-9Z,12Z,16E-octadecatrienoate	-	-	-	-	-	-	-		-	-		-	-	-					CHEBI:186941	CHEBI:186941	CHEBI:186941	CHEBI:186941										CHEBI:186941							CHEBI:186941						CHEBI:18059	R-HSA-1222556,R-HSA-1369062,R-HSA-5682294,R-HSA-804914,R-HSA-8941413	5
9S,10R-epoxy-3Z,6Z-heptadecadiene	-	-	-	-	-	-	-		-	-		-	-	-					CHEBI:188242	CHEBI:188242	CHEBI:188242	CHEBI:188242										CHEBI:188242							CHEBI:188242								0
8-Hydroxyluteolin 8,4'-diglucuronide	-	-	-	-	-	-	-		-	-		-	-	-					CHEBI:188095	CHEBI:188095	CHEBI:188095	CHEBI:188095										CHEBI:188095							CHEBI:188095								0
Deoxyadenosine diphosphate (dADP)	-	-	-	-	-	-	-		-	-		-	-	-																																	0
4Z,8Z-Heptadecadiene	-	-	-	-	-	-	-		-	-		-	-	-					CHEBI:188053	CHEBI:188053	CHEBI:188053	CHEBI:188053										CHEBI:188053							CHEBI:188053								0
12beta-hydroxy-24-norcholesta-1,4,22E-trien-3-one	-	-	-	-	-	-	-		-	-		-	-	-					CHEBI:187101	CHEBI:187101	CHEBI:187101	CHEBI:187101										CHEBI:187101							CHEBI:187101						CHEBI:35341	R-HSA-196071	1
Tyrosyl-Valine	RM0129578	C14H20N2O4	280.1423	Organic acids	Amino acids and peptides	Dipeptides	7009560	CHEBI:75007	HMDB0029118			OYOQKMOWUDVWCR-RYUDHWBXSA-N	CC(C)[C@@H](C(=O)O)NC(=O)[C@H](Cc1ccc(cc1)O)N	Tyr-Val					CHEBI:75007	CHEBI:75007	CHEBI:75007	CHEBI:75007										CHEBI:75007							CHEBI:75007						CHEBI:46761	R-HSA-427975	1
Ceanothine D	-	-	-	-	-	-	-		-	-		-	-	-					CHEBI:175769	CHEBI:175769	CHEBI:175769	CHEBI:175769										CHEBI:175769							CHEBI:175769						CHEBI:25676	R-HSA-1236974,R-HSA-1236977,R-HSA-1236978,R-HSA-9705671,R-HSA-983168,R-HSA-983170,R-HSA-9912633	7
(S)-3-Mercaptohexyl pentanoate	-	-	-	-	-	-	-		-	-		-	-	-					CHEBI:172008	CHEBI:172008	CHEBI:172008	CHEBI:172008										CHEBI:172008							CHEBI:172008						CHEBI:18059	R-HSA-1222556,R-HSA-1369062,R-HSA-5682294,R-HSA-804914,R-HSA-8941413	5
Chlorpheniramine	RM0137477	C16H19ClN2	274.1237	Alkaloids	Pyridine alkaloids	Nicotinic acid alkaloids	2725	CHEBI:52010	HMDB0001944		C06905	SOYKEARSMXGVTM-UHFFFAOYSA-N	CN(C)CCC(c1ccc(cc1)Cl)c1ccccn1	Chlorphenamine	CHEBI:52010	R-HSA-390650,R-HSA-9717207,R-HSA-9717207			CHEBI:52010,CHEBI:52010	CHEBI:52010,CHEBI:52010	CHEBI:52010,CHEBI:52010	CHEBI:52010	C06905	C06905	C06905	C06905	CHEBI:52010	R-HSA-390650,R-HSA-9717207,R-HSA-9717207				CHEBI:52010	C06905	CHEBI:52010	R-HSA-390650,R-HSA-9717207,R-HSA-9717207			CHEBI:4464,CHEBI:52013	CHEBI:4464,CHEBI:52010,CHEBI:52013	C06905,C06946	CHEBI:52010	R-HSA-390650,R-HSA-9717207,R-HSA-9717207					0
(3S,5R,6S,7E,9x)-7-Megastigmene-3,6,9-triol 9-glucoside	-	-	-	-	-	-	-		-	-		-	-	-					CHEBI:172625	CHEBI:172625	CHEBI:172625	CHEBI:172625										CHEBI:172625							CHEBI:172625								0
5,6,7,8,3',4',5'-Heptamethoxyflavone	-	-	-	-	-	-	-		-	-		-	-	-					CHEBI:79477	CHEBI:79477	CHEBI:79477	CHEBI:79477	C14953	C14953	C14953	C14953						CHEBI:79477	C14953						CHEBI:79477	C14953							0
5Z-docosenoic acid	-	-	-	-	-	-	-		-	-		-	-	-					CHEBI:180036	CHEBI:180036	CHEBI:180036	CHEBI:180036										CHEBI:180036							CHEBI:180036						CHEBI:35366	R-HSA-1482883,R-HSA-167826,R-HSA-422085,R-HSA-426048,R-HSA-6809371,R-HSA-6811436,R-HSA-8963889,R-HSA-8964038	8
xi-Linalool 3-[rhamnosyl-(1->6)-glucoside]	-	-	-	-	-	-	-		-	-		-	-	-					CHEBI:169685	CHEBI:169685	CHEBI:169685	CHEBI:169685										CHEBI:169685							CHEBI:169685								0
8R-HpODE	RM0153733	C18H32O4	312.2301	Fatty Acyls	Octadecanoids	HpODE	6438758	CHEBI:34485	HMDB0004706	LMFA02000113	C14831	RGJSGXNKRWWCOQ-QMEIEYGNSA-N	CCCCC/C=C\C/C=C\[C@@H](CCCCCCC(=O)O)OO	8R-HpODE			C14831	map00591				CHEBI:34485	C14831	C14831	C14831	C14831			C14831	map00591	CHEBI:58659	CHEBI:34485,CHEBI:58659	C14831			C14831	map00591		CHEBI:34485,CHEBI:58659	C14831			C14831	map00591	CHEBI:15904	R-HSA-1369062,R-HSA-192456,R-HSA-3000471,R-HSA-390247,R-HSA-5684045,R-HSA-77289,R-HSA-8963901,R-HSA-8964058,R-HSA-975634	9
BMPN-benzoic acid	-	-	-	-	-	-	-		-	-		-	-	-																																	0
Spheroidene	RM0135397	C41H60O	568.4644	Prenol Lipids	Isoprenoids	C40 isoprenoids	6368932	CHEBI:35330		LMPR01070119	C15900	FJOCMTHZSURUFA-AXYGSFPTSA-N	CC(=CCC/C(=C/CC/C(=C/C=C/C(=C/C=C/C=C(\C)/C=C/C=C(\C)/C=C/C=C(\C)/C=C/CC(C)(C)OC)/C)/C)/C)C	Spheroidene			C15900	map01100,map01110,map00906	CHEBI:45657,CHEBI:35330	CHEBI:45657,CHEBI:35330	CHEBI:45657,CHEBI:35330	CHEBI:35330,CHEBI:45657	C15900	C15900	C15900	C15900			C15900	map01100,map01110,map00906		CHEBI:35330,CHEBI:45657	C15900			C15900	map01100,map01110,map00906		CHEBI:35330,CHEBI:45657	C15900			C15900	map01100,map01110,map00906	CHEBI:18059	R-HSA-1222556,R-HSA-1369062,R-HSA-5682294,R-HSA-804914,R-HSA-8941413	5
Sphingosine 1-phosphate	RM0138834	C18H38NO5P	379.2488	Sphingolipids	Sphingoid bases	Sphingoid base 1-P	5283560	CHEBI:37550	HMDB0000277	LMSP01050001	C06124	DUYSYHSSBDVJSM-KRWOKUGFSA-N	CCCCCCCCCCCCC/C=C/[C@H]([C@H](COP(=O)(O)O)N)O	Sphingosine 1-phosphate			C06124	map01100,map00600,map04371,map04020,map04072,map04071,map04080,map04148,map04666,map05152	CHEBI:37550,CHEBI:37550	CHEBI:37550,CHEBI:37550	CHEBI:37550,CHEBI:37550	CHEBI:37550	C06124	C06124	C06124	C06124			C06124	map01100,map00600,map04371,map04020,map04072,map04071,map04080,map04148,map04666,map05152	CHEBI:60119	CHEBI:37550,CHEBI:60119	C06124	CHEBI:60119	R-HSA-1660661,R-HSA-418594,R-HSA-419408,R-HSA-5218921,R-HSA-9009391,R-HSA-9845614	C06124	map01100,map00600,map04371,map04020,map04072,map04071,map04080,map04148,map04666,map05152		CHEBI:37550,CHEBI:60119	C06124	CHEBI:60119	R-HSA-1660661,R-HSA-418594,R-HSA-419408,R-HSA-5218921,R-HSA-9009391,R-HSA-9845614	C06124	map01100,map00600,map04371,map04020,map04072,map04071,map04080,map04148,map04666,map05152			0
xi-3-(4-Isopropylphenyl)-2-methylpropanal	RM0200513	C13H18O	190.1358	Prenol Lipids	Isoprenoids	C10 isoprenoids	517827		HMDB0037763			ZFNVDHOSLNRHNN-UHFFFAOYSA-N	CC(C)c1ccc(cc1)CC(C)C=O	xi-3-(4-Isopropylphenyl)-2-methylpropanal					CHEBI:188336	CHEBI:188336	CHEBI:188336	CHEBI:188336										CHEBI:188336							CHEBI:188336						CHEBI:18059	R-HSA-1222556,R-HSA-1369062,R-HSA-5682294,R-HSA-804914,R-HSA-8941413	5
Sinaticin	-	-	-	-	-	-	-		-	-		-	-	-					CHEBI:185972	CHEBI:185972	CHEBI:185972	CHEBI:185972										CHEBI:185972							CHEBI:185972								0
Estrane skeleton	-	-	-	-	-	-	-		-	-		-	-	-																																	0
13-Methyl-1-hentriacontene	RM0153139	C32H64	448.5008	Fatty Acyls	Hydrocarbons	Hydrocarbons	56936156	CHEBI:165729		LMFA11000257		NGPWWRXWHSVOEI-UHFFFAOYSA-N	CCCCCCCCCCCCCCCCCCC(C)CCCCCCCCCCC=C	13-Methyl-1-hentriacontene					CHEBI:165729	CHEBI:165729	CHEBI:165729	CHEBI:165729										CHEBI:165729							CHEBI:165729								0
3'-Methoxylupinifolin	-	-	-	-	-	-	-		-	-		-	-	-					CHEBI:185538	CHEBI:185538	CHEBI:185538	CHEBI:185538										CHEBI:185538							CHEBI:185538								0
3alpha,7beta,12alpha-Trihydroxy-6-oxo-5alpha-cholan-24-oic Acid	-	-	-	-	-	-	-		-	-		-	-	-					CHEBI:169387	CHEBI:169387	CHEBI:169387	CHEBI:169387										CHEBI:169387							CHEBI:169387						CHEBI:33575,CHEBI:35341	R-HSA-196071,R-HSA-6809371	2
3'-dihydroxyflurbiprofen	-	-	-	-	-	-	-		-	-		-	-	-																																	0
2,4,6,8,10-dodecapentaenal	RM0150306	C12H14O	174.1045	Fatty Acyls	Fatty aldehydes	Fatty aldehydes	5283362	CHEBI:137718		LMFA06000073		NLPJEWTYXLOFLM-GNUNTXLASA-N	C/C=C/C=C/C=C/C=C/C=C/C=O	2,4,6,8,10-Dodecapentaenal					CHEBI:137718	CHEBI:137718	CHEBI:137718	CHEBI:137718										CHEBI:137718							CHEBI:137718						CHEBI:35746	R-HSA-1482788,R-HSA-75109	2
Neotame	RM0204354	C20H30N2O5	378.2155	Organic acids	Amino acids and peptides	Oligopeptides	3804937		HMDB0034566			HLIAVLHNDJUHFG-UHFFFAOYSA-N	CC(C)(C)CCNC(CC(=O)O)C(=O)NC(Cc1ccccc1)C(=O)OC	Neotame					CHEBI:83503	CHEBI:83503	CHEBI:83503	CHEBI:83503										CHEBI:83503							CHEBI:83503						CHEBI:46761	R-HSA-427975	1
Mesuol	-	-	-	-	-	-	-		-	-		-	-	-					CHEBI:188086	CHEBI:188086	CHEBI:188086	CHEBI:188086										CHEBI:188086							CHEBI:188086								0
8-Hydroxytricetin 7-glucuronide	-	-	-	-	-	-	-		-	-		-	-	-					CHEBI:188228	CHEBI:188228	CHEBI:188228	CHEBI:188228										CHEBI:188228							CHEBI:188228								0
31-hydroxy-32,35-anhydrobacteriohopanetetrol	-	-	-	-	-	-	-		-	-		-	-	-					CHEBI:188100	CHEBI:188100	CHEBI:188100	CHEBI:188100										CHEBI:188100							CHEBI:188100						CHEBI:18059	R-HSA-1222556,R-HSA-1369062,R-HSA-5682294,R-HSA-804914,R-HSA-8941413	5
3,7,11,15-Tetramethylhexadeca-1,3Z,6E,10E,14-pentaene	-	-	-	-	-	-	-		-	-		-	-	-					CHEBI:188073	CHEBI:188073	CHEBI:188073	CHEBI:188073										CHEBI:188073							CHEBI:188073						CHEBI:18059	R-HSA-1222556,R-HSA-1369062,R-HSA-5682294,R-HSA-804914,R-HSA-8941413	5
Ceriporic acid B	-	-	-	-	-	-	-		-	-		-	-	-					CHEBI:184466	CHEBI:184466	CHEBI:184466	CHEBI:184466										CHEBI:184466							CHEBI:184466						CHEBI:15904	R-HSA-1369062,R-HSA-192456,R-HSA-3000471,R-HSA-390247,R-HSA-5684045,R-HSA-77289,R-HSA-8963901,R-HSA-8964058,R-HSA-975634	9
Ophiobolin A	RM0138852	C25H36O4	400.2614	Prenol Lipids	Isoprenoids	C25 isoprenoids	5281387	CHEBI:7777	HMDB0250395	LMPR0105050001	C09145	MWYYLZRWWNBROW-BDZRSQQBSA-N	CC(=C[C@H]1C[C@H](C)[C@]2(CC[C@]3(C)C[C@H]4[C@@H](C(=CC[C@@H]23)C=O)C(=O)C[C@@]4(C)O)O1)C	Ophiobolin A					CHEBI:7777,CHEBI:7777	CHEBI:7777,CHEBI:7777	CHEBI:7777,CHEBI:7777	CHEBI:7777	C09145	C09145	C09145	C09145						CHEBI:7777	C09145						CHEBI:7777	C09145					CHEBI:30879	R-HSA-1483166,R-HSA-2022377,R-HSA-8935690	3
4'-Hydroxy-4-(4-hydroxystyryl)-7-methoxyflavan	-	-	-	-	-	-	-		-	-		-	-	-					CHEBI:179638	CHEBI:179638	CHEBI:179638	CHEBI:179638										CHEBI:179638							CHEBI:179638								0
Tetradecanoylcarnitine	RM0154013	C21H41NO4	371.3036	Fatty Acyls	Fatty esters	Acyl carnitines	53477791	CHEBI:84634	HMDB0005066	LMFA07070107		PSHXNVGSVNEJBD-LJQANCHMSA-N	CCCCCCCCCCCCCC(=O)O[C@H](CC(=O)[O-])C[N+](C)(C)C	CAR 14:0					CHEBI:73061	CHEBI:73061	CHEBI:73061	CHEBI:73061,CHEBI:84634										CHEBI:73061,CHEBI:84634						CHEBI:192250	CHEBI:73061,CHEBI:84634,CHEBI:192250						CHEBI:18059	R-HSA-1222556,R-HSA-1369062,R-HSA-5682294,R-HSA-804914,R-HSA-8941413	5
10E,12Z-octadecadienoic acid	RM0202138	C18H32O2	280.2402	Fatty Acyls	Fatty acids	Unsaturated FA	5282800	CHEBI:44526	HMDB0005048	LMFA01030125		GKJZMAHZJGSBKD-NMMTYZSQSA-N	CCCCC/C=CC=CCCCCCCCCC(=O)O	10E,12Z-Octadecadienoic acid								CHEBI:44526									CHEBI:77200	CHEBI:44526,CHEBI:77200							CHEBI:44526,CHEBI:77200						CHEBI:15904	R-HSA-1369062,R-HSA-192456,R-HSA-3000471,R-HSA-390247,R-HSA-5684045,R-HSA-77289,R-HSA-8963901,R-HSA-8964058,R-HSA-975634	9
Alpha-Linolenic acid	RM0152834	C18H30O2	278.2246	Fatty Acyls	Fatty acids	Unsaturated FA	5280934	CHEBI:27432	HMDB0001388	LMFA01030152	C06427	DTOSIQBPPRVQHS-PDBXOOCHSA-N	CC/C=C\C/C=C\C/C=C\CCCCCCCC(=O)O	alpha-Linolenic acid	CHEBI:27432	R-HSA-1368108,R-HSA-1989781,R-HSA-1989781,R-HSA-2046106,R-HSA-2151201,R-HSA-2426168,R-HSA-381340,R-HSA-381771,R-HSA-400206,R-HSA-416476,R-HSA-444209,R-HSA-9707564,R-HSA-9707616,R-HSA-9931509,R-HSA-9933387	C06427	map01100,map01110,map00592,map01040,map01060,map01070	CHEBI:27432,CHEBI:27432,CHEBI:27432	CHEBI:27432,CHEBI:27432,CHEBI:27432	CHEBI:27432,CHEBI:27432,CHEBI:27432	CHEBI:27432	C06427	C06427	C06427	C06427	CHEBI:27432	R-HSA-1368108,R-HSA-1989781,R-HSA-1989781,R-HSA-2046106,R-HSA-2151201,R-HSA-2426168,R-HSA-381340,R-HSA-381771,R-HSA-400206,R-HSA-416476,R-HSA-444209,R-HSA-9707564,R-HSA-9707616,R-HSA-9931509,R-HSA-9933387	C06427	map01100,map01110,map00592,map01040,map01060,map01070	CHEBI:32387	CHEBI:27432,CHEBI:32387	C06427	CHEBI:27432	R-HSA-1368108,R-HSA-1989781,R-HSA-1989781,R-HSA-2046106,R-HSA-2151201,R-HSA-2426168,R-HSA-381340,R-HSA-381771,R-HSA-400206,R-HSA-416476,R-HSA-444209,R-HSA-9707564,R-HSA-9707616,R-HSA-9931509,R-HSA-9933387	C06427	map01100,map01110,map00592,map01040,map01060,map01070		CHEBI:27432,CHEBI:32387	C06427	CHEBI:27432	R-HSA-1368108,R-HSA-1989781,R-HSA-1989781,R-HSA-2046106,R-HSA-2151201,R-HSA-2426168,R-HSA-381340,R-HSA-381771,R-HSA-400206,R-HSA-416476,R-HSA-444209,R-HSA-9707564,R-HSA-9707616,R-HSA-9931509,R-HSA-9933387	C06427	map01100,map01110,map00592,map01040,map01060,map01070			0
1-Naphthaleneacetic acid sodium salt	RM0199608	C12H10O2	186.0681	Benzenoids	Naphthalenes	Naphthalenes	6862	CHEBI:32918	HMDB0032708		C13014	PRPINYUDVPFIRX-UHFFFAOYSA-N	c1ccc2c(c1)cccc2CC(=O)O	1-Naphthaleneacetic acid					CHEBI:32918,CHEBI:81811	CHEBI:32918,CHEBI:81811	CHEBI:32918,CHEBI:81811	CHEBI:32918,CHEBI:81811	C13014,C18534	C13014,C18534	C13014,C18534	C13014,C18534					CHEBI:156230	CHEBI:32918,CHEBI:81811,CHEBI:156230	C13014,C18534						CHEBI:32918,CHEBI:81811,CHEBI:156230	C13014,C18534					CHEBI:33575	R-HSA-6809371	1
14,15-DiHETrE	RM0074063	C20H34O4	338.2457	Fatty Acyls	Eicosanoids	HETrE	5283147	CHEBI:63966	HMDB0002265	LMFA03050010	C14775	SYAWGTIVOGUZMM-ILYOTBPNSA-N	CCCCCC(C(C/C=C\C/C=C\C/C=C\CCCC(=O)O)O)O	14,15-DiHETrE			C14775	map01100,map00590,map04726	CHEBI:63966	CHEBI:63966	CHEBI:63966	CHEBI:63966	C14775	C14775	C14775	C14775			C14775	map01100,map00590,map04726	CHEBI:84029	CHEBI:63966,CHEBI:84029	C14775	CHEBI:84029	R-HSA-2142670	C14775	map01100,map00590,map04726	CHEBI:138003,CHEBI:138006,CHEBI:138591,CHEBI:138592	CHEBI:63966,CHEBI:84029,CHEBI:138003,CHEBI:138006,CHEBI:138591,CHEBI:138592	C14775	CHEBI:84029	R-HSA-2142670	C14775	map01100,map00590,map04726			0
Hypericin	RM0071871	C30H16O8	504.0845	Polyketides	Aromatic polyketides	Anthracenes and phenanthrenes	3663	CHEBI:5835	HMDB0034271	LMPK13040001	C07606	BTXNYTINYBABQR-UHFFFAOYSA-N	Cc1cc(c2c3c1c1c(C)cc(c4c1c1c5c(c(cc(c5C4=O)O)O)c4c(cc(c(c4c31)C2=O)O)O)O)O	Hypericin					CHEBI:5835,CHEBI:5835	CHEBI:5835,CHEBI:5835	CHEBI:5835,CHEBI:5835	CHEBI:5835	C07606	C07606	C07606	C07606						CHEBI:5835	C07606						CHEBI:5835	C07606							0
1-Methylphenanthrene	-	-	-	-	-	-	-		-	-		-	-	-					CHEBI:35860	CHEBI:35860	CHEBI:35860	CHEBI:35860	C19457	C19457	C19457	C19457						CHEBI:35860	C19457						CHEBI:35860	C19457							0
TBS-Corey Lactone Aldehyde	-	-	-	-	-	-	-		-	-		-	-	-					CHEBI:187378	CHEBI:187378	CHEBI:187378	CHEBI:187378										CHEBI:187378							CHEBI:187378								0
(S)-3-Methylthiohexyl butyrate	-	-	-	-	-	-	-		-	-		-	-	-					CHEBI:172006	CHEBI:172006	CHEBI:172006	CHEBI:172006										CHEBI:172006							CHEBI:172006						CHEBI:18059	R-HSA-1222556,R-HSA-1369062,R-HSA-5682294,R-HSA-804914,R-HSA-8941413	5
2,4,6-octatrienal	RM0150159	C8H10O	122.0732	Fatty Acyls	Fatty aldehydes	Fatty aldehydes	5283331	CHEBI:137803		LMFA06000036		ZUZGMJKUENNLQL-ICDJNDDTSA-N	C/C=C/C=C/C=C/C=O	2,4,6-Octatrienal					CHEBI:137803	CHEBI:137803	CHEBI:137803	CHEBI:137803										CHEBI:137803							CHEBI:137803						CHEBI:35746	R-HSA-1482788,R-HSA-75109	2
(3S,5R,6R,7E)-3,5,6-Trihydroxy-7-megastigmen-9-one	-	-	-	-	-	-	-		-	-		-	-	-					CHEBI:168487	CHEBI:168487	CHEBI:168487	CHEBI:168487										CHEBI:168487							CHEBI:168487						CHEBI:18059	R-HSA-1222556,R-HSA-1369062,R-HSA-5682294,R-HSA-804914,R-HSA-8941413	5
7alpha,12alpha-Dihydroxycholest-4-en-3-one	-	-	-	-	-	-	-		-	-		-	-	-					CHEBI:28477,CHEBI:28477	CHEBI:28477,CHEBI:28477	CHEBI:28477	CHEBI:28477	C17339	C17339	C17339	C17339	CHEBI:28477	R-HSA-193368,R-HSA-211994	C17339	map01100,map00120		CHEBI:28477	C17339	CHEBI:28477	R-HSA-193368,R-HSA-211994	C17339	map01100,map00120		CHEBI:28477	C17339	CHEBI:28477	R-HSA-193368,R-HSA-211994	C17339	map01100,map00120			0
8Z-Heptadecene	-	-	-	-	-	-	-		-	-		-	-	-					CHEBI:169689	CHEBI:169689	CHEBI:169689	CHEBI:169689										CHEBI:169689							CHEBI:169689								0
ARECOLINE	RM0032882	C8H13NO2	155.0946	Alkaloids	Alkaloids	Other alkaloids	2230	CHEBI:2814	HMDB0030353		C10129	HJJPJSXJAXAIPN-UHFFFAOYSA-N	CN1CCC=C(C1)C(=O)OC	Arecoline					CHEBI:2814	CHEBI:2814	CHEBI:2814	CHEBI:2814	C10129	C10129	C10129	C10129						CHEBI:2814	C10129						CHEBI:2814	C10129							0
Decanoylcarnitine	RM0153849	C17H33NO4	315.2410	Fatty Acyls	Fatty esters	Acyl carnitines	11953821	CHEBI:28717	HMDB0000651	LMFA07070006	C03299	LZOSYCMHQXPBFU-OAHLLOKOSA-N	CCCCCCCCCC(=O)O[C@H](CC(=O)[O-])C[N+](C)(C)C	CAR 10:0					CHEBI:68830	CHEBI:68830	CHEBI:68830	CHEBI:28717,CHEBI:68830	C03299	C03299	C03299	C03299						CHEBI:28717,CHEBI:68830	C03299					CHEBI:192248	CHEBI:28717,CHEBI:68830,CHEBI:192248	C03299					CHEBI:18059	R-HSA-1222556,R-HSA-1369062,R-HSA-5682294,R-HSA-804914,R-HSA-8941413	5
C16 Sphingosine-1-phosphate	RM0138861	C16H34NO5P	351.2175	Sphingolipids	Sphingoid bases	Sphingoid base 1-P	52931110	CHEBI:84505	HMDB0060061	LMSP01050005		IQHNJQKWEMCXAD-YYZTVXDQSA-N	CCCCCCCCCCC/C=C/[C@H]([C@H](COP(=O)(O)O)N)O	C16 Sphingosine 1-phosphate					CHEBI:84505	CHEBI:84505	CHEBI:84505	CHEBI:84505										CHEBI:84505							CHEBI:84505						CHEBI:16247	R-HSA-1483206,R-HSA-202733,R-HSA-2168880,R-HSA-3000471,R-HSA-3000480,R-HSA-3000484,R-HSA-3000497,R-HSA-432142,R-HSA-5686938,R-HSA-8856825,R-HSA-8856828,R-HSA-8866423,R-HSA-8963888,R-HSA-8963896,R-HSA-8963901,R-HSA-8964011,R-HSA-8964026,R-HSA-8964038,R-HSA-8964041,R-HSA-8964046,R-HSA-8964058,R-HSA-8964572,R-HSA-9615710,R-HSA-9707616,R-HSA-975634,R-HSA-9918432,R-HSA-9918481,R-HSA-9918487,R-HSA-9920588,R-HSA-9920951	30
5,8,11,14-eicosatetraenoic acid	-	-	-	-	-	-	-		-	-		-	-	-					CHEBI:36306	CHEBI:36306	CHEBI:36306	CHEBI:36306										CHEBI:36306						CHEBI:15843,CHEBI:32395	CHEBI:15843,CHEBI:32395,CHEBI:36306	C00219	CHEBI:32395	R-HSA-111995,R-HSA-112310,R-HSA-1368108,R-HSA-140180,R-HSA-1989781,R-HSA-1989781,R-HSA-2029485,R-HSA-211935,R-HSA-211958,R-HSA-2142670,R-HSA-2142688,R-HSA-2142691,R-HSA-2142696,R-HSA-2142712,R-HSA-2142753,R-HSA-2142753,R-HSA-2142770,R-HSA-2142816,R-HSA-2151201,R-HSA-2162123,R-HSA-2426168,R-HSA-381340,R-HSA-400206,R-HSA-426048,R-HSA-5579011,R-HSA-5668599,R-HSA-75876,R-HSA-9707564,R-HSA-9707616,R-HSA-9931509,R-HSA-9933387	C00219	map01100,map00590,map00591,map01040,map04216,map04217,map04611,map04664,map04666,map04923,map04912,map04913,map04921,map04925,map04270,map04726,map04730,map04723,map04745,map04750,map05146,map05140,map07034			0
Quinalphos	RM0030106	C12H15N2O3PS	298.0541	Organoheterocyclic compounds	Benzodiazines	Benzodiazines	26124	CHEBI:8712	HMDB0257033			JYQUHIFYBATCCY-UHFFFAOYSA-N	CCOP(=S)(OCC)Oc1cnc2ccccc2n1	Quinalphos					CHEBI:8712,CHEBI:8712	CHEBI:8712,CHEBI:8712	CHEBI:8712,CHEBI:8712	CHEBI:8712	C11030	C11030	C11030	C11030						CHEBI:8712	C11030						CHEBI:8712	C11030							0
Capnell-9(12)-ene-8beta,10alpha-diol	-	-	-	-	-	-	-		-	-		-	-	-					CHEBI:188184	CHEBI:188184	CHEBI:188184	CHEBI:188184										CHEBI:188184							CHEBI:188184						CHEBI:18059	R-HSA-1222556,R-HSA-1369062,R-HSA-5682294,R-HSA-804914,R-HSA-8941413	5
8-iso-PGA1	RM0154216	C20H32O4	336.2301	Fatty Acyls	Eicosanoids	Isoprostanes	6473771	CHEBI:190149	HMDB0002236	LMFA03110008		BGKHCLZFGPIKKU-DRSVPBQLSA-N	CCCCC[C@@H](/C=C/[C@H]1C=CC(=O)[C@H]1CCCCCCC(=O)O)O	8-iso-PGA1					CHEBI:190149	CHEBI:190149	CHEBI:190149	CHEBI:190149										CHEBI:190149							CHEBI:190149						CHEBI:18059	R-HSA-1222556,R-HSA-1369062,R-HSA-5682294,R-HSA-804914,R-HSA-8941413	5
Kurilensoside H	-	-	-	-	-	-	-		-	-		-	-	-					CHEBI:186822	CHEBI:186822	CHEBI:186822	CHEBI:186822										CHEBI:186822							CHEBI:186822						CHEBI:35341	R-HSA-196071	1
(25S)-5alpha-cholestan-3beta,4beta,6alpha,8beta,15alpha,16beta,26-heptol	-	-	-	-	-	-	-		-	-		-	-	-					CHEBI:184225	CHEBI:184225	CHEBI:184225	CHEBI:184225										CHEBI:184225							CHEBI:184225						CHEBI:35341	R-HSA-196071	1
hexadecanedioic acid mono-L-carnitine ester	RM0154197	C23H41NO4	395.3036	Fatty Acyls	Fatty esters	Acyl carnitines								CAR 16:2					CHEBI:228644	CHEBI:228644	CHEBI:228644	CHEBI:228644										CHEBI:228644							CHEBI:228644								0
9S-HpODE	RM0153101	C18H32O4	312.2301	Fatty Acyls	Octadecanoids	HpODE	9548877	CHEBI:34498	HMDB0062434	LMFA02000012	C14827	JGUNZIWGNMQSBM-UINYOVNOSA-N	CCCCC/C=C\C=C\[C@H](CCCCCCCC(=O)O)OO	9S-HpODE			C14827	map01100,map00591				CHEBI:34498	C14827	C14827	C14827	C14827			C14827	map01100,map00591	CHEBI:60955,CHEBI:63323,CHEBI:63331	CHEBI:34498,CHEBI:60955,CHEBI:63323,CHEBI:63331	C14827			C14827	map01100,map00591		CHEBI:34498,CHEBI:60955,CHEBI:63323,CHEBI:63331	C14827			C14827	map01100,map00591	CHEBI:15904	R-HSA-1369062,R-HSA-192456,R-HSA-3000471,R-HSA-390247,R-HSA-5684045,R-HSA-77289,R-HSA-8963901,R-HSA-8964058,R-HSA-975634	9
3,5-hexadienoic acid	RM0153234	C6H8O2	112.0524	Fatty Acyls	Fatty acids	Unsaturated FA	5312594	CHEBI:165461		LMFA01030451		KRMCNXUYEWISGE-ONEGZZNKSA-N	C=C/C=C/CC(=O)O	3,5-Hexadienoic acid					CHEBI:165461	CHEBI:165461	CHEBI:165461	CHEBI:165461										CHEBI:165461							CHEBI:165461						CHEBI:59554	R-HSA-390247,R-HSA-77289	2
DG(15:0/16:0/0:0)	RM0174246	C34H66O5	554.4910	Glycerolipids	Diradylglycerols	DAG	14275229		HMDB0007069	LMGL02010426		PENDWALPEZESAS-YTTGMZPUSA-N	CCCCCCCCCCCCCCCC(=O)O[C@@H](CO)COC(=O)CCCCCCCCCCCCCC	DG 15:0/16:0/0:0					CHEBI:188307	CHEBI:188307	CHEBI:188307	CHEBI:188307										CHEBI:188307							CHEBI:188307						CHEBI:18035	R-HSA-112043,R-HSA-1250196,R-HSA-192456,R-HSA-202424,R-HSA-202433,R-HSA-2029485,R-HSA-2871809,R-HSA-2871837,R-HSA-418890,R-HSA-5218921,R-HSA-5607764,R-HSA-6809371,R-HSA-8963889,R-HSA-8963901,R-HSA-8964058,R-HSA-9027277,R-HSA-9648002,R-HSA-9664323,R-HSA-9680350,R-HSA-975634	20
DG(14:0/18:3(6Z,9Z,12Z)/0:0)	-	-	-	-	-	-	-		-	-		-	-	-					CHEBI:88808	CHEBI:88808	CHEBI:88808	CHEBI:88808										CHEBI:88808							CHEBI:88808						CHEBI:18035	R-HSA-112043,R-HSA-1250196,R-HSA-192456,R-HSA-202424,R-HSA-202433,R-HSA-2029485,R-HSA-2871809,R-HSA-2871837,R-HSA-418890,R-HSA-5218921,R-HSA-5607764,R-HSA-6809371,R-HSA-8963889,R-HSA-8963901,R-HSA-8964058,R-HSA-9027277,R-HSA-9648002,R-HSA-9664323,R-HSA-9680350,R-HSA-975634	20
Boschniakine	RM0042384	C10H11NO	161.0841	Alkaloids	Pyridine alkaloids	Nicotinic acid alkaloids	442507	CHEBI:3157	HMDB0030267		C09915	OPRAONAUWNNOOV-SSDOTTSWSA-N	C[C@@H]1CCc2c(cncc12)C=O	Boschniakine					CHEBI:3157,CHEBI:3157	CHEBI:3157,CHEBI:3157	CHEBI:3157,CHEBI:3157	CHEBI:3157	C09915	C09915	C09915	C09915						CHEBI:3157	C09915						CHEBI:3157	C09915					CHEBI:18059	R-HSA-1222556,R-HSA-1369062,R-HSA-5682294,R-HSA-804914,R-HSA-8941413	5
Pregnanalone sulfate (Allopregnanolone sulfate)	-	-	-	-	-	-	-		-	-		-	-	-																																	0
DG(15:0/18:3(9Z,12Z,15Z)/0:0)	-	-	-	-	-	-	-		-	-		-	-	-					CHEBI:171959	CHEBI:171959	CHEBI:171959	CHEBI:171959										CHEBI:171959							CHEBI:171959						CHEBI:17815	R-HSA-114508,R-HSA-114516,R-HSA-114604,R-HSA-1169091,R-HSA-1169092,R-HSA-1250196,R-HSA-139853,R-HSA-1482883,R-HSA-1483191,R-HSA-1483206,R-HSA-1483213,R-HSA-1489509,R-HSA-162710,R-HSA-163560,R-HSA-1660661,R-HSA-1855204,R-HSA-2029485,R-HSA-2179392,R-HSA-3000170,R-HSA-354192,R-HSA-392517,R-HSA-399997,R-HSA-4086398,R-HSA-416476,R-HSA-416993,R-HSA-418217,R-HSA-418597,R-HSA-419408,R-HSA-426048,R-HSA-434316,R-HSA-4419969,R-HSA-5099900,R-HSA-5218921,R-HSA-5673001,R-HSA-75109,R-HSA-76005,R-HSA-9717207,R-HSA-983695	38
Benzaldehyde, p-amino-, thiosemicarbazone	-	-	-	-	-	-	-		-	-		-	-	-					CHEBI:188058	CHEBI:188058	CHEBI:188058	CHEBI:188058										CHEBI:188058							CHEBI:188058								0
ANABASAMINE	RM0156535	C16H19N3	253.1579	Alkaloids	Pyridine alkaloids	Nicotinic acid alkaloids	161313	CHEBI:93850				TZRDBHMKTWECOV-UHFFFAOYSA-N	CN1CCCCC1c1ccc(c2cccnc2)nc1	Anabasamine								CHEBI:93850										CHEBI:93850							CHEBI:93850								0
Benzyl b-L-arabinopyranoside	-	-	-	-	-	-	-		-	-		-	-	-					CHEBI:188187	CHEBI:188187	CHEBI:188187	CHEBI:188187										CHEBI:188187							CHEBI:188187								0
Miquelianin	RM0186750	C21H18O13	478.0747	Polyketides	Flavonoids	Flavonols	5274585	CHEBI:66395		LMPK12112173		DUBCCGAQYVUYEU-ZUGPOPFOSA-N	c1cc(c(cc1c1c(c(=O)c2c(cc(cc2o1)O)O)O[C@H]1[C@@H]([C@H]([C@@H]([C@@H](C(=O)O)O1)O)O)O)O)O	Quercetin 3-glucuronide					CHEBI:66395	CHEBI:66395	CHEBI:66395	CHEBI:66395										CHEBI:66395							CHEBI:66395								0
3beta-(3-methyl-butanoyloxy)-villanovane-13alpha,17-diol	-	-	-	-	-	-	-		-	-		-	-	-					CHEBI:169554	CHEBI:169554	CHEBI:169554	CHEBI:169554										CHEBI:169554							CHEBI:169554						CHEBI:18059	R-HSA-1222556,R-HSA-1369062,R-HSA-5682294,R-HSA-804914,R-HSA-8941413	5
PGH1	RM0139710	C20H34O5	354.2406	Fatty Acyls	Eicosanoids	Prostaglandins	5283048	CHEBI:91133	HMDB0013041	LMFA03010044		NTAYABHEVAQSJS-CDIPTNKSSA-N	CCCCC[C@@H](/C=C/[C@@H]1[C@@H](CCCCCCC(=O)O)[C@@H]2C[C@H]1OO2)O	PGH1								CHEBI:91133									CHEBI:90793	CHEBI:90793,CHEBI:91133							CHEBI:90793,CHEBI:91133						CHEBI:30879,CHEBI:35366	R-HSA-1482883,R-HSA-1483166,R-HSA-167826,R-HSA-2022377,R-HSA-422085,R-HSA-426048,R-HSA-6809371,R-HSA-6811436,R-HSA-8935690,R-HSA-8963889,R-HSA-8964038	11
N-Acetylneuraminic acid	RM0135920	C11H19NO9	309.1060	Carbohydrates	Monosaccharides	Sugar acids	445063	CHEBI:45744	HMDB0000230		C19910	SQVRNKJHWKZAKO-PFQGKNLYSA-N	CC(=O)N[C@@H]1[C@H](C[C@](C(=O)O)(O)O[C@H]1[C@@H]([C@@H](CO)O)O)O	N-Acetylneuraminic acid					CHEBI:17012,CHEBI:17012,CHEBI:173082	CHEBI:17012,CHEBI:17012,CHEBI:173082	CHEBI:17012,CHEBI:17012,CHEBI:173082	CHEBI:17012,CHEBI:45744,CHEBI:173082	C00270,C19910	C00270,C19910	C00270,C19910	C00270,C19910	CHEBI:17012	R-HSA-975577	C00270	map01100,map01250,map00541	CHEBI:35418,CHEBI:58705,CHEBI:173083	CHEBI:17012,CHEBI:35418,CHEBI:45744,CHEBI:58705,CHEBI:173082,CHEBI:173083	C00270,C19910	CHEBI:17012,CHEBI:35418	R-HSA-975577,R-HSA-4085001,R-HSA-428643,R-HSA-5619035,R-HSA-9840310	C00270	map01100,map01250,map00541	CHEBI:49026,CHEBI:58770	CHEBI:17012,CHEBI:35418,CHEBI:45744,CHEBI:49026,CHEBI:58705,CHEBI:58770,CHEBI:173082,CHEBI:173083	C00270,C19910	CHEBI:17012,CHEBI:35418	R-HSA-975577,R-HSA-4085001,R-HSA-428643,R-HSA-5619035,R-HSA-9840310	C00270	map01100,map01250,map00541			0
26,27-dinor-3alpha,6alpha,12alpha-trihydroxy-5beta-cholestan-24-one	-	-	-	-	-	-	-		-	-		-	-	-																																	0
Linoleamide	RM0150637	C18H33NO	279.2562	Fatty Acyls	Fatty amides	Primary amides	6435901	CHEBI:82984	HMDB0062656	LMFA08010008		SFIHQZFZMWZOJV-HZJYTTRNSA-N	CCCCC/C=C\C/C=C\CCCCCCCC(=O)N	Linoleamide					CHEBI:82984	CHEBI:82984	CHEBI:82984	CHEBI:82984										CHEBI:82984							CHEBI:82984						CHEBI:18059	R-HSA-1222556,R-HSA-1369062,R-HSA-5682294,R-HSA-804914,R-HSA-8941413	5
CLOVANEDIOL DIACETATE	-	-	-	-	-	-	-		-	-		-	-	-					CHEBI:181801	CHEBI:181801	CHEBI:181801	CHEBI:181801										CHEBI:181801							CHEBI:181801						CHEBI:18059	R-HSA-1222556,R-HSA-1369062,R-HSA-5682294,R-HSA-804914,R-HSA-8941413	5
Linalyl cinnamate	-	-	-	-	-	-	-		-	-		-	-	-					CHEBI:186906	CHEBI:186906	CHEBI:186906	CHEBI:186906										CHEBI:186906							CHEBI:186906								0
7E,9Z-dodecadien-1-ol	-	-	-	-	-	-	-		-	-		-	-	-					CHEBI:188211	CHEBI:188211	CHEBI:188211	CHEBI:188211										CHEBI:188211							CHEBI:188211						CHEBI:30879	R-HSA-1483166,R-HSA-2022377,R-HSA-8935690	3
Xylofuranose	RM0012560	C5H10N2O3	146.0691	Organic acids	Amino acids and peptides	Amino acids	5961	CHEBI:18050	HMDB0000641		C00064	ZDXPYRJPNDTMRX-VKHMYHEASA-N	C(CC(=O)N)[C@@H](C(=O)O)N	Glutamine			C00064	map01100,map01110,map01120,map01230,map01232,map01240,map00630,map00910,map00230,map00240,map00250,map00220,map00470,map00750,map01060,map00970,map02010,map02020,map04974,map04978,map04964,map04724,map04727,map04382,map05230	CHEBI:18050,CHEBI:28300,CHEBI:28300	CHEBI:18050,CHEBI:28300,CHEBI:28300	CHEBI:18050,CHEBI:28300,CHEBI:28300	CHEBI:18050,CHEBI:28300	C00064,C00303	C00064,C00303	C00064,C00303	C00064,C00303			C00064	map01100,map01110,map01120,map01230,map01232,map01240,map00630,map00910,map00230,map00240,map00250,map00220,map00470,map00750,map01060,map00970,map02010,map02020,map04974,map04978,map04964,map04724,map04727,map04382,map05230	CHEBI:17061,CHEBI:32665,CHEBI:32666,CHEBI:32672,CHEBI:32673,CHEBI:32678,CHEBI:32679,CHEBI:58000,CHEBI:58359	CHEBI:17061,CHEBI:18050,CHEBI:28300,CHEBI:32665,CHEBI:32666,CHEBI:32672,CHEBI:32673,CHEBI:32678,CHEBI:32679,CHEBI:58000,CHEBI:58359	C00064,C00303,C00819	CHEBI:58359	R-HSA-177162,R-HSA-196807,R-HSA-210455,R-HSA-210500,R-HSA-352230,R-HSA-379716,R-HSA-379726,R-HSA-4085023,R-HSA-442660,R-HSA-446210,R-HSA-499943,R-HSA-500753,R-HSA-5619044,R-HSA-5628897,R-HSA-5659735,R-HSA-73817,R-HSA-8963693,R-HSA-8964539,R-HSA-9748787	C00064,C00819	map01100,map01110,map01120,map01230,map01232,map01240,map00630,map00910,map00230,map00240,map00250,map00220,map00470,map00750,map01060,map00970,map02010,map02020,map04974,map04978,map04964,map04724,map04727,map04382,map05230,map01100,map00470		CHEBI:17061,CHEBI:18050,CHEBI:28300,CHEBI:32665,CHEBI:32666,CHEBI:32672,CHEBI:32673,CHEBI:32678,CHEBI:32679,CHEBI:58000,CHEBI:58359	C00064,C00303,C00819	CHEBI:58359	R-HSA-177162,R-HSA-196807,R-HSA-210455,R-HSA-210500,R-HSA-352230,R-HSA-379716,R-HSA-379726,R-HSA-4085023,R-HSA-442660,R-HSA-446210,R-HSA-499943,R-HSA-500753,R-HSA-5619044,R-HSA-5628897,R-HSA-5659735,R-HSA-73817,R-HSA-8963693,R-HSA-8964539,R-HSA-9748787	C00064,C00819	map01100,map01110,map01120,map01230,map01232,map01240,map00630,map00910,map00230,map00240,map00250,map00220,map00470,map00750,map01060,map00970,map02010,map02020,map04974,map04978,map04964,map04724,map04727,map04382,map05230,map01100,map00470			0
Cefovecin sodium	-	-	-	-	-	-	-		-	-		-	-	-					CHEBI:31375	CHEBI:31375	CHEBI:31375	CHEBI:31375	C13142	C13142	C13142	C13142						CHEBI:31375	C13142						CHEBI:31375	C13142							0
DG(15:1(9Z)/18:3(9Z,12Z,15Z)/0:0)[iso2]	-	-	-	-	-	-	-		-	-		-	-	-					CHEBI:168488	CHEBI:168488	CHEBI:168488	CHEBI:168488										CHEBI:168488							CHEBI:168488						CHEBI:17815	R-HSA-114508,R-HSA-114516,R-HSA-114604,R-HSA-1169091,R-HSA-1169092,R-HSA-1250196,R-HSA-139853,R-HSA-1482883,R-HSA-1483191,R-HSA-1483206,R-HSA-1483213,R-HSA-1489509,R-HSA-162710,R-HSA-163560,R-HSA-1660661,R-HSA-1855204,R-HSA-2029485,R-HSA-2179392,R-HSA-3000170,R-HSA-354192,R-HSA-392517,R-HSA-399997,R-HSA-4086398,R-HSA-416476,R-HSA-416993,R-HSA-418217,R-HSA-418597,R-HSA-419408,R-HSA-426048,R-HSA-434316,R-HSA-4419969,R-HSA-5099900,R-HSA-5218921,R-HSA-5673001,R-HSA-75109,R-HSA-76005,R-HSA-9717207,R-HSA-983695	38
3,5-Di-O-methyl-8-prenylafzelechin-4beta-ol	-	-	-	-	-	-	-		-	-		-	-	-					CHEBI:185685	CHEBI:185685	CHEBI:185685	CHEBI:185685										CHEBI:185685							CHEBI:185685								0
3'-O-Methyl-(-)-epicatechin-7-O-sulphate	-	-	-	-	-	-	-		-	-		-	-	-					CHEBI:179596	CHEBI:179596	CHEBI:179596	CHEBI:179596										CHEBI:179596							CHEBI:179596								0
Emmotin A	RM0018452	C16H22O4	278.1518	Prenol Lipids	Isoprenoids	C15 isoprenoids	42608142	CHEBI:166674		LMPR0103200001		GRTATZFIZSZURL-GXTWGEPZSA-N	Cc1ccc(COC)c2c1C[C@@H]([C@H](C2=O)O)C(C)(C)O	Emmotin A					CHEBI:166674	CHEBI:166674	CHEBI:166674	CHEBI:166674										CHEBI:166674							CHEBI:166674								0
3-Acrylamidopropyl trimethylammonium	-	-	-	-	-	-	-		-	-		-	-	-					CHEBI:188216	CHEBI:188216	CHEBI:188216	CHEBI:188216										CHEBI:188216							CHEBI:188216								0
15-methyl-15S-PGE1	-	-	-	-	-	-	-		-	-		-	-	-																																	0
1,4-dimethylcyclohexane	RM0153140	C8H16	112.1252	Fatty Acyls	Hydrocarbons	Hydrocarbons	11523	CHEBI:165732		LMFA11000638		QRMPKOFEUHIBNM-UHFFFAOYSA-N	CC1CCC(C)CC1	1,4-Dimethylcyclohexane					CHEBI:165732	CHEBI:165732	CHEBI:165732	CHEBI:165732										CHEBI:165732						CHEBI:167602,CHEBI:167603	CHEBI:165732,CHEBI:167602,CHEBI:167603								0
Udenafil	-	-	-	-	-	-	-		-	-		-	-	-					CHEBI:135926	CHEBI:135926	CHEBI:135926	CHEBI:135926					CHEBI:135926	R-HSA-445355				CHEBI:135926		CHEBI:135926	R-HSA-445355				CHEBI:135926		CHEBI:135926	R-HSA-445355					0
6-Butyryl-5,7-dihydroxy-8-(3',3'-dimethylallyl)-4-phenylcoumarin	-	-	-	-	-	-	-		-	-		-	-	-					CHEBI:185883	CHEBI:185883	CHEBI:185883	CHEBI:185883										CHEBI:185883							CHEBI:185883								0
PC(16:0/9:0(COOH))	RM0200925	C33H64NO10P	665.4268	Glycerophospholipids	Glycerophosphocholines	PC	46907870	CHEBI:61817		LMGP20010007		GHQQYDSARXURNG-SSEXGKCCSA-N	CCCCCCCCCCCCCCCC(=O)OC[C@H](COP(=O)([O-])OCC[N+](C)(C)C)OC(=O)CCCCCCCC(=O)O	PC 16:0/9:0(COOH)								CHEBI:61817									CHEBI:78207	CHEBI:61817,CHEBI:78207							CHEBI:61817,CHEBI:78207						CHEBI:57643	R-HSA-111995,R-HSA-1369062,R-HSA-1482788,R-HSA-1482798,R-HSA-1482839,R-HSA-1483101,R-HSA-1483148,R-HSA-1483166,R-HSA-1483191,R-HSA-1483196,R-HSA-1660661,R-HSA-2029485,R-HSA-2142753,R-HSA-382556,R-HSA-5678771,R-HSA-5683678,R-HSA-5683826,R-HSA-5688399,R-HSA-6811436,R-HSA-8964058,R-HSA-9680350	21
O-octanoyl-R-carnitine	RM0154093	C15H29NO4	287.2097	Fatty Acyls	Fatty esters	Acyl carnitines	11953814	CHEBI:18102	HMDB0000791	LMFA07070002	C02838	CXTATJFJDMJMIY-CYBMUJFWSA-N	CCCCCCCC(=O)O[C@H](CC(=O)[O-])C[N+](C)(C)C	CAR 8:0					CHEBI:18102	CHEBI:18102	CHEBI:18102	CHEBI:18102	C02838	C02838	C02838	C02838					CHEBI:86051	CHEBI:18102,CHEBI:86051	C02838					CHEBI:192247	CHEBI:18102,CHEBI:86051,CHEBI:192247	C02838					CHEBI:18059	R-HSA-1222556,R-HSA-1369062,R-HSA-5682294,R-HSA-804914,R-HSA-8941413	5
Apigenin 7-(6''-methylglucuronide)	-	-	-	-	-	-	-		-	-		-	-	-					CHEBI:187985	CHEBI:187985	CHEBI:187985	CHEBI:187985										CHEBI:187985							CHEBI:187985								0
N-palmitoyl alanine	RM0153867	C19H37NO3	327.2773	Fatty Acyls	Fatty amides	N-acyl amines	14961184	CHEBI:165549	HMDB0241919	LMFA08020123		NRBFOSKZAWRBJI-KRWDZBQOSA-N	CCCCCCCCCCCCCCCC(=O)N[C@@H](C)C(=O)O	NA-Ala 16:0					CHEBI:165549	CHEBI:165549	CHEBI:165549	CHEBI:165549									CHEBI:196953	CHEBI:165549,CHEBI:196953							CHEBI:165549,CHEBI:196953						CHEBI:33575	R-HSA-6809371	1
10Z-Tricosene	-	-	-	-	-	-	-		-	-		-	-	-					CHEBI:188253	CHEBI:188253	CHEBI:188253	CHEBI:188253										CHEBI:188253							CHEBI:188253								0
Jurubine	RM0135775	C21H32O2	316.2402	Sterol Lipids	Steroids	C21 Steroids	92745	CHEBI:30154	HMDB0304221	LMST02030146	C05479	XMRPGKVKISIQBV-XWOJZHJZSA-N	CC(=O)[C@H]1CC[C@H]2[C@@H]3CC[C@@H]4CC(=O)CC[C@]4(C)[C@H]3CC[C@]12C	5beta-Pregnane-3,20-dione			C05479	map01100,map00140	CHEBI:30154,CHEBI:30154,CHEBI:169096	CHEBI:30154,CHEBI:30154,CHEBI:169096	CHEBI:30154,CHEBI:30154,CHEBI:169096	CHEBI:30154,CHEBI:169096	C05479	C05479	C05479	C05479			C05479	map01100,map00140		CHEBI:30154,CHEBI:169096	C05479			C05479	map01100,map00140		CHEBI:30154,CHEBI:169096	C05479			C05479	map01100,map00140	CHEBI:35341	R-HSA-196071	1
L-Palmitoylcarnitine	RM0153848	C23H45NO4	399.3349	Fatty Acyls	Fatty esters	Acyl carnitines	11953816	CHEBI:17490	HMDB0000222	LMFA07070004	C02990	XOMRRQXKHMYMOC-OAQYLSRUSA-N	CCCCCCCCCCCCCCCC(=O)O[C@H](CC(=O)[O-])C[N+](C)(C)C	CAR 16:0	CHEBI:17490	R-HSA-200425	C02990	map01212,map00071	CHEBI:17490	CHEBI:17490	CHEBI:17490	CHEBI:17490	C02990	C02990	C02990	C02990	CHEBI:17490	R-HSA-200425	C02990	map01212,map00071		CHEBI:17490	C02990	CHEBI:17490	R-HSA-200425	C02990	map01212,map00071		CHEBI:17490	C02990	CHEBI:17490	R-HSA-200425	C02990	map01212,map00071			0
9-hydroxy-10E,14Z-octadecadien-12-ynoic acid	-	-	-	-	-	-	-		-	-		-	-	-					CHEBI:187091	CHEBI:187091	CHEBI:187091	CHEBI:187091										CHEBI:187091							CHEBI:187091						CHEBI:15904	R-HSA-1369062,R-HSA-192456,R-HSA-3000471,R-HSA-390247,R-HSA-5684045,R-HSA-77289,R-HSA-8963901,R-HSA-8964058,R-HSA-975634	9
(S,E)-Lyratol propanoate	-	-	-	-	-	-	-		-	-		-	-	-					CHEBI:143057	CHEBI:143057	CHEBI:143057	CHEBI:143057										CHEBI:143057							CHEBI:143057								0
Goniothalesdiol	-	-	-	-	-	-	-		-	-		-	-	-					CHEBI:188220	CHEBI:188220	CHEBI:188220	CHEBI:188220										CHEBI:188220							CHEBI:188220								0
Xestoaminol C	RM0135477	C14H31NO	229.2406	Sphingolipids	Sphingoid bases	Sphingoid base analogs	14756407	CHEBI:73882	HMDB0304813	LMSP01080033		WMUMHAZHWIUBPN-UONOGXRCSA-N	CCCCCCCCCCC[C@H]([C@H](C)N)O	Xestoaminol C					CHEBI:73882	CHEBI:73882	CHEBI:73882	CHEBI:73882										CHEBI:73882							CHEBI:73882						CHEBI:35785	R-HSA-1660661	1
Hydroxytolbutamide	RM0138716	C12H18N2O4S	286.0987	Benzenoids	Benzenes	Benzenesulfonyl compounds								Hydroxy tolbutamide					CHEBI:63799	CHEBI:63799	CHEBI:63799	CHEBI:63799					CHEBI:63799	R-HSA-211981				CHEBI:63799		CHEBI:63799	R-HSA-211981				CHEBI:63799		CHEBI:63799	R-HSA-211981					0
Glycochenodeoxycholic acid 3-glucuronide	RM0125960	C32H51NO11	625.3462	Sterol Lipids	Bile acids	C24 bile acids	44263370	CHEBI:166729	HMDB0002579	LMST05010048		ABFZMYIIUREPLL-ASWJIRIHSA-N	C[C@H](CCC(=O)NCC(=O)O)[C@H]1CC[C@H]2[C@H]3[C@H](CC[C@]12C)[C@@]1(C)CC[C@H](C[C@H]1C[C@H]3O)O[C@H]1[C@@H]([C@H]([C@@H]([C@@H](C(=O)O)O1)O)O)O	Glycochenodeoxycholic acid 3-glucuronide					CHEBI:166729	CHEBI:166729	CHEBI:166729	CHEBI:166729										CHEBI:166729							CHEBI:166729						CHEBI:35341	R-HSA-196071	1
Phthalic acid	RM0040270	C8H6O4	166.0266	Benzenoids	Benzenes	Benzoic acids	1017	CHEBI:29069	HMDB0002107		C01606	XNGIFLGASWRNHJ-UHFFFAOYSA-N	c1ccc(c(c1)C(=O)O)C(=O)O	Phthalic acid			C01606	map01100,map01120,map01220,map00624,map02010	CHEBI:29069,CHEBI:29069,CHEBI:29069	CHEBI:29069,CHEBI:29069,CHEBI:29069	CHEBI:29069,CHEBI:29069,CHEBI:29069	CHEBI:29069	C01606	C01606	C01606	C01606			C01606	map01100,map01120,map01220,map00624,map02010	CHEBI:17563,CHEBI:30800	CHEBI:17563,CHEBI:29069,CHEBI:30800	C01606			C01606	map01100,map01120,map01220,map00624,map02010		CHEBI:17563,CHEBI:29069,CHEBI:30800	C01606			C01606	map01100,map01120,map01220,map00624,map02010	CHEBI:33575	R-HSA-6809371	1
Chatenaytrienin 1	-	-	-	-	-	-	-		-	-		-	-	-					CHEBI:188031	CHEBI:188031	CHEBI:188031	CHEBI:188031										CHEBI:188031							CHEBI:188031								0
cis-1,2-dimethylcyclohexane	-	-	-	-	-	-	-		-	-		-	-	-					CHEBI:186781	CHEBI:186781	CHEBI:186781	CHEBI:186781										CHEBI:186781							CHEBI:186781								0
14:4(2E,4E,8E,10E)(6Me[S],9Me,12Me[S])	-	-	-	-	-	-	-		-	-		-	-	-					CHEBI:230596	CHEBI:230596	CHEBI:230596	CHEBI:230596										CHEBI:230596							CHEBI:230596								0
Cholic acid glucuronide	RM0159788	C30H48O11	584.3197	Sterol Lipids	Bile acids	C24 bile acids	21252309	CHEBI:137056	HMDB0002577	LMST05010044		RBLDVEUUCHVWMW-SXYQVCRBSA-N	C[C@H](CCC(=O)O)[C@H]1CC[C@H]2[C@H]3[C@H](C[C@@H]([C@]12C)O)[C@@]1(C)CC[C@H](C[C@H]1C[C@H]3O)O[C@H]1[C@@H]([C@H]([C@@H]([C@@H](C(=O)O)O1)O)O)O	Cholic acid glucuronide					CHEBI:137056	CHEBI:137056	CHEBI:137056	CHEBI:137056										CHEBI:137056							CHEBI:137056						CHEBI:35341	R-HSA-196071	1
Isovalerylcarnitine	RM0154016	C12H23NO4	245.1627	Fatty Acyls	Fatty esters	Acyl carnitines	169235	CHEBI:70819	HMDB0000688	LMFA07070077		IGQBPDJNUXPEMT-SNVBAGLBSA-N	CC(C)CC(=O)O[C@H](CC(=O)[O-])C[N+](C)(C)C	CAR 4:0;3Me								CHEBI:70819										CHEBI:70819							CHEBI:70819						CHEBI:18059	R-HSA-1222556,R-HSA-1369062,R-HSA-5682294,R-HSA-804914,R-HSA-8941413	5
Butyl isopropyl disulfide	-	-	-	-	-	-	-		-	-		-	-	-					CHEBI:173725	CHEBI:173725	CHEBI:173725	CHEBI:173725										CHEBI:173725							CHEBI:173725								0
FENSPIRIDE	RM0204218	C15H20N2O2	260.1525	Alkaloids	Lysine alkaloids	Piperidine alkaloids	3344		HMDB0252224			FVNFBBAOMBJTST-UHFFFAOYSA-N	c1ccc(cc1)CCN1CCC2(CC1)CNC(=O)O2	Fenspiride																																	0
Dihydrocaffeic acid 3-sulfate	RM0042891	C9H10O7S	262.0147	Organic acids	Phenylpropanoids	Cinnamic acids	49844181	CHEBI:176472	HMDB0041721			MIMULQQHBAZGER-UHFFFAOYSA-N	c1cc(c(cc1CCC(=O)O)OS(=O)(=O)O)O	Dihydrocaffeic acid 3-sulfate					CHEBI:176472	CHEBI:176472	CHEBI:176472	CHEBI:176472										CHEBI:176472							CHEBI:176472								0
3,12-dihydroxy palmitic acid	-	-	-	-	-	-	-		-	-		-	-	-					CHEBI:179895	CHEBI:179895	CHEBI:179895	CHEBI:179895										CHEBI:179895							CHEBI:179895						CHEBI:15904	R-HSA-1369062,R-HSA-192456,R-HSA-3000471,R-HSA-390247,R-HSA-5684045,R-HSA-77289,R-HSA-8963901,R-HSA-8964058,R-HSA-975634	9
35-aminobacteriohopane-32,33,34-triol	-	-	-	-	-	-	-		-	-		-	-	-					CHEBI:143710	CHEBI:143710	CHEBI:143710	CHEBI:143710										CHEBI:143710							CHEBI:143710						CHEBI:18059	R-HSA-1222556,R-HSA-1369062,R-HSA-5682294,R-HSA-804914,R-HSA-8941413	5
trans-S-(1-Propenyl)-L-cysteine	-	-	-	-	-	-	-		-	-		-	-	-					CHEBI:179369	CHEBI:179369	CHEBI:179369	CHEBI:179369										CHEBI:179369							CHEBI:179369								0
Calcium oxalate	-	-	-	-	-	-	-		-	-		-	-	-					CHEBI:60579	CHEBI:60579	CHEBI:60579	CHEBI:60579	C17478	C17478	C17478	C17478						CHEBI:60579	C17478						CHEBI:60579	C17478							0
3b,17b-Dihydroxyetiocholane	-	-	-	-	-	-	-		-	-		-	-	-																																	0
p-Menth-3-ene-3-thiol	-	-	-	-	-	-	-		-	-		-	-	-					CHEBI:188318	CHEBI:188318	CHEBI:188318	CHEBI:188318										CHEBI:188318							CHEBI:188318						CHEBI:18059	R-HSA-1222556,R-HSA-1369062,R-HSA-5682294,R-HSA-804914,R-HSA-8941413	5
DG(14:0/18:3(9Z,12Z,15Z)/0:0)	-	-	-	-	-	-	-		-	-		-	-	-					CHEBI:88807	CHEBI:88807	CHEBI:88807	CHEBI:88807										CHEBI:88807							CHEBI:88807						CHEBI:18035	R-HSA-112043,R-HSA-1250196,R-HSA-192456,R-HSA-202424,R-HSA-202433,R-HSA-2029485,R-HSA-2871809,R-HSA-2871837,R-HSA-418890,R-HSA-5218921,R-HSA-5607764,R-HSA-6809371,R-HSA-8963889,R-HSA-8963901,R-HSA-8964058,R-HSA-9027277,R-HSA-9648002,R-HSA-9664323,R-HSA-9680350,R-HSA-975634	20
N,N'-Diacetylbenzidine	-	-	-	-	-	-	-		-	-		-	-	-					CHEBI:82308	CHEBI:82308	CHEBI:82308	CHEBI:82308	C19217	C19217	C19217	C19217						CHEBI:82308	C19217						CHEBI:82308	C19217							0
Panaxytriol	RM0139518	C17H26O3	278.1882	Fatty Acyls	Fatty alcohols	Fatty alcohols	93484	CHEBI:80732	HMDB0031928	LMFA05000027		RDIMTXDFGHNINN-UHFFFAOYSA-N	CCCCCCCC(C(CC#CC#CC(C=C)O)O)O	Panaxytriol					CHEBI:80732	CHEBI:80732	CHEBI:80732	CHEBI:80732	C16792	C16792	C16792	C16792						CHEBI:80732	C16792						CHEBI:80732	C16792					CHEBI:30879	R-HSA-1483166,R-HSA-2022377,R-HSA-8935690	3
N-Cyclohexanecarbonylpentadecylamine	-	-	-	-	-	-	-		-	-		-	-	-					CHEBI:188227	CHEBI:188227	CHEBI:188227	CHEBI:188227										CHEBI:188227							CHEBI:188227								0
PE(O-18:0/0:0)	RM0133227	C23H50NO6P	467.3376	Glycerophospholipids	Glycerophosphoethanolamines	O-LPE								LPE O-18:0					CHEBI:155823,CHEBI:138426	CHEBI:155823,CHEBI:155823,CHEBI:138426	CHEBI:155823,CHEBI:138426	CHEBI:138426,CHEBI:155823										CHEBI:138426,CHEBI:155823							CHEBI:138426,CHEBI:155823						CHEBI:36314	R-HSA-1482788	1
(1S,2S,4R,5S,7S)-2,5,7-Fenchanetriol 2-O-b-D-glucoside	-	-	-	-	-	-	-		-	-		-	-	-					CHEBI:175425	CHEBI:175425	CHEBI:175425	CHEBI:175425										CHEBI:175425							CHEBI:175425						CHEBI:18059	R-HSA-1222556,R-HSA-1369062,R-HSA-5682294,R-HSA-804914,R-HSA-8941413	5
PC(O-15:0/0:0)	RM0180265	C23H50NO6P	467.3376	Glycerophospholipids	Glycerophosphocholines	O-LPC								LPC O-15:0					CHEBI:180370	CHEBI:180370	CHEBI:180370	CHEBI:180370										CHEBI:180370							CHEBI:180370						CHEBI:36313	R-HSA-1482788	1
(20S)-24-Hydroxy-19-norgeminivitamin D3	-	-	-	-	-	-	-		-	-		-	-	-					CHEBI:188107	CHEBI:188107	CHEBI:188107	CHEBI:188107										CHEBI:188107							CHEBI:188107						CHEBI:35341	R-HSA-196071	1
1-(2-Furanylmethyl)-1H-pyrrole	RM0200383	C9H9NO	147.0684	Organoheterocyclic compounds	Substituted pyrroles	Substituted pyrroles	15037		HMDB0030204			BTBFUBUCCJKJOZ-UHFFFAOYSA-N	c1ccn(c1)Cc1ccco1	1-(2-Furanylmethyl)-1H-pyrrole					CHEBI:168927	CHEBI:168927	CHEBI:168927	CHEBI:168927										CHEBI:168927							CHEBI:168927								0
Tricin 7-glucuronide	RM0204780	C23H22O13	506.1060	Polyketides	Flavonoids	Flavones	44258271			LMPK12110864		HJWFFBNADKDQPV-KHYDEXNFSA-N	COc1cc(cc(c1O)OC)c1cc(=O)c2c(cc(cc2o1)O[C@H]1[C@@H]([C@H]([C@@H]([C@@H](C(=O)O)O1)O)O)O)O	Tricin 7-glucuronide					CHEBI:188166	CHEBI:188166	CHEBI:188166	CHEBI:188166										CHEBI:188166							CHEBI:188166								0
Isomollupentin	-	-	-	-	-	-	-		-	-		-	-	-					CHEBI:169052	CHEBI:169052	CHEBI:169052	CHEBI:169052										CHEBI:169052							CHEBI:169052								0
12,13-DiHOME	RM0138124	C18H34O4	314.2457	Fatty Acyls	Octadecanoids	DiHOME	10236635	CHEBI:72665	HMDB0004705	LMFA02000230	C14829	CQSLTKIXAJTQGA-FLIBITNWSA-N	CCCCCC(C(C/C=C\CCCCCCCC(=O)O)O)O	12,13-DiHOME			C14829	map00591	CHEBI:72665	CHEBI:72665	CHEBI:72665	CHEBI:72665	C14829	C14829	C14829	C14829			C14829	map00591	CHEBI:84028	CHEBI:72665,CHEBI:84028	C14829			C14829	map00591		CHEBI:72665,CHEBI:84028	C14829			C14829	map00591	CHEBI:15904,CHEBI:24654	R-HSA-1369062,R-HSA-192456,R-HSA-3000471,R-HSA-3000480,R-HSA-3000484,R-HSA-390247,R-HSA-5684045,R-HSA-5686938,R-HSA-77289,R-HSA-8963901,R-HSA-8964058,R-HSA-975634	12
bishomo-gamma-linolenic acid	RM0153916	C20H34O2	306.2559	Fatty Acyls	Fatty acids	Unsaturated FA	5280581	CHEBI:53486	HMDB0002925	LMFA01030158	C03242	HOBAELRKJCKHQD-QNEBEIHSSA-N	CCCCC/C=C\C/C=C\C/C=C\CCCCCCC(=O)O	Dihomo-gamma-linolenic acid	CHEBI:53486	R-HSA-381771,R-HSA-416476,R-HSA-444209	C03242	map01100,map00591,map01040	CHEBI:53486,CHEBI:53486	CHEBI:53486,CHEBI:53486	CHEBI:53486,CHEBI:53486	CHEBI:53486	C03242	C03242	C03242	C03242	CHEBI:53486	R-HSA-381771,R-HSA-416476,R-HSA-444209	C03242	map01100,map00591,map01040	CHEBI:71589	CHEBI:53486,CHEBI:71589	C03242	CHEBI:53486	R-HSA-381771,R-HSA-416476,R-HSA-444209	C03242	map01100,map00591,map01040		CHEBI:53486,CHEBI:71589	C03242	CHEBI:53486	R-HSA-381771,R-HSA-416476,R-HSA-444209	C03242	map01100,map00591,map01040			0
INDOPROFEN	RM0200802	C17H15NO3	281.1052	Organoheterocyclic compounds	Isoindolines	Isoindolones	3718	CHEBI:76162	HMDB0253478			RJMIEHBSYVWVIN-UHFFFAOYSA-N	CC(c1ccc(cc1)N1Cc2ccccc2C1=O)C(=O)O	Indoprofen					CHEBI:76162	CHEBI:76162	CHEBI:76162	CHEBI:76162										CHEBI:76162							CHEBI:76162						CHEBI:33575	R-HSA-6809371	1
Tricyclazole	RM0188389	C9H7N3S	189.0361	Organoheterocyclic compounds	Benzothiazoles	Benzothiazoles	39040		HMDB0031809		C18492	DQJCHOQLCLEDLL-UHFFFAOYSA-N	Cc1cccc2c1n1cnnc1s2	Tricyclazole					CHEBI:81783	CHEBI:81783	CHEBI:81783	CHEBI:81783	C18492	C18492	C18492	C18492					CHEBI:41032	CHEBI:41032,CHEBI:81783	C18492						CHEBI:41032,CHEBI:81783	C18492							0
12Z-heneicosenoic acid	-	-	-	-	-	-	-		-	-		-	-	-					CHEBI:187962	CHEBI:187962	CHEBI:187962	CHEBI:187962										CHEBI:187962							CHEBI:187962						CHEBI:15904	R-HSA-1369062,R-HSA-192456,R-HSA-3000471,R-HSA-390247,R-HSA-5684045,R-HSA-77289,R-HSA-8963901,R-HSA-8964058,R-HSA-975634	9
PA(18:0/18:2(9Z,12Z))	RM0133491	C39H73O8P	700.5043	Glycerophospholipids	Glycerophosphates	PA	24779559	CHEBI:77248	HMDB0007861	LMGP10010036		QYYWMYCDFOLKKH-DAKWMOBOSA-N	CCCCCCCCCCCCCCCCCC(=O)OC[C@H](COP(=O)(O)O)OC(=O)CCCCCCC/C=CC/C=CCCCCC	PA 18:0/18:2(9Z,12Z)					CHEBI:77248	CHEBI:77248	CHEBI:77248	CHEBI:77248									CHEBI:77098	CHEBI:77098,CHEBI:77248							CHEBI:77098,CHEBI:77248						CHEBI:37739	R-HSA-9845576	1
PPPi	-	-	-	-	-	-	-		-	-		-	-	-																																	0
16,17-didehydroprogesterone	RM0128392	C21H28O2	312.2089	Sterol Lipids	Steroids	C21 Steroids	101964	CHEBI:18204	HMDB0000995	LMST02030163	C03207	VRRHHTISESGZFN-RKFFNLMFSA-N	CC(=O)C1=CC[C@H]2[C@@H]3CCC4=CC(=O)CC[C@]4(C)[C@H]3CC[C@]12C	16,17-Didehydroprogesterone					CHEBI:18204,CHEBI:18204	CHEBI:18204,CHEBI:18204	CHEBI:18204,CHEBI:18204	CHEBI:18204	C03207	C03207	C03207	C03207						CHEBI:18204	C03207						CHEBI:18204	C03207					CHEBI:35341	R-HSA-196071	1
5-Megastigmen-7-yne-3,9-diol 9-glucoside	-	-	-	-	-	-	-		-	-		-	-	-					CHEBI:168938	CHEBI:168938	CHEBI:168938	CHEBI:168938										CHEBI:168938							CHEBI:168938								0
DG(14:0/18:3(9Z,12Z,15Z)/0:0)[iso2]	-	-	-	-	-	-	-		-	-		-	-	-																																	0
Allylestrenol	RM0128375	C21H32O	300.2453	Sterol Lipids	Steroids	C21 Steroids	235905	CHEBI:31189	HMDB0015500	LMST02030125	C12811	ATXHVCQZZJYMCF-XUDSTZEESA-N	C=CC[C@@]1(CC[C@H]2[C@@H]3CCC4=CCCC[C@@H]4[C@H]3CC[C@]12C)O	Allylestrenol					CHEBI:31189	CHEBI:31189	CHEBI:31189	CHEBI:31189	C12811	C12811	C12811	C12811						CHEBI:31189	C12811						CHEBI:31189	C12811					CHEBI:35341	R-HSA-196071	1
Enrofloxacin	RM0205040	C19H22FN3O3	359.1645	Organoheterocyclic compounds	Quinolines	Quinoline carboxylic acids	71188	CHEBI:35720	HMDB0029861			SPFYMRJSYKOXGV-UHFFFAOYSA-N	CCN1CCN(CC1)c1cc2c(cc1F)c(=O)c(cn2C1CC1)C(=O)O	Enrofloxacin					CHEBI:35720,CHEBI:35720	CHEBI:35720,CHEBI:35720	CHEBI:35720,CHEBI:35720	CHEBI:35720										CHEBI:35720							CHEBI:35720						CHEBI:33575	R-HSA-6809371	1
Sodium cloxacillin monohydrate	RM0118227	C19H18ClN3O5S	435.0656	Organoheterocyclic compounds	Beta lactams	Penicillins	6098	CHEBI:49566	HMDB0015278		C06923	LQOLIRLGBULYKD-JKIFEVAISA-N	Cc1c(c(c2ccccc2Cl)no1)C(=O)N[C@@H]1C(=O)N2[C@@H](C(=O)O)C(C)(C)S[C@H]12	Cloxacillin					CHEBI:49566,CHEBI:49566,CHEBI:49566,CHEBI:34978	CHEBI:49566,CHEBI:49566,CHEBI:49566,CHEBI:34978	CHEBI:49566,CHEBI:49566,CHEBI:49566,CHEBI:34978	CHEBI:34978,CHEBI:49566	C06923,C14010	C06923,C14010	C06923,C14010	C06923,C14010					CHEBI:51350	CHEBI:34978,CHEBI:49566,CHEBI:51350	C06923,C14010						CHEBI:34978,CHEBI:49566,CHEBI:51350	C06923,C14010					CHEBI:33575	R-HSA-6809371	1
3,7,11,15-Tetramethylhexadeca-1,3E,6E,10E,14-pentaene	-	-	-	-	-	-	-		-	-		-	-	-					CHEBI:188035	CHEBI:188035	CHEBI:188035	CHEBI:188035										CHEBI:188035							CHEBI:188035						CHEBI:18059	R-HSA-1222556,R-HSA-1369062,R-HSA-5682294,R-HSA-804914,R-HSA-8941413	5
DG(12:0/20:3(8Z,11Z,14Z)/0:0)[iso2]	RM0174194	C35H62O5	562.4597	Glycerolipids	Diradylglycerols	DAG	56936311			LMGL02010343		SUQRBKXXQNFNOV-QPXDZMGPSA-N	CCCCC/C=CC/C=CC/C=CCCCCCCC(=O)O[C@@H](CO)COC(=O)CCCCCCCCCCC	DG 12:0/20:3(8Z,11Z,14Z)/0:0					CHEBI:187953	CHEBI:187953	CHEBI:187953	CHEBI:187953										CHEBI:187953							CHEBI:187953						CHEBI:18035	R-HSA-112043,R-HSA-1250196,R-HSA-192456,R-HSA-202424,R-HSA-202433,R-HSA-2029485,R-HSA-2871809,R-HSA-2871837,R-HSA-418890,R-HSA-5218921,R-HSA-5607764,R-HSA-6809371,R-HSA-8963889,R-HSA-8963901,R-HSA-8964058,R-HSA-9027277,R-HSA-9648002,R-HSA-9664323,R-HSA-9680350,R-HSA-975634	20
5alpha-Cholest-25-ene-3alpha,7alpha,12alpha,26-tetrol	-	-	-	-	-	-	-		-	-		-	-	-					CHEBI:184783	CHEBI:184783	CHEBI:184783	CHEBI:184783										CHEBI:184783							CHEBI:184783						CHEBI:35341	R-HSA-196071	1
L-Phenylalanine	RM0135897	C9H11NO2	165.0790	Organic acids	Amino acids and peptides	Amino acids	6140	CHEBI:17295	HMDB0000159		C00079	COLNVLDHVKWLRT-QMMMGPOBSA-N	c1ccc(cc1)C[C@@H](C(=O)O)N	Phenylalanine			C00079	map01100,map01110,map01210,map01230,map00360,map00400,map00460,map00470,map00904,map00940,map00960,map00996,map00966,map00999,map00997,map01060,map01061,map01063,map01064,map01070,map00970,map02010,map04974,map04978,map05230	CHEBI:17295,CHEBI:28044,CHEBI:28044,CHEBI:58095,CHEBI:29997	CHEBI:17295,CHEBI:28044,CHEBI:28044,CHEBI:58095,CHEBI:29997	CHEBI:17295,CHEBI:28044,CHEBI:28044,CHEBI:58095,CHEBI:29997	CHEBI:17295,CHEBI:28044,CHEBI:29997,CHEBI:58095	C00079,C02057	C00079,C02057	C00079,C02057	C00079,C02057	CHEBI:58095	R-HSA-1474151,R-HSA-2022377,R-HSA-2160456,R-HSA-352230,R-HSA-379716,R-HSA-379726,R-HSA-442660,R-HSA-5619044,R-HSA-5659735,R-HSA-71240,R-HSA-8964208,R-HSA-9673163	C00079	map01100,map01110,map01210,map01230,map00360,map00400,map00460,map00470,map00904,map00940,map00960,map00996,map00966,map00999,map00997,map01060,map01061,map01063,map01064,map01070,map00970,map02010,map04974,map04978,map05230	CHEBI:16998,CHEBI:29996,CHEBI:32486,CHEBI:32487,CHEBI:32494,CHEBI:32495,CHEBI:32504,CHEBI:32505,CHEBI:57981	CHEBI:16998,CHEBI:17295,CHEBI:28044,CHEBI:29996,CHEBI:29997,CHEBI:32486,CHEBI:32487,CHEBI:32494,CHEBI:32495,CHEBI:32504,CHEBI:32505,CHEBI:57981,CHEBI:58095	C00079,C02057,C02265	CHEBI:58095	R-HSA-1474151,R-HSA-2022377,R-HSA-2160456,R-HSA-352230,R-HSA-379716,R-HSA-379726,R-HSA-442660,R-HSA-5619044,R-HSA-5659735,R-HSA-71240,R-HSA-8964208,R-HSA-9673163	C00079,C02265	map01100,map01110,map01210,map01230,map00360,map00400,map00460,map00470,map00904,map00940,map00960,map00996,map00966,map00999,map00997,map01060,map01061,map01063,map01064,map01070,map00970,map02010,map04974,map04978,map05230,map01100,map00360,map00470,map04742	CHEBI:192084	CHEBI:16998,CHEBI:17295,CHEBI:28044,CHEBI:29996,CHEBI:29997,CHEBI:32486,CHEBI:32487,CHEBI:32494,CHEBI:32495,CHEBI:32504,CHEBI:32505,CHEBI:57981,CHEBI:58095,CHEBI:192084	C00079,C02057,C02265	CHEBI:58095	R-HSA-1474151,R-HSA-2022377,R-HSA-2160456,R-HSA-352230,R-HSA-379716,R-HSA-379726,R-HSA-442660,R-HSA-5619044,R-HSA-5659735,R-HSA-71240,R-HSA-8964208,R-HSA-9673163	C00079,C02265	map01100,map01110,map01210,map01230,map00360,map00400,map00460,map00470,map00904,map00940,map00960,map00996,map00966,map00999,map00997,map01060,map01061,map01063,map01064,map01070,map00970,map02010,map04974,map04978,map05230,map01100,map00360,map00470,map04742			0
1,3,8-Trihydroxy-4-methyl-2,7-diprenylxanthone	-	-	-	-	-	-	-		-	-		-	-	-					CHEBI:143868	CHEBI:143868	CHEBI:143868	CHEBI:143868										CHEBI:143868							CHEBI:143868								0
Deoxycholic acid 3-glucuronide	RM0135842	C30H48O10	568.3247	Sterol Lipids	Bile acids	C24 bile acids	44263368	CHEBI:145757	HMDB0002596	LMST05010046		NNEIBJNHWVDJBA-GYSLYLNXSA-N	C[C@H](CCC(=O)O)[C@H]1CC[C@H]2[C@@H]3CC[C@@H]4C[C@@H](CC[C@]4(C)[C@H]3C[C@@H]([C@]12C)O)O[C@H]1[C@@H]([C@H]([C@@H]([C@@H](C(=O)O)O1)O)O)O	Deoxycholic acid 3-glucuronide					CHEBI:145757	CHEBI:145757	CHEBI:145757	CHEBI:145757										CHEBI:145757							CHEBI:145757						CHEBI:35341	R-HSA-196071	1
Monoisobutyl phthalic acid	RM0041290	C12H14O4	222.0892	Benzenoids	Benzenes	Phthalate esters	92272	CHEBI:90038	HMDB0002056			RZJSUWQGFCHNFS-UHFFFAOYSA-N	CC(C)COC(=O)c1ccccc1C(=O)O	Monoisobutyl phthalate					CHEBI:90038	CHEBI:90038	CHEBI:90038	CHEBI:90038										CHEBI:90038							CHEBI:90038						CHEBI:33575	R-HSA-6809371	1
L-Xylonate	RM0051121	C5H10O6	166.0477	Carbohydrates	Monosaccharides	Sugar acids	6971043	CHEBI:48092	HMDB0060256			QXKAIJAYHKCRRA-NUNKFHFFSA-N	C([C@@H]([C@H]([C@@H](C(=O)O)O)O)O)O	L-Xylonic acid					CHEBI:48092,CHEBI:28146	CHEBI:48092,CHEBI:28146	CHEBI:48092,CHEBI:28146	CHEBI:28146,CHEBI:48092	C05411	C05411	C05411	C05411			C05411	map00040,map00053	CHEBI:17746,CHEBI:48093	CHEBI:17746,CHEBI:28146,CHEBI:48092,CHEBI:48093	C00502,C05411			C00502,C05411	map01100,map00040,map00040,map00053		CHEBI:17746,CHEBI:28146,CHEBI:48092,CHEBI:48093	C00502,C05411			C00502,C05411	map01100,map00040,map00040,map00053	CHEBI:25696,CHEBI:33575	R-HSA-382556,R-HSA-428643,R-HSA-5690338,R-HSA-6809371	4
(S)-N-(4,5-Dihydro-1-methyl-4-oxo-1H-imidazol-2-yl)alanine	-	-	-	-	-	-	-		-	-		-	-	-					CHEBI:178115	CHEBI:178115	CHEBI:178115	CHEBI:178115										CHEBI:178115							CHEBI:178115								0
12-trans-Hydroxy juvenile hormone III	-	-	-	-	-	-	-		-	-		-	-	-					CHEBI:80540	CHEBI:80540	CHEBI:80540	CHEBI:80540	C16508	C16508	C16508	C16508			C16508	map00981		CHEBI:80540	C16508			C16508	map00981		CHEBI:80540	C16508			C16508	map00981	CHEBI:18059	R-HSA-1222556,R-HSA-1369062,R-HSA-5682294,R-HSA-804914,R-HSA-8941413	5
Citric acid	RM0135884	C6H8O7	192.0270	Organic acids	TCA acids	TCA acids	311	CHEBI:30769	HMDB0000094		C00158	KRKNYBCHXYNGOX-UHFFFAOYSA-N	C(C(=O)O)C(CC(=O)O)(C(=O)O)O	Citric acid			C00158	map01100,map01110,map01120,map01200,map01210,map01230,map01240,map00020,map00630,map00720,map00250,map00975,map01060,map01061,map01062,map01063,map01064,map01065,map01066,map01070,map02020,map04922,map04742,map05230	CHEBI:30769,CHEBI:30769,CHEBI:30769	CHEBI:30769,CHEBI:30769,CHEBI:30769	CHEBI:30769,CHEBI:30769,CHEBI:30769	CHEBI:30769	C00158	C00158	C00158	C00158			C00158	map01100,map01110,map01120,map01200,map01210,map01230,map01240,map00020,map00630,map00720,map00250,map00975,map01060,map01061,map01062,map01063,map01064,map01065,map01066,map01070,map02020,map04922,map04742,map05230	CHEBI:16947,CHEBI:35804,CHEBI:35808,CHEBI:132362	CHEBI:16947,CHEBI:30769,CHEBI:35804,CHEBI:35808,CHEBI:132362	C00158	CHEBI:16947	R-HSA-200425,R-HSA-389542,R-HSA-428643,R-HSA-70171,R-HSA-71403,R-HSA-75105,R-HSA-9729555,R-HSA-9955298	C00158	map01100,map01110,map01120,map01200,map01210,map01230,map01240,map00020,map00630,map00720,map00250,map00975,map01060,map01061,map01062,map01063,map01064,map01065,map01066,map01070,map02020,map04922,map04742,map05230	CHEBI:35802,CHEBI:35806,CHEBI:35809,CHEBI:35810	CHEBI:16947,CHEBI:30769,CHEBI:35802,CHEBI:35804,CHEBI:35806,CHEBI:35808,CHEBI:35809,CHEBI:35810,CHEBI:132362	C00158	CHEBI:16947	R-HSA-200425,R-HSA-389542,R-HSA-428643,R-HSA-70171,R-HSA-71403,R-HSA-75105,R-HSA-9729555,R-HSA-9955298	C00158	map01100,map01110,map01120,map01200,map01210,map01230,map01240,map00020,map00630,map00720,map00250,map00975,map01060,map01061,map01062,map01063,map01064,map01065,map01066,map01070,map02020,map04922,map04742,map05230			0
Indole-3-ethanol	RM0161098	C10H11NO	161.0841	Alkaloids	Tryptophan alkaloids	Simple indole alkaloids	10685	CHEBI:17890	HMDB0003447		C00955	MBBOMCVGYCRMEA-UHFFFAOYSA-N	c1ccc2c(c1)c(CCO)c[nH]2	Tryptophanol			C00955	map00380	CHEBI:17890	CHEBI:17890	CHEBI:17890	CHEBI:17890	C00955	C00955	C00955	C00955			C00955	map00380		CHEBI:17890	C00955			C00955	map00380		CHEBI:17890	C00955			C00955	map00380	CHEBI:30879	R-HSA-1483166,R-HSA-2022377,R-HSA-8935690	3
Cinnamyl acetate	RM0186804	C11H12O2	176.0837	Organic acids	Phenylpropanoids	Cinnamic acids	5282110	CHEBI:156069			C12299	WJSDHUCWMSHDCR-VMPITWQZSA-N	CC(=O)OC/C=C/c1ccccc1	Cinnamyl acetate					CHEBI:31402,CHEBI:31402	CHEBI:31402,CHEBI:31402	CHEBI:31402,CHEBI:31402	CHEBI:31402,CHEBI:156069	C12299	C12299	C12299	C12299						CHEBI:31402,CHEBI:156069	C12299						CHEBI:31402,CHEBI:156069	C12299							0
Erythromycin B	RM0135136	C37H67NO12	717.4663	Polyketides	Macrolides	Macrolides	9918244	CHEBI:28196		LMPK04000012	C06653	IDRYSCOQVVUBIJ-PPGFLMPOSA-N	CC[C@@H]1[C@H](C)[C@@H]([C@@H](C)C(=O)[C@H](C)C[C@](C)([C@@H]([C@@H](C)[C@@H]([C@@H](C)C(=O)O1)O[C@H]1C[C@](C)([C@H]([C@H](C)O1)O)OC)O[C@H]1[C@@H]([C@H](C[C@@H](C)O1)N(C)C)O)O)O	Erythromycin B			C06653	map01100,map01110,map00522	CHEBI:28196,CHEBI:28196,CHEBI:64279	CHEBI:28196,CHEBI:28196,CHEBI:64279	CHEBI:28196,CHEBI:28196,CHEBI:64279	CHEBI:28196,CHEBI:64279	C06653	C06653	C06653	C06653			C06653	map01100,map01110,map00522		CHEBI:28196,CHEBI:64279	C06653			C06653	map01100,map01110,map00522		CHEBI:28196,CHEBI:64279	C06653			C06653	map01100,map01110,map00522	CHEBI:36916,CHEBI:48923	R-HSA-418594,R-HSA-420499,R-HSA-936837,R-HSA-9717207	4
2-(4-Hydroxyphenyl)ethanol	RM0136267	C8H10O2	138.0681	Benzenoids	Phenols	Other phenols	10393	CHEBI:1879	HMDB0004284		C06044	YCCILVSKPBXVIP-UHFFFAOYSA-N	c1cc(ccc1CCO)O	Tyrosol			C06044	map01100,map00350	CHEBI:1879,CHEBI:1879	CHEBI:1879,CHEBI:1879	CHEBI:1879,CHEBI:1879	CHEBI:1879	C06044	C06044	C06044	C06044			C06044	map01100,map00350		CHEBI:1879	C06044			C06044	map01100,map00350		CHEBI:1879	C06044			C06044	map01100,map00350			0
MG(18:2(9Z,12Z)/0:0/0:0)[rac]	-	-	-	-	-	-	-		-	-		-	-	-					CHEBI:75565	CHEBI:75565	CHEBI:75565	CHEBI:75565										CHEBI:75565							CHEBI:75565								0
(2S,4R)-4-(9H-Pyrido[3,4-b]indol-1-yl)-1,2,4-butanetriol	-	-	-	-	-	-	-		-	-		-	-	-					CHEBI:173933	CHEBI:173933	CHEBI:173933	CHEBI:173933										CHEBI:173933							CHEBI:173933								0
Pregnanediol	RM0126063	C21H36O2	320.2715	Sterol Lipids	Steroids	C21 Steroids	219833	CHEBI:8387	HMDB0004025	LMST02030202		YWYQTGBBEZQBGO-OQOYYRQQSA-N	C[C@H]([C@H]1CC[C@H]2[C@@H]3CC[C@@H]4C[C@@H](CC[C@]4(C)[C@H]3CC[C@]12C)O)O	Pregnanediol					CHEBI:8387	CHEBI:8387	CHEBI:8387	CHEBI:8387	C05484	C05484	C05484	C05484			C05484	map01100,map00140	CHEBI:156526	CHEBI:8387,CHEBI:156526	C05484			C05484	map01100,map00140		CHEBI:8387,CHEBI:156526	C05484			C05484	map01100,map00140	CHEBI:35341	R-HSA-196071	1
6,7-Dimethyltetrahydropterin	-	-	-	-	-	-	-		-	-		-	-	-					CHEBI:188218	CHEBI:188218	CHEBI:188218	CHEBI:188218										CHEBI:188218							CHEBI:188218								0
11-Hydroxyandrosterone	-	-	-	-	-	-	-		-	-		-	-	-					CHEBI:173050	CHEBI:173050	CHEBI:173050	CHEBI:173050										CHEBI:173050							CHEBI:173050						CHEBI:35341	R-HSA-196071	1
Irilone 4'-O-glucoside	-	-	-	-	-	-	-		-	-		-	-	-					CHEBI:188268	CHEBI:188268	CHEBI:188268	CHEBI:188268										CHEBI:188268							CHEBI:188268								0
8R-HpOME	RM0153727	C18H34O4	314.2457	Fatty Acyls	Octadecanoids	HpOME	56935842	CHEBI:165786		LMFA02000061		JOACVYKMIMFTFT-IFCKCIONSA-N	CCCCCCCC/C=C\[C@@H](CCCCCCC(=O)O)OO	8R-HpOME					CHEBI:165786	CHEBI:165786	CHEBI:165786	CHEBI:165786										CHEBI:165786							CHEBI:165786						CHEBI:15904	R-HSA-1369062,R-HSA-192456,R-HSA-3000471,R-HSA-390247,R-HSA-5684045,R-HSA-77289,R-HSA-8963901,R-HSA-8964058,R-HSA-975634	9
3,7-Dimethyl-8,11-dioxo-2E,6E,9E-dodecatrienal	-	-	-	-	-	-	-		-	-		-	-	-					CHEBI:137759	CHEBI:137759	CHEBI:137759	CHEBI:137759										CHEBI:137759							CHEBI:137759						CHEBI:18059	R-HSA-1222556,R-HSA-1369062,R-HSA-5682294,R-HSA-804914,R-HSA-8941413	5
Liothyronine	RM0135923	C15H12I3NO4	650.7901	Benzenoids	Diarylethers	Diarylethers	5920	CHEBI:18258	HMDB0000265		C02465	AUYYCJSJGJYCDS-LBPRGKRZSA-N	c1cc(c(cc1Oc1c(cc(cc1I)C[C@@H](C(=O)O)N)I)I)O	Liothyronine			C02465	map01100,map00350,map04080,map04081,map04918,map04919,map04976,map04714,map05320	CHEBI:18258,CHEBI:18258	CHEBI:18258,CHEBI:18258	CHEBI:18258,CHEBI:18258	CHEBI:18258	C02465	C02465	C02465	C02465			C02465	map01100,map00350,map04080,map04081,map04918,map04919,map04976,map04714,map05320	CHEBI:60308,CHEBI:533015	CHEBI:18258,CHEBI:60308,CHEBI:533015	C02465	CHEBI:533015	R-HSA-156584,R-HSA-209968,R-HSA-350864,R-HSA-879518	C02465	map01100,map00350,map04080,map04081,map04918,map04919,map04976,map04714,map05320		CHEBI:18258,CHEBI:60308,CHEBI:533015	C02465	CHEBI:533015	R-HSA-156584,R-HSA-209968,R-HSA-350864,R-HSA-879518	C02465	map01100,map00350,map04080,map04081,map04918,map04919,map04976,map04714,map05320			0
Epimedin C	-	-	-	-	-	-	-		-	-		-	-	-					CHEBI:188298	CHEBI:188298	CHEBI:188298	CHEBI:188298										CHEBI:188298							CHEBI:188298								0
Triphenylphosphine oxide	RM0201108	C18H15OP	278.0861	Benzenoids	Benzenes	Other benzenes	13097	CHEBI:36601				FIQMHBFVRAXMOP-UHFFFAOYSA-N	c1ccc(cc1)P(=O)(c1ccccc1)c1ccccc1	Triphenylphosphine oxide					CHEBI:36601	CHEBI:36601	CHEBI:36601	CHEBI:36601										CHEBI:36601							CHEBI:36601								0
Ceriporic acid C	-	-	-	-	-	-	-		-	-		-	-	-					CHEBI:184229	CHEBI:184229	CHEBI:184229	CHEBI:184229										CHEBI:184229							CHEBI:184229						CHEBI:15904	R-HSA-1369062,R-HSA-192456,R-HSA-3000471,R-HSA-390247,R-HSA-5684045,R-HSA-77289,R-HSA-8963901,R-HSA-8964058,R-HSA-975634	9
Linoelaidic acid	RM0134963	C18H32O2	280.2402	Fatty Acyls	Fatty acids	Unsaturated FA	5282457	CHEBI:75108	HMDB0006270	LMFA01030123		OYHQOLUKZRVURQ-AVQMFFATSA-N	CCCCC/C=C/C/C=C/CCCCCCCC(=O)O	Linoelaidic acid					CHEBI:75108	CHEBI:75108	CHEBI:75108	CHEBI:75108										CHEBI:75108							CHEBI:75108						CHEBI:15904	R-HSA-1369062,R-HSA-192456,R-HSA-3000471,R-HSA-390247,R-HSA-5684045,R-HSA-77289,R-HSA-8963901,R-HSA-8964058,R-HSA-975634	9
2-hydroxy-heptadecanoic acid	-	-	-	-	-	-	-		-	-		-	-	-																																	0
2-methylbacteriohopane-32,33,34,35-tetrol	-	-	-	-	-	-	-		-	-		-	-	-					CHEBI:132469	CHEBI:132469	CHEBI:132469	CHEBI:132469										CHEBI:132469							CHEBI:132469						CHEBI:18059	R-HSA-1222556,R-HSA-1369062,R-HSA-5682294,R-HSA-804914,R-HSA-8941413	5
PS(20:4(5Z,8Z,11Z,14Z)/19:0)	-	-	-	-	-	-	-		-	-		-	-	-					CHEBI:188040	CHEBI:188040	CHEBI:188040	CHEBI:188040										CHEBI:188040							CHEBI:188040						CHEBI:16247	R-HSA-1483206,R-HSA-202733,R-HSA-2168880,R-HSA-3000471,R-HSA-3000480,R-HSA-3000484,R-HSA-3000497,R-HSA-432142,R-HSA-5686938,R-HSA-8856825,R-HSA-8856828,R-HSA-8866423,R-HSA-8963888,R-HSA-8963896,R-HSA-8963901,R-HSA-8964011,R-HSA-8964026,R-HSA-8964038,R-HSA-8964041,R-HSA-8964046,R-HSA-8964058,R-HSA-8964572,R-HSA-9615710,R-HSA-9707616,R-HSA-975634,R-HSA-9918432,R-HSA-9918481,R-HSA-9918487,R-HSA-9920588,R-HSA-9920951	30
26-Glucosyl-1,3,11,22-tetrahydroxyergosta-5,24-dien-26-oate	-	-	-	-	-	-	-		-	-		-	-	-					CHEBI:184191	CHEBI:184191	CHEBI:184191	CHEBI:184191										CHEBI:184191							CHEBI:184191						CHEBI:33575,CHEBI:35341	R-HSA-196071,R-HSA-6809371	2
14-Methyl-8E-hexadecenal	-	-	-	-	-	-	-		-	-		-	-	-					CHEBI:187940	CHEBI:187940	CHEBI:187940	CHEBI:187940										CHEBI:187940							CHEBI:187940						CHEBI:35746	R-HSA-1482788,R-HSA-75109	2
2-Methylcitric acid	RM0137020	C7H10O7	206.0427	Organic acids	Carboxylic acids	Tricarboxylic acids	439681	CHEBI:30836	HMDB0000379	LMFA01050442	C02225	YNOXCRMFGMSKIJ-WVBDSBKLSA-N	C[C@H](C(=O)O)[C@](CC(=O)O)(C(=O)O)O	2-Methylcitric acid			C02225	map01100,map01120,map01200,map00640	CHEBI:30835	CHEBI:30835	CHEBI:30835	CHEBI:30835,CHEBI:30836	C02225	C02225	C02225	C02225			C02225	map01100,map01120,map01200,map00640	CHEBI:10860,CHEBI:15598	CHEBI:10860,CHEBI:15598,CHEBI:30835,CHEBI:30836	C02225			C02225	map01100,map01120,map01200,map00640	CHEBI:50948,CHEBI:58853	CHEBI:10860,CHEBI:15598,CHEBI:30835,CHEBI:30836,CHEBI:50948,CHEBI:58853	C02225			C02225	map01100,map01120,map01200,map00640	CHEBI:33575	R-HSA-6809371	1
methyl 10,12,13,15-bisepidioxy-16-hydroperoxy-8E-octadecenoate	-	-	-	-	-	-	-		-	-		-	-	-					CHEBI:186353	CHEBI:186353	CHEBI:186353	CHEBI:186353										CHEBI:186353							CHEBI:186353						CHEBI:18059	R-HSA-1222556,R-HSA-1369062,R-HSA-5682294,R-HSA-804914,R-HSA-8941413	5
docosapentaenoic acid	RM0149942	C22H34O2	330.2559	Fatty Acyls	Fatty acids	Unsaturated FA								Docosapentaenoic acid					CHEBI:53488,CHEBI:53488,CHEBI:61204	CHEBI:53488,CHEBI:53488,CHEBI:61204	CHEBI:53488,CHEBI:53488,CHEBI:61204	CHEBI:53488,CHEBI:61204	C16513	C16513	C16513	C16513			C16513	map01040	CHEBI:77224,CHEBI:78053	CHEBI:53488,CHEBI:61204,CHEBI:77224,CHEBI:78053	C16513	CHEBI:77224	R-HSA-381771,R-HSA-416476,R-HSA-444209,R-HSA-9025094,R-HSA-9026286,R-HSA-9026290,R-HSA-9027604	C16513	map01040	CHEBI:65136,CHEBI:77226	CHEBI:53488,CHEBI:61204,CHEBI:65136,CHEBI:77224,CHEBI:77226,CHEBI:78053	C16513	CHEBI:77224,CHEBI:77226	R-HSA-381771,R-HSA-416476,R-HSA-444209,R-HSA-9025094,R-HSA-9026286,R-HSA-9026290,R-HSA-9027604,R-HSA-2046105,R-HSA-9025106	C16513	map01040			0
3-methyl-1-heptene	RM0153052	C8H16	112.1252	Fatty Acyls	Hydrocarbons	Hydrocarbons	20946	CHEBI:88860	HMDB0061908	LMFA11000592		QDMFTFWKTYXBIW-UHFFFAOYSA-N	CCCCC(C)C=C	3-Methyl-1-heptene					CHEBI:88860	CHEBI:88860	CHEBI:88860	CHEBI:88860										CHEBI:88860							CHEBI:88860								0
Convallamarogenin	-	-	-	-	-	-	-		-	-		-	-	-					CHEBI:3863	CHEBI:3863	CHEBI:3863	CHEBI:3863	C08891	C08891	C08891	C08891						CHEBI:3863	C08891						CHEBI:3863	C08891					CHEBI:18059	R-HSA-1222556,R-HSA-1369062,R-HSA-5682294,R-HSA-804914,R-HSA-8941413	5
Methylamine	RM0040578	CH5N	31.0422	Organic nitrogen compounds	Amines	Amines	6329	CHEBI:16830	HMDB0000164			BAVYZALUXZFZLV-UHFFFAOYSA-N	CN	Methylamine					CHEBI:16830,CHEBI:16830,CHEBI:16830,CHEBI:59338	CHEBI:16830,CHEBI:16830,CHEBI:16830,CHEBI:59338	CHEBI:16830,CHEBI:16830,CHEBI:16830,CHEBI:59338	CHEBI:16830,CHEBI:59338	C00218	C00218	C00218	C00218	CHEBI:59338	R-HSA-74217	C00218	map01100,map01120,map01200,map00680		CHEBI:16830,CHEBI:59338	C00218	CHEBI:59338	R-HSA-74217	C00218	map01100,map01120,map01200,map00680		CHEBI:16830,CHEBI:59338	C00218	CHEBI:59338	R-HSA-74217	C00218	map01100,map01120,map01200,map00680			0
Lepadin D	-	-	-	-	-	-	-		-	-		-	-	-					CHEBI:184690	CHEBI:184690	CHEBI:184690	CHEBI:184690										CHEBI:184690							CHEBI:184690								0
Sarmentosin epoxide	-	-	-	-	-	-	-		-	-		-	-	-					CHEBI:9034	CHEBI:9034	CHEBI:9034	CHEBI:9034	C08341	C08341	C08341	C08341						CHEBI:9034	C08341						CHEBI:9034	C08341							0
Glycine	RM0135888	C2H5NO2	75.0320	Organic acids	Amino acids and peptides	Amino acids	750	CHEBI:15428	HMDB0000123		C00037	DHMQDGOQFOQNFH-UHFFFAOYSA-N	C(C(=O)O)N	Glycine			C00037	map01100,map01110,map01120,map01200,map01230,map01240,map00630,map00680,map00120,map00230,map00260,map00310,map00440,map00460,map00470,map00480,map00730,map00785,map00670,map00860,map01060,map00970,map02010,map04080,map04082,map02026,map04974,map04978,map04721,map05230,map01502	CHEBI:15428,CHEBI:15428,CHEBI:15428,CHEBI:29947,CHEBI:57305	CHEBI:15428,CHEBI:15428,CHEBI:15428,CHEBI:29947,CHEBI:57305	CHEBI:15428,CHEBI:15428,CHEBI:15428,CHEBI:29947,CHEBI:57305	CHEBI:15428,CHEBI:29947,CHEBI:57305	C00037	C00037	C00037	C00037	CHEBI:57305	R-HSA-112314,R-HSA-159418,R-HSA-174403,R-HSA-177128,R-HSA-177135,R-HSA-189451,R-HSA-193368,R-HSA-196757,R-HSA-2142691,R-HSA-2408508,R-HSA-352230,R-HSA-379716,R-HSA-379726,R-HSA-389661,R-HSA-3928662,R-HSA-3928662,R-HSA-428559,R-HSA-438066,R-HSA-438066,R-HSA-442660,R-HSA-442982,R-HSA-5423646,R-HSA-5579006,R-HSA-5619041,R-HSA-5619044,R-HSA-5619089,R-HSA-5619094,R-HSA-5659735,R-HSA-5673001,R-HSA-6783984,R-HSA-6798163,R-HSA-71262,R-HSA-71288,R-HSA-73817,R-HSA-8849932,R-HSA-8955332,R-HSA-9026762,R-HSA-9026766,R-HSA-9617324,R-HSA-9620244,R-HSA-9664535,R-HSA-9749641,R-HSA-9753281	C00037	map01100,map01110,map01120,map01200,map01230,map01240,map00630,map00680,map00120,map00230,map00260,map00310,map00440,map00460,map00470,map00480,map00730,map00785,map00670,map00860,map01060,map00970,map02010,map04080,map04082,map02026,map04974,map04978,map04721,map05230,map01502	CHEBI:32507,CHEBI:32508	CHEBI:15428,CHEBI:29947,CHEBI:32507,CHEBI:32508,CHEBI:57305	C00037	CHEBI:57305	R-HSA-112314,R-HSA-159418,R-HSA-174403,R-HSA-177128,R-HSA-177135,R-HSA-189451,R-HSA-193368,R-HSA-196757,R-HSA-2142691,R-HSA-2408508,R-HSA-352230,R-HSA-379716,R-HSA-379726,R-HSA-389661,R-HSA-3928662,R-HSA-3928662,R-HSA-428559,R-HSA-438066,R-HSA-438066,R-HSA-442660,R-HSA-442982,R-HSA-5423646,R-HSA-5579006,R-HSA-5619041,R-HSA-5619044,R-HSA-5619089,R-HSA-5619094,R-HSA-5659735,R-HSA-5673001,R-HSA-6783984,R-HSA-6798163,R-HSA-71262,R-HSA-71288,R-HSA-73817,R-HSA-8849932,R-HSA-8955332,R-HSA-9026762,R-HSA-9026766,R-HSA-9617324,R-HSA-9620244,R-HSA-9664535,R-HSA-9749641,R-HSA-9753281	C00037	map01100,map01110,map01120,map01200,map01230,map01240,map00630,map00680,map00120,map00230,map00260,map00310,map00440,map00460,map00470,map00480,map00730,map00785,map00670,map00860,map01060,map00970,map02010,map04080,map04082,map02026,map04974,map04978,map04721,map05230,map01502	CHEBI:132194,CHEBI:191950	CHEBI:15428,CHEBI:29947,CHEBI:32507,CHEBI:32508,CHEBI:57305,CHEBI:132194,CHEBI:191950	C00037	CHEBI:57305	R-HSA-112314,R-HSA-159418,R-HSA-174403,R-HSA-177128,R-HSA-177135,R-HSA-189451,R-HSA-193368,R-HSA-196757,R-HSA-2142691,R-HSA-2408508,R-HSA-352230,R-HSA-379716,R-HSA-379726,R-HSA-389661,R-HSA-3928662,R-HSA-3928662,R-HSA-428559,R-HSA-438066,R-HSA-438066,R-HSA-442660,R-HSA-442982,R-HSA-5423646,R-HSA-5579006,R-HSA-5619041,R-HSA-5619044,R-HSA-5619089,R-HSA-5619094,R-HSA-5659735,R-HSA-5673001,R-HSA-6783984,R-HSA-6798163,R-HSA-71262,R-HSA-71288,R-HSA-73817,R-HSA-8849932,R-HSA-8955332,R-HSA-9026762,R-HSA-9026766,R-HSA-9617324,R-HSA-9620244,R-HSA-9664535,R-HSA-9749641,R-HSA-9753281	C00037	map01100,map01110,map01120,map01200,map01230,map01240,map00630,map00680,map00120,map00230,map00260,map00310,map00440,map00460,map00470,map00480,map00730,map00785,map00670,map00860,map01060,map00970,map02010,map04080,map04082,map02026,map04974,map04978,map04721,map05230,map01502			0
trans-Cinnamic acid	RM0159952	C9H8O2	148.0524	Organic acids	Phenylpropanoids	Cinnamic acids	444539	CHEBI:35697	HMDB0000930		C00423	WBYWAXJHAXSJNI-VOTSOKGWSA-N	c1ccc(cc1)/C=C/C(=O)O	trans-Cinnamic acid			C00423	map01100,map01110,map01120,map01220,map00360,map00130,map00940,map00996,map00999,map01060,map01070	CHEBI:35697,CHEBI:35697	CHEBI:35697,CHEBI:35697	CHEBI:35697,CHEBI:35697	CHEBI:35697	C00423,C10438	C00423,C10438	C00423,C10438	C00423,C10438			C00423	map01100,map01110,map01120,map01220,map00360,map00130,map00940,map00996,map00999,map01060,map01070	CHEBI:15669	CHEBI:15669,CHEBI:35697	C00423,C10438			C00423	map01100,map01110,map01120,map01220,map00360,map00130,map00940,map00996,map00999,map01060,map01070		CHEBI:15669,CHEBI:35697	C00423,C10438			C00423	map01100,map01110,map01120,map01220,map00360,map00130,map00940,map00996,map00999,map01060,map01070	CHEBI:33575	R-HSA-6809371	1
10,11-epoxy-3,7,11-trimethyl-2E,6E-tridecadienoic acid	-	-	-	-	-	-	-		-	-		-	-	-					CHEBI:188206	CHEBI:188206	CHEBI:188206	CHEBI:188206	C04834	C04834	C04834	C04834						CHEBI:188206	C04834						CHEBI:188206	C04834					CHEBI:18059	R-HSA-1222556,R-HSA-1369062,R-HSA-5682294,R-HSA-804914,R-HSA-8941413	5
13,16,19-docosatrienoic acid	RM0134965	C22H38O2	334.2872	Fatty Acyls	Fatty acids	Unsaturated FA	5312556	CHEBI:80549	HMDB0244522	LMFA01030407	C16534	WBBQTNCISCKUMU-IUQGRGSQSA-N	CC/C=C/C/C=C/C/C=C/CCCCCCCCCCCC(=O)O	13,16,19-Docosatrienoic acid					CHEBI:80549	CHEBI:80549	CHEBI:80549	CHEBI:80549	C16534	C16534	C16534	C16534						CHEBI:80549	C16534						CHEBI:80549	C16534					CHEBI:35366	R-HSA-1482883,R-HSA-167826,R-HSA-422085,R-HSA-426048,R-HSA-6809371,R-HSA-6811436,R-HSA-8963889,R-HSA-8964038	8
PC(O-14:0/O-1:0)	-	-	-	-	-	-	-		-	-		-	-	-					CHEBI:180369	CHEBI:180369	CHEBI:180369	CHEBI:180369										CHEBI:180369							CHEBI:180369						CHEBI:36313	R-HSA-1482788	1
Blumenol C glucoside	-	-	-	-	-	-	-		-	-		-	-	-					CHEBI:168256	CHEBI:168256	CHEBI:168256	CHEBI:168256										CHEBI:168256							CHEBI:168256								0
methyl 4-[2-(2-formyl-vinyl)-3-hydroxy-5-oxo-cyclopentyl]-butanoate	-	-	-	-	-	-	-		-	-		-	-	-					CHEBI:168669	CHEBI:168669	CHEBI:168669	CHEBI:168669										CHEBI:168669							CHEBI:168669						CHEBI:18059	R-HSA-1222556,R-HSA-1369062,R-HSA-5682294,R-HSA-804914,R-HSA-8941413	5
FKGK 11	-	-	-	-	-	-	-		-	-		-	-	-					CHEBI:188183	CHEBI:188183	CHEBI:188183	CHEBI:188183										CHEBI:188183							CHEBI:188183								0
LysoPC(P-16:0)	RM0133228	C24H50NO6P	479.3376	Glycerophospholipids	Glycerophosphocholines	O-LPC								LPC P-16:0					CHEBI:140773	CHEBI:140773,CHEBI:140773	CHEBI:140773	CHEBI:140773										CHEBI:140773						CHEBI:73841,CHEBI:73850	CHEBI:73841,CHEBI:73850,CHEBI:140773						CHEBI:16247,CHEBI:36313	R-HSA-1482788,R-HSA-1483206,R-HSA-202733,R-HSA-2168880,R-HSA-3000471,R-HSA-3000480,R-HSA-3000484,R-HSA-3000497,R-HSA-432142,R-HSA-5686938,R-HSA-8856825,R-HSA-8856828,R-HSA-8866423,R-HSA-8963888,R-HSA-8963896,R-HSA-8963901,R-HSA-8964011,R-HSA-8964026,R-HSA-8964038,R-HSA-8964041,R-HSA-8964046,R-HSA-8964058,R-HSA-8964572,R-HSA-9615710,R-HSA-9707616,R-HSA-975634,R-HSA-9918432,R-HSA-9918481,R-HSA-9918487,R-HSA-9920588,R-HSA-9920951	31
PC(P-15:0/0:0)	RM0007368	C23H48NO6P	465.3219	Glycerophospholipids	Glycerophosphocholines	O-LPC								LPC P-15:0					CHEBI:137148,CHEBI:137147	CHEBI:137148,CHEBI:137148,CHEBI:137147,CHEBI:137147	CHEBI:137148,CHEBI:137147	CHEBI:137147,CHEBI:137148										CHEBI:137147,CHEBI:137148							CHEBI:137147,CHEBI:137148						CHEBI:16247,CHEBI:36313	R-HSA-1482788,R-HSA-1483206,R-HSA-202733,R-HSA-2168880,R-HSA-3000471,R-HSA-3000480,R-HSA-3000484,R-HSA-3000497,R-HSA-432142,R-HSA-5686938,R-HSA-8856825,R-HSA-8856828,R-HSA-8866423,R-HSA-8963888,R-HSA-8963896,R-HSA-8963901,R-HSA-8964011,R-HSA-8964026,R-HSA-8964038,R-HSA-8964041,R-HSA-8964046,R-HSA-8964058,R-HSA-8964572,R-HSA-9615710,R-HSA-9707616,R-HSA-975634,R-HSA-9918432,R-HSA-9918481,R-HSA-9918487,R-HSA-9920588,R-HSA-9920951	31
PC(O-16:0/4:0)	RM0040709	C28H58NO7P	551.3951	Glycerophospholipids	Glycerophosphocholines	O-PC	24779310	CHEBI:78368		LMGP01020072		UVHUBDICYDPLIO-HHHXNRCGSA-N	CCCCCCCCCCCCCCCCOC[C@H](COP(=O)([O-])OCC[N+](C)(C)C)OC(=O)CCC	PC O-16:0/4:0					CHEBI:78368	CHEBI:78368	CHEBI:78368	CHEBI:78368										CHEBI:78368							CHEBI:78368						CHEBI:36313	R-HSA-1482788	1
Physagulin D	-	-	-	-	-	-	-		-	-		-	-	-					CHEBI:176250	CHEBI:176250	CHEBI:176250	CHEBI:176250										CHEBI:176250							CHEBI:176250						CHEBI:35341	R-HSA-196071	1
Polysorbate 60	RM0136701	C22H42O8	434.2880	Fatty Acyls	Fatty esters	Wax monoesters	22833389	CHEBI:177394	HMDB0037183			CRBBOOXGHMTWOC-NPDDRXJXSA-N	CCCCCCCCCCCC(=O)OC[C@H]([C@@H]1[C@@H]([C@H](CO1)OCCO)OCCO)O	Polysorbate 60					CHEBI:53425,CHEBI:53425	CHEBI:53425,CHEBI:53425	CHEBI:53425,CHEBI:53425	CHEBI:53425,CHEBI:177394										CHEBI:53425,CHEBI:177394							CHEBI:53425,CHEBI:177394						CHEBI:18059,CHEBI:30879	R-HSA-1222556,R-HSA-1369062,R-HSA-1483166,R-HSA-2022377,R-HSA-5682294,R-HSA-804914,R-HSA-8935690,R-HSA-8941413	8
Vaccenyl carnitine	RM0136314	C25H47NO4	425.3505	Fatty Acyls	Fatty esters	Acyl carnitines	53477830	CHEBI:165598	HMDB0006351			HITOYGLMAFIRNI-YSESTWPTSA-N	CCCCCC/C=C/CCCCCCCCCC(=O)O[C@@H](CCC(=O)[O-])[N+](C)(C)C	CAR 18:1(11E)						CHEBI:165598	CHEBI:165598	CHEBI:165598										CHEBI:165598							CHEBI:165598						CHEBI:18059	R-HSA-1222556,R-HSA-1369062,R-HSA-5682294,R-HSA-804914,R-HSA-8941413	5
Diethylstilbestrol monosulfate	-	-	-	-	-	-	-		-	-		-	-	-					CHEBI:188269	CHEBI:188269	CHEBI:188269	CHEBI:188269										CHEBI:188269							CHEBI:188269								0
8,10-hexadecadiynoic acid	-	-	-	-	-	-	-		-	-		-	-	-					CHEBI:183598	CHEBI:183598	CHEBI:183598	CHEBI:183598										CHEBI:183598							CHEBI:183598						CHEBI:15904	R-HSA-1369062,R-HSA-192456,R-HSA-3000471,R-HSA-390247,R-HSA-5684045,R-HSA-77289,R-HSA-8963901,R-HSA-8964058,R-HSA-975634	9
13-Methyl-1-tritriacontene	RM0152280	C34H68	476.5321	Fatty Acyls	Hydrocarbons	Hydrocarbons	56936157	CHEBI:165730		LMFA11000258		UOBLLRYFTAYFDK-UHFFFAOYSA-N	CCCCCCCCCCCCCCCCCCCCC(C)CCCCCCCCCCC=C	13-Methyl-1-tritriacontene					CHEBI:165730	CHEBI:165730	CHEBI:165730	CHEBI:165730										CHEBI:165730							CHEBI:165730								0
PA(18:2(9Z,12Z)/18:0)	RM0172844	C39H73O8P	700.5043	Glycerophospholipids	Glycerophosphates	PA	52929468		HMDB0114951	LMGP10010876		YGMXPHYUTOWOGL-KZCYAKLDSA-N	CCCCC/C=CC/C=CCCCCCCCC(=O)OC[C@H](COP(=O)(O)O)OC(=O)CCCCCCCCCCCCCCCCC	PA 18:2(9Z,12Z)/18:0					CHEBI:170207	CHEBI:170207	CHEBI:170207	CHEBI:170207										CHEBI:170207							CHEBI:170207						CHEBI:37739	R-HSA-9845576	1
Tetrahydrodeoxycortisol	RM0135853	C21H34O4	350.2457	Sterol Lipids	Steroids	C19 Steroids	65555	CHEBI:34352	HMDB0005972	LMST05030014	C14594	UPTAPIKFKZGAGM-FAIYVORSSA-N	C[C@]12CC[C@H](C[C@H]1CC[C@@H]1[C@@H]2CC[C@@]2(C)[C@H]1CC[C@@]2(C(=O)CO)O)O	Tetrahydrodeoxycortisol								CHEBI:34352	C14594	C14594	C14594	C14594						CHEBI:34352	C14594						CHEBI:34352	C14594					CHEBI:35341	R-HSA-196071	1
7alpha,12alpha,24-trihydroxycholest-4-en-3-one	-	-	-	-	-	-	-		-	-		-	-	-					CHEBI:48714	CHEBI:48714	CHEBI:48714	CHEBI:48714										CHEBI:48714						CHEBI:63839	CHEBI:48714,CHEBI:63839		CHEBI:63839	R-HSA-193775,R-HSA-211994					0
Pinnatifinoside A	-	-	-	-	-	-	-		-	-		-	-	-					CHEBI:176391	CHEBI:176391	CHEBI:176391	CHEBI:176391										CHEBI:176391							CHEBI:176391								0
11-deoxy-PGE1	RM0202116	C20H34O4	338.2457	Fatty Acyls	Eicosanoids	Prostaglandins	5283055			LMFA03010054		DPNOTBLPQOITGU-LDDQNKHRSA-N	CCCCC[C@@H](/C=C/[C@H]1CCC(=O)[C@@H]1CCCCCCC(=O)O)O	11-deoxy-PGE1																																	0
11-dehydro-TXB3	RM0153451	C20H30O6	366.2042	Fatty Acyls	Eicosanoids	Thromboxanes	16061115	CHEBI:165347		LMFA03030009		OAHMLWQISGEXBB-XMEKLSCHSA-N	CC/C=C\C[C@@H](/C=C/[C@@H]1[C@@H](C/C=C\CCCC(=O)O)[C@H](CC(=O)O1)O)O	11-Dehydro-TXB3					CHEBI:165347	CHEBI:165347	CHEBI:165347	CHEBI:165347										CHEBI:165347							CHEBI:165347						CHEBI:15904	R-HSA-1369062,R-HSA-192456,R-HSA-3000471,R-HSA-390247,R-HSA-5684045,R-HSA-77289,R-HSA-8963901,R-HSA-8964058,R-HSA-975634	9
Chatenaytrienin 2	-	-	-	-	-	-	-		-	-		-	-	-					CHEBI:188036	CHEBI:188036	CHEBI:188036	CHEBI:188036										CHEBI:188036							CHEBI:188036								0
o-Cresol	RM0136153	C7H8O	108.0575	Benzenoids	Phenols	Other phenols	335	CHEBI:28054	HMDB0002055		C01542	QWVGKYWNOKOFNN-UHFFFAOYSA-N	Cc1ccccc1O	o-Cresol			C01542	map01100,map01120,map01220,map00623	CHEBI:28054,CHEBI:28054	CHEBI:28054,CHEBI:28054	CHEBI:28054,CHEBI:28054	CHEBI:28054	C01542	C01542	C01542	C01542			C01542	map01100,map01120,map01220,map00623		CHEBI:28054	C01542			C01542	map01100,map01120,map01220,map00623		CHEBI:28054	C01542			C01542	map01100,map01120,map01220,map00623			0
1-(3-Furanyl)-6,7-dihydroxy-4,8-dimethyl-1-nonanone	-	-	-	-	-	-	-		-	-		-	-	-																																	0
1-Pentadecene	RM0202339	C15H30	210.2348	Fatty Acyls	Hydrocarbons	Hydrocarbons	25913	CHEBI:77506	HMDB0031082	LMFA11000327		PJLHTVIBELQURV-UHFFFAOYSA-N	C=CCCCCCCCCCCCCC	1-Pentadecene					CHEBI:77506	CHEBI:77506	CHEBI:77506	CHEBI:77506										CHEBI:77506							CHEBI:77506								0
methyl 8-[3,5-epidioxy-2-(3-hydroperoxy-1-pentenyl)-cyclopentyl]-octanoate	-	-	-	-	-	-	-		-	-		-	-	-					CHEBI:73756	CHEBI:73756	CHEBI:73756	CHEBI:73756										CHEBI:73756							CHEBI:73756						CHEBI:18059	R-HSA-1222556,R-HSA-1369062,R-HSA-5682294,R-HSA-804914,R-HSA-8941413	5
1,3E,5Z-Undecatriene	-	-	-	-	-	-	-		-	-		-	-	-					CHEBI:187005	CHEBI:187005	CHEBI:187005	CHEBI:187005										CHEBI:187005							CHEBI:187005								0
PA(19:0/0:0)	RM0173623	C22H45O7P	452.2903	Glycerophospholipids	Glycerophosphates	LPA								LPA 19:0/0:0																																	0
SM(d19:1/17:1)	RM0134143	C41H81N2O6P	728.5832	Sphingolipids	Phosphosphingolipids	SM								SM 19:1;O2/17:1					CHEBI:136287	CHEBI:136287	CHEBI:136287	CHEBI:136287										CHEBI:136287							CHEBI:136287						CHEBI:64583	R-HSA-1660661	1
8-Hydroxyguanine	RM0136150	C5H5N5O2	167.0443	Nucleic acids	Purines	Hypoxanthines	135420630	CHEBI:52617	HMDB0002032		C20155	CLGFIVUFZRGQRP-UHFFFAOYSA-N	c12c(nc(N)[nH]c1=O)[nH]c(=O)[nH]2	8-Hydroxyguanine					CHEBI:52617	CHEBI:52617	CHEBI:52617	CHEBI:52617	C20155	C20155	C20155	C20155						CHEBI:52617	C20155						CHEBI:52617	C20155							0
Tetracosanoic acid	RM0153579	C24H48O2	368.3654	Fatty Acyls	Fatty acids	Saturated FA	11197	CHEBI:28866	HMDB0002003	LMFA01010024	C08320	QZZGJDVWLFXDLK-UHFFFAOYSA-N	CCCCCCCCCCCCCCCCCCCCCCCC(=O)O	Lignoceric acid	CHEBI:28866	R-HSA-5619108,R-HSA-804914	C08320	map01040	CHEBI:28866	CHEBI:28866	CHEBI:28866	CHEBI:28866	C08320	C08320	C08320	C08320	CHEBI:28866	R-HSA-5619108,R-HSA-804914	C08320	map01040	CHEBI:31014	CHEBI:28866,CHEBI:31014	C08320	CHEBI:28866	R-HSA-5619108,R-HSA-804914	C08320	map01040		CHEBI:28866,CHEBI:31014	C08320	CHEBI:28866	R-HSA-5619108,R-HSA-804914	C08320	map01040			0
DL-4-hydroxy stearic acid	-	-	-	-	-	-	-		-	-		-	-	-					CHEBI:188005	CHEBI:188005	CHEBI:188005	CHEBI:188005										CHEBI:188005							CHEBI:188005						CHEBI:15904	R-HSA-1369062,R-HSA-192456,R-HSA-3000471,R-HSA-390247,R-HSA-5684045,R-HSA-77289,R-HSA-8963901,R-HSA-8964058,R-HSA-975634	9
PS(12:0/13:0)	RM0173245	C31H60NO10P	637.3955	Glycerophospholipids	Glycerophosphoserines	PS	3246981			LMGP03010001		QOJBRSNGFBBNKT-IZLXSDGUSA-N	CCCCCCCCCCCCC(=O)O[C@H](COC(=O)CCCCCCCCCCC)COP(=O)(O)OC[C@@H](C(=O)O)N	PS 12:0/13:0					CHEBI:188274	CHEBI:188274	CHEBI:188274	CHEBI:188274										CHEBI:188274							CHEBI:188274						CHEBI:16247	R-HSA-1483206,R-HSA-202733,R-HSA-2168880,R-HSA-3000471,R-HSA-3000480,R-HSA-3000484,R-HSA-3000497,R-HSA-432142,R-HSA-5686938,R-HSA-8856825,R-HSA-8856828,R-HSA-8866423,R-HSA-8963888,R-HSA-8963896,R-HSA-8963901,R-HSA-8964011,R-HSA-8964026,R-HSA-8964038,R-HSA-8964041,R-HSA-8964046,R-HSA-8964058,R-HSA-8964572,R-HSA-9615710,R-HSA-9707616,R-HSA-975634,R-HSA-9918432,R-HSA-9918481,R-HSA-9918487,R-HSA-9920588,R-HSA-9920951	30
L-fucose	RM0049553	C6H12O5	164.0685	Carbohydrates	Monosaccharides	Hexoses	17106	CHEBI:2181	HMDB0000174		C01019	SHZGCJCMOBCMKK-DHVFOXMCSA-N	C[C@H]1[C@H]([C@H]([C@@H](C(O)O1)O)O)O	Fucose	CHEBI:2181	R-HSA-3000480,R-HSA-975578	C01019	map01100,map01120,map01250,map00051,map00520,map02020,map02024,map04625	CHEBI:33984,CHEBI:33984,CHEBI:18287,CHEBI:2181,CHEBI:2181	CHEBI:33984,CHEBI:33984,CHEBI:18287,CHEBI:2181,CHEBI:2181	CHEBI:33984,CHEBI:33984,CHEBI:18287,CHEBI:2181	CHEBI:2181,CHEBI:18287,CHEBI:33984	C00382,C01019	C00382,C01019	C00382,C01019	C00382,C01019	CHEBI:2181	R-HSA-3000480,R-HSA-975578	C01019	map01100,map01120,map01250,map00051,map00520,map02020,map02024,map04625		CHEBI:2181,CHEBI:18287,CHEBI:33984	C00382,C01019	CHEBI:2181	R-HSA-3000480,R-HSA-975578	C01019	map01100,map01120,map01250,map00051,map00520,map02020,map02024,map04625	CHEBI:2179,CHEBI:27442,CHEBI:28847,CHEBI:42548,CHEBI:42564,CHEBI:42589,CHEBI:48203,CHEBI:48204,CHEBI:48205,CHEBI:48206,CHEBI:147609,CHEBI:149541	CHEBI:2179,CHEBI:2181,CHEBI:18287,CHEBI:27442,CHEBI:28847,CHEBI:33984,CHEBI:42548,CHEBI:42564,CHEBI:42589,CHEBI:48203,CHEBI:48204,CHEBI:48205,CHEBI:48206,CHEBI:147609,CHEBI:149541	C00382,C01018,C01019,C02095	CHEBI:2181,CHEBI:28847,CHEBI:42548,CHEBI:42589	R-HSA-3000480,R-HSA-975578,R-HSA-166662,R-HSA-166663,R-HSA-2855086,R-HSA-6787639,R-HSA-6787639	C01019	map01100,map01120,map01250,map00051,map00520,map02020,map02024,map04625			0
S-(4,5-Dihydro-2-methyl-3-furanyl) ethanethioate	-	-	-	-	-	-	-		-	-		-	-	-					CHEBI:131456	CHEBI:131456	CHEBI:131456	CHEBI:131456										CHEBI:131456							CHEBI:131456								0
alpha-Zearalanol	-	-	-	-	-	-	-		-	-		-	-	-					CHEBI:35064	CHEBI:35064	CHEBI:35064	CHEBI:35064	C14752	C14752	C14752	C14752						CHEBI:35064	C14752						CHEBI:35064	C14752							0
Metyrapol	-	-	-	-	-	-	-		-	-		-	-	-					CHEBI:172467	CHEBI:172467	CHEBI:172467	CHEBI:172467										CHEBI:172467							CHEBI:172467								0
SM(d18:2/23:0)	RM0135568	C46H91N2O6P	798.6615	Sphingolipids	Phosphosphingolipids	SM	52931209	CHEBI:136283	HMDB0240634	LMSP03010075		JBDGKEXQKCCQFK-JWQIMADESA-N	CCCCCCCCCCCCCCCCCCCCCCC(=O)N[C@@H](COP(=O)([O-])OCC[N+](C)(C)C)[C@@H](/C=C/CCCCCCCC/C=C\CCC)O	SM 18:2;O2/23:0					CHEBI:136283	CHEBI:136283	CHEBI:136283	CHEBI:136283										CHEBI:136283							CHEBI:136283						CHEBI:64583	R-HSA-1660661	1
pentanamide	RM0153851	C5H11NO	101.0841	Fatty Acyls	Fatty amides	Primary amides	12298	CHEBI:16459	HMDB0256275	LMFA08010002	C01842	IPWFJLQDVFKJDU-UHFFFAOYSA-N	CCCCC(=O)N	Pentanamide					CHEBI:16459,CHEBI:16459	CHEBI:16459,CHEBI:16459	CHEBI:16459,CHEBI:16459	CHEBI:16459	C01842	C01842	C01842	C01842						CHEBI:16459	C01842						CHEBI:16459	C01842							0
Aldosterone	RM0128362	C21H28O5	360.1937	Sterol Lipids	Steroids	C21 Steroids	5839	CHEBI:27584	HMDB0000037	LMST02030026	C01780	PQSUYGKTWSAVDQ-ZVIOFETBSA-N	C[C@]12CCC(=O)C=C1CC[C@H]1[C@@H]3CC[C@H](C(=O)CO)[C@]3(C[C@@H]([C@H]21)O)C=O	Aldosterone	CHEBI:27584	R-HSA-193993,R-HSA-194002,R-HSA-211976,R-HSA-3371497,R-HSA-4090294,R-HSA-8849473,R-HSA-8939902,R-HSA-9615017,R-HSA-9768777	C01780	map01100,map00140,map04925,map04960,map07225	CHEBI:27584,CHEBI:27584,CHEBI:27584,CHEBI:30834	CHEBI:27584,CHEBI:27584,CHEBI:27584,CHEBI:30834	CHEBI:27584,CHEBI:27584,CHEBI:27584,CHEBI:30834	CHEBI:27584,CHEBI:30834	C01780,C18039	C01780,C18039	C01780,C18039	C01780,C18039	CHEBI:27584	R-HSA-193993,R-HSA-194002,R-HSA-211976,R-HSA-3371497,R-HSA-4090294,R-HSA-8849473,R-HSA-8939902,R-HSA-9615017,R-HSA-9768777	C01780,C18039	map01100,map00140,map04925,map04960,map07225,map00140		CHEBI:27584,CHEBI:30834	C01780,C18039	CHEBI:27584	R-HSA-193993,R-HSA-194002,R-HSA-211976,R-HSA-3371497,R-HSA-4090294,R-HSA-8849473,R-HSA-8939902,R-HSA-9615017,R-HSA-9768777	C01780,C18039	map01100,map00140,map04925,map04960,map07225,map00140		CHEBI:27584,CHEBI:30834	C01780,C18039	CHEBI:27584	R-HSA-193993,R-HSA-194002,R-HSA-211976,R-HSA-3371497,R-HSA-4090294,R-HSA-8849473,R-HSA-8939902,R-HSA-9615017,R-HSA-9768777	C01780,C18039	map01100,map00140,map04925,map04960,map07225,map00140			0
5a-Androst-3-en-17-one	RM0042776	C19H28O	272.2140	Sterol Lipids	Steroids	C19 Steroids	11807837	CHEBI:86393	HMDB0006046	LMST02020094		RJWNCDOWHNLVPF-HKQXQEGQSA-N	C[C@]12CCC=C[C@@H]1CC[C@H]1[C@@H]3CCC(=O)[C@@]3(C)CC[C@H]21	5alpha-Androst-3-en-17-one								CHEBI:86393										CHEBI:86393							CHEBI:86393						CHEBI:35341	R-HSA-196071	1
DG(14:0/18:2(9Z,12Z)/0:0)	RM0133279	C35H64O5	564.4754	Glycerolipids	Diradylglycerols	DAG	14275352	CHEBI:84392	HMDB0007016	LMGL02010385		WVBVUWWRPSWGDS-JWVBYZEHSA-N	CCCCC/C=CC/C=CCCCCCCCC(=O)O[C@@H](CO)COC(=O)CCCCCCCCCCCCC	DG 14:0/18:2(9Z,12Z)/0:0								CHEBI:84392										CHEBI:84392							CHEBI:84392						CHEBI:17815	R-HSA-114508,R-HSA-114516,R-HSA-114604,R-HSA-1169091,R-HSA-1169092,R-HSA-1250196,R-HSA-139853,R-HSA-1482883,R-HSA-1483191,R-HSA-1483206,R-HSA-1483213,R-HSA-1489509,R-HSA-162710,R-HSA-163560,R-HSA-1660661,R-HSA-1855204,R-HSA-2029485,R-HSA-2179392,R-HSA-3000170,R-HSA-354192,R-HSA-392517,R-HSA-399997,R-HSA-4086398,R-HSA-416476,R-HSA-416993,R-HSA-418217,R-HSA-418597,R-HSA-419408,R-HSA-426048,R-HSA-434316,R-HSA-4419969,R-HSA-5099900,R-HSA-5218921,R-HSA-5673001,R-HSA-75109,R-HSA-76005,R-HSA-9717207,R-HSA-983695	38
PS(O-18:0/22:2(13Z,16Z))	RM0173705	C46H88NO9P	829.6197	Glycerophospholipids	Glycerophosphoserines	O-PS	52926128			LMGP03020039		ZUFNHAFGUDYEPW-KTTOFWACSA-N	CCCCC/C=CC/C=CCCCCCCCCCCCC(=O)O[C@H](COCCCCCCCCCCCCCCCCCC)COP(=O)(O)OC[C@@H](C(=O)O)N	PS O-18:0/22:2(13Z,16Z)					CHEBI:188011	CHEBI:188011	CHEBI:188011	CHEBI:188011										CHEBI:188011							CHEBI:188011						CHEBI:18059,CHEBI:37739,CHEBI:52575	R-HSA-1222556,R-HSA-1369062,R-HSA-5682294,R-HSA-75109,R-HSA-804914,R-HSA-8941413,R-HSA-9845576	7
PI(P-16:0/18:4(6Z,9Z,12Z,15Z))	-	-	-	-	-	-	-		-	-		-	-	-					CHEBI:188124	CHEBI:188124	CHEBI:188124	CHEBI:188124										CHEBI:188124							CHEBI:188124						CHEBI:37739	R-HSA-9845576	1
LTA4	RM0153796	C20H30O3	318.2195	Fatty Acyls	Eicosanoids	Leukotrienes	5280383	CHEBI:15651	HMDB0001337	LMFA03020023	C00909	UFPQIRYSPUYQHK-WAQVJNLQSA-N	CCCCC/C=C\C/C=C\C=C\C=C\[C@H]1[C@H](CCCC(=O)O)O1	LTA4			C00909	map01100,map00590,map04726,map07034	CHEBI:15651	CHEBI:15651	CHEBI:15651	CHEBI:15651	C00909	C00909	C00909	C00909			C00909	map01100,map00590,map04726,map07034	CHEBI:57463	CHEBI:15651,CHEBI:57463	C00909	CHEBI:57463	R-HSA-2142691,R-HSA-2142700	C00909	map01100,map00590,map04726,map07034		CHEBI:15651,CHEBI:57463	C00909	CHEBI:57463	R-HSA-2142691,R-HSA-2142700	C00909	map01100,map00590,map04726,map07034			0
5alpha-androst-16-en-3-one	-	-	-	-	-	-	-		-	-		-	-	-					CHEBI:37894	CHEBI:37894	CHEBI:37894	CHEBI:37894					CHEBI:37894	R-HSA-381753,R-HSA-381753				CHEBI:37894		CHEBI:37894	R-HSA-381753,R-HSA-381753				CHEBI:37894		CHEBI:37894	R-HSA-381753,R-HSA-381753					0
m-Salicylic acid	RM0136191	C7H6O3	138.0317	Benzenoids	Benzenes	Hydroxybenzoic acids	7420	CHEBI:30764	HMDB0002466		C00587	IJFXRHURBJZNAO-UHFFFAOYSA-N	c1cc(cc(c1)O)C(=O)O	3-Hydroxybenzoic acid			C00587	map01120,map01220,map00400,map00362,map00623,map00624	CHEBI:30764,CHEBI:30764,CHEBI:30764	CHEBI:30764,CHEBI:30764,CHEBI:30764	CHEBI:30764,CHEBI:30764,CHEBI:30764	CHEBI:30764	C00587	C00587	C00587	C00587			C00587	map01120,map01220,map00400,map00362,map00623,map00624	CHEBI:16193	CHEBI:16193,CHEBI:30764	C00587			C00587	map01120,map01220,map00400,map00362,map00623,map00624		CHEBI:16193,CHEBI:30764	C00587			C00587	map01120,map01220,map00400,map00362,map00623,map00624	CHEBI:33575	R-HSA-6809371	1
2-Hydroxyphenethylamine	RM0161625	C8H11NO	137.0841	Alkaloids	Tyrosine alkaloids	Phenylethylamines	1000	CHEBI:16343	HMDB0001065		C02735	ULSIYEODSMZIPX-UHFFFAOYSA-N	c1ccc(cc1)C(CN)O	2-Hydroxyphenethylamine					CHEBI:16343	CHEBI:16343	CHEBI:16343	CHEBI:16343	C02735	C02735	C02735	C02735					CHEBI:57741	CHEBI:16343,CHEBI:57741	C02735						CHEBI:16343,CHEBI:57741	C02735					CHEBI:30879	R-HSA-1483166,R-HSA-2022377,R-HSA-8935690	3
Sulforaphane	RM0188160	C6H11NOS2	177.0282	Organosulfur compounds	Organosulfur compounds	Sulfoxides						SUVMJBTUFCVSAD-UHFFFAOYNA-N	CS(=O)CCCCN=C=S	Sulforaphane					CHEBI:47807,CHEBI:47807	CHEBI:47807,CHEBI:47807	CHEBI:47807,CHEBI:47807	CHEBI:47807					CHEBI:47807	R-HSA-8951664,R-HSA-9679191,R-HSA-9755511				CHEBI:47807		CHEBI:47807	R-HSA-8951664,R-HSA-9679191,R-HSA-9755511			CHEBI:47808,CHEBI:47809	CHEBI:47807,CHEBI:47808,CHEBI:47809		CHEBI:47807	R-HSA-8951664,R-HSA-9679191,R-HSA-9755511					0
17:4(2E,4E,9E,11E)(7Me[R],10Me,13Me[S])	-	-	-	-	-	-	-		-	-		-	-	-																																	0
7a,17-dimethyl-5b-Androstane-3a,17b-diol	-	-	-	-	-	-	-		-	-		-	-	-					CHEBI:187701	CHEBI:187701	CHEBI:187701	CHEBI:187701										CHEBI:187701							CHEBI:187701						CHEBI:35341	R-HSA-196071	1
p-Tolualdehyde	RM0051012	C8H8O	120.0575	Benzenoids	Benzenes	Benzoyl derivatives	7725	CHEBI:28617	HMDB0029638		C06758	FXLOVSHXALFLKQ-UHFFFAOYSA-N	Cc1ccc(cc1)C=O	4-Methylbenzaldehyde			C06758	map01100,map01120,map01220,map00622	CHEBI:28617,CHEBI:28617	CHEBI:28617,CHEBI:28617	CHEBI:28617,CHEBI:28617	CHEBI:28617	C06758	C06758	C06758	C06758			C06758	map01100,map01120,map01220,map00622		CHEBI:28617	C06758			C06758	map01100,map01120,map01220,map00622		CHEBI:28617	C06758			C06758	map01100,map01120,map01220,map00622			0
Cassiamin C	RM0137291	C30H18O8	506.1002	Polyketides	Aromatic polyketides	Anthracenes and phenanthrenes	442728	CHEBI:3455			C10308	VUPMYTWJSPRETC-UHFFFAOYSA-N	Cc1cc2c(c(c1c1c(C)cc3c(c1O)C(=O)c1c(cccc1O)C3=O)O)C(=O)c1c(cccc1O)C2=O	Cassiamin C					CHEBI:3455	CHEBI:3455	CHEBI:3455	CHEBI:3455	C10308	C10308	C10308	C10308						CHEBI:3455	C10308						CHEBI:3455	C10308					CHEBI:36141	R-HSA-211945	1
13H-Dibenzo[a,g]fluorene	-	-	-	-	-	-	-		-	-		-	-	-					CHEBI:82440	CHEBI:82440	CHEBI:82440	CHEBI:82440	C19391	C19391	C19391	C19391						CHEBI:82440	C19391						CHEBI:82440	C19391							0
Mayolene-18	RM0153944	C36H64O4	560.4805	Fatty Acyls	Fatty esters	Wax monoesters	52922006	CHEBI:165679		LMFA07090147		RFJCITQJURPJMT-INOIBKDBSA-N	CCCCCCCCCCCCCCCCCC(=O)O[C@@H](/C=C\C/C=C\CC)/C=C\CCCCCCCC(=O)O	Mayolene-18					CHEBI:165679	CHEBI:165679	CHEBI:165679	CHEBI:165679										CHEBI:165679							CHEBI:165679						CHEBI:35366	R-HSA-1482883,R-HSA-167826,R-HSA-422085,R-HSA-426048,R-HSA-6809371,R-HSA-6811436,R-HSA-8963889,R-HSA-8964038	8
7-O-Methylisolupalbigenin	-	-	-	-	-	-	-		-	-		-	-	-					CHEBI:187064	CHEBI:187064	CHEBI:187064	CHEBI:187064										CHEBI:187064							CHEBI:187064								0
Galangin 3-methyl ether	RM0186727	C16H12O5	284.0685	Polyketides	Flavonoids	Flavonols	5281946	CHEBI:1602	HMDB0029522	LMPK12111654	C11577	LYISDADPVOHJBJ-UHFFFAOYSA-N	COc1c(=O)c2c(cc(cc2oc1c1ccccc1)O)O	3-O-Methylgalangin					CHEBI:1602	CHEBI:1602	CHEBI:1602	CHEBI:1602	C11577	C11577	C11577	C11577						CHEBI:1602	C11577						CHEBI:1602	C11577							0
Fluenetil	-	-	-	-	-	-	-		-	-		-	-	-					CHEBI:82161	CHEBI:82161	CHEBI:82161	CHEBI:82161	C19031	C19031	C19031	C19031						CHEBI:82161	C19031						CHEBI:82161	C19031							0
2-glyceryl-6-keto-PGF1alpha	-	-	-	-	-	-	-		-	-		-	-	-					CHEBI:169801	CHEBI:169801	CHEBI:169801	CHEBI:169801										CHEBI:169801							CHEBI:169801						CHEBI:18059	R-HSA-1222556,R-HSA-1369062,R-HSA-5682294,R-HSA-804914,R-HSA-8941413	5
Deoxyadenosine monophosphate	RM0156433	C10H14N5O6P	331.0682	Nucleic acids	Purines	Purine dNMP	12599	CHEBI:17713	HMDB0000905		C00360	KHWCHTKSEGGWEX-RRKCRQDMSA-N	C1[C@@H]([C@@H](COP(=O)(O)O)O[C@H]1n1cnc2c(N)ncnc12)O	dAMP			C00360	map01100,map01232,map00230	CHEBI:17713,CHEBI:58245	CHEBI:17713,CHEBI:58245	CHEBI:17713,CHEBI:58245	CHEBI:17713,CHEBI:58245	C00360	C00360	C00360	C00360	CHEBI:58245	R-HSA-3248023,R-HSA-499943,R-HSA-73843,R-HSA-74217,R-HSA-74259	C00360	map01100,map01232,map00230		CHEBI:17713,CHEBI:58245	C00360	CHEBI:58245	R-HSA-3248023,R-HSA-499943,R-HSA-73843,R-HSA-74217,R-HSA-74259	C00360	map01100,map01232,map00230		CHEBI:17713,CHEBI:58245	C00360	CHEBI:58245	R-HSA-3248023,R-HSA-499943,R-HSA-73843,R-HSA-74217,R-HSA-74259	C00360	map01100,map01232,map00230			0
2-Dodecylbenzenesulfonic acid	RM0139008	C18H30O3S	326.1916	Benzenoids	Benzenes	Benzenesulfonic acids	25457	CHEBI:149774	HMDB0031031			WBINGBSDOWNP-UHFFFAOYSA-N	CCCCCCCCCCCCc1ccccc1S(=O)(=O)O	2-Dodecylbenzenesulfonic acid					CHEBI:149774	CHEBI:149774	CHEBI:149774	CHEBI:149774										CHEBI:149774							CHEBI:149774								0
PC(O-16:0/3:0)	RM0162779	C27H56NO7P	537.3794	Glycerophospholipids	Glycerophosphocholines	O-PC	24779308	CHEBI:78367		LMGP01020068		IMFQQPWSHMFNRT-AREMUKBSSA-N	CCCCCCCCCCCCCCCCOC[C@H](COP(=O)([O-])OCC[N+](C)(C)C)OC(=O)CC	PC O-16:0/3:0					CHEBI:78367	CHEBI:78367	CHEBI:78367	CHEBI:78367										CHEBI:78367							CHEBI:78367						CHEBI:36313	R-HSA-1482788	1
N-acetyl-LTE4	RM0136300	C25H39NO6S	481.2498	Fatty Acyls	Eicosanoids	Leukotrienes	53477792	CHEBI:7210	HMDB0005084	LMFA03020079	C11361	BGGYAYMMFYBWEX-KDFQUNDDSA-N	CCCCC/C=C\C/C=C\C=C\C=C\[C@@H]([C@@H](CCCC(=O)O)O)SC[C@H](C(=O)O)NC(=O)C	N-Acetyl-LTE4								CHEBI:7210	C11361	C11361	C11361	C11361						CHEBI:7210	C11361						CHEBI:7210	C11361					CHEBI:18059	R-HSA-1222556,R-HSA-1369062,R-HSA-5682294,R-HSA-804914,R-HSA-8941413	5
5E,8E,11E-hexadecatrienoic acid	-	-	-	-	-	-	-		-	-		-	-	-					CHEBI:180362	CHEBI:180362	CHEBI:180362	CHEBI:180362										CHEBI:180362							CHEBI:180362						CHEBI:15904	R-HSA-1369062,R-HSA-192456,R-HSA-3000471,R-HSA-390247,R-HSA-5684045,R-HSA-77289,R-HSA-8963901,R-HSA-8964058,R-HSA-975634	9
6-[5]-ladderane-hexanoic acid	-	-	-	-	-	-	-		-	-		-	-	-					CHEBI:188190	CHEBI:188190	CHEBI:188190	CHEBI:188190										CHEBI:188190							CHEBI:188190						CHEBI:59554	R-HSA-390247,R-HSA-77289	2
Nuatigenin	RM0128373	C27H42O4	430.3083	Sterol Lipids	Sterols	Furospirostanols	440453	CHEBI:15574	HMDB0301755	LMST01090001	C04715	NELZMZLNTYWIPD-MLBSDYKWSA-N	C[C@H]1[C@H]2[C@H](C[C@H]3[C@@H]4CC=C5C[C@H](CC[C@]5(C)[C@H]4CC[C@]23C)O)O[C@@]21CC[C@@](C)(CO)O2	Nuatigenin					CHEBI:15574,CHEBI:15574	CHEBI:15574,CHEBI:15574	CHEBI:15574,CHEBI:15574	CHEBI:15574	C04715	C04715	C04715	C04715						CHEBI:15574	C04715						CHEBI:15574	C04715					CHEBI:30879	R-HSA-1483166,R-HSA-2022377,R-HSA-8935690	3
3-hydroxy-eicosanoic acid	RM0139445	C20H40O3	328.2977	Fatty Acyls	Fatty acids	Hydroxy FA	5282918	CHEBI:52347	HMDB0062566	LMFA01050074		XXKHCFPQYSMGCI-UHFFFAOYSA-N	CCCCCCCCCCCCCCCCCC(CC(=O)O)O	3-Hydroxyeicosanoic acid					CHEBI:52347	CHEBI:52347	CHEBI:52347	CHEBI:52347									CHEBI:76709	CHEBI:52347,CHEBI:76709							CHEBI:52347,CHEBI:76709						CHEBI:15904	R-HSA-1369062,R-HSA-192456,R-HSA-3000471,R-HSA-390247,R-HSA-5684045,R-HSA-77289,R-HSA-8963901,R-HSA-8964058,R-HSA-975634	9
DG(14:1(9Z)/17:2(9Z,12Z)/0:0)[iso2]	-	-	-	-	-	-	-		-	-		-	-	-					CHEBI:187999	CHEBI:187999	CHEBI:187999	CHEBI:187999										CHEBI:187999							CHEBI:187999						CHEBI:18035	R-HSA-112043,R-HSA-1250196,R-HSA-192456,R-HSA-202424,R-HSA-202433,R-HSA-2029485,R-HSA-2871809,R-HSA-2871837,R-HSA-418890,R-HSA-5218921,R-HSA-5607764,R-HSA-6809371,R-HSA-8963889,R-HSA-8963901,R-HSA-8964058,R-HSA-9027277,R-HSA-9648002,R-HSA-9664323,R-HSA-9680350,R-HSA-975634	20
5'-Adenylyl sulfate (APS)	-	-	-	-	-	-	-		-	-		-	-	-																																	0
pentacosanoic acid	RM0153580	C25H50O2	382.3811	Fatty Acyls	Fatty acids	Saturated FA	10468	CHEBI:39420	HMDB0002361	LMFA01010025		MWMPEAHGUXCSMY-UHFFFAOYSA-N	CCCCCCCCCCCCCCCCCCCCCCCCC(=O)O	Hyenic acid					CHEBI:39420	CHEBI:39420	CHEBI:39420	CHEBI:39420									CHEBI:84376	CHEBI:39420,CHEBI:84376							CHEBI:39420,CHEBI:84376						CHEBI:35366	R-HSA-1482883,R-HSA-167826,R-HSA-422085,R-HSA-426048,R-HSA-6809371,R-HSA-6811436,R-HSA-8963889,R-HSA-8964038	8
PC(O-18:0/0:0)	RM0135072	C26H56NO6P	509.3845	Glycerophospholipids	Glycerophosphocholines	O-LPC	2733532	CHEBI:75216	HMDB0011149	LMGP01060014	C04317	XKBJVQHMEXMFDZ-AREMUKBSSA-N	CCCCCCCCCCCCCCCCCCOC[C@H](COP(=O)([O-])OCC[N+](C)(C)C)O	LPC O-18:0			C04317	map01100,map00565	CHEBI:131991,CHEBI:75216	CHEBI:131991,CHEBI:131991,CHEBI:75216	CHEBI:131991,CHEBI:75216	CHEBI:75216,CHEBI:131991	C04317	C04317	C04317	C04317			C04317	map01100,map00565		CHEBI:75216,CHEBI:131991	C04317			C04317	map01100,map00565		CHEBI:75216,CHEBI:131991	C04317			C04317	map01100,map00565	CHEBI:36313	R-HSA-1482788	1
1-(alpha-Methyl-4-(2-methylpropyl)benzeneacetate)-beta-D-Glucopyranuronic acid	RM0224293	C19H26O8	382.1628	Organic acids	Phenylpropanoids	Cinnamic acids	163959		HMDB0010343		C03033	ABOLXXZAJIAUGR-JPMMFUSZSA-N	CC(C)Cc1ccc(cc1)C(C)C(=O)O[C@H]1[C@@H]([C@H]([C@@H]([C@@H](C(=O)O)O1)O)O)O	Ibuprofen glucuronide			C03033	map01100,map01240,map00040,map00053,map04976	CHEBI:88735	CHEBI:88735	CHEBI:88735	CHEBI:88735	C03033	C03033	C03033	C03033			C03033	map01100,map01240,map00040,map00053,map04976		CHEBI:88735	C03033			C03033	map01100,map01240,map00040,map00053,map04976		CHEBI:88735	C03033			C03033	map01100,map01240,map00040,map00053,map04976	CHEBI:18059	R-HSA-1222556,R-HSA-1369062,R-HSA-5682294,R-HSA-804914,R-HSA-8941413	5
Valtratum	-	-	-	-	-	-	-		-	-		-	-	-					CHEBI:9928	CHEBI:9928	CHEBI:9928	CHEBI:9928	C09801	C09801	C09801	C09801						CHEBI:9928	C09801						CHEBI:9928	C09801					CHEBI:18059	R-HSA-1222556,R-HSA-1369062,R-HSA-5682294,R-HSA-804914,R-HSA-8941413	5
(25R)-5beta-spirostan-1beta,3alpha-diol	-	-	-	-	-	-	-		-	-		-	-	-					CHEBI:35370	CHEBI:35370	CHEBI:35370	CHEBI:35370										CHEBI:35370							CHEBI:35370								0
11Z,14Z,17Z-Eicosatrienyl isobutyrate	-	-	-	-	-	-	-		-	-		-	-	-					CHEBI:187958	CHEBI:187958	CHEBI:187958	CHEBI:187958										CHEBI:187958							CHEBI:187958								0
TETRAHYDROCORTISONE-3,21-DIACETATE	-	-	-	-	-	-	-		-	-		-	-	-																																	0
2,3-Dihydro-2,3-dihydroxy-4-(4-hydroxyphenyl)-1H-phenalen-1-one	-	-	-	-	-	-	-		-	-		-	-	-					CHEBI:174926	CHEBI:174926	CHEBI:174926	CHEBI:174926										CHEBI:174926							CHEBI:174926								0
LysoPC(15:0)	RM0017309	C23H48NO7P	481.3168	Glycerophospholipids	Glycerophosphocholines	LPC								LPC 15:0					CHEBI:72736,CHEBI:131924	CHEBI:131924,CHEBI:72736,CHEBI:72736	CHEBI:72736,CHEBI:131924	CHEBI:72736,CHEBI:131924										CHEBI:72736,CHEBI:131924							CHEBI:72736,CHEBI:131924						CHEBI:58168,CHEBI:60479	R-HSA-111995,R-HSA-1482839,R-HSA-1483115,R-HSA-2142753,R-HSA-3000471,R-HSA-3000480,R-HSA-3000484,R-HSA-5686938,R-HSA-6814848	9
PI(17:2(9Z,12Z)/19:0)	-	-	-	-	-	-	-		-	-		-	-	-					CHEBI:188054	CHEBI:188054	CHEBI:188054	CHEBI:188054										CHEBI:188054							CHEBI:188054						CHEBI:28874	R-HSA-198933	1
5beta-Cholestane-3alpha,7alpha,25,26-tetrol	-	-	-	-	-	-	-		-	-		-	-	-					CHEBI:188195	CHEBI:188195	CHEBI:188195	CHEBI:188195										CHEBI:188195							CHEBI:188195						CHEBI:33575,CHEBI:35341	R-HSA-196071,R-HSA-6809371	2
DG(18:3(9Z,12Z,15Z)/15:0/0:0)	RM0174446	C36H64O5	576.4754	Glycerolipids	Diradylglycerols	DAG								DG 18:3(9Z,12Z,15Z)/15:0/0:0					CHEBI:171957	CHEBI:171957	CHEBI:171957	CHEBI:171957										CHEBI:171957							CHEBI:171957						CHEBI:17815	R-HSA-114508,R-HSA-114516,R-HSA-114604,R-HSA-1169091,R-HSA-1169092,R-HSA-1250196,R-HSA-139853,R-HSA-1482883,R-HSA-1483191,R-HSA-1483206,R-HSA-1483213,R-HSA-1489509,R-HSA-162710,R-HSA-163560,R-HSA-1660661,R-HSA-1855204,R-HSA-2029485,R-HSA-2179392,R-HSA-3000170,R-HSA-354192,R-HSA-392517,R-HSA-399997,R-HSA-4086398,R-HSA-416476,R-HSA-416993,R-HSA-418217,R-HSA-418597,R-HSA-419408,R-HSA-426048,R-HSA-434316,R-HSA-4419969,R-HSA-5099900,R-HSA-5218921,R-HSA-5673001,R-HSA-75109,R-HSA-76005,R-HSA-9717207,R-HSA-983695	38
PC(O-8:0/O-8:0)	-	-	-	-	-	-	-		-	-		-	-	-					CHEBI:143715	CHEBI:143715	CHEBI:143715	CHEBI:143715										CHEBI:143715							CHEBI:143715						CHEBI:36313	R-HSA-1482788	1
Juniperic acid	RM0153658	C16H32O3	272.2351	Fatty Acyls	Fatty acids	Hydroxy FA	10466	CHEBI:55328	HMDB0006294	LMFA01050051	C18218	UGAGPNKCDRTDHP-UHFFFAOYSA-N	C(CCCCCCCC(=O)O)CCCCCCCO	Juniperic acid			C18218	map01100,map00073	CHEBI:55328	CHEBI:55328	CHEBI:55328	CHEBI:55328	C18218	C18218	C18218	C18218			C18218	map01100,map00073	CHEBI:55329	CHEBI:55328,CHEBI:55329	C18218			C18218	map01100,map00073		CHEBI:55328,CHEBI:55329	C18218			C18218	map01100,map00073	CHEBI:15904,CHEBI:24654	R-HSA-1369062,R-HSA-192456,R-HSA-3000471,R-HSA-3000480,R-HSA-3000484,R-HSA-390247,R-HSA-5684045,R-HSA-5686938,R-HSA-77289,R-HSA-8963901,R-HSA-8964058,R-HSA-975634	12
PC(16:0/3:1(2E))	RM0181180	C27H52NO8P	549.3431	Glycerophospholipids	Glycerophosphocholines	PC	24778752	CHEBI:142366		LMGP01010668		ABBJFAPTMAEFAL-RUZDIDTESA-N	CCCCCCCCCCCCCCCC(=O)OC[C@H](COP(=O)([O-])OCC[N+](C)(C)C)OC(=O)C=C	PC 16:0/3:1(2E)								CHEBI:142366										CHEBI:142366							CHEBI:142366						CHEBI:57643	R-HSA-111995,R-HSA-1369062,R-HSA-1482788,R-HSA-1482798,R-HSA-1482839,R-HSA-1483101,R-HSA-1483148,R-HSA-1483166,R-HSA-1483191,R-HSA-1483196,R-HSA-1660661,R-HSA-2029485,R-HSA-2142753,R-HSA-382556,R-HSA-5678771,R-HSA-5683678,R-HSA-5683826,R-HSA-5688399,R-HSA-6811436,R-HSA-8964058,R-HSA-9680350	21
PC(P-17:0/0:0)	RM0096776	C25H52NO6P	493.3532	Glycerophospholipids	Glycerophosphocholines	O-LPC								LPC P-17:0					CHEBI:132555,CHEBI:137146	CHEBI:132555,CHEBI:132555,CHEBI:137146	CHEBI:132555,CHEBI:137146	CHEBI:132555,CHEBI:137146										CHEBI:132555,CHEBI:137146							CHEBI:132555,CHEBI:137146						CHEBI:16247,CHEBI:36313	R-HSA-1482788,R-HSA-1483206,R-HSA-202733,R-HSA-2168880,R-HSA-3000471,R-HSA-3000480,R-HSA-3000484,R-HSA-3000497,R-HSA-432142,R-HSA-5686938,R-HSA-8856825,R-HSA-8856828,R-HSA-8866423,R-HSA-8963888,R-HSA-8963896,R-HSA-8963901,R-HSA-8964011,R-HSA-8964026,R-HSA-8964038,R-HSA-8964041,R-HSA-8964046,R-HSA-8964058,R-HSA-8964572,R-HSA-9615710,R-HSA-9707616,R-HSA-975634,R-HSA-9918432,R-HSA-9918481,R-HSA-9918487,R-HSA-9920588,R-HSA-9920951	31
Kelampayoside A	-	-	-	-	-	-	-		-	-		-	-	-																																	0
Triamcinolone	RM0200540	C21H27FO6	394.1792	Sterol Lipids	Steroids	C21 Steroids	31307	CHEBI:481691	HMDB0014758			GFNANZIMVAIWHM-OBYCQNJPSA-N	C[C@]12C=CC(=O)C=C1CC[C@H]1[C@@H]3C[C@H]([C@](C(=O)CO)([C@@]3(C)C[C@@H]([C@]21F)O)O)O	Triamcinolone					CHEBI:9667	CHEBI:9667	CHEBI:9667	CHEBI:9667,CHEBI:481691					CHEBI:9667	R-HSA-3371497,R-HSA-9679191				CHEBI:9667,CHEBI:481691		CHEBI:9667	R-HSA-3371497,R-HSA-9679191				CHEBI:9667,CHEBI:481691		CHEBI:9667	R-HSA-3371497,R-HSA-9679191					0
Hypoxylone	RM0002140	C20H12O5	332.0685	Polyketides	Aromatic polyketides	Naphthalenes and naphthoquinones	442747	CHEBI:5842			C10355	DWPXLJQPGHLLCH-UHFFFAOYSA-N	c1cc2c(ccc(c2c(c1)O)O)C1=CC(=O)c2c(cccc2O)C1=O	Hypoxylone					CHEBI:5842	CHEBI:5842	CHEBI:5842	CHEBI:5842	C10355	C10355	C10355	C10355						CHEBI:5842	C10355						CHEBI:5842	C10355					CHEBI:36141	R-HSA-211945	1
3Z-Octenyl acetate	-	-	-	-	-	-	-		-	-		-	-	-					CHEBI:180239	CHEBI:180239	CHEBI:180239	CHEBI:180239										CHEBI:180239							CHEBI:180239								0
9S-HpOTrE	RM0153713	C18H30O4	310.2144	Fatty Acyls	Octadecanoids	HpOTrE	6450029	CHEBI:60961		LMFA02000018	C16321	RWKJTIHNYSIIHW-MEBVTJQTSA-N	CC/C=C\C/C=C\C=C\[C@H](CCCCCCCC(=O)O)OO	9S-HpOTrE			C16321	map01110,map00592				CHEBI:60961	C16321	C16321	C16321	C16321			C16321	map01110,map00592	CHEBI:60962,CHEBI:63237,CHEBI:63241	CHEBI:60961,CHEBI:60962,CHEBI:63237,CHEBI:63241	C16321			C16321	map01110,map00592		CHEBI:60961,CHEBI:60962,CHEBI:63237,CHEBI:63241	C16321			C16321	map01110,map00592	CHEBI:15904	R-HSA-1369062,R-HSA-192456,R-HSA-3000471,R-HSA-390247,R-HSA-5684045,R-HSA-77289,R-HSA-8963901,R-HSA-8964058,R-HSA-975634	9
Ciliatine	RM0043084	C2H8NO3P	125.0242	Organic acids	Organic phosphonic acids	Organic phosphonic acids	339	CHEBI:15573	HMDB0011747		C03557	QQVDJLLNRSOCEL-UHFFFAOYSA-N	C(CP(=O)(O)O)N	Ciliatine			C03557	map01100,map01120,map00440,map02010	CHEBI:15573	CHEBI:15573	CHEBI:15573	CHEBI:15573	C03557	C03557	C03557	C03557			C03557	map01100,map01120,map00440,map02010	CHEBI:57418	CHEBI:15573,CHEBI:57418	C03557			C03557	map01100,map01120,map00440,map02010		CHEBI:15573,CHEBI:57418	C03557			C03557	map01100,map01120,map00440,map02010			0
N-Succinyl-2-amino-6-ketopimelate	RM0043140	C11H15NO8	289.0798	Organic acids	Amino acids and peptides	Amino acids	440349	CHEBI:35266	HMDB0012266		C04462	SDVXSCSNVVZWDD-LURJTMIESA-N	C(C[C@@H](C(=O)O)NC(=O)CCC(=O)O)CC(=O)C(=O)O	N-Succinyl-2-amino-6-ketopimelate			C04462	map01100,map01120,map01230,map00300				CHEBI:35266	C04462	C04462	C04462	C04462			C04462	map01100,map01120,map01230,map00300	CHEBI:15685	CHEBI:15685,CHEBI:35266	C04462			C04462	map01100,map01120,map01230,map00300		CHEBI:15685,CHEBI:35266	C04462			C04462	map01100,map01120,map01230,map00300	CHEBI:33575	R-HSA-6809371	1
PA(15:1(9Z)/0:0)	RM0179868	C18H33O8P	408.1913	Glycerophospholipids	Glycerophosphates	LPA								LPA 15:1(9Z)/0:0					CHEBI:185250	CHEBI:185250	CHEBI:185250	CHEBI:185250										CHEBI:185250							CHEBI:185250						CHEBI:16975	R-HSA-1483166,R-HSA-75109	2
3'-N-Debenzoyl-2'-deoxytaxol	-	-	-	-	-	-	-		-	-		-	-	-					CHEBI:79186,CHEBI:74030	CHEBI:79186,CHEBI:74030	CHEBI:79186,CHEBI:74030	CHEBI:74030,CHEBI:79186	C16523	C16523	C16523	C16523			C16523	map01100,map01110,map00904		CHEBI:74030,CHEBI:79186	C16523			C16523	map01100,map01110,map00904		CHEBI:74030,CHEBI:79186	C16523			C16523	map01100,map01110,map00904	CHEBI:18059,CHEBI:36916	R-HSA-1222556,R-HSA-1369062,R-HSA-5682294,R-HSA-804914,R-HSA-8941413,R-HSA-936837	6
10Z-Pentacosene	-	-	-	-	-	-	-		-	-		-	-	-					CHEBI:188214	CHEBI:188214	CHEBI:188214	CHEBI:188214										CHEBI:188214							CHEBI:188214								0
Formimidoyl-fortimicin A	-	-	-	-	-	-	-		-	-		-	-	-					CHEBI:81430	CHEBI:81430	CHEBI:81430	CHEBI:81430	C17979	C17979	C17979	C17979						CHEBI:81430	C17979						CHEBI:81430	C17979							0
Chrycorin	-	-	-	-	-	-	-		-	-		-	-	-					CHEBI:174112	CHEBI:174112	CHEBI:174112	CHEBI:174112										CHEBI:174112							CHEBI:174112								0
Erythrityl Tetranitrate	-	-	-	-	-	-	-		-	-		-	-	-					CHEBI:60072	CHEBI:60072	CHEBI:60072	CHEBI:60072										CHEBI:60072							CHEBI:60072								0
Phenylacetonitrile	RM0021572	C8H7N	117.0578	Benzenoids	Benzenes	Benzyl cyanides	8794	CHEBI:25979	HMDB0034171		C16074	SUSQOBVLVYHIEX-UHFFFAOYSA-N	c1ccc(cc1)CC#N	Benzeneacetonitrile			C16074	map01100,map01110,map01120,map00460,map00643	CHEBI:25979	CHEBI:25979	CHEBI:25979	CHEBI:25979	C16074	C16074	C16074	C16074			C16074	map01100,map01110,map01120,map00460,map00643		CHEBI:25979	C16074			C16074	map01100,map01110,map01120,map00460,map00643		CHEBI:25979	C16074			C16074	map01100,map01110,map01120,map00460,map00643			0
3R,4S-epoxy-6Z,9Z-heptadecadiene	-	-	-	-	-	-	-		-	-		-	-	-					CHEBI:188051	CHEBI:188051	CHEBI:188051	CHEBI:188051										CHEBI:188051							CHEBI:188051								0
2-hydroxy-hexacosanoic acid	-	-	-	-	-	-	-		-	-		-	-	-																																	0
22S-hydroxycampesterol	-	-	-	-	-	-	-		-	-		-	-	-					CHEBI:72331	CHEBI:72331	CHEBI:72331	CHEBI:72331	C15795	C15795	C15795	C15795			C15795	map01100,map01110,map00905		CHEBI:72331	C15795			C15795	map01100,map01110,map00905		CHEBI:72331	C15795			C15795	map01100,map01110,map00905	CHEBI:35341	R-HSA-196071	1
L-Cystine	RM0135906	C6H12N2O4S2	240.0239	Organic acids	Amino acids and peptides	Amino acids	67678	CHEBI:16283	HMDB0000192		C00491	LEVWYRKDKASIDU-IMJSIDKUSA-N	C([C@@H](C(=O)O)N)SSC[C@@H](C(=O)O)N	Cystine			C00491	map01100,map00270,map02010,map04216,map04974	CHEBI:17376,CHEBI:17376,CHEBI:16283,CHEBI:16283,CHEBI:35491,CHEBI:50058	CHEBI:17376,CHEBI:17376,CHEBI:16283,CHEBI:16283,CHEBI:35491,CHEBI:50058	CHEBI:17376,CHEBI:17376,CHEBI:16283,CHEBI:35491,CHEBI:50058	CHEBI:16283,CHEBI:17376,CHEBI:35491,CHEBI:50058	C00491,C01420	C00491,C01420	C00491,C01420	C00491,C01420	CHEBI:35491	R-HSA-352230,R-HSA-5223345,R-HSA-5619113,R-HSA-5660883,R-HSA-9959399	C00491	map01100,map00270,map02010,map04216,map04974	CHEBI:35492,CHEBI:35494,CHEBI:63163,CHEBI:145813	CHEBI:16283,CHEBI:17376,CHEBI:35491,CHEBI:35492,CHEBI:35494,CHEBI:50058,CHEBI:63163,CHEBI:145813	C00491,C01420	CHEBI:35491	R-HSA-352230,R-HSA-5223345,R-HSA-5619113,R-HSA-5660883,R-HSA-9959399	C00491	map01100,map00270,map02010,map04216,map04974		CHEBI:16283,CHEBI:17376,CHEBI:35491,CHEBI:35492,CHEBI:35494,CHEBI:50058,CHEBI:63163,CHEBI:145813	C00491,C01420	CHEBI:35491	R-HSA-352230,R-HSA-5223345,R-HSA-5619113,R-HSA-5660883,R-HSA-9959399	C00491	map01100,map00270,map02010,map04216,map04974			0
12alpha-Hydroxy-3-oxo-5beta-cholan-24-oic Acid	RM0125973	C24H38O4	390.2770	Sterol Lipids	Bile acids	C24 bile acids	160738	CHEBI:88104	HMDB0062742	LMST04010168		WMUMZOAFCDOTRW-OVEHVULHSA-N	C[C@H](CCC(=O)O)[C@H]1CC[C@H]2[C@@H]3CC[C@@H]4CC(=O)CC[C@]4(C)[C@H]3C[C@@H]([C@]12C)O	3-Ketodeoxycholic acid					CHEBI:88104	CHEBI:88104	CHEBI:88104	CHEBI:88104									CHEBI:87734	CHEBI:87734,CHEBI:88104							CHEBI:87734,CHEBI:88104						CHEBI:35341	R-HSA-196071	1
Gamma-Linolenic acid	RM0139466	C18H30O2	278.2246	Fatty Acyls	Fatty acids	Unsaturated FA	5280933	CHEBI:28661	HMDB0003073	LMFA01030141	C06426	VZCCETWTMQHEPK-QNEBEIHSSA-N	CCCCC/C=C\C/C=C\C/C=C\CCCCC(=O)O	gamma-Linolenic acid	CHEBI:28661	R-HSA-381771,R-HSA-416476,R-HSA-444209	C06426	map01100,map00591,map01040	CHEBI:28661,CHEBI:28661	CHEBI:28661,CHEBI:28661	CHEBI:28661,CHEBI:28661	CHEBI:28661	C06426	C06426	C06426	C06426	CHEBI:28661	R-HSA-381771,R-HSA-416476,R-HSA-444209	C06426	map01100,map00591,map01040	CHEBI:32391	CHEBI:28661,CHEBI:32391	C06426	CHEBI:28661	R-HSA-381771,R-HSA-416476,R-HSA-444209	C06426	map01100,map00591,map01040		CHEBI:28661,CHEBI:32391	C06426	CHEBI:28661	R-HSA-381771,R-HSA-416476,R-HSA-444209	C06426	map01100,map00591,map01040			0
Quercetin 3-(6-[4-glucosyl-p-coumaryl]glucosyl)(1->2)-rhamnoside	-	-	-	-	-	-	-		-	-		-	-	-					CHEBI:188322	CHEBI:188322	CHEBI:188322	CHEBI:188322										CHEBI:188322							CHEBI:188322								0
DL-2-hydroxy stearic acid	RM0139462	C18H36O3	300.2664	Fatty Acyls	Fatty acids	Hydroxy FA	439887	CHEBI:18129	HMDB0062549	LMFA01050485	C03042	KIHBGTRZFAVZRV-KRWDZBQOSA-N	CCCCCCCCCCCCCCCC[C@@H](C(=O)O)O	2-Hydroxystearic acid					CHEBI:19660	CHEBI:19660	CHEBI:19660	CHEBI:18129,CHEBI:19660	C03042,C03045	C03042,C03045	C03042,C03045	C03042,C03045					CHEBI:15913,CHEBI:57562,CHEBI:58386,CHEBI:76724	CHEBI:15913,CHEBI:18129,CHEBI:19660,CHEBI:57562,CHEBI:58386,CHEBI:76724	C03042,C03045						CHEBI:15913,CHEBI:18129,CHEBI:19660,CHEBI:57562,CHEBI:58386,CHEBI:76724	C03042,C03045					CHEBI:15904,CHEBI:24654	R-HSA-1369062,R-HSA-192456,R-HSA-3000471,R-HSA-3000480,R-HSA-3000484,R-HSA-390247,R-HSA-5684045,R-HSA-5686938,R-HSA-77289,R-HSA-8963901,R-HSA-8964058,R-HSA-975634	12
3,13,19-trimethyl-tricosanoic acid	-	-	-	-	-	-	-		-	-		-	-	-					CHEBI:188172	CHEBI:188172	CHEBI:188172	CHEBI:188172										CHEBI:188172							CHEBI:188172						CHEBI:35366	R-HSA-1482883,R-HSA-167826,R-HSA-422085,R-HSA-426048,R-HSA-6809371,R-HSA-6811436,R-HSA-8963889,R-HSA-8964038	8
Glutamyl-Glutamate	RM0013322	C10H16N2O7	276.0958	Organic acids	Amino acids and peptides	Dipeptides	439500	CHEBI:5390	HMDB0028818		C01425	KOSRFJWDECSPRO-WDSKDSINSA-N	C(CC(=O)O)[C@@H](C(=O)N[C@@H](CCC(=O)O)C(=O)O)N	Glu-Glu					CHEBI:5390,CHEBI:172511	CHEBI:5390,CHEBI:172511	CHEBI:5390,CHEBI:172511	CHEBI:5390,CHEBI:172511	C01425	C01425	C01425	C01425						CHEBI:5390,CHEBI:172511	C01425						CHEBI:5390,CHEBI:172511	C01425					CHEBI:46761	R-HSA-427975	1
LY255283	-	-	-	-	-	-	-		-	-		-	-	-																																	0
9,10-dihydroxy stearic acid	RM0140007	C18H36O4	316.2614	Fatty Acyls	Octadecanoids	Other Octadecanoids	89377	CHEBI:28724	HMDB0302281	LMFA02000142		VACHUYIREGFMSP-UHFFFAOYSA-N	CCCCCCCCC(C(CCCCCCCC(=O)O)O)O	9,10-Dihydroxystearic acid					CHEBI:28724	CHEBI:28724	CHEBI:28724	CHEBI:28724									CHEBI:85197	CHEBI:28724,CHEBI:85197						CHEBI:49254,CHEBI:58797,CHEBI:142837	CHEBI:28724,CHEBI:49254,CHEBI:58797,CHEBI:85197,CHEBI:142837	C15988					CHEBI:15904,CHEBI:24654	R-HSA-1369062,R-HSA-192456,R-HSA-3000471,R-HSA-3000480,R-HSA-3000484,R-HSA-390247,R-HSA-5684045,R-HSA-5686938,R-HSA-77289,R-HSA-8963901,R-HSA-8964058,R-HSA-975634	12
2,5-Diamino-6-(5'-triphosphoryl-3',4'-trihydroxy-2'-oxopentyl)-amino-4-oxopyrimidine	-	-	-	-	-	-	-		-	-		-	-	-					CHEBI:28003,CHEBI:28003	CHEBI:28003,CHEBI:28003	CHEBI:28003	CHEBI:28003	C06148	C06148	C06148	C06148			C06148	map01100,map00790		CHEBI:28003	C06148			C06148	map01100,map00790		CHEBI:28003	C06148			C06148	map01100,map00790	CHEBI:33447	R-HSA-5649702,R-HSA-73930	2
20:3(5Z,9Z,17Z)(11Me,15Me,19Me)	-	-	-	-	-	-	-		-	-		-	-	-																																	0
24-Nor-5beta-chol-22-ene-3alpha,12alpha-diol	-	-	-	-	-	-	-		-	-		-	-	-					CHEBI:136924	CHEBI:136924	CHEBI:136924	CHEBI:136924										CHEBI:136924							CHEBI:136924						CHEBI:35341	R-HSA-196071	1
Dimethyl-L-arginine	RM0131870	C8H18N4O2	202.1430	Organic acids	Amino acids and peptides	Amino acids	123831	CHEBI:17929	HMDB0001539		C03626	YDGMGEXADBMOMJ-LURJTMIESA-N	CN(C)C(=N)NCCC[C@@H](C(=O)O)N	Dimethylarginine					CHEBI:86468	CHEBI:86468	CHEBI:86468	CHEBI:17929,CHEBI:86468	C03626	C03626	C03626	C03626					CHEBI:58326,CHEBI:133775	CHEBI:17929,CHEBI:58326,CHEBI:86468,CHEBI:133775	C03626	CHEBI:58326	R-HSA-203615,R-HSA-5218920,R-HSA-9009391			CHEBI:25682,CHEBI:61914,CHEBI:197308	CHEBI:17929,CHEBI:25682,CHEBI:58326,CHEBI:61914,CHEBI:86468,CHEBI:133775,CHEBI:197308	C03626	CHEBI:58326	R-HSA-203615,R-HSA-5218920,R-HSA-9009391					0
3Alpha,7Alpha,12Alpha-trihydroxy-27-nor-5Beta-cholestan-24-one	-	-	-	-	-	-	-		-	-		-	-	-					CHEBI:185358	CHEBI:185358	CHEBI:185358	CHEBI:185358										CHEBI:185358							CHEBI:185358						CHEBI:33575,CHEBI:35341	R-HSA-196071,R-HSA-6809371	2
4-Methoxylonchocarpin	-	-	-	-	-	-	-		-	-		-	-	-					CHEBI:180251	CHEBI:180251	CHEBI:180251	CHEBI:180251										CHEBI:180251							CHEBI:180251								0
LysoPC(16:0)	RM0134475	C24H50NO7P	495.3325	Glycerophospholipids	Glycerophosphocholines	LPC								LPC 16:0					CHEBI:64563,CHEBI:72998	CHEBI:64563,CHEBI:64563,CHEBI:72998	CHEBI:64563,CHEBI:72998	CHEBI:64563,CHEBI:72998										CHEBI:64563,CHEBI:72998						CHEBI:76078,CHEBI:91297	CHEBI:64563,CHEBI:72998,CHEBI:76078,CHEBI:91297						CHEBI:58168,CHEBI:60479	R-HSA-111995,R-HSA-1482839,R-HSA-1483115,R-HSA-2142753,R-HSA-3000471,R-HSA-3000480,R-HSA-3000484,R-HSA-5686938,R-HSA-6814848	9
3alpha,4beta,7alpha-Trihydroxy-5beta-cholan-24-oic Acid	RM0201210	C24H40O5	408.2876	Sterol Lipids	Bile acids	C24 bile acids	195223			LMST04010060		AIHWGPJJINPTRP-GYNBETSRSA-N	C[C@H](CCC(=O)O)[C@H]1CC[C@H]2[C@H]3[C@H](CC[C@]12C)[C@@]1(C)CC[C@H]([C@@H]([C@H]1C[C@H]3O)O)O	3alpha,4beta,7alpha-Trihydroxy-5beta-cholan-24-oic acid					CHEBI:181581	CHEBI:181581	CHEBI:181581	CHEBI:181581										CHEBI:181581							CHEBI:181581						CHEBI:33575,CHEBI:35341	R-HSA-196071,R-HSA-6809371	2
PC(18:1(6Z)/0:0)	RM0181350	C26H50NO8P	535.3274	Glycerophospholipids	Glycerophosphocholines	LPC								LPC 18:1(6Z)/0:0					CHEBI:143713	CHEBI:143713	CHEBI:143713	CHEBI:143713										CHEBI:143713							CHEBI:143713						CHEBI:58168	R-HSA-111995,R-HSA-1482839,R-HSA-2142753,R-HSA-6814848	4
edetate	RM0030846	C10H16N2O8	292.0907	Organic acids	Carboxylic acids	Tetracarboxylic acids	6049	CHEBI:4735	HMDB0015109		C00284	KCXVZYZYPLLWCC-UHFFFAOYSA-N	C(CN(CC(=O)O)CC(=O)O)N(CC(=O)O)CC(=O)O	EDTA					CHEBI:4735,CHEBI:64755	CHEBI:4735,CHEBI:64755	CHEBI:4735,CHEBI:64755	CHEBI:4735,CHEBI:64755	C00284	C00284	C00284	C00284					CHEBI:42191,CHEBI:63131	CHEBI:4735,CHEBI:42191,CHEBI:63131,CHEBI:64755	C00284						CHEBI:4735,CHEBI:42191,CHEBI:63131,CHEBI:64755	C00284					CHEBI:25696,CHEBI:33575	R-HSA-382556,R-HSA-428643,R-HSA-5690338,R-HSA-6809371	4
Lactapiperanol C	-	-	-	-	-	-	-		-	-		-	-	-					CHEBI:138779	CHEBI:138779	CHEBI:138779	CHEBI:138779										CHEBI:138779							CHEBI:138779						CHEBI:18059	R-HSA-1222556,R-HSA-1369062,R-HSA-5682294,R-HSA-804914,R-HSA-8941413	5
13Z,16Z-docosadienoic acid	RM0153918	C22H40O2	336.3028	Fatty Acyls	Fatty acids	Unsaturated FA	5312554	CHEBI:75117	HMDB0061714	LMFA01030405	C16533	HVGRZDASOHMCSK-HZJYTTRNSA-N	CCCCC/C=C\C/C=C\CCCCCCCCCCCC(=O)O	13Z,16Z-Docosadienoic acid			C16533	map01040	CHEBI:75117	CHEBI:75117	CHEBI:75117	CHEBI:75117	C16533	C16533	C16533	C16533			C16533	map01040	CHEBI:77806	CHEBI:75117,CHEBI:77806	C16533			C16533	map01040		CHEBI:75117,CHEBI:77806	C16533			C16533	map01040	CHEBI:15904	R-HSA-1369062,R-HSA-192456,R-HSA-3000471,R-HSA-390247,R-HSA-5684045,R-HSA-77289,R-HSA-8963901,R-HSA-8964058,R-HSA-975634	9
dodecyl butyrate	RM0202287	C16H32O2	256.2402	Fatty Acyls	Fatty esters	Wax monoesters	245572		HMDB0032249	LMFA07010424		JEPXJYKYHMEESP-UHFFFAOYSA-N	CCCCCCCCCCCCOC(=O)CCC	Dodecyl butyrate					CHEBI:174367	CHEBI:174367	CHEBI:174367	CHEBI:174367										CHEBI:174367							CHEBI:174367								0
PC(O-16:1(9E)/0:0)	-	-	-	-	-	-	-		-	-		-	-	-					CHEBI:187944	CHEBI:187944	CHEBI:187944	CHEBI:187944										CHEBI:187944							CHEBI:187944						CHEBI:36313	R-HSA-1482788	1
trans-trans-muconic acid	RM0139709	C6H6O4	142.0266	Fatty Acyls	Fatty acids	Dicarboxylic acids	5356793	CHEBI:27036	HMDB0002349	LMFA01170124		TXXHDPDFNKHHGW-ZPUQHVIOSA-N	C(=C\C(=O)O)/C=C/C(=O)O	trans-trans-Muconic acid								CHEBI:27036									CHEBI:27035,CHEBI:36502	CHEBI:27035,CHEBI:27036,CHEBI:36502							CHEBI:27035,CHEBI:27036,CHEBI:36502						CHEBI:18059,CHEBI:33575	R-HSA-1222556,R-HSA-1369062,R-HSA-5682294,R-HSA-6809371,R-HSA-804914,R-HSA-8941413	6
Sulfoxotolrestat	-	-	-	-	-	-	-		-	-		-	-	-																																	0
PC(O-18:1(9Z)/0:0)	RM0188789	C26H54NO6P	507.3689	Glycerophospholipids	Glycerophosphocholines	O-LPC								LPC O-18:1(9Z)					CHEBI:64396	CHEBI:64396	CHEBI:64396	CHEBI:64396										CHEBI:64396							CHEBI:64396						CHEBI:36313	R-HSA-1482788	1
Adenosine monophosphate	RM0138921	C10H14N5O7P	347.0631	Nucleic acids	Purines	Purine rNMP	6083	CHEBI:16027	HMDB0000045		C00020	UDMBCSSLTHHNCD-KQYNXXCUSA-N	C([C@@H]1[C@H]([C@H]([C@H](n2cnc3c(N)ncnc23)O1)O)O)OP(=O)(O)O	AMP			C00020	map01100,map01110,map01232,map01240,map00230,map00908,map01060,map01065,map01070,map04068,map04024,map04022,map04151,map04152,map04150,map04923,map04928,map04924,map04925,map04927,map04740,map04742,map04211,map05012,map05022,map05032,map04934,map01523	CHEBI:16027,CHEBI:28971,CHEBI:456215	CHEBI:16027,CHEBI:28971,CHEBI:456215	CHEBI:16027,CHEBI:28971,CHEBI:456215	CHEBI:16027,CHEBI:28971,CHEBI:456215	C00020,C06574	C00020,C06574	C00020,C06574	C00020,C06574	CHEBI:456215	R-HSA-111957,R-HSA-1169408,R-HSA-1445148,R-HSA-156584,R-HSA-159418,R-HSA-1632852,R-HSA-163680,R-HSA-163680,R-HSA-165160,R-HSA-174437,R-HSA-177128,R-HSA-177135,R-HSA-177162,R-HSA-180024,R-HSA-193368,R-HSA-193775,R-HSA-196780,R-HSA-196783,R-HSA-196807,R-HSA-196819,R-HSA-196843,R-HSA-2046105,R-HSA-2046106,R-HSA-2151209,R-HSA-2161541,R-HSA-2393930,R-HSA-2408522,R-HSA-2408557,R-HSA-2871837,R-HSA-3065676,R-HSA-3065676,R-HSA-379716,R-HSA-379726,R-HSA-379726,R-HSA-380972,R-HSA-389599,R-HSA-390247,R-HSA-418555,R-HSA-429947,R-HSA-429958,R-HSA-430039,R-HSA-434313,R-HSA-499943,R-HSA-5358493,R-HSA-5358565,R-HSA-5358606,R-HSA-5607764,R-HSA-5628897,R-HSA-611105,R-HSA-6782315,R-HSA-6784531,R-HSA-6804756,R-HSA-69166,R-HSA-70171,R-HSA-70221,R-HSA-70221,R-HSA-70263,R-HSA-70635,R-HSA-71384,R-HSA-73776,R-HSA-73817,R-HSA-73843,R-HSA-74217,R-HSA-74259,R-HSA-75105,R-HSA-75876,R-HSA-75876,R-HSA-77111,R-HSA-77289,R-HSA-77352,R-HSA-8850843,R-HSA-8866652,R-HSA-8866652,R-HSA-8951664,R-HSA-8963693,R-HSA-8983711,R-HSA-947581,R-HSA-9613354,R-HSA-9660826,R-HSA-9748787,R-HSA-9749641,R-HSA-9770562,R-HSA-9820841,R-HSA-983168,R-HSA-983231,R-HSA-9833110,R-HSA-9833482,R-HSA-9860927,R-HSA-9909505,R-HSA-9913635,R-HSA-9931269	C00020	map01100,map01110,map01232,map01240,map00230,map00908,map01060,map01065,map01070,map04068,map04024,map04022,map04151,map04152,map04150,map04923,map04928,map04924,map04925,map04927,map04740,map04742,map04211,map05012,map05022,map05032,map04934,map01523	CHEBI:40721,CHEBI:50658	CHEBI:16027,CHEBI:28971,CHEBI:40721,CHEBI:50658,CHEBI:456215	C00020,C06574	CHEBI:456215	R-HSA-111957,R-HSA-1169408,R-HSA-1445148,R-HSA-156584,R-HSA-159418,R-HSA-1632852,R-HSA-163680,R-HSA-163680,R-HSA-165160,R-HSA-174437,R-HSA-177128,R-HSA-177135,R-HSA-177162,R-HSA-180024,R-HSA-193368,R-HSA-193775,R-HSA-196780,R-HSA-196783,R-HSA-196807,R-HSA-196819,R-HSA-196843,R-HSA-2046105,R-HSA-2046106,R-HSA-2151209,R-HSA-2161541,R-HSA-2393930,R-HSA-2408522,R-HSA-2408557,R-HSA-2871837,R-HSA-3065676,R-HSA-3065676,R-HSA-379716,R-HSA-379726,R-HSA-379726,R-HSA-380972,R-HSA-389599,R-HSA-390247,R-HSA-418555,R-HSA-429947,R-HSA-429958,R-HSA-430039,R-HSA-434313,R-HSA-499943,R-HSA-5358493,R-HSA-5358565,R-HSA-5358606,R-HSA-5607764,R-HSA-5628897,R-HSA-611105,R-HSA-6782315,R-HSA-6784531,R-HSA-6804756,R-HSA-69166,R-HSA-70171,R-HSA-70221,R-HSA-70221,R-HSA-70263,R-HSA-70635,R-HSA-71384,R-HSA-73776,R-HSA-73817,R-HSA-73843,R-HSA-74217,R-HSA-74259,R-HSA-75105,R-HSA-75876,R-HSA-75876,R-HSA-77111,R-HSA-77289,R-HSA-77352,R-HSA-8850843,R-HSA-8866652,R-HSA-8866652,R-HSA-8951664,R-HSA-8963693,R-HSA-8983711,R-HSA-947581,R-HSA-9613354,R-HSA-9660826,R-HSA-9748787,R-HSA-9749641,R-HSA-9770562,R-HSA-9820841,R-HSA-983168,R-HSA-983231,R-HSA-9833110,R-HSA-9833482,R-HSA-9860927,R-HSA-9909505,R-HSA-9913635,R-HSA-9931269	C00020	map01100,map01110,map01232,map01240,map00230,map00908,map01060,map01065,map01070,map04068,map04024,map04022,map04151,map04152,map04150,map04923,map04928,map04924,map04925,map04927,map04740,map04742,map04211,map05012,map05022,map05032,map04934,map01523		CHEBI:16027,CHEBI:28971,CHEBI:40721,CHEBI:50658,CHEBI:456215	C00020,C06574	CHEBI:456215	R-HSA-111957,R-HSA-1169408,R-HSA-1445148,R-HSA-156584,R-HSA-159418,R-HSA-1632852,R-HSA-163680,R-HSA-163680,R-HSA-165160,R-HSA-174437,R-HSA-177128,R-HSA-177135,R-HSA-177162,R-HSA-180024,R-HSA-193368,R-HSA-193775,R-HSA-196780,R-HSA-196783,R-HSA-196807,R-HSA-196819,R-HSA-196843,R-HSA-2046105,R-HSA-2046106,R-HSA-2151209,R-HSA-2161541,R-HSA-2393930,R-HSA-2408522,R-HSA-2408557,R-HSA-2871837,R-HSA-3065676,R-HSA-3065676,R-HSA-379716,R-HSA-379726,R-HSA-379726,R-HSA-380972,R-HSA-389599,R-HSA-390247,R-HSA-418555,R-HSA-429947,R-HSA-429958,R-HSA-430039,R-HSA-434313,R-HSA-499943,R-HSA-5358493,R-HSA-5358565,R-HSA-5358606,R-HSA-5607764,R-HSA-5628897,R-HSA-611105,R-HSA-6782315,R-HSA-6784531,R-HSA-6804756,R-HSA-69166,R-HSA-70171,R-HSA-70221,R-HSA-70221,R-HSA-70263,R-HSA-70635,R-HSA-71384,R-HSA-73776,R-HSA-73817,R-HSA-73843,R-HSA-74217,R-HSA-74259,R-HSA-75105,R-HSA-75876,R-HSA-75876,R-HSA-77111,R-HSA-77289,R-HSA-77352,R-HSA-8850843,R-HSA-8866652,R-HSA-8866652,R-HSA-8951664,R-HSA-8963693,R-HSA-8983711,R-HSA-947581,R-HSA-9613354,R-HSA-9660826,R-HSA-9748787,R-HSA-9749641,R-HSA-9770562,R-HSA-9820841,R-HSA-983168,R-HSA-983231,R-HSA-9833110,R-HSA-9833482,R-HSA-9860927,R-HSA-9909505,R-HSA-9913635,R-HSA-9931269	C00020	map01100,map01110,map01232,map01240,map00230,map00908,map01060,map01065,map01070,map04068,map04024,map04022,map04151,map04152,map04150,map04923,map04928,map04924,map04925,map04927,map04740,map04742,map04211,map05012,map05022,map05032,map04934,map01523			0
Isoscutellarein 4'-methyl ether 8-(2''-sulfatoglucoside)	-	-	-	-	-	-	-		-	-		-	-	-					CHEBI:188109	CHEBI:188109	CHEBI:188109	CHEBI:188109										CHEBI:188109							CHEBI:188109								0
Pentacosanyl palmitoleate	-	-	-	-	-	-	-		-	-		-	-	-					CHEBI:188076	CHEBI:188076	CHEBI:188076	CHEBI:188076										CHEBI:188076							CHEBI:188076						CHEBI:10036	R-HSA-2142753,R-HSA-9640463	2
sodium chlorovulone III	-	-	-	-	-	-	-		-	-		-	-	-					CHEBI:188084	CHEBI:188084	CHEBI:188084	CHEBI:188084										CHEBI:188084							CHEBI:188084						CHEBI:15904	R-HSA-1369062,R-HSA-192456,R-HSA-3000471,R-HSA-390247,R-HSA-5684045,R-HSA-77289,R-HSA-8963901,R-HSA-8964058,R-HSA-975634	9
Myricetin 3,7-diglucuronide	-	-	-	-	-	-	-		-	-		-	-	-					CHEBI:188294	CHEBI:188294	CHEBI:188294	CHEBI:188294										CHEBI:188294							CHEBI:188294								0
5-(L-alanin-3-yl)-2-hydroxy-cis,cis-muconate 6-semialdehyde	-	-	-	-	-	-	-		-	-		-	-	-					CHEBI:17671,CHEBI:17671,CHEBI:58227	CHEBI:17671,CHEBI:17671,CHEBI:58227	CHEBI:17671,CHEBI:58227	CHEBI:17671,CHEBI:58227	C04797	C04797	C04797	C04797			C04797	map00350		CHEBI:17671,CHEBI:58227	C04797			C04797	map00350		CHEBI:17671,CHEBI:58227	C04797			C04797	map00350	CHEBI:25696,CHEBI:33575	R-HSA-382556,R-HSA-428643,R-HSA-5690338,R-HSA-6809371	4
L-Aspartic acid	RM0135905	C4H7NO4	133.0375	Organic acids	Amino acids and peptides	Amino acids	5960	CHEBI:17053	HMDB0000191		C00049	CKLJMWTZIZZHCS-REOHCLBHSA-N	C([C@@H](C(=O)O)N)C(=O)O	Aspartic acid			C00049	map01100,map01110,map01120,map01200,map01210,map01230,map01240,map00630,map00710,map00250,map00260,map00270,map00300,map00220,map00340,map00410,map00460,map00470,map00760,map00770,map00261,map00998,map00999,map00997,map01060,map01064,map01070,map00970,map02010,map02020,map04080,map02030,map04974,map05230	CHEBI:17053,CHEBI:22660,CHEBI:22660,CHEBI:29958	CHEBI:17053,CHEBI:22660,CHEBI:22660,CHEBI:29958	CHEBI:17053,CHEBI:22660,CHEBI:22660,CHEBI:29958	CHEBI:17053,CHEBI:22660,CHEBI:29958	C00049,C16433	C00049,C16433	C00049,C16433	C00049,C16433			C00049	map01100,map01110,map01120,map01200,map01210,map01230,map01240,map00630,map00710,map00250,map00260,map00270,map00300,map00220,map00340,map00410,map00460,map00470,map00760,map00770,map00261,map00998,map00999,map00997,map01060,map01064,map01070,map00970,map02010,map02020,map04080,map02030,map04974,map05230	CHEBI:17364,CHEBI:29961,CHEBI:29962,CHEBI:29990,CHEBI:29991,CHEBI:29993,CHEBI:29994,CHEBI:29995,CHEBI:35391,CHEBI:48094	CHEBI:17053,CHEBI:17364,CHEBI:22660,CHEBI:29958,CHEBI:29961,CHEBI:29962,CHEBI:29990,CHEBI:29991,CHEBI:29993,CHEBI:29994,CHEBI:29995,CHEBI:35391,CHEBI:48094	C00049,C00402,C16433	CHEBI:29990,CHEBI:29991	R-HSA-389661,R-HSA-5619062,R-HSA-5619067,R-HSA-9958863,R-HSA-2024101,R-HSA-379716,R-HSA-379726,R-HSA-500753,R-HSA-5619062,R-HSA-5619067,R-HSA-5676934,R-HSA-70635,R-HSA-73817,R-HSA-8963693,R-HSA-8964208,R-HSA-8964539,R-HSA-9717207,R-HSA-9717207,R-HSA-9856872,R-HSA-9956520,R-HSA-9958863	C00049,C00402	map01100,map01110,map01120,map01200,map01210,map01230,map01240,map00630,map00710,map00250,map00260,map00270,map00300,map00220,map00340,map00410,map00460,map00470,map00760,map00770,map00261,map00998,map00999,map00997,map01060,map01064,map01070,map00970,map02010,map02020,map04080,map02030,map04974,map05230,map01100,map00250,map00470	CHEBI:176631,CHEBI:176632,CHEBI:176633,CHEBI:192076	CHEBI:17053,CHEBI:17364,CHEBI:22660,CHEBI:29958,CHEBI:29961,CHEBI:29962,CHEBI:29990,CHEBI:29991,CHEBI:29993,CHEBI:29994,CHEBI:29995,CHEBI:35391,CHEBI:48094,CHEBI:176631,CHEBI:176632,CHEBI:176633,CHEBI:192076	C00049,C00402,C16433	CHEBI:29990,CHEBI:29991	R-HSA-389661,R-HSA-5619062,R-HSA-5619067,R-HSA-9958863,R-HSA-2024101,R-HSA-379716,R-HSA-379726,R-HSA-500753,R-HSA-5619062,R-HSA-5619067,R-HSA-5676934,R-HSA-70635,R-HSA-73817,R-HSA-8963693,R-HSA-8964208,R-HSA-8964539,R-HSA-9717207,R-HSA-9717207,R-HSA-9856872,R-HSA-9956520,R-HSA-9958863	C00049,C00402	map01100,map01110,map01120,map01200,map01210,map01230,map01240,map00630,map00710,map00250,map00260,map00270,map00300,map00220,map00340,map00410,map00460,map00470,map00760,map00770,map00261,map00998,map00999,map00997,map01060,map01064,map01070,map00970,map02010,map02020,map04080,map02030,map04974,map05230,map01100,map00250,map00470			0
PI(12:0/17:2(9Z,12Z))	RM0173197	C38H69O13P	764.4476	Glycerophospholipids	Glycerophosphoinositols	PI	52927473			LMGP06010020		SOLDYOYSQMOETK-LKIGCXLISA-N	CCCC/C=CC/C=CCCCCCCCC(=O)O[C@H](COC(=O)CCCCCCCCCCC)COP(=O)(O)O[C@@H]1C([C@@H](C(C(C1O)O)O)O)O	PI 12:0/17:2(9Z,12Z)					CHEBI:188310	CHEBI:188310	CHEBI:188310	CHEBI:188310										CHEBI:188310							CHEBI:188310						CHEBI:28874	R-HSA-198933	1
N-oleoyl alanine	RM0154245	C21H39NO3	353.2930	Fatty Acyls	Fatty amides	N-acyl amines	44423663	CHEBI:165541	HMDB0241953	LMFA08020124		CHQZBIVWDKADIA-GDWUOILNSA-N	CCCCCCCC/C=C\CCCCCCCC(=O)N[C@@H](C)C(=O)O	NA-Ala 18:1(9Z)					CHEBI:165541	CHEBI:165541	CHEBI:165541	CHEBI:165541									CHEBI:196966	CHEBI:165541,CHEBI:196966							CHEBI:165541,CHEBI:196966						CHEBI:33575	R-HSA-6809371	1
2''-O-Galloylisovitexin	-	-	-	-	-	-	-		-	-		-	-	-					CHEBI:188108	CHEBI:188108	CHEBI:188108	CHEBI:188108										CHEBI:188108							CHEBI:188108								0
3-trans,5-cis-Octadienoyl-CoA	-	-	-	-	-	-	-		-	-		-	-	-					CHEBI:89770	CHEBI:89770	CHEBI:89770	CHEBI:89770										CHEBI:89770							CHEBI:89770								0
MG(18:1(11E)/0:0/0:0)[rac]	-	-	-	-	-	-	-		-	-		-	-	-					CHEBI:178471	CHEBI:178471	CHEBI:178471	CHEBI:178471										CHEBI:178471							CHEBI:178471						CHEBI:17408	R-HSA-1482883,R-HSA-1483206,R-HSA-192456,R-HSA-6814848	4
Isorientin 4'-O-glucoside 2''-O-p-hydroxybenzoagte	-	-	-	-	-	-	-		-	-		-	-	-					CHEBI:169010	CHEBI:169010	CHEBI:169010	CHEBI:169010										CHEBI:169010							CHEBI:169010								0
ecdysone 25-O-D-glucopyranoside	-	-	-	-	-	-	-		-	-		-	-	-					CHEBI:23890	CHEBI:23890	CHEBI:23890	CHEBI:23890										CHEBI:23890							CHEBI:23890								0
(6S)-dehydrovomifoliol	RM0042799	C13H18O3	222.1256	Prenol Lipids	Isoprenoids	C40 isoprenoids	688492	CHEBI:4372	HMDB0302822	LMPR0103050009	C02533	JJRYPZMXNLLZFH-URWSZGRFSA-N	CC1=CC(=O)CC(C)(C)[C@]1(/C=C/C(=O)C)O	(6S)-Dehydrovomifoliol					CHEBI:4372	CHEBI:4372	CHEBI:4372	CHEBI:4372	C02533	C02533	C02533	C02533					CHEBI:49177	CHEBI:4372,CHEBI:49177	C02533						CHEBI:4372,CHEBI:49177	C02533					CHEBI:18059	R-HSA-1222556,R-HSA-1369062,R-HSA-5682294,R-HSA-804914,R-HSA-8941413	5
1alpha,25-Dihydroxy-2alpha-(3-hydroxypropyl)vitamin D3	-	-	-	-	-	-	-		-	-		-	-	-																																	0
Phytuberin	RM0050623	C17H26O4	294.1831	Prenol Lipids	Isoprenoids	C15 isoprenoids	315114	CHEBI:8196	HMDB0035754		C09709	YARAJYKHRCCDLG-UHFFFAOYSA-N	CC(=O)OC(C)(C)C1CCC2(C)COC3(C)C=COC23C1	Phytuberin					CHEBI:8196	CHEBI:8196	CHEBI:8196	CHEBI:8196	C09709	C09709	C09709	C09709						CHEBI:8196	C09709						CHEBI:8196	C09709					CHEBI:18059	R-HSA-1222556,R-HSA-1369062,R-HSA-5682294,R-HSA-804914,R-HSA-8941413	5
DPA	RM0153164	C22H34O2	330.2559	Fatty Acyls	Fatty acids	Unsaturated FA	5497182	CHEBI:53488	HMDB0006528	LMFA04000044	C16513	YUFFSWGQGVEMMI-JLNKQSITSA-N	CC/C=C\C/C=C\C/C=C\C/C=C\C/C=C\CCCCCC(=O)O	DPA			C16513	map01040	CHEBI:4640,CHEBI:34936,CHEBI:51676,CHEBI:53488,CHEBI:39867	CHEBI:4640,CHEBI:34936,CHEBI:51676,CHEBI:53488,CHEBI:39867	CHEBI:4640,CHEBI:34936,CHEBI:51676,CHEBI:53488,CHEBI:39867	CHEBI:4640,CHEBI:34936,CHEBI:39867,CHEBI:51676,CHEBI:53488	C07185,C11016,C14229,C16513	C07185,C11016,C14229,C16513	C07185,C11016,C14229,C16513	C07185,C11016,C14229,C16513	CHEBI:39867	R-HSA-3214815,R-HSA-9679191	C07185,C16513	map00982,map04976,map01040	CHEBI:77224	CHEBI:4640,CHEBI:34936,CHEBI:39867,CHEBI:51676,CHEBI:53488,CHEBI:77224	C07185,C11016,C14229,C16513	CHEBI:39867,CHEBI:77224	R-HSA-3214815,R-HSA-9679191,R-HSA-381771,R-HSA-416476,R-HSA-444209,R-HSA-9025094,R-HSA-9026286,R-HSA-9026290,R-HSA-9027604	C07185,C16513	map00982,map04976,map01040		CHEBI:4640,CHEBI:34936,CHEBI:39867,CHEBI:51676,CHEBI:53488,CHEBI:77224	C07185,C11016,C14229,C16513	CHEBI:39867,CHEBI:77224	R-HSA-3214815,R-HSA-9679191,R-HSA-381771,R-HSA-416476,R-HSA-444209,R-HSA-9025094,R-HSA-9026286,R-HSA-9026290,R-HSA-9027604	C07185,C16513	map00982,map04976,map01040			0
3beta-Hydroxy-7,12-dioxo-5beta-cholan-24-oic Acid	-	-	-	-	-	-	-		-	-		-	-	-					CHEBI:173165	CHEBI:173165	CHEBI:173165	CHEBI:173165										CHEBI:173165							CHEBI:173165						CHEBI:33575,CHEBI:35341	R-HSA-196071,R-HSA-6809371	2
4,5-Di-O-methyl-8-prenylafzelechin-4beta-ol	-	-	-	-	-	-	-		-	-		-	-	-					CHEBI:187269	CHEBI:187269	CHEBI:187269	CHEBI:187269										CHEBI:187269							CHEBI:187269								0
5,6-Dimethoxy-[2'',3'':7,8]furanoflavanone	-	-	-	-	-	-	-		-	-		-	-	-					CHEBI:186891	CHEBI:186891	CHEBI:186891	CHEBI:186891										CHEBI:186891							CHEBI:186891								0
gamma-Glutamyl-beta-(isoxazolin-5-on-2-yl)alanine	-	-	-	-	-	-	-		-	-		-	-	-					CHEBI:169086	CHEBI:169086	CHEBI:169086	CHEBI:169086										CHEBI:169086							CHEBI:169086						CHEBI:46761	R-HSA-427975	1
4-Hydroxy-L-proline	RM0204318	C5H9NO3	131.0582	Organic acids	Amino acids and peptides	Amino acids	69248	CHEBI:18240	HMDB0006055		C01015	PMMYEEVYMWASQN-BKLSDQPFSA-N	C1C(CN[C@@H]1C(=O)O)O	4-Hydroxy-L-proline					CHEBI:18240,CHEBI:18240,CHEBI:58419	CHEBI:18240,CHEBI:18240,CHEBI:58419	CHEBI:18240,CHEBI:18240,CHEBI:58419	CHEBI:18240,CHEBI:58419	C01015	C01015	C01015	C01015					CHEBI:62981,CHEBI:144637	CHEBI:18240,CHEBI:58419,CHEBI:62981,CHEBI:144637	C01015					CHEBI:16231,CHEBI:27992,CHEBI:57690	CHEBI:16231,CHEBI:18240,CHEBI:27992,CHEBI:57690,CHEBI:58419,CHEBI:62981,CHEBI:144637	C01015,C03440,C03651			C03440	map01100,map00470	CHEBI:33575	R-HSA-6809371	1
Alanyl-Hydroxyproline	-	-	-	-	-	-	-		-	-		-	-	-					CHEBI:178412	CHEBI:178412	CHEBI:178412	CHEBI:178412										CHEBI:178412							CHEBI:178412						CHEBI:46761	R-HSA-427975	1
1-Oleoyl-2-acetyl-sn-glycerol	-	-	-	-	-	-	-		-	-		-	-	-					CHEBI:188094	CHEBI:188094	CHEBI:188094	CHEBI:188094										CHEBI:188094							CHEBI:188094						CHEBI:18035	R-HSA-112043,R-HSA-1250196,R-HSA-192456,R-HSA-202424,R-HSA-202433,R-HSA-2029485,R-HSA-2871809,R-HSA-2871837,R-HSA-418890,R-HSA-5218921,R-HSA-5607764,R-HSA-6809371,R-HSA-8963889,R-HSA-8963901,R-HSA-8964058,R-HSA-9027277,R-HSA-9648002,R-HSA-9664323,R-HSA-9680350,R-HSA-975634	20
3-hexenedioic acid	RM0152511	C6H8O4	144.0423	Fatty Acyls	Fatty acids	Dicarboxylic acids	5351896	CHEBI:86952	HMDB0000393	LMFA01170087		YHGNXQAFNHCBTK-OWOJBTEDSA-N	C(=C\CC(=O)O)/CC(=O)O	3-Hexenedioic acid					CHEBI:87166	CHEBI:87166	CHEBI:87166	CHEBI:86952,CHEBI:87166										CHEBI:86952,CHEBI:87166							CHEBI:86952,CHEBI:87166						CHEBI:33575	R-HSA-6809371	1
32,35-anhydrobacteriohopaneterol	-	-	-	-	-	-	-		-	-		-	-	-					CHEBI:183133	CHEBI:183133	CHEBI:183133	CHEBI:183133										CHEBI:183133							CHEBI:183133						CHEBI:18059	R-HSA-1222556,R-HSA-1369062,R-HSA-5682294,R-HSA-804914,R-HSA-8941413	5
11-deoxy-16,16-dimethyl-PGE2	RM0150755	C22H36O4	364.2614	Fatty Acyls	Eicosanoids	Prostaglandins	5283063	CHEBI:165300		LMFA03010062		LLVVDFDWPQHXBA-QEJIITRLSA-N	CCCCC(C)(C)[C@@H](/C=C/[C@H]1CCC(=O)[C@@H]1C/C=C\CCCC(=O)O)O	11-Deoxy-16,16-dimethyl-PGE2					CHEBI:165300	CHEBI:165300	CHEBI:165300	CHEBI:165300										CHEBI:165300							CHEBI:165300						CHEBI:18059	R-HSA-1222556,R-HSA-1369062,R-HSA-5682294,R-HSA-804914,R-HSA-8941413	5
D-Glutamic acid	RM0033230	C5H9NO4	147.0532	Organic acids	Amino acids and peptides	Amino acids	23327	CHEBI:15966	HMDB0003339		C00217	WHUUTDBJXJRKMK-GSVOUGTGSA-N	C(CC(=O)O)[C@H](C(=O)O)N	D-Glutamic acid			C00217	map01100,map00470	CHEBI:15966,CHEBI:15966,CHEBI:48096	CHEBI:15966,CHEBI:15966,CHEBI:48096	CHEBI:15966,CHEBI:15966,CHEBI:48096	CHEBI:15966,CHEBI:48096	C00217	C00217	C00217	C00217			C00217	map01100,map00470	CHEBI:16015,CHEBI:29972,CHEBI:29973,CHEBI:29974,CHEBI:29985,CHEBI:29986,CHEBI:29988,CHEBI:29989	CHEBI:15966,CHEBI:16015,CHEBI:29972,CHEBI:29973,CHEBI:29974,CHEBI:29985,CHEBI:29986,CHEBI:29988,CHEBI:29989,CHEBI:48096	C00025,C00217	CHEBI:29985	R-HSA-1614558,R-HSA-174403,R-HSA-196757,R-HSA-196807,R-HSA-210455,R-HSA-210500,R-HSA-2142691,R-HSA-352230,R-HSA-379716,R-HSA-379726,R-HSA-389661,R-HSA-3928662,R-HSA-3928662,R-HSA-399710,R-HSA-416476,R-HSA-418594,R-HSA-420499,R-HSA-438066,R-HSA-438066,R-HSA-442660,R-HSA-442982,R-HSA-446210,R-HSA-451307,R-HSA-451308,R-HSA-499943,R-HSA-500657,R-HSA-500753,R-HSA-5423646,R-HSA-5578999,R-HSA-5619062,R-HSA-5619067,R-HSA-5619076,R-HSA-5628897,R-HSA-5673001,R-HSA-70263,R-HSA-70268,R-HSA-70635,R-HSA-70688,R-HSA-70895,R-HSA-70921,R-HSA-71064,R-HSA-71240,R-HSA-71240,R-HSA-73817,R-HSA-8849932,R-HSA-888568,R-HSA-8955332,R-HSA-8955332,R-HSA-8963684,R-HSA-8963693,R-HSA-8964539,R-HSA-8964540,R-HSA-9026762,R-HSA-9026766,R-HSA-916853,R-HSA-9617324,R-HSA-9620244,R-HSA-9662360,R-HSA-9664535,R-HSA-9717207,R-HSA-9717207,R-HSA-9748787,R-HSA-9753281,R-HSA-977347,R-HSA-9856872,R-HSA-9955693,R-HSA-9958863	C00025,C00217	map01100,map01110,map01120,map01200,map01210,map01230,map01240,map00630,map00650,map00660,map00910,map00250,map00220,map00330,map00340,map00430,map00470,map00480,map00860,map00332,map00524,map00975,map00998,map01060,map01064,map00970,map02010,map02020,map04068,map04072,map04080,map04082,map04216,map04540,map04974,map04964,map04724,map04727,map04720,map04730,map04723,map04721,map04742,map04713,map05230,map05215,map05014,map05016,map05017,map05022,map05030,map05031,map05033,map05034,map01100,map00470	CHEBI:192079	CHEBI:15966,CHEBI:16015,CHEBI:29972,CHEBI:29973,CHEBI:29974,CHEBI:29985,CHEBI:29986,CHEBI:29988,CHEBI:29989,CHEBI:48096,CHEBI:192079	C00025,C00217	CHEBI:29985	R-HSA-1614558,R-HSA-174403,R-HSA-196757,R-HSA-196807,R-HSA-210455,R-HSA-210500,R-HSA-2142691,R-HSA-352230,R-HSA-379716,R-HSA-379726,R-HSA-389661,R-HSA-3928662,R-HSA-3928662,R-HSA-399710,R-HSA-416476,R-HSA-418594,R-HSA-420499,R-HSA-438066,R-HSA-438066,R-HSA-442660,R-HSA-442982,R-HSA-446210,R-HSA-451307,R-HSA-451308,R-HSA-499943,R-HSA-500657,R-HSA-500753,R-HSA-5423646,R-HSA-5578999,R-HSA-5619062,R-HSA-5619067,R-HSA-5619076,R-HSA-5628897,R-HSA-5673001,R-HSA-70263,R-HSA-70268,R-HSA-70635,R-HSA-70688,R-HSA-70895,R-HSA-70921,R-HSA-71064,R-HSA-71240,R-HSA-71240,R-HSA-73817,R-HSA-8849932,R-HSA-888568,R-HSA-8955332,R-HSA-8955332,R-HSA-8963684,R-HSA-8963693,R-HSA-8964539,R-HSA-8964540,R-HSA-9026762,R-HSA-9026766,R-HSA-916853,R-HSA-9617324,R-HSA-9620244,R-HSA-9662360,R-HSA-9664535,R-HSA-9717207,R-HSA-9717207,R-HSA-9748787,R-HSA-9753281,R-HSA-977347,R-HSA-9856872,R-HSA-9955693,R-HSA-9958863	C00025,C00217	map01100,map01110,map01120,map01200,map01210,map01230,map01240,map00630,map00650,map00660,map00910,map00250,map00220,map00330,map00340,map00430,map00470,map00480,map00860,map00332,map00524,map00975,map00998,map01060,map01064,map00970,map02010,map02020,map04068,map04072,map04080,map04082,map04216,map04540,map04974,map04964,map04724,map04727,map04720,map04730,map04723,map04721,map04742,map04713,map05230,map05215,map05014,map05016,map05017,map05022,map05030,map05031,map05033,map05034,map01100,map00470			0
Elymoclavine	-	-	-	-	-	-	-		-	-		-	-	-					CHEBI:4777	CHEBI:4777	CHEBI:4777	CHEBI:4777	C06068	C06068	C06068	C06068			C06068	map01110,map00901		CHEBI:4777	C06068			C06068	map01110,map00901		CHEBI:4777	C06068			C06068	map01110,map00901			0
PC(P-20:0/20:4(5Z,8Z,11Z,14Z))	-	-	-	-	-	-	-		-	-		-	-	-					CHEBI:188337	CHEBI:188337	CHEBI:188337	CHEBI:188337										CHEBI:188337							CHEBI:188337						CHEBI:36313	R-HSA-1482788	1
2alpha-(3-Hydroxypropyl)-1alpha,25-dihydroxy-19-norvitamin D3	-	-	-	-	-	-	-		-	-		-	-	-					CHEBI:91006	CHEBI:91006	CHEBI:91006	CHEBI:91006										CHEBI:91006							CHEBI:91006						CHEBI:35341	R-HSA-196071	1
PA(17:2(9Z,12Z)/0:0)	RM0179889	C20H35O8P	434.2070	Glycerophospholipids	Glycerophosphates	LPA								LPA 17:2(9Z,12Z)/0:0					CHEBI:185317	CHEBI:185317	CHEBI:185317	CHEBI:185317										CHEBI:185317							CHEBI:185317						CHEBI:16975	R-HSA-1483166,R-HSA-75109	2
Stenbolone	-	-	-	-	-	-	-		-	-		-	-	-					CHEBI:34980	CHEBI:34980	CHEBI:34980	CHEBI:34980	C14490	C14490	C14490	C14490						CHEBI:34980	C14490						CHEBI:34980	C14490					CHEBI:35341	R-HSA-196071	1
Rumenic acid	RM0153841	C18H32O2	280.2402	Fatty Acyls	Fatty acids	Unsaturated FA	5280644	CHEBI:32798	HMDB0003797	LMFA01030118	C04056	JBYXPOFIGCOSSB-GOJKSUSPSA-N	CCCCCC/C=C/C=C\CCCCCCCC(=O)O	Rumenic acid			C04056	map00591	CHEBI:32798	CHEBI:32798	CHEBI:32798	CHEBI:32798	C04056	C04056	C04056	C04056			C04056	map00591	CHEBI:17539	CHEBI:17539,CHEBI:32798	C04056			C04056	map00591		CHEBI:17539,CHEBI:32798	C04056			C04056	map00591	CHEBI:15904	R-HSA-1369062,R-HSA-192456,R-HSA-3000471,R-HSA-390247,R-HSA-5684045,R-HSA-77289,R-HSA-8963901,R-HSA-8964058,R-HSA-975634	9
LysoPC(18:3(6Z,9Z,12Z))	RM0134483	C26H48NO7P	517.3168	Glycerophospholipids	Glycerophosphocholines	LPC								LPC 18:3(6Z,9Z,12Z)					CHEBI:88698	CHEBI:88698	CHEBI:88698	CHEBI:88698										CHEBI:88698							CHEBI:88698						CHEBI:60479	R-HSA-1483115,R-HSA-3000471,R-HSA-3000480,R-HSA-3000484,R-HSA-5686938,R-HSA-6814848	6
Baicalin	RM0157508	C21H18O11	446.0849	Polyketides	Flavonoids	Flavones	64982	CHEBI:2981	HMDB0041832	LMPK12111081	C10025	IKIIZLYTISPENI-ZFORQUDYSA-N	c1ccc(cc1)c1cc(=O)c2c(cc(c(c2O)O)O[C@H]2[C@@H]([C@H]([C@@H]([C@@H](C(=O)O)O2)O)O)O)o1	Baicalin	CHEBI:2981	R-HSA-9684325,R-HSA-9694301			CHEBI:2981,CHEBI:2981,CHEBI:61283	CHEBI:2981,CHEBI:2981,CHEBI:61283	CHEBI:2981,CHEBI:2981,CHEBI:61283	CHEBI:2981,CHEBI:61283	C10025	C10025	C10025	C10025	CHEBI:2981	R-HSA-9684325,R-HSA-9694301				CHEBI:2981,CHEBI:61283	C10025	CHEBI:2981	R-HSA-9684325,R-HSA-9694301				CHEBI:2981,CHEBI:61283	C10025	CHEBI:2981	R-HSA-9684325,R-HSA-9694301					0
PC(O-16:0/0:0)	RM0133233	C24H52NO6P	481.3532	Glycerophospholipids	Glycerophosphocholines	O-LPC	162126	CHEBI:64496		LMGP01060010	C04317	VLBPIWYTPAXCFJ-XMMPIXPASA-N	CCCCCCCCCCCCCCCCOC[C@H](COP(=O)([O-])OCC[N+](C)(C)C)O	LPC O-16:0			C04317	map01100,map00565	CHEBI:64593,CHEBI:64496	CHEBI:64593,CHEBI:64593,CHEBI:64496,CHEBI:64496	CHEBI:64593,CHEBI:64496	CHEBI:64496,CHEBI:64593	C04317	C04317	C04317	C04317			C04317	map01100,map00565		CHEBI:64496,CHEBI:64593	C04317			C04317	map01100,map00565		CHEBI:64496,CHEBI:64593	C04317			C04317	map01100,map00565	CHEBI:36313	R-HSA-1482788	1
PE(19:0/0:0)	RM0161524	C24H50NO7P	495.3325	Glycerophospholipids	Glycerophosphoethanolamines	LPE								LPE 19:0/0:0					CHEBI:138535	CHEBI:138535	CHEBI:138535	CHEBI:138535										CHEBI:138535							CHEBI:138535						CHEBI:36314	R-HSA-1482788	1
24-northornasterol A	-	-	-	-	-	-	-		-	-		-	-	-					CHEBI:169017	CHEBI:169017	CHEBI:169017	CHEBI:169017										CHEBI:169017							CHEBI:169017						CHEBI:33575,CHEBI:35341	R-HSA-196071,R-HSA-6809371	2
N-Cyclopropylammeline	-	-	-	-	-	-	-		-	-		-	-	-					CHEBI:34869,CHEBI:34869,CHEBI:34869	CHEBI:34869,CHEBI:34869,CHEBI:34869	CHEBI:34869	CHEBI:34869	C14148	C14148	C14148	C14148			C14148	map01120,map00791		CHEBI:34869	C14148			C14148	map01120,map00791		CHEBI:34869	C14148			C14148	map01120,map00791			0
2-hydroxy-3-methylhexadecanoic acid	-	-	-	-	-	-	-		-	-		-	-	-					CHEBI:49175	CHEBI:49175	CHEBI:49175	CHEBI:49175										CHEBI:49175							CHEBI:49175						CHEBI:15904	R-HSA-1369062,R-HSA-192456,R-HSA-3000471,R-HSA-390247,R-HSA-5684045,R-HSA-77289,R-HSA-8963901,R-HSA-8964058,R-HSA-975634	9
L-Azetidine 2-carboxylic acid	RM0204240	C4H7NO2	101.0477	Organic acids	Amino acids and peptides	Amino acids	16486	CHEBI:6198				IADUEWIQBXOCDZ-VKHMYHEASA-N	C1CN[C@@H]1C(=O)O	(S)-Azetidine-2-carboxylic acid					CHEBI:6198	CHEBI:6198	CHEBI:6198	CHEBI:6198	C08267	C08267	C08267	C08267					CHEBI:38109,CHEBI:231534	CHEBI:6198,CHEBI:38109,CHEBI:231534	C08267						CHEBI:6198,CHEBI:38109,CHEBI:231534	C08267					CHEBI:33575	R-HSA-6809371	1
7,4'-Dihydroxy-8-methylflavan	-	-	-	-	-	-	-		-	-		-	-	-					CHEBI:2245	CHEBI:2245	CHEBI:2245	CHEBI:2245	C09650	C09650	C09650	C09650						CHEBI:2245	C09650						CHEBI:2245	C09650							0
L-tryptophan	RM0136024	C11H12N2O2	204.0899	Organic acids	Amino acids and peptides	Amino acids	6305	CHEBI:16828	HMDB0000929		C00078	QIVBCDIJIAJPQS-VIFPVBQESA-N	c1ccc2c(c1)c(C[C@@H](C(=O)O)N)c[nH]2	Tryptophan			C00078	map01100,map01110,map01210,map01230,map01240,map00260,map00380,map00400,map00901,map00996,map00966,map00404,map00999,map00997,map01060,map01061,map01063,map01070,map00970,map04974,map04978,map04726,map04361,map05230,map05143	CHEBI:16828,CHEBI:16828,CHEBI:16828,CHEBI:27897,CHEBI:27897,CHEBI:57719,CHEBI:57912,CHEBI:29954	CHEBI:16828,CHEBI:16828,CHEBI:16828,CHEBI:27897,CHEBI:27897,CHEBI:57719,CHEBI:57912,CHEBI:29954	CHEBI:16828,CHEBI:16828,CHEBI:16828,CHEBI:27897,CHEBI:27897,CHEBI:57719,CHEBI:57912,CHEBI:29954	CHEBI:16828,CHEBI:27897,CHEBI:29954,CHEBI:57719,CHEBI:57912	C00078,C00806	C00078,C00806	C00078,C00806	C00078,C00806	CHEBI:57912	R-HSA-209931,R-HSA-352230,R-HSA-379716,R-HSA-379726,R-HSA-442660,R-HSA-5619044,R-HSA-5619094,R-HSA-5659735,R-HSA-71240	C00078	map01100,map01110,map01210,map01230,map01240,map00260,map00380,map00400,map00901,map00996,map00966,map00404,map00999,map00997,map01060,map01061,map01063,map01070,map00970,map04974,map04978,map04726,map04361,map05230,map05143	CHEBI:16296,CHEBI:29955,CHEBI:32702,CHEBI:32704,CHEBI:32716,CHEBI:32717,CHEBI:32727,CHEBI:32728,CHEBI:64554	CHEBI:16296,CHEBI:16828,CHEBI:27897,CHEBI:29954,CHEBI:29955,CHEBI:32702,CHEBI:32704,CHEBI:32716,CHEBI:32717,CHEBI:32727,CHEBI:32728,CHEBI:57719,CHEBI:57912,CHEBI:64554	C00078,C00525,C00806	CHEBI:16296,CHEBI:57912	R-HSA-418594,R-HSA-420499,R-HSA-9717207,R-HSA-9717207,R-HSA-209931,R-HSA-352230,R-HSA-379716,R-HSA-379726,R-HSA-442660,R-HSA-5619044,R-HSA-5619094,R-HSA-5659735,R-HSA-71240	C00078	map01100,map01110,map01210,map01230,map01240,map00260,map00380,map00400,map00901,map00996,map00966,map00404,map00999,map00997,map01060,map01061,map01063,map01070,map00970,map04974,map04978,map04726,map04361,map05230,map05143		CHEBI:16296,CHEBI:16828,CHEBI:27897,CHEBI:29954,CHEBI:29955,CHEBI:32702,CHEBI:32704,CHEBI:32716,CHEBI:32717,CHEBI:32727,CHEBI:32728,CHEBI:57719,CHEBI:57912,CHEBI:64554	C00078,C00525,C00806	CHEBI:16296,CHEBI:57912	R-HSA-418594,R-HSA-420499,R-HSA-9717207,R-HSA-9717207,R-HSA-209931,R-HSA-352230,R-HSA-379716,R-HSA-379726,R-HSA-442660,R-HSA-5619044,R-HSA-5619094,R-HSA-5659735,R-HSA-71240	C00078	map01100,map01110,map01210,map01230,map01240,map00260,map00380,map00400,map00901,map00996,map00966,map00404,map00999,map00997,map01060,map01061,map01063,map01070,map00970,map04974,map04978,map04726,map04361,map05230,map05143			0
Phosmet	RM0060579	C11H12NO4PS2	316.9945	Organoheterocyclic compounds	Isoindolines	Isoindolines	12901	CHEBI:38786	HMDB0256463			LMNZTLDVJIUSHT-UHFFFAOYSA-N	COP(=S)(OC)SCN1C(=O)c2ccccc2C1=O	Phosmet					CHEBI:38786	CHEBI:38786	CHEBI:38786	CHEBI:38786	C18756	C18756	C18756	C18756						CHEBI:38786	C18756						CHEBI:38786	C18756							0
Ovalitenin B	-	-	-	-	-	-	-		-	-		-	-	-					CHEBI:188338	CHEBI:188338	CHEBI:188338	CHEBI:188338										CHEBI:188338							CHEBI:188338								0
Tanacetol A	-	-	-	-	-	-	-		-	-		-	-	-					CHEBI:156172	CHEBI:156172	CHEBI:156172	CHEBI:156172										CHEBI:156172							CHEBI:156172						CHEBI:18059	R-HSA-1222556,R-HSA-1369062,R-HSA-5682294,R-HSA-804914,R-HSA-8941413	5
alantolactone	RM0135349	C15H20O2	232.1463	Prenol Lipids	Isoprenoids	C15 isoprenoids	72724	CHEBI:2540	HMDB0035906	LMPR0103190013	C09289	PXOYOCNNSUAQNS-AGNJHWRGSA-N	C[C@H]1CCC[C@]2(C)C[C@@H]3[C@H](C=C12)C(=C)C(=O)O3	Alantolactone					CHEBI:2540,CHEBI:2540	CHEBI:2540,CHEBI:2540	CHEBI:2540,CHEBI:2540	CHEBI:2540	C09289	C09289	C09289	C09289						CHEBI:2540	C09289						CHEBI:2540	C09289					CHEBI:18059	R-HSA-1222556,R-HSA-1369062,R-HSA-5682294,R-HSA-804914,R-HSA-8941413	5
Dityrosine	-	-	-	-	-	-	-		-	-		-	-	-					CHEBI:50607,CHEBI:60987	CHEBI:50607,CHEBI:60987	CHEBI:50607,CHEBI:60987	CHEBI:50607,CHEBI:60987										CHEBI:50607,CHEBI:60987						CHEBI:50609,CHEBI:50610,CHEBI:60989	CHEBI:50607,CHEBI:50609,CHEBI:50610,CHEBI:60987,CHEBI:60989						CHEBI:33575,CHEBI:46761	R-HSA-427975,R-HSA-6809371	2
PA(17:1(9Z)/0:0)	-	-	-	-	-	-	-		-	-		-	-	-					CHEBI:188306	CHEBI:188306	CHEBI:188306	CHEBI:188306										CHEBI:188306							CHEBI:188306						CHEBI:16975	R-HSA-1483166,R-HSA-75109	2
2-ISOPROPYL-3-METHOXYCINNAMIC ACID	RM0007516	C13H16O3	220.1099	Organic acids	Phenylpropanoids	Cinnamic acids	5827643	CHEBI:166653				QWXXXRFASGFHKU-BQYQJAHWSA-N	CC(C)c1c(cccc1OC)/C=C/C(=O)O	2-Isopropyl-3-methoxycinnamic acid					CHEBI:166653	CHEBI:166653	CHEBI:166653	CHEBI:166653										CHEBI:166653							CHEBI:166653						CHEBI:33575	R-HSA-6809371	1
2-hydroxy-nonadecanoic acid	RM0139451	C19H38O3	314.2821	Fatty Acyls	Fatty acids	Hydroxy FA	5282916	CHEBI:84855		LMFA01050071		PYNCEZHRMYECCB-UHFFFAOYSA-N	CCCCCCCCCCCCCCCCCC(C(=O)O)O	2-Hydroxynonadecanoic acid					CHEBI:84855	CHEBI:84855	CHEBI:84855	CHEBI:84855										CHEBI:84855							CHEBI:84855						CHEBI:24654	R-HSA-3000471,R-HSA-3000480,R-HSA-3000484,R-HSA-5686938	4
Ethylamine	RM0139501	C2H7N	45.0578	Organic nitrogen compounds	Amines	Amines	6341	CHEBI:15862	HMDB0013231		C00797	QUSNBJAOOMFDIB-UHFFFAOYSA-N	CCN	Ethylamine					CHEBI:15862,CHEBI:15862,CHEBI:566789	CHEBI:15862,CHEBI:15862,CHEBI:566789	CHEBI:15862,CHEBI:15862,CHEBI:566789	CHEBI:15862,CHEBI:566789	C00797	C00797	C00797	C00797						CHEBI:15862,CHEBI:566789	C00797						CHEBI:15862,CHEBI:566789	C00797					CHEBI:36916	R-HSA-936837	1
PS(17:0/22:4(7Z,10Z,13Z,16Z))	RM0173412	C45H80NO10P	825.5520	Glycerophospholipids	Glycerophosphoserines	PS	52925357			LMGP03010247		HKVBMGDYFMSDES-JEJCSLMQSA-N	CCCCC/C=CC/C=CC/C=CC/C=CCCCCCC(=O)O[C@H](COC(=O)CCCCCCCCCCCCCCCC)COP(=O)(O)OC[C@@H](C(=O)O)N	PS 17:0/22:4(7Z,10Z,13Z,16Z)					CHEBI:188045	CHEBI:188045	CHEBI:188045	CHEBI:188045										CHEBI:188045							CHEBI:188045						CHEBI:16247	R-HSA-1483206,R-HSA-202733,R-HSA-2168880,R-HSA-3000471,R-HSA-3000480,R-HSA-3000484,R-HSA-3000497,R-HSA-432142,R-HSA-5686938,R-HSA-8856825,R-HSA-8856828,R-HSA-8866423,R-HSA-8963888,R-HSA-8963896,R-HSA-8963901,R-HSA-8964011,R-HSA-8964026,R-HSA-8964038,R-HSA-8964041,R-HSA-8964046,R-HSA-8964058,R-HSA-8964572,R-HSA-9615710,R-HSA-9707616,R-HSA-975634,R-HSA-9918432,R-HSA-9918481,R-HSA-9918487,R-HSA-9920588,R-HSA-9920951	30
Pregn-5-ene-3beta,20alpha-diol	RM0126047	C21H34O2	318.2559	Sterol Lipids	Steroids	C21 Steroids	94194	CHEBI:166781		LMST02030205		QAAQQTDJEXMIMF-YZXCLFAISA-N	C[C@@H]([C@H]1CC[C@H]2[C@@H]3CC=C4C[C@H](CC[C@]4(C)[C@H]3CC[C@]12C)O)O	Pregn-5-ene-3beta,20alpha-diol					CHEBI:166781	CHEBI:166781	CHEBI:166781	CHEBI:166781										CHEBI:166781							CHEBI:166781						CHEBI:35341	R-HSA-196071	1
Cotinine	RM0040469	C10H12N2O	176.0950	Alkaloids	Pyridine alkaloids	Nicotinic acid alkaloids	854019	CHEBI:68641	HMDB0001046			UIKROCXWUNQSPJ-VIFPVBQESA-N	CN1[C@@H](CCC1=O)c1cccnc1	Cotinine					CHEBI:68641	CHEBI:68641	CHEBI:68641	CHEBI:68641										CHEBI:68641							CHEBI:68641								0
Enterochelin	-	-	-	-	-	-	-		-	-		-	-	-					CHEBI:28855	CHEBI:28855	CHEBI:28855	CHEBI:28855	C05821	C05821	C05821	C05821			C05821	map01110,map01053,map01061	CHEBI:38150,CHEBI:77805	CHEBI:28855,CHEBI:38150,CHEBI:77805	C05821	CHEBI:77805	R-HSA-9638334	C05821	map01110,map01053,map01061		CHEBI:28855,CHEBI:38150,CHEBI:77805	C05821	CHEBI:77805	R-HSA-9638334	C05821	map01110,map01053,map01061			0
N-Desmethyldiphenhydramine	-	-	-	-	-	-	-		-	-		-	-	-					CHEBI:188299	CHEBI:188299	CHEBI:188299	CHEBI:188299										CHEBI:188299							CHEBI:188299								0
Momordol	-	-	-	-	-	-	-		-	-		-	-	-					CHEBI:172680	CHEBI:172680	CHEBI:172680	CHEBI:172680										CHEBI:172680							CHEBI:172680						CHEBI:30879	R-HSA-1483166,R-HSA-2022377,R-HSA-8935690	3
5-hydroxy-3-indoleacetic acid	RM0135989	C10H9NO3	191.0582	Alkaloids	Tryptophan alkaloids	Indoleacetic acids	1826	CHEBI:27823	HMDB0000763		C05635	DUUGKQCEGZLZNO-UHFFFAOYSA-N	c1cc2c(cc1O)c(CC(=O)O)c[nH]2	5-Hydroxyindoleacetic acid	CHEBI:27823	R-HSA-380612	C05635	map01100,map00380,map04726	CHEBI:27823,CHEBI:89825	CHEBI:27823,CHEBI:89825	CHEBI:27823,CHEBI:89825	CHEBI:27823,CHEBI:89825	C05635	C05635	C05635	C05635	CHEBI:27823	R-HSA-380612	C05635	map01100,map00380,map04726	CHEBI:62622	CHEBI:27823,CHEBI:62622,CHEBI:89825	C05635	CHEBI:27823	R-HSA-380612	C05635	map01100,map00380,map04726		CHEBI:27823,CHEBI:62622,CHEBI:89825	C05635	CHEBI:27823	R-HSA-380612	C05635	map01100,map00380,map04726			0
Egregiachloride C	-	-	-	-	-	-	-		-	-		-	-	-					CHEBI:187008	CHEBI:187008	CHEBI:187008	CHEBI:187008										CHEBI:187008							CHEBI:187008						CHEBI:15904	R-HSA-1369062,R-HSA-192456,R-HSA-3000471,R-HSA-390247,R-HSA-5684045,R-HSA-77289,R-HSA-8963901,R-HSA-8964058,R-HSA-975634	9
C-9,11,21-Trisnor-17-methyl-1alpha,25-dihydroxyvitamin D3	-	-	-	-	-	-	-		-	-		-	-	-					CHEBI:187959	CHEBI:187959	CHEBI:187959	CHEBI:187959										CHEBI:187959							CHEBI:187959						CHEBI:18059	R-HSA-1222556,R-HSA-1369062,R-HSA-5682294,R-HSA-804914,R-HSA-8941413	5
L-Valine	RM0136018	C5H11NO2	117.0790	Organic acids	Amino acids and peptides	Amino acids	6287	CHEBI:16414	HMDB0000883		C00183	KZSNJWFQEVHDMF-BYPYZUCNSA-N	CC(C)[C@@H](C(=O)O)N	Valine			C00183	map01100,map01110,map01210,map01230,map01240,map00280,map00290,map00460,map00770,map00966,map00311,map01060,map01063,map00970,map02010,map04974,map04978,map05230	CHEBI:16414,CHEBI:27266,CHEBI:30015,CHEBI:57762	CHEBI:16414,CHEBI:27266,CHEBI:30015,CHEBI:57762	CHEBI:16414,CHEBI:27266,CHEBI:30015,CHEBI:57762	CHEBI:16414,CHEBI:27266,CHEBI:30015,CHEBI:57762	C00183,C16436	C00183,C16436	C00183,C16436	C00183,C16436	CHEBI:57762	R-HSA-211945,R-HSA-352230,R-HSA-379716,R-HSA-379726,R-HSA-442660,R-HSA-5619044,R-HSA-5619094,R-HSA-5659735,R-HSA-70895,R-HSA-70895,R-HSA-71240	C00183	map01100,map01110,map01210,map01230,map01240,map00280,map00290,map00460,map00770,map00966,map00311,map01060,map01063,map00970,map02010,map04974,map04978,map05230	CHEBI:27477,CHEBI:32851,CHEBI:32852,CHEBI:32855,CHEBI:32856,CHEBI:32859,CHEBI:32860,CHEBI:50328,CHEBI:74338	CHEBI:16414,CHEBI:27266,CHEBI:27477,CHEBI:30015,CHEBI:32851,CHEBI:32852,CHEBI:32855,CHEBI:32856,CHEBI:32859,CHEBI:32860,CHEBI:50328,CHEBI:57762,CHEBI:74338	C00183,C06417,C16436	CHEBI:57762	R-HSA-211945,R-HSA-352230,R-HSA-379716,R-HSA-379726,R-HSA-442660,R-HSA-5619044,R-HSA-5619094,R-HSA-5659735,R-HSA-70895,R-HSA-70895,R-HSA-71240	C00183	map01100,map01110,map01210,map01230,map01240,map00280,map00290,map00460,map00770,map00966,map00311,map01060,map01063,map00970,map02010,map04974,map04978,map05230	CHEBI:87977,CHEBI:192086	CHEBI:16414,CHEBI:27266,CHEBI:27477,CHEBI:30015,CHEBI:32851,CHEBI:32852,CHEBI:32855,CHEBI:32856,CHEBI:32859,CHEBI:32860,CHEBI:50328,CHEBI:57762,CHEBI:74338,CHEBI:87977,CHEBI:192086	C00183,C06417,C16436	CHEBI:57762	R-HSA-211945,R-HSA-352230,R-HSA-379716,R-HSA-379726,R-HSA-442660,R-HSA-5619044,R-HSA-5619094,R-HSA-5659735,R-HSA-70895,R-HSA-70895,R-HSA-71240	C00183	map01100,map01110,map01210,map01230,map01240,map00280,map00290,map00460,map00770,map00966,map00311,map01060,map01063,map00970,map02010,map04974,map04978,map05230			0
26-O-[beta-D-glucopyranosyl]-25R-furostan-3beta,22alpha,26-triol	-	-	-	-	-	-	-		-	-		-	-	-					CHEBI:187978	CHEBI:187978	CHEBI:187978	CHEBI:187978										CHEBI:187978							CHEBI:187978						CHEBI:35341	R-HSA-196071	1
Fusaroskyrin	-	-	-	-	-	-	-		-	-		-	-	-					CHEBI:188120	CHEBI:188120	CHEBI:188120	CHEBI:188120										CHEBI:188120							CHEBI:188120						CHEBI:36141	R-HSA-211945	1
(25R)-1beta,3alpha,7alpha-trihydroxy-5beta-cholestan-26-oic acid	-	-	-	-	-	-	-		-	-		-	-	-					CHEBI:187810	CHEBI:187810	CHEBI:187810	CHEBI:187810										CHEBI:187810							CHEBI:187810						CHEBI:33575,CHEBI:35341	R-HSA-196071,R-HSA-6809371	2
all-trans-13,14-dihydroretinol	-	-	-	-	-	-	-		-	-		-	-	-					CHEBI:52075	CHEBI:52075	CHEBI:52075	CHEBI:52075	C15492	C15492	C15492	C15492	CHEBI:52075	R-HSA-975634	C15492	map00830		CHEBI:52075	C15492	CHEBI:52075	R-HSA-975634	C15492	map00830		CHEBI:52075	C15492	CHEBI:52075	R-HSA-975634	C15492	map00830			0
Armillatin	-	-	-	-	-	-	-		-	-		-	-	-					CHEBI:180785	CHEBI:180785	CHEBI:180785	CHEBI:180785										CHEBI:180785							CHEBI:180785						CHEBI:18059	R-HSA-1222556,R-HSA-1369062,R-HSA-5682294,R-HSA-804914,R-HSA-8941413	5
DG(15:1(9Z)/16:1(9Z)/0:0)[iso2]	-	-	-	-	-	-	-		-	-		-	-	-					CHEBI:188128	CHEBI:188128	CHEBI:188128	CHEBI:188128										CHEBI:188128							CHEBI:188128						CHEBI:18035	R-HSA-112043,R-HSA-1250196,R-HSA-192456,R-HSA-202424,R-HSA-202433,R-HSA-2029485,R-HSA-2871809,R-HSA-2871837,R-HSA-418890,R-HSA-5218921,R-HSA-5607764,R-HSA-6809371,R-HSA-8963889,R-HSA-8963901,R-HSA-8964058,R-HSA-9027277,R-HSA-9648002,R-HSA-9664323,R-HSA-9680350,R-HSA-975634	20
Thioguanine	RM0159846	C5H5N5S	167.0266	Nucleic acids	Purines	Thiopurines	2723601	CHEBI:9555	HMDB0014496		C07648	WYWHKKSPHMUBEB-UHFFFAOYSA-N	c1nc2c([nH]1)nc(N)[nH]c2=S	Thioguanine	CHEBI:9555	R-HSA-73817,R-HSA-9679191,R-HSA-9694301	C07648	map00983	CHEBI:9555	CHEBI:9555	CHEBI:9555	CHEBI:9555	C07648	C07648	C07648	C07648	CHEBI:9555	R-HSA-73817,R-HSA-9679191,R-HSA-9694301	C07648	map00983		CHEBI:9555	C07648	CHEBI:9555	R-HSA-73817,R-HSA-9679191,R-HSA-9694301	C07648	map00983		CHEBI:9555	C07648	CHEBI:9555	R-HSA-73817,R-HSA-9679191,R-HSA-9694301	C07648	map00983			0
Botrydial	RM0135358	C17H26O5	310.1780	Prenol Lipids	Isoprenoids	C15 isoprenoids	185781	CHEBI:3159		LMPR0103640001	C09622	SJFIYVCSGNWVPJ-GKKOWQTJSA-N	C[C@@H]1C[C@@H]([C@H]2C(C)(C)C[C@](C)(C=O)[C@]2([C@H]1C=O)O)OC(=O)C	Botrydial					CHEBI:3159,CHEBI:3159	CHEBI:3159,CHEBI:3159	CHEBI:3159,CHEBI:3159	CHEBI:3159	C09622	C09622	C09622	C09622						CHEBI:3159	C09622						CHEBI:3159	C09622							0
Berberine	RM0136221	C20H18NO4	336.1236	Alkaloids	Tyrosine alkaloids	Protoberberine alkaloids	2353	CHEBI:16118	HMDB0003409		C00757	YBHILYKTIRIUTE-UHFFFAOYSA-N	COc1ccc2cc3c4cc5c(cc4CC[n+]3cc2c1OC)OCO5	Berberine			C00757	map01110,map00950,map01063,map04152	CHEBI:16118,CHEBI:16118,CHEBI:16118	CHEBI:16118,CHEBI:16118,CHEBI:16118	CHEBI:16118,CHEBI:16118,CHEBI:16118	CHEBI:16118	C00757	C00757	C00757	C00757			C00757	map01110,map00950,map01063,map04152		CHEBI:16118	C00757			C00757	map01110,map00950,map01063,map04152		CHEBI:16118	C00757			C00757	map01110,map00950,map01063,map04152			0
1,3,5(10)-estratrien-17-one-3,7,8-triol	-	-	-	-	-	-	-		-	-		-	-	-					CHEBI:187027	CHEBI:187027	CHEBI:187027	CHEBI:187027										CHEBI:187027							CHEBI:187027						CHEBI:35341	R-HSA-196071	1
5,7,9,11,13-tetradecapentaenoic acid	-	-	-	-	-	-	-		-	-		-	-	-					CHEBI:185526	CHEBI:185526	CHEBI:185526	CHEBI:185526										CHEBI:185526							CHEBI:185526						CHEBI:15904	R-HSA-1369062,R-HSA-192456,R-HSA-3000471,R-HSA-390247,R-HSA-5684045,R-HSA-77289,R-HSA-8963901,R-HSA-8964058,R-HSA-975634	9
Morusinol	-	-	-	-	-	-	-		-	-		-	-	-					CHEBI:175531	CHEBI:175531	CHEBI:175531	CHEBI:175531	C17868	C17868	C17868	C17868						CHEBI:175531	C17868						CHEBI:175531	C17868							0
5beta-Cholane-3alpha,6alpha,24-triol	-	-	-	-	-	-	-		-	-		-	-	-					CHEBI:188017	CHEBI:188017	CHEBI:188017	CHEBI:188017										CHEBI:188017							CHEBI:188017						CHEBI:33575,CHEBI:35341	R-HSA-196071,R-HSA-6809371	2
5,7,4'-Trihydroxyflavanone 7-sulfate	RM0049763	C15H12O8S	352.0253	Polyketides	Flavonoids	Flavanones	15460423	CHEBI:166610		LMPK12140327		LCXKYLMSILXZFG-UHFFFAOYSA-N	c1cc(ccc1C1CC(=O)c2c(cc(cc2O1)OS(=O)(=O)O)O)O	5,7,4'-Trihydroxyflavanone 7-sulfate					CHEBI:166610	CHEBI:166610	CHEBI:166610	CHEBI:166610										CHEBI:166610							CHEBI:166610								0
PS(22:6(4Z,7Z,10Z,13Z,16Z,19Z)/19:0)	RM0172415	C47H80NO10P	849.5520	Glycerophospholipids	Glycerophosphoserines	PS	52925943			LMGP03010833		JNNQVGBQCBFXRU-ZZTWLFPRSA-N	CC/C=CC/C=CC/C=CC/C=CC/C=CC/C=CCCC(=O)OC[C@H](COP(=O)(O)OC[C@@H](C(=O)O)N)OC(=O)CCCCCCCCCCCCCCCCCC	PS 22:6(4Z,7Z,10Z,13Z,16Z,19Z)/19:0					CHEBI:184254	CHEBI:184254	CHEBI:184254	CHEBI:184254										CHEBI:184254							CHEBI:184254						CHEBI:16247	R-HSA-1483206,R-HSA-202733,R-HSA-2168880,R-HSA-3000471,R-HSA-3000480,R-HSA-3000484,R-HSA-3000497,R-HSA-432142,R-HSA-5686938,R-HSA-8856825,R-HSA-8856828,R-HSA-8866423,R-HSA-8963888,R-HSA-8963896,R-HSA-8963901,R-HSA-8964011,R-HSA-8964026,R-HSA-8964038,R-HSA-8964041,R-HSA-8964046,R-HSA-8964058,R-HSA-8964572,R-HSA-9615710,R-HSA-9707616,R-HSA-975634,R-HSA-9918432,R-HSA-9918481,R-HSA-9918487,R-HSA-9920588,R-HSA-9920951	30
3-Oxo-5beta-cholan-24-oic Acid	-	-	-	-	-	-	-		-	-		-	-	-					CHEBI:17639	CHEBI:17639	CHEBI:17639	CHEBI:17639	C03070	C03070	C03070	C03070					CHEBI:11867	CHEBI:11867,CHEBI:17639	C03070						CHEBI:11867,CHEBI:17639	C03070					CHEBI:35341	R-HSA-196071	1
3-Hydroxyanthranilic acid	RM0136103	C7H7NO3	153.0426	Benzenoids	Benzenes	Hydroxybenzoic acids	86	CHEBI:15793	HMDB0001476		C00632	WJXSWCUQABXPFS-UHFFFAOYSA-N	c1cc(c(c(c1)O)N)C(=O)O	3-Hydroxyanthranilic acid			C00632	map01100,map01120,map01240,map00380,map00627	CHEBI:15793,CHEBI:15793	CHEBI:15793,CHEBI:15793	CHEBI:15793,CHEBI:15793	CHEBI:15793	C00632	C00632	C00632	C00632			C00632	map01100,map01120,map01240,map00380,map00627	CHEBI:36559,CHEBI:61149,CHEBI:61150	CHEBI:15793,CHEBI:36559,CHEBI:61149,CHEBI:61150	C00632	CHEBI:36559	R-HSA-71240	C00632	map01100,map01120,map01240,map00380,map00627		CHEBI:15793,CHEBI:36559,CHEBI:61149,CHEBI:61150	C00632	CHEBI:36559	R-HSA-71240	C00632	map01100,map01120,map01240,map00380,map00627			0
3Z,9Z,15Z-docosatrienoic acid	-	-	-	-	-	-	-		-	-		-	-	-					CHEBI:187955	CHEBI:187955	CHEBI:187955	CHEBI:187955										CHEBI:187955							CHEBI:187955						CHEBI:35366	R-HSA-1482883,R-HSA-167826,R-HSA-422085,R-HSA-426048,R-HSA-6809371,R-HSA-6811436,R-HSA-8963889,R-HSA-8964038	8
PI(18:0/18:2(9Z,12Z))	RM0133904	C45H83O13P	862.5571	Glycerophospholipids	Glycerophosphoinositols	PI	86289142	CHEBI:77343	HMDB0009809	LMGP06010956		KZVRAFHIKMDULK-HAVSRZFESA-N	CCCCCCCCCCCCCCCCCC(=O)OC[C@H](COP(=O)(O)O[C@@H]1C([C@@H](C(C(C1O)O)O)O)O)OC(=O)CCCCCCC/C=CC/C=CCCCCC	PI 18:0/18:2(9Z,12Z)					CHEBI:77343	CHEBI:77343	CHEBI:77343	CHEBI:77343									CHEBI:77158	CHEBI:77158,CHEBI:77343							CHEBI:77158,CHEBI:77343						CHEBI:28874	R-HSA-198933	1
Nilotinib	RM0204016	C28H22F3N7O	529.1838	Alkaloids	Pyridine alkaloids	Pyridine alkaloids	644241	CHEBI:52172	HMDB0015595			HHZIURLSWUIHRB-UHFFFAOYSA-N	Cc1ccc(cc1Nc1nccc(c2cccnc2)n1)C(=O)Nc1cc(cc(c1)n1cc(C)nc1)C(F)(F)F	Nilotinib	CHEBI:52172	R-HSA-1433557,R-HSA-186797,R-HSA-9669921,R-HSA-9669926,R-HSA-9674428			CHEBI:52172	CHEBI:52172	CHEBI:52172	CHEBI:52172					CHEBI:52172	R-HSA-1433557,R-HSA-186797,R-HSA-9669921,R-HSA-9669926,R-HSA-9674428				CHEBI:52172		CHEBI:52172	R-HSA-1433557,R-HSA-186797,R-HSA-9669921,R-HSA-9669926,R-HSA-9674428				CHEBI:52172		CHEBI:52172	R-HSA-1433557,R-HSA-186797,R-HSA-9669921,R-HSA-9669926,R-HSA-9674428					0
Pantoyllactone glucoside	-	-	-	-	-	-	-		-	-		-	-	-					CHEBI:168720	CHEBI:168720	CHEBI:168720	CHEBI:168720										CHEBI:168720							CHEBI:168720								0
Hypogeic acid	RM0153652	C16H30O2	254.2246	Fatty Acyls	Fatty acids	Unsaturated FA	5318393	CHEBI:35465	HMDB0002186	LMFA01030055		PJHOFUXBXJNUAC-KTKRTIGZSA-N	CCCCCCCC/C=C\CCCCCC(=O)O	7Z-Hexadecenoic acid					CHEBI:35465	CHEBI:35465	CHEBI:35465	CHEBI:35465									CHEBI:82730	CHEBI:35465,CHEBI:82730							CHEBI:35465,CHEBI:82730						CHEBI:15904	R-HSA-1369062,R-HSA-192456,R-HSA-3000471,R-HSA-390247,R-HSA-5684045,R-HSA-77289,R-HSA-8963901,R-HSA-8964058,R-HSA-975634	9
Norepinephrine sulfate	RM0136155	C8H11NO6S	249.0307	Organic acids	Organic sulfuric acids	Arylsulfates	123747	CHEBI:90022	HMDB0002062			CVJMZWLHUCMEKO-ZETCQYMHSA-N	c1cc(c(cc1[C@H](CN)O)O)OS(=O)(=O)O	Norepinephrine sulfate					CHEBI:90022	CHEBI:90022	CHEBI:90022	CHEBI:90022									CHEBI:233044	CHEBI:90022,CHEBI:233044							CHEBI:90022,CHEBI:233044								0
L-glycyl-L-hydroxyproline	RM0136347	C7H12N2O4	188.0797	Organic acids	Amino acids and peptides	Dipeptides	259579	CHEBI:157867	HMDB0011173			ZJQXGJBINIMBOY-UHFFFAOYSA-N	C1C(CN(C1C(=O)O)C(=O)CN)O	Glycyl-hydroxyproline					CHEBI:157867	CHEBI:157867	CHEBI:157867	CHEBI:157867										CHEBI:157867							CHEBI:157867						CHEBI:46761	R-HSA-427975	1
3,4,7,11-Tetramethyl-6E,10Z-tridecadienal	-	-	-	-	-	-	-		-	-		-	-	-					CHEBI:188057	CHEBI:188057	CHEBI:188057	CHEBI:188057										CHEBI:188057							CHEBI:188057						CHEBI:18059	R-HSA-1222556,R-HSA-1369062,R-HSA-5682294,R-HSA-804914,R-HSA-8941413	5
5,3',4'-Trihydroxy-3-methoxy-6,7-methylenedioxyflavone	-	-	-	-	-	-	-		-	-		-	-	-					CHEBI:188082	CHEBI:188082	CHEBI:188082	CHEBI:188082										CHEBI:188082							CHEBI:188082								0
PA(0:0/18:1(9Z))	-	-	-	-	-	-	-		-	-		-	-	-																																	0
cis-5-Tetradecenoylcarnitine	RM0154190	C21H39NO4	369.2879	Fatty Acyls	Fatty esters	Acyl carnitines								CAR 14:1					CHEBI:84649,CHEBI:73060	CHEBI:84649,CHEBI:73060	CHEBI:84649,CHEBI:73060	CHEBI:73060,CHEBI:84649										CHEBI:73060,CHEBI:84649							CHEBI:73060,CHEBI:84649						CHEBI:18059	R-HSA-1222556,R-HSA-1369062,R-HSA-5682294,R-HSA-804914,R-HSA-8941413	5
22R-hydroxycholesterol	RM0135656	C27H46O2	402.3498	Sterol Lipids	Sterols	Oxysterols	167685	CHEBI:67237	HMDB0004035	LMST01010086	C05502	RZPAXNJLEKLXNO-GFKLAVDKSA-N	CC(C)CC[C@H]([C@@H](C)[C@H]1CC[C@H]2[C@@H]3CC=C4C[C@H](CC[C@]4(C)[C@H]3CC[C@]12C)O)O	22R-Hydroxycholesterol	CHEBI:67237	R-HSA-9029558,R-HSA-9029569,R-HSA-9031525,R-HSA-9031528,R-HSA-9623433,R-HSA-9632974	C05502	map01100,map00140	CHEBI:67237	CHEBI:67237	CHEBI:67237	CHEBI:67237	C05502	C05502	C05502	C05502	CHEBI:67237	R-HSA-9029558,R-HSA-9029569,R-HSA-9031525,R-HSA-9031528,R-HSA-9623433,R-HSA-9632974	C05502	map01100,map00140		CHEBI:67237	C05502	CHEBI:67237	R-HSA-9029558,R-HSA-9029569,R-HSA-9031525,R-HSA-9031528,R-HSA-9623433,R-HSA-9632974	C05502	map01100,map00140		CHEBI:67237	C05502	CHEBI:67237	R-HSA-9029558,R-HSA-9029569,R-HSA-9031525,R-HSA-9031528,R-HSA-9623433,R-HSA-9632974	C05502	map01100,map00140			0
Fusicoccin A	-	-	-	-	-	-	-		-	-		-	-	-																																	0
DG(13:0/18:3(9Z,12Z,15Z)/0:0)[iso2]	-	-	-	-	-	-	-		-	-		-	-	-					CHEBI:187954	CHEBI:187954	CHEBI:187954	CHEBI:187954										CHEBI:187954							CHEBI:187954						CHEBI:17815	R-HSA-114508,R-HSA-114516,R-HSA-114604,R-HSA-1169091,R-HSA-1169092,R-HSA-1250196,R-HSA-139853,R-HSA-1482883,R-HSA-1483191,R-HSA-1483206,R-HSA-1483213,R-HSA-1489509,R-HSA-162710,R-HSA-163560,R-HSA-1660661,R-HSA-1855204,R-HSA-2029485,R-HSA-2179392,R-HSA-3000170,R-HSA-354192,R-HSA-392517,R-HSA-399997,R-HSA-4086398,R-HSA-416476,R-HSA-416993,R-HSA-418217,R-HSA-418597,R-HSA-419408,R-HSA-426048,R-HSA-434316,R-HSA-4419969,R-HSA-5099900,R-HSA-5218921,R-HSA-5673001,R-HSA-75109,R-HSA-76005,R-HSA-9717207,R-HSA-983695	38
Peonidin 3-glucoside-5-(6''-acetylglucoside)	-	-	-	-	-	-	-		-	-		-	-	-					CHEBI:188136	CHEBI:188136	CHEBI:188136	CHEBI:188136										CHEBI:188136							CHEBI:188136						CHEBI:36916	R-HSA-936837	1
Cyanidin 3-(6''-malonylsambubioside)	-	-	-	-	-	-	-		-	-		-	-	-					CHEBI:188314	CHEBI:188314	CHEBI:188314	CHEBI:188314										CHEBI:188314							CHEBI:188314						CHEBI:36916	R-HSA-936837	1
Ethylene glycol distearate	-	-	-	-	-	-	-		-	-		-	-	-					CHEBI:177103	CHEBI:177103	CHEBI:177103	CHEBI:177103										CHEBI:177103							CHEBI:177103						CHEBI:18059	R-HSA-1222556,R-HSA-1369062,R-HSA-5682294,R-HSA-804914,R-HSA-8941413	5
NAD	RM0133217	C21H27N7O14P2	663.1091	Nucleic acids	Nicotinamides	Nicotinamide dinucleotides	5892	CHEBI:44215	HMDB0000902		C00003	BAWFJGJZGIEFAR-NNYOXOHSSA-N	c1cc(c[n+](c1)[C@H]1[C@@H]([C@@H]([C@@H](COP(=O)([O-])OP(=O)(O)OC[C@@H]2[C@H]([C@H]([C@H](n3cnc4c(N)ncnc34)O2)O)O)O1)O)O)C(=O)N	NAD			C00003	map01100,map01240,map00190,map00730,map00760,map00983,map04152,map04148,map04925,map04977,map04211,map04212,map05208,map04936	CHEBI:13389,CHEBI:15846	CHEBI:13389,CHEBI:15846	CHEBI:13389,CHEBI:15846	CHEBI:13389,CHEBI:15846,CHEBI:44215	C00003	C00003	C00003	C00003			C00003	map01100,map01240,map00190,map00730,map00760,map00983,map04152,map04148,map04925,map04977,map04211,map04212,map05208,map04936	CHEBI:57540	CHEBI:13389,CHEBI:15846,CHEBI:44215,CHEBI:57540	C00003	CHEBI:57540	R-HSA-110362,R-HSA-112043,R-HSA-1222538,R-HSA-1222541,R-HSA-1237044,R-HSA-1483166,R-HSA-1489509,R-HSA-156581,R-HSA-1614635,R-HSA-1663150,R-HSA-173599,R-HSA-1855183,R-HSA-1912408,R-HSA-193048,R-HSA-193368,R-HSA-193775,R-HSA-193807,R-HSA-193993,R-HSA-194002,R-HSA-196757,R-HSA-196807,R-HSA-196836,R-HSA-1971475,R-HSA-2029485,R-HSA-204174,R-HSA-2046105,R-HSA-2046106,R-HSA-2046106,R-HSA-204626,R-HSA-211945,R-HSA-2142700,R-HSA-2142700,R-HSA-2142770,R-HSA-2142789,R-HSA-2142789,R-HSA-2151201,R-HSA-2161541,R-HSA-2162123,R-HSA-2162123,R-HSA-2173795,R-HSA-2453902,R-HSA-2871809,R-HSA-2995383,R-HSA-3371453,R-HSA-380612,R-HSA-389599,R-HSA-389661,R-HSA-389887,R-HSA-390247,R-HSA-422356,R-HSA-427359,R-HSA-427359,R-HSA-446199,R-HSA-4641257,R-HSA-5218921,R-HSA-5336415,R-HSA-5365859,R-HSA-5578775,R-HSA-5578775,R-HSA-5578997,R-HSA-5607763,R-HSA-5609977,R-HSA-5652227,R-HSA-5661270,R-HSA-5685939,R-HSA-5693607,R-HSA-5696394,R-HSA-611105,R-HSA-6782315,R-HSA-6783984,R-HSA-6798163,R-HSA-6807047,R-HSA-70171,R-HSA-70263,R-HSA-70268,R-HSA-70350,R-HSA-70370,R-HSA-70635,R-HSA-70635,R-HSA-70688,R-HSA-70895,R-HSA-70921,R-HSA-71064,R-HSA-71240,R-HSA-71262,R-HSA-71384,R-HSA-71403,R-HSA-73817,R-HSA-74259,R-HSA-77108,R-HSA-77111,R-HSA-77285,R-HSA-77288,R-HSA-77305,R-HSA-77310,R-HSA-77346,R-HSA-77348,R-HSA-77350,R-HSA-77352,R-HSA-8948751,R-HSA-8964208,R-HSA-8964539,R-HSA-9018676,R-HSA-9018896,R-HSA-916853,R-HSA-9617629,R-HSA-9617629,R-HSA-9637698,R-HSA-9664323,R-HSA-9683610,R-HSA-9694631,R-HSA-9748787,R-HSA-975634,R-HSA-9759218,R-HSA-977347,R-HSA-983695,R-HSA-9840310,R-HSA-9841251,R-HSA-9845614,R-HSA-9853506,R-HSA-9854311,R-HSA-9856649,R-HSA-9856872,R-HSA-9858328,R-HSA-9859138,R-HSA-9861559,R-HSA-9907570,R-HSA-9918438,R-HSA-9930044,R-HSA-9956593	C00003	map01100,map01240,map00190,map00730,map00760,map00983,map04152,map04148,map04925,map04977,map04211,map04212,map05208,map04936	CHEBI:16908,CHEBI:57945,CHEBI:88138,CHEBI:88140,CHEBI:90171,CHEBI:90174	CHEBI:13389,CHEBI:15846,CHEBI:16908,CHEBI:44215,CHEBI:57540,CHEBI:57945,CHEBI:88138,CHEBI:88140,CHEBI:90171,CHEBI:90174	C00003,C00004	CHEBI:57540,CHEBI:57945,CHEBI:88138,CHEBI:88140	R-HSA-110362,R-HSA-112043,R-HSA-1222538,R-HSA-1222541,R-HSA-1237044,R-HSA-1483166,R-HSA-1489509,R-HSA-156581,R-HSA-1614635,R-HSA-1663150,R-HSA-173599,R-HSA-1855183,R-HSA-1912408,R-HSA-193048,R-HSA-193368,R-HSA-193775,R-HSA-193807,R-HSA-193993,R-HSA-194002,R-HSA-196757,R-HSA-196807,R-HSA-196836,R-HSA-1971475,R-HSA-2029485,R-HSA-204174,R-HSA-2046105,R-HSA-2046106,R-HSA-2046106,R-HSA-204626,R-HSA-211945,R-HSA-2142700,R-HSA-2142700,R-HSA-2142770,R-HSA-2142789,R-HSA-2142789,R-HSA-2151201,R-HSA-2161541,R-HSA-2162123,R-HSA-2162123,R-HSA-2173795,R-HSA-2453902,R-HSA-2871809,R-HSA-2995383,R-HSA-3371453,R-HSA-380612,R-HSA-389599,R-HSA-389661,R-HSA-389887,R-HSA-390247,R-HSA-422356,R-HSA-427359,R-HSA-427359,R-HSA-446199,R-HSA-4641257,R-HSA-5218921,R-HSA-5336415,R-HSA-5365859,R-HSA-5578775,R-HSA-5578775,R-HSA-5578997,R-HSA-5607763,R-HSA-5609977,R-HSA-5652227,R-HSA-5661270,R-HSA-5685939,R-HSA-5693607,R-HSA-5696394,R-HSA-611105,R-HSA-6782315,R-HSA-6783984,R-HSA-6798163,R-HSA-6807047,R-HSA-70171,R-HSA-70263,R-HSA-70268,R-HSA-70350,R-HSA-70370,R-HSA-70635,R-HSA-70635,R-HSA-70688,R-HSA-70895,R-HSA-70921,R-HSA-71064,R-HSA-71240,R-HSA-71262,R-HSA-71384,R-HSA-71403,R-HSA-73817,R-HSA-74259,R-HSA-77108,R-HSA-77111,R-HSA-77285,R-HSA-77288,R-HSA-77305,R-HSA-77310,R-HSA-77346,R-HSA-77348,R-HSA-77350,R-HSA-77352,R-HSA-8948751,R-HSA-8964208,R-HSA-8964539,R-HSA-9018676,R-HSA-9018896,R-HSA-916853,R-HSA-9617629,R-HSA-9617629,R-HSA-9637698,R-HSA-9664323,R-HSA-9683610,R-HSA-9694631,R-HSA-9748787,R-HSA-975634,R-HSA-9759218,R-HSA-977347,R-HSA-983695,R-HSA-9840310,R-HSA-9841251,R-HSA-9845614,R-HSA-9853506,R-HSA-9854311,R-HSA-9856649,R-HSA-9856872,R-HSA-9858328,R-HSA-9859138,R-HSA-9861559,R-HSA-9907570,R-HSA-9918438,R-HSA-9930044,R-HSA-9956593,R-HSA-1222538,R-HSA-1222541,R-HSA-1237044,R-HSA-1483166,R-HSA-1663150,R-HSA-173599,R-HSA-193048,R-HSA-193368,R-HSA-193775,R-HSA-193807,R-HSA-193993,R-HSA-194002,R-HSA-196757,R-HSA-196807,R-HSA-196836,R-HSA-204174,R-HSA-2046105,R-HSA-2046106,R-HSA-2046106,R-HSA-204626,R-HSA-211945,R-HSA-2142700,R-HSA-2142700,R-HSA-2142770,R-HSA-2142789,R-HSA-2142789,R-HSA-2161541,R-HSA-2162123,R-HSA-2162123,R-HSA-2453902,R-HSA-380612,R-HSA-389599,R-HSA-389661,R-HSA-389887,R-HSA-390247,R-HSA-446199,R-HSA-5362517,R-HSA-5365859,R-HSA-5652227,R-HSA-5661270,R-HSA-611105,R-HSA-6782315,R-HSA-6783984,R-HSA-6798163,R-HSA-6807047,R-HSA-70171,R-HSA-70263,R-HSA-70268,R-HSA-70350,R-HSA-70688,R-HSA-70895,R-HSA-71064,R-HSA-71240,R-HSA-71262,R-HSA-71384,R-HSA-71403,R-HSA-73817,R-HSA-74259,R-HSA-77108,R-HSA-77111,R-HSA-77285,R-HSA-77288,R-HSA-77305,R-HSA-77310,R-HSA-77346,R-HSA-77348,R-HSA-77350,R-HSA-77352,R-HSA-8964208,R-HSA-8964539,R-HSA-9018676,R-HSA-9018896,R-HSA-916853,R-HSA-9748787,R-HSA-975634,R-HSA-9759218,R-HSA-977347,R-HSA-9840310,R-HSA-9845614,R-HSA-9853506,R-HSA-9856872,R-HSA-9858328,R-HSA-9859138,R-HSA-9861559,R-HSA-196807,R-HSA-196807	C00003,C00004	map01100,map01240,map00190,map00730,map00760,map00983,map04152,map04148,map04925,map04977,map04211,map04212,map05208,map04936,map01100,map00190,map04020,map04925,map04714			0
Cholesteryl acetate	RM0171402	C29H48O2	428.3654	Sterol Lipids	Sterols	Cholesterols	2723897	CHEBI:78242	HMDB0003822	LMST01010245		XUGISPSHIFXEHZ-VEVYEIKRSA-N	CC(C)CCC[C@@H](C)[C@H]1CC[C@H]2[C@@H]3CC=C4C[C@H](CC[C@]4(C)[C@H]3CC[C@]12C)OC(=O)C	Cholesteryl acetate					CHEBI:78242	CHEBI:78242	CHEBI:78242	CHEBI:78242										CHEBI:78242							CHEBI:78242						CHEBI:17002	R-HSA-163560,R-HSA-192456,R-HSA-202733,R-HSA-211945,R-HSA-2168880,R-HSA-3000471,R-HSA-3000480,R-HSA-3000484,R-HSA-3000497,R-HSA-432142,R-HSA-5686938,R-HSA-8856825,R-HSA-8856828,R-HSA-8866423,R-HSA-8963888,R-HSA-8963896,R-HSA-8963901,R-HSA-8964011,R-HSA-8964026,R-HSA-8964038,R-HSA-8964041,R-HSA-8964046,R-HSA-8964058,R-HSA-8964572,R-HSA-9707616,R-HSA-975634,R-HSA-9918432,R-HSA-9918481,R-HSA-9918487,R-HSA-9920588,R-HSA-9920951	31
1alpha,25-Dihydroxy-2-[3'-(methoxymethoxy)propylidene]-19-norvitamin D3	-	-	-	-	-	-	-		-	-		-	-	-					CHEBI:187966	CHEBI:187966	CHEBI:187966	CHEBI:187966										CHEBI:187966							CHEBI:187966						CHEBI:35341	R-HSA-196071	1
1,6-Naphthalenedisulfonic acid	RM0043325	C10H8O6S2	287.9762	Benzenoids	Naphthalenes	Naphthalenes	10676	CHEBI:30891			C16193	HEWDOWUUTBCVJP-UHFFFAOYSA-N	c1cc2cc(ccc2c(c1)S(=O)(=O)O)S(=O)(=O)O	Naphthalene-1,6-disulfonic acid			C16193	map00626	CHEBI:30891	CHEBI:30891	CHEBI:30891	CHEBI:30891	C16193	C16193	C16193	C16193			C16193	map00626		CHEBI:30891	C16193			C16193	map00626		CHEBI:30891	C16193			C16193	map00626			0
Acetylcorynoline	-	-	-	-	-	-	-		-	-		-	-	-					CHEBI:188060	CHEBI:188060	CHEBI:188060	CHEBI:188060										CHEBI:188060							CHEBI:188060								0
Lesquerolic acid	RM0153260	C20H38O3	326.2821	Fatty Acyls	Fatty acids	Hydroxy FA	5282951	CHEBI:165421		LMFA01050117		OONXYOAWMIVMCI-KAMYIIQDSA-N	CCCCCCC(C/C=C\CCCCCCCCCC(=O)O)O	Lesquerolic acid					CHEBI:165421	CHEBI:165421	CHEBI:165421	CHEBI:165421										CHEBI:165421							CHEBI:165421						CHEBI:15904	R-HSA-1369062,R-HSA-192456,R-HSA-3000471,R-HSA-390247,R-HSA-5684045,R-HSA-77289,R-HSA-8963901,R-HSA-8964058,R-HSA-975634	9
PI(12:0/0:0)	RM0173247	C21H41O12P	516.2336	Glycerophospholipids	Glycerophosphoinositols	LPI								LPI 12:0/0:0					CHEBI:186499	CHEBI:186499	CHEBI:186499	CHEBI:186499										CHEBI:186499							CHEBI:186499						CHEBI:37739	R-HSA-9845576	1
dTDP-3-methyl-4-oxo-2,6-dideoxy-L-glucose	-	-	-	-	-	-	-		-	-		-	-	-					CHEBI:188243	CHEBI:188243	CHEBI:188243	CHEBI:188243	C11915	C11915	C11915	C11915			C11915	map01100,map01110,map01250,map00523		CHEBI:188243	C11915			C11915	map01100,map01110,map01250,map00523		CHEBI:188243	C11915			C11915	map01100,map01110,map01250,map00523	CHEBI:25609	R-HSA-9683612,R-HSA-9683683,R-HSA-9683686,R-HSA-9684325,R-HSA-9694301,R-HSA-9694493,R-HSA-9694594,R-HSA-9918432	8
PE(21:0/0:0)	RM0173366	C26H54NO7P	523.3638	Glycerophospholipids	Glycerophosphoethanolamines	LPE								LPE 21:0/0:0					CHEBI:138536	CHEBI:138536	CHEBI:138536	CHEBI:138536										CHEBI:138536							CHEBI:138536						CHEBI:36314	R-HSA-1482788	1
7-oxo-11E-Tetradecenoic acid	-	-	-	-	-	-	-		-	-		-	-	-					CHEBI:169067	CHEBI:169067	CHEBI:169067	CHEBI:169067										CHEBI:169067							CHEBI:169067						CHEBI:15904	R-HSA-1369062,R-HSA-192456,R-HSA-3000471,R-HSA-390247,R-HSA-5684045,R-HSA-77289,R-HSA-8963901,R-HSA-8964058,R-HSA-975634	9
N-((5-hydroxyhexahydrocyclopenta[c]pyrrol-2(1H)-yl)carbamoyl)-4-methylbenzenesulfonamide	-	-	-	-	-	-	-		-	-		-	-	-					CHEBI:188264	CHEBI:188264	CHEBI:188264	CHEBI:188264										CHEBI:188264							CHEBI:188264								0
N,N-dimethyl-Safingol	RM0049555	C20H43NO2	329.3294	Sphingolipids	Sphingoid bases	Sphingoid base analogs	42608375	CHEBI:137846		LMSP01080056		BYBHBTCYJMUUDZ-PMACEKPBSA-N	CCCCCCCCCCCCCCC[C@@H]([C@H](CO)N(C)C)O	N,N-Dimethyl-Safingol					CHEBI:137846	CHEBI:137846	CHEBI:137846	CHEBI:137846										CHEBI:137846							CHEBI:137846						CHEBI:30879	R-HSA-1483166,R-HSA-2022377,R-HSA-8935690	3
6beta-acetoxy-24-methylcholestan-3beta,5alpha,22R,24-tetrol	-	-	-	-	-	-	-		-	-		-	-	-					CHEBI:176867	CHEBI:176867	CHEBI:176867	CHEBI:176867										CHEBI:176867							CHEBI:176867						CHEBI:33575,CHEBI:35341	R-HSA-196071,R-HSA-6809371	2
(2xi,6xi)-7-Methyl-3-methylene-1,2,6,7-octanetetrol	-	-	-	-	-	-	-		-	-		-	-	-					CHEBI:172446	CHEBI:172446	CHEBI:172446	CHEBI:172446										CHEBI:172446							CHEBI:172446						CHEBI:30879	R-HSA-1483166,R-HSA-2022377,R-HSA-8935690	3
L-Homoserine	RM0135982	C4H9NO3	119.0582	Organic acids	Amino acids and peptides	Amino acids	12647	CHEBI:15699	HMDB0000719		C00263	UKAUYVFTDYCKQA-VKHMYHEASA-N	C(CO)[C@@H](C(=O)O)N	Homoserine			C00263	map01100,map01110,map01120,map01230,map00920,map00260,map00270,map00300	CHEBI:15699,CHEBI:30653,CHEBI:57476	CHEBI:15699,CHEBI:30653,CHEBI:57476	CHEBI:15699,CHEBI:30653,CHEBI:57476	CHEBI:15699,CHEBI:30653,CHEBI:57476	C00263	C00263	C00263	C00263			C00263	map01100,map01110,map01120,map01230,map00920,map00260,map00270,map00300	CHEBI:30654,CHEBI:62980,CHEBI:143081	CHEBI:15699,CHEBI:30653,CHEBI:30654,CHEBI:57476,CHEBI:62980,CHEBI:143081	C00263			C00263	map01100,map01110,map01120,map01230,map00920,map00260,map00270,map00300		CHEBI:15699,CHEBI:30653,CHEBI:30654,CHEBI:57476,CHEBI:62980,CHEBI:143081	C00263			C00263	map01100,map01110,map01120,map01230,map00920,map00260,map00270,map00300	CHEBI:33575	R-HSA-6809371	1
PI(18:1(11Z)/18:1(11Z))	-	-	-	-	-	-	-		-	-		-	-	-					CHEBI:88604	CHEBI:88604	CHEBI:88604	CHEBI:88604										CHEBI:88604							CHEBI:88604						CHEBI:28874	R-HSA-198933	1
Spongipregnoloside A	RM0135789	C33H52O11	624.3510	Sterol Lipids	Steroids	C21 Steroids	52931510	CHEBI:166783		LMST02030217		RNGPDKGOULTCGD-XTMOBVPXSA-N	CC(=O)[C@H]1CC[C@H]2[C@@H]3CC=C4C[C@H](CC[C@]4(C)[C@H]3CC[C@]12C)O[C@H]1[C@@H]([C@H]([C@@H]([C@@H](CO)O1)O)O)O[C@H]1[C@@H]([C@@H]([C@H]([C@H](C)O1)O)O)O	Spongipregnoloside A					CHEBI:166783	CHEBI:166783	CHEBI:166783	CHEBI:166783										CHEBI:166783							CHEBI:166783						CHEBI:35341	R-HSA-196071	1
Sulfated Dihydromenaquinone-9	RM0135426	C56H82O6S	882.5832	Prenol Lipids	Quinones and hydroquinones	Ubiquinones	52929833	CHEBI:166697		LMPR02010038		YLFBUPJPGZEDIM-HSHHTCJHSA-N	C/C(=C\CC/C(=C/CC/C(=C/CCC(C)CCC/C(=C/CC1=C(C)C(=O)c2ccccc2C1=O)/C)/C)/C)/CC/C=C(\C)/CC/C=C(\C)/CC/C=C(\C)/CC/C=C(\C)/COS(=O)(=O)O	Sulfated Dihydromenaquinone-9					CHEBI:166697	CHEBI:166697	CHEBI:166697	CHEBI:166697									CHEBI:142861	CHEBI:142861,CHEBI:166697							CHEBI:142861,CHEBI:166697						CHEBI:36141	R-HSA-211945	1
cimicifoetiside A	-	-	-	-	-	-	-		-	-		-	-	-					CHEBI:37779	CHEBI:37779	CHEBI:37779	CHEBI:37779										CHEBI:37779							CHEBI:37779								0
DG(18:3(6Z,9Z,12Z)/15:0/0:0)	-	-	-	-	-	-	-		-	-		-	-	-					CHEBI:188212	CHEBI:188212	CHEBI:188212	CHEBI:188212										CHEBI:188212							CHEBI:188212						CHEBI:17815	R-HSA-114508,R-HSA-114516,R-HSA-114604,R-HSA-1169091,R-HSA-1169092,R-HSA-1250196,R-HSA-139853,R-HSA-1482883,R-HSA-1483191,R-HSA-1483206,R-HSA-1483213,R-HSA-1489509,R-HSA-162710,R-HSA-163560,R-HSA-1660661,R-HSA-1855204,R-HSA-2029485,R-HSA-2179392,R-HSA-3000170,R-HSA-354192,R-HSA-392517,R-HSA-399997,R-HSA-4086398,R-HSA-416476,R-HSA-416993,R-HSA-418217,R-HSA-418597,R-HSA-419408,R-HSA-426048,R-HSA-434316,R-HSA-4419969,R-HSA-5099900,R-HSA-5218921,R-HSA-5673001,R-HSA-75109,R-HSA-76005,R-HSA-9717207,R-HSA-983695	38
Ascorbate 2-sulfate	RM0188049	C6H8O9S	255.9889	Organoheterocyclic compounds	Lactones	Gamma butyrolactones	54676864	CHEBI:167715	HMDB0060649			XDBMXUKHMOFBPJ-ZAFYKAAXSA-N	C([C@@H]([C@@H]1C(=C(C(=O)O1)OS(=O)(=O)O)O)O)O	Ascorbic acid 2-sulfate					CHEBI:2869	CHEBI:2869	CHEBI:2869	CHEBI:2869,CHEBI:167715	C02812	C02812	C02812	C02812						CHEBI:2869,CHEBI:167715	C02812						CHEBI:2869,CHEBI:167715	C02812							0
L-Cysteinylglycine disulfide	RM0135979	C8H15N3O5S2	297.0453	Organic acids	Amino acids and peptides	Dipeptides	22833544	CHEBI:89930	HMDB0000709			ZHRLECIZINSPKL-AKGZTFGVSA-N	C(C(=O)O)NC(=O)C(CSSC[C@@H](C(=O)O)N)N	Cysteinylglycine disulfide					CHEBI:89930	CHEBI:89930	CHEBI:89930	CHEBI:89930										CHEBI:89930							CHEBI:89930						CHEBI:16670	R-HSA-1222556,R-HSA-1236977,R-HSA-1236978,R-HSA-3000480,R-HSA-3000497,R-HSA-445989,R-HSA-6803157,R-HSA-879415,R-HSA-8941413,R-HSA-933542	10
8-keto palmitic acid	-	-	-	-	-	-	-		-	-		-	-	-																																	0
L-Serine	RM0032433	C3H7NO3	105.0426	Organic acids	Amino acids and peptides	Amino acids	5951	CHEBI:17115	HMDB0000187		C00065	MTCFGRXMJLQNBG-REOHCLBHSA-N	C([C@@H](C(=O)O)N)O	Serine			C00065	map01100,map01110,map01120,map01200,map01230,map01240,map00630,map00680,map00920,map00564,map00600,map00260,map00270,map00460,map00470,map00670,map01054,map00261,map00975,map00998,map01060,map00970,map02010,map04071,map04974,map04978,map05230,map01502	CHEBI:17822,CHEBI:17822,CHEBI:17115,CHEBI:17115,CHEBI:29999,CHEBI:33384	CHEBI:17822,CHEBI:17822,CHEBI:17115,CHEBI:17115,CHEBI:29999,CHEBI:33384	CHEBI:17822,CHEBI:17822,CHEBI:17115,CHEBI:17115,CHEBI:29999,CHEBI:33384	CHEBI:17115,CHEBI:17822,CHEBI:29999,CHEBI:33384	C00065,C00716	C00065,C00716	C00065,C00716	C00065,C00716	CHEBI:33384	R-HSA-1483101,R-HSA-1614603,R-HSA-1660661,R-HSA-196757,R-HSA-2408508,R-HSA-2408557,R-HSA-352230,R-HSA-379716,R-HSA-379726,R-HSA-442660,R-HSA-5619044,R-HSA-5619094,R-HSA-5659735,R-HSA-977347	C00065,C00716	map01100,map01110,map01120,map01200,map01230,map01240,map00630,map00680,map00920,map00564,map00600,map00260,map00270,map00460,map00470,map00670,map01054,map00261,map00975,map00998,map01060,map00970,map02010,map04071,map04974,map04978,map05230,map01502,map02030	CHEBI:16523,CHEBI:29998,CHEBI:32836,CHEBI:32837,CHEBI:32840,CHEBI:32841,CHEBI:32845,CHEBI:32846,CHEBI:35243,CHEBI:35247	CHEBI:16523,CHEBI:17115,CHEBI:17822,CHEBI:29998,CHEBI:29999,CHEBI:32836,CHEBI:32837,CHEBI:32840,CHEBI:32841,CHEBI:32845,CHEBI:32846,CHEBI:33384,CHEBI:35243,CHEBI:35247	C00065,C00716,C00740	CHEBI:33384,CHEBI:35247	R-HSA-1483101,R-HSA-1614603,R-HSA-1660661,R-HSA-196757,R-HSA-2408508,R-HSA-2408557,R-HSA-352230,R-HSA-379716,R-HSA-379726,R-HSA-442660,R-HSA-5619044,R-HSA-5619094,R-HSA-5659735,R-HSA-977347,R-HSA-352230,R-HSA-438066,R-HSA-438066,R-HSA-442982,R-HSA-5673001,R-HSA-9617324,R-HSA-9620244,R-HSA-977347	C00065,C00716,C00740	map01100,map01110,map01120,map01200,map01230,map01240,map00630,map00680,map00920,map00564,map00600,map00260,map00270,map00460,map00470,map00670,map01054,map00261,map00975,map00998,map01060,map00970,map02010,map04071,map04974,map04978,map05230,map01502,map02030,map01100,map00260,map00470,map04742,map01502		CHEBI:16523,CHEBI:17115,CHEBI:17822,CHEBI:29998,CHEBI:29999,CHEBI:32836,CHEBI:32837,CHEBI:32840,CHEBI:32841,CHEBI:32845,CHEBI:32846,CHEBI:33384,CHEBI:35243,CHEBI:35247	C00065,C00716,C00740	CHEBI:33384,CHEBI:35247	R-HSA-1483101,R-HSA-1614603,R-HSA-1660661,R-HSA-196757,R-HSA-2408508,R-HSA-2408557,R-HSA-352230,R-HSA-379716,R-HSA-379726,R-HSA-442660,R-HSA-5619044,R-HSA-5619094,R-HSA-5659735,R-HSA-977347,R-HSA-352230,R-HSA-438066,R-HSA-438066,R-HSA-442982,R-HSA-5673001,R-HSA-9617324,R-HSA-9620244,R-HSA-977347	C00065,C00716,C00740	map01100,map01110,map01120,map01200,map01230,map01240,map00630,map00680,map00920,map00564,map00600,map00260,map00270,map00460,map00470,map00670,map01054,map00261,map00975,map00998,map01060,map00970,map02010,map04071,map04974,map04978,map05230,map01502,map02030,map01100,map00260,map00470,map04742,map01502			0
Tricetin 7,3'-diglucuronide	RM0135241	C27H26O19	654.1068	Polyketides	Flavonoids	Flavones	44258249	CHEBI:166638		LMPK12110842		UGZWTXLNQDTBED-MWBUVXCNSA-N	c1c(cc(c(c1O)O)O[C@H]1[C@@H]([C@H]([C@@H]([C@@H](C(=O)O)O1)O)O)O)c1cc(=O)c2c(cc(cc2o1)O[C@H]1[C@@H]([C@H]([C@@H]([C@@H](C(=O)O)O1)O)O)O)O	Tricetin 7,3'-diglucuronide					CHEBI:166638	CHEBI:166638	CHEBI:166638	CHEBI:166638										CHEBI:166638							CHEBI:166638								0
capsidiol	RM0187625	C15H24O2	236.1776	Prenol Lipids	Isoprenoids	C15 isoprenoids	161937	CHEBI:28283	HMDB0002352	LMPR0103250002	C09627	BXXSHQYDJWZXPB-OKNSCYNVSA-N	C=C(C)[C@@H]1CC=C2[C@@H](C[C@H]([C@@H](C)[C@@]2(C)C1)O)O	Capsidiol			C09627	map00909	CHEBI:28283,CHEBI:28283	CHEBI:28283,CHEBI:28283	CHEBI:28283,CHEBI:28283	CHEBI:28283	C09627	C09627	C09627	C09627			C09627	map00909		CHEBI:28283	C09627			C09627	map00909		CHEBI:28283	C09627			C09627	map00909	CHEBI:18059	R-HSA-1222556,R-HSA-1369062,R-HSA-5682294,R-HSA-804914,R-HSA-8941413	5
Fulvestrant	RM0194361	C32H47F5O3S	606.3166	Sterol Lipids	Steroids	C18 Steroids	104741	CHEBI:31638				VWUXBMIQPBEWFH-WCCTWKNTSA-N	C[C@]12CC[C@@H]3c4ccc(cc4C[C@@H](CCCCCCCCCS(=O)CCCC(C(F)(F)F)(F)F)[C@H]3[C@@H]1CC[C@@H]2O)O	Fulvestrant	CHEBI:31638	R-HSA-8939211			CHEBI:31638	CHEBI:31638	CHEBI:31638	CHEBI:31638					CHEBI:31638	R-HSA-8939211				CHEBI:31638		CHEBI:31638	R-HSA-8939211				CHEBI:31638		CHEBI:31638	R-HSA-8939211					0
4-AMINOETHYLBENZENESULFONYL FLUORIDE	RM0224426	C8H10FNO2S	203.0416	Benzenoids	Benzenes	Benzenesulfonyl compounds	1701		HMDB0246285			MGSKVZWGBWPBTF-UHFFFAOYSA-N	c1cc(ccc1CCN)S(=O)(=O)F	4-(2-Aminoethyl)Benzenesulfonyl fluoride																																	0
17:4(2E,4E,9E,11E)(8Me[R],10Me,15Me[R])	-	-	-	-	-	-	-		-	-		-	-	-					CHEBI:187938	CHEBI:187938	CHEBI:187938	CHEBI:187938										CHEBI:187938							CHEBI:187938						CHEBI:15904	R-HSA-1369062,R-HSA-192456,R-HSA-3000471,R-HSA-390247,R-HSA-5684045,R-HSA-77289,R-HSA-8963901,R-HSA-8964058,R-HSA-975634	9
N-Acetylanonaine	-	-	-	-	-	-	-		-	-		-	-	-					CHEBI:169298	CHEBI:169298	CHEBI:169298	CHEBI:169298										CHEBI:169298							CHEBI:169298								0
Treosulfan	RM0111019	C6H14O8S2	278.0130	Organic acids	Organosulfonic acids	Organosulfonic acids	9882105	CHEBI:82557	HMDB0042046			YCPOZVAOBBQLRI-WDSKDSINSA-N	CS(=O)(=O)OC[C@@H]([C@H](COS(=O)(=O)C)O)O	Treosulfan					CHEBI:82557	CHEBI:82557	CHEBI:82557	CHEBI:82557	C19557	C19557	C19557	C19557						CHEBI:82557	C19557						CHEBI:82557	C19557							0
Cinnzeylanol	-	-	-	-	-	-	-		-	-		-	-	-					CHEBI:169400	CHEBI:169400	CHEBI:169400	CHEBI:169400										CHEBI:169400							CHEBI:169400						CHEBI:18059	R-HSA-1222556,R-HSA-1369062,R-HSA-5682294,R-HSA-804914,R-HSA-8941413	5
Allantoin	RM0118303	C4H6N4O3	158.0440	Organoheterocyclic compounds	Cyclic ureas	Ureides	439714	CHEBI:15678	HMDB0000462			POJWUDADGALRAB-SFOWXEAESA-N	[C@H]1(C(=O)NC(=O)N1)NC(=O)N	Allantoin					CHEBI:15676,CHEBI:15676	CHEBI:15676,CHEBI:15676	CHEBI:15676,CHEBI:15676	CHEBI:15676,CHEBI:15678	C01551,C02350	C01551,C02350	C01551,C02350	C01551,C02350			C02350	map01100,map01120,map00230	CHEBI:15677,CHEBI:74345	CHEBI:15676,CHEBI:15677,CHEBI:15678,CHEBI:74345	C01551,C02348,C02350			C02348,C02350	map01100,map01120,map00230,map01100,map01120,map00230		CHEBI:15676,CHEBI:15677,CHEBI:15678,CHEBI:74345	C01551,C02348,C02350			C02348,C02350	map01100,map01120,map00230,map01100,map01120,map00230			0
Ursodeoxycholic acid 3-sulfate	RM0126050	C24H40O7S	472.2495	Sterol Lipids	Bile acids	C24 bile acids	9826093	CHEBI:89499	HMDB0002642	LMST05020033		WHMOBEGYTDWMIG-MTYFMSAWSA-N	C[C@H](CCC(=O)O)C1CC[C@H]2[C@H]3[C@H](CC[C@]12C)[C@@]1(C)CC[C@@H](C[C@H]1C[C@@H]3O)OS(=O)(=O)O	Ursodeoxycholic acid 3-sulfate					CHEBI:89499	CHEBI:89499	CHEBI:89499	CHEBI:89499										CHEBI:89499							CHEBI:89499						CHEBI:35341	R-HSA-196071	1
PI(12:0/12:0)	RM0135114	C33H63O13P	698.4006	Glycerophospholipids	Glycerophosphoinositols	PI	52928414	CHEBI:184257		LMGP06010962		VMJRELYANFFHLC-VXBZPWQVSA-N	CCCCCCCCCCCC(=O)OC[C@H](COP(=O)(O)O[C@@H]1C([C@@H](C(C(C1O)O)O)O)O)OC(=O)CCCCCCCCCCC	PI 12:0/12:0					CHEBI:184257	CHEBI:184257	CHEBI:184257	CHEBI:184257										CHEBI:184257							CHEBI:184257						CHEBI:28874	R-HSA-198933	1
5beta-Cholestane-2beta,3alpha,7alpha,12alpha,26-pentol	-	-	-	-	-	-	-		-	-		-	-	-					CHEBI:187771	CHEBI:187771	CHEBI:187771	CHEBI:187771										CHEBI:187771							CHEBI:187771						CHEBI:35341	R-HSA-196071	1
Salvisyriacolide	-	-	-	-	-	-	-		-	-		-	-	-																																	0
4S-aminopentanoic acid	-	-	-	-	-	-	-		-	-		-	-	-					CHEBI:178407	CHEBI:178407	CHEBI:178407	CHEBI:178407										CHEBI:178407							CHEBI:178407								0
Fusicoccin H	-	-	-	-	-	-	-		-	-		-	-	-					CHEBI:5200	CHEBI:5200	CHEBI:5200	CHEBI:5200	C09093	C09093	C09093	C09093						CHEBI:5200	C09093						CHEBI:5200	C09093					CHEBI:18059	R-HSA-1222556,R-HSA-1369062,R-HSA-5682294,R-HSA-804914,R-HSA-8941413	5
(1alpha,3beta,20S,22R,24S,25S)-Pubescenin	-	-	-	-	-	-	-		-	-		-	-	-					CHEBI:176249	CHEBI:176249	CHEBI:176249	CHEBI:176249										CHEBI:176249							CHEBI:176249						CHEBI:35341	R-HSA-196071	1
2-(1,3-Benzodioxol-5-yl)-7-hydroxy-3,5,6,8-tetramethoxy-4H-1-benzopyran-4-one	-	-	-	-	-	-	-		-	-		-	-	-					CHEBI:188232	CHEBI:188232	CHEBI:188232	CHEBI:188232										CHEBI:188232							CHEBI:188232								0
1-O-(8R-hydroxy-8-methyl-3Z,9-decadienoyl)-beta-D-glucopyranose	-	-	-	-	-	-	-		-	-		-	-	-					CHEBI:167986	CHEBI:167986	CHEBI:167986	CHEBI:167986										CHEBI:167986							CHEBI:167986								0
Boc-Phe(NMe)-Pro-Phe(NMe)-Gly-OMe	-	-	-	-	-	-	-		-	-		-	-	-																																	0
PE-Cer(d14:1(4E)/24:1(15Z))	-	-	-	-	-	-	-		-	-		-	-	-					CHEBI:86970	CHEBI:86970	CHEBI:86970	CHEBI:86970										CHEBI:86970							CHEBI:86970						CHEBI:16247	R-HSA-1483206,R-HSA-202733,R-HSA-2168880,R-HSA-3000471,R-HSA-3000480,R-HSA-3000484,R-HSA-3000497,R-HSA-432142,R-HSA-5686938,R-HSA-8856825,R-HSA-8856828,R-HSA-8866423,R-HSA-8963888,R-HSA-8963896,R-HSA-8963901,R-HSA-8964011,R-HSA-8964026,R-HSA-8964038,R-HSA-8964041,R-HSA-8964046,R-HSA-8964058,R-HSA-8964572,R-HSA-9615710,R-HSA-9707616,R-HSA-975634,R-HSA-9918432,R-HSA-9918481,R-HSA-9918487,R-HSA-9920588,R-HSA-9920951	30
PC(20:1(9Z)/0:0)	-	-	-	-	-	-	-		-	-		-	-	-					CHEBI:184134	CHEBI:184134	CHEBI:184134	CHEBI:184134										CHEBI:184134							CHEBI:184134						CHEBI:58168	R-HSA-111995,R-HSA-1482839,R-HSA-2142753,R-HSA-6814848	4
1-kestose	RM0157389	C18H32O16	504.1690	Organic oxygen compounds	Organooxygen compounds	Organooxygen compounds	440080	CHEBI:16885	HMDB0011729		C03661	VAWYEUIPHLMNNF-OESPXIITSA-N	C([C@@H]1[C@H]([C@@H]([C@H]([C@H](O1)O[C@@]1(CO[C@@]2(CO)[C@H]([C@@H]([C@@H](CO)O2)O)O)[C@H]([C@@H]([C@@H](CO)O1)O)O)O)O)O)O	1-Kestose					CHEBI:16885	CHEBI:16885	CHEBI:16885	CHEBI:16885	C03661	C03661	C03661	C03661						CHEBI:16885	C03661						CHEBI:16885	C03661							0
Japonicumins A	-	-	-	-	-	-	-		-	-		-	-	-					CHEBI:188022	CHEBI:188022	CHEBI:188022	CHEBI:188022										CHEBI:188022							CHEBI:188022						CHEBI:18059	R-HSA-1222556,R-HSA-1369062,R-HSA-5682294,R-HSA-804914,R-HSA-8941413	5
12-[3]-ladderane-dodecanoic acid	-	-	-	-	-	-	-		-	-		-	-	-					CHEBI:187927	CHEBI:187927	CHEBI:187927	CHEBI:187927										CHEBI:187927							CHEBI:187927						CHEBI:15904	R-HSA-1369062,R-HSA-192456,R-HSA-3000471,R-HSA-390247,R-HSA-5684045,R-HSA-77289,R-HSA-8963901,R-HSA-8964058,R-HSA-975634	9
Eriodictyol 7-glucuronide	-	-	-	-	-	-	-		-	-		-	-	-					CHEBI:65860	CHEBI:65860	CHEBI:65860	CHEBI:65860										CHEBI:65860							CHEBI:65860								0
12-[5]-ladderane-dodecanoic acid	-	-	-	-	-	-	-		-	-		-	-	-					CHEBI:187364	CHEBI:187364	CHEBI:187364	CHEBI:187364										CHEBI:187364							CHEBI:187364						CHEBI:15904	R-HSA-1369062,R-HSA-192456,R-HSA-3000471,R-HSA-390247,R-HSA-5684045,R-HSA-77289,R-HSA-8963901,R-HSA-8964058,R-HSA-975634	9
Ceriferol 1	-	-	-	-	-	-	-		-	-		-	-	-																																	0
PC(18:2(2E,4E)/0:0)	RM0181379	C26H48NO8P	533.3118	Glycerophospholipids	Glycerophosphocholines	LPC								LPC 18:2(2E,4E)/0:0					CHEBI:176406	CHEBI:176406	CHEBI:176406	CHEBI:176406										CHEBI:176406							CHEBI:176406						CHEBI:58168	R-HSA-111995,R-HSA-1482839,R-HSA-2142753,R-HSA-6814848	4
9-deoxy-9-methylene-16,16-dimethyl -PGE2	RM0153774	C23H38O4	378.2770	Fatty Acyls	Eicosanoids	Prostaglandins	5283060	CHEBI:165325	HMDB0254509	LMFA03010059		WMLGLMGSFIXSGO-KTXJXPLISA-N	CCCCC(C)(C)[C@@H](/C=C/[C@@H]1[C@@H](C/C=C\CCCC(=O)O)C(=C)C[C@H]1O)O	9-Deoxy-9-methylene-16,16-dimethyl -PGE2					CHEBI:165325	CHEBI:165325	CHEBI:165325	CHEBI:165325										CHEBI:165325							CHEBI:165325						CHEBI:15904	R-HSA-1369062,R-HSA-192456,R-HSA-3000471,R-HSA-390247,R-HSA-5684045,R-HSA-77289,R-HSA-8963901,R-HSA-8964058,R-HSA-975634	9
L-Proline	RM0135899	C5H9NO2	115.0633	Organic acids	Amino acids and peptides	Amino acids	145742	CHEBI:17203	HMDB0000162		C00148	ONIBWKKTOPOVIA-BYPYZUCNSA-N	C1C[C@@H](C(=O)O)NC1	Proline			C00148	map01100,map01110,map01230,map00330,map00470,map00332,map00401,map00404,map00333,map00970,map02010,map04974,map04978,map05230	CHEBI:17203,CHEBI:17203,CHEBI:26271,CHEBI:50342,CHEBI:60039	CHEBI:17203,CHEBI:17203,CHEBI:26271,CHEBI:50342,CHEBI:60039	CHEBI:17203,CHEBI:17203,CHEBI:26271,CHEBI:50342,CHEBI:60039	CHEBI:17203,CHEBI:26271,CHEBI:50342,CHEBI:60039	C00148,C16435	C00148,C16435	C00148,C16435	C00148,C16435	CHEBI:60039	R-HSA-352230,R-HSA-379716,R-HSA-379726,R-HSA-428559,R-HSA-442660,R-HSA-5619041,R-HSA-5619101,R-HSA-5660686,R-HSA-70688,R-HSA-8964539	C00148	map01100,map01110,map01230,map00330,map00470,map00332,map00401,map00404,map00333,map00970,map02010,map04974,map04978,map05230	CHEBI:16313,CHEBI:30018,CHEBI:32862,CHEBI:32864,CHEBI:32867,CHEBI:32868,CHEBI:32871,CHEBI:32872,CHEBI:57726	CHEBI:16313,CHEBI:17203,CHEBI:26271,CHEBI:30018,CHEBI:32862,CHEBI:32864,CHEBI:32867,CHEBI:32868,CHEBI:32871,CHEBI:32872,CHEBI:50342,CHEBI:57726,CHEBI:60039	C00148,C00763,C16435	CHEBI:60039	R-HSA-352230,R-HSA-379716,R-HSA-379726,R-HSA-428559,R-HSA-442660,R-HSA-5619041,R-HSA-5619101,R-HSA-5660686,R-HSA-70688,R-HSA-8964539	C00148,C00763	map01100,map01110,map01230,map00330,map00470,map00332,map00401,map00404,map00333,map00970,map02010,map04974,map04978,map05230,map01100,map00330,map00470	CHEBI:192088	CHEBI:16313,CHEBI:17203,CHEBI:26271,CHEBI:30018,CHEBI:32862,CHEBI:32864,CHEBI:32867,CHEBI:32868,CHEBI:32871,CHEBI:32872,CHEBI:50342,CHEBI:57726,CHEBI:60039,CHEBI:192088	C00148,C00763,C16435	CHEBI:60039	R-HSA-352230,R-HSA-379716,R-HSA-379726,R-HSA-428559,R-HSA-442660,R-HSA-5619041,R-HSA-5619101,R-HSA-5660686,R-HSA-70688,R-HSA-8964539	C00148,C00763	map01100,map01110,map01230,map00330,map00470,map00332,map00401,map00404,map00333,map00970,map02010,map04974,map04978,map05230,map01100,map00330,map00470			0
17-oxo-20Z-hexacosenoic acid	RM0153683	C26H48O3	408.3603	Fatty Acyls	Fatty acids	Oxo FA	5312936	CHEBI:165428		LMFA01060149		KBDNHCBOCXMQNL-SSZFMOIBSA-N	CCCCC/C=C\CCC(=O)CCCCCCCCCCCCCCCC(=O)O	17-Oxo-20Z-hexacosenoic acid					CHEBI:165428	CHEBI:165428	CHEBI:165428	CHEBI:165428										CHEBI:165428							CHEBI:165428						CHEBI:35366	R-HSA-1482883,R-HSA-167826,R-HSA-422085,R-HSA-426048,R-HSA-6809371,R-HSA-6811436,R-HSA-8963889,R-HSA-8964038	8
3alpha,12alpha,25-Trihydroxy-5beta-cholestan-7-one	RM0138913	C27H46O4	434.3396	Sterol Lipids	Bile acids	C27 bile acids	5284204	CHEBI:166743		LMST04030029		CEGKKENOGCRSLA-CPOXXCQMSA-N	C[C@H](CCCC(C)(C)O)[C@H]1CC[C@H]2[C@H]3[C@H](C[C@@H]([C@]12C)O)[C@@]1(C)CC[C@H](C[C@H]1CC3=O)O	3alpha,12alpha,25-Trihydroxy-5beta-cholestan-7-one					CHEBI:166743	CHEBI:166743	CHEBI:166743	CHEBI:166743										CHEBI:166743							CHEBI:166743						CHEBI:35341	R-HSA-196071	1
Oleoyl Serotonin	-	-	-	-	-	-	-		-	-		-	-	-																																	0
N-Undecylbenzenesulfonic acid	RM0139014	C17H28O3S	312.1759	Benzenoids	Benzenes	Benzenesulfonic acids	38222	CHEBI:141538	HMDB0032549			UCDCOJNNUVYFKJ-UHFFFAOYSA-N	CCCCCCCCCCCc1ccc(cc1)S(=O)(=O)O	N-Undecylbenzenesulfonic acid								CHEBI:141538										CHEBI:141538							CHEBI:141538								0
CARBETAPENTANE	RM0013183	C20H31NO3	333.2304	Benzenoids	Phenylacetic acids	Phenylacetic acids	2562	CHEBI:94484	HMDB0249630			CFJMRBQWBDQYMK-UHFFFAOYSA-N	CCN(CC)CCOCCOC(=O)C1(CCCC1)c1ccccc1	Carbetapentane					CHEBI:94484	CHEBI:94484	CHEBI:94484	CHEBI:94484										CHEBI:94484							CHEBI:94484								0
PS(20:5(5Z,8Z,11Z,14Z,17Z)/21:0)	-	-	-	-	-	-	-		-	-		-	-	-					CHEBI:188178	CHEBI:188178	CHEBI:188178	CHEBI:188178										CHEBI:188178							CHEBI:188178						CHEBI:16247	R-HSA-1483206,R-HSA-202733,R-HSA-2168880,R-HSA-3000471,R-HSA-3000480,R-HSA-3000484,R-HSA-3000497,R-HSA-432142,R-HSA-5686938,R-HSA-8856825,R-HSA-8856828,R-HSA-8866423,R-HSA-8963888,R-HSA-8963896,R-HSA-8963901,R-HSA-8964011,R-HSA-8964026,R-HSA-8964038,R-HSA-8964041,R-HSA-8964046,R-HSA-8964058,R-HSA-8964572,R-HSA-9615710,R-HSA-9707616,R-HSA-975634,R-HSA-9918432,R-HSA-9918481,R-HSA-9918487,R-HSA-9920588,R-HSA-9920951	30
3beta-hydroxy-4alpha-methyl-5alpha-cholest-7-ene-4beta-carboxylic acid	-	-	-	-	-	-	-		-	-		-	-	-					CHEBI:20244	CHEBI:20244	CHEBI:20244	CHEBI:20244										CHEBI:20244							CHEBI:20244						CHEBI:30879,CHEBI:33575	R-HSA-1483166,R-HSA-2022377,R-HSA-6809371,R-HSA-8935690	4
Chenodeoxycholic acid sulfate	RM0135848	C24H40O7S	472.2495	Sterol Lipids	Bile acids	C24 bile acids	20849194	CHEBI:166727	HMDB0002522	LMST05020026		DPVCTIYTPXYDMQ-BSWAIDMHSA-N	C[C@H](CCC(=O)O)[C@H]1CC[C@H]2[C@H]3[C@H](CC[C@]12C)[C@@]1(C)CC[C@H](C[C@H]1C[C@H]3OS(=O)(=O)O)O	Chenodeoxycholic acid sulfate					CHEBI:166727	CHEBI:166727	CHEBI:166727	CHEBI:166727										CHEBI:166727							CHEBI:166727						CHEBI:33575,CHEBI:35341	R-HSA-196071,R-HSA-6809371	2
20:2(5Z,9Z)(11Me,15Me,19Me)	-	-	-	-	-	-	-		-	-		-	-	-					CHEBI:188020	CHEBI:188020	CHEBI:188020	CHEBI:188020										CHEBI:188020							CHEBI:188020						CHEBI:18059	R-HSA-1222556,R-HSA-1369062,R-HSA-5682294,R-HSA-804914,R-HSA-8941413	5
PT(18:0/18:1(9Z))	-	-	-	-	-	-	-		-	-		-	-	-					CHEBI:137220	CHEBI:137220	CHEBI:137220	CHEBI:137220										CHEBI:137220							CHEBI:137220						CHEBI:16247	R-HSA-1483206,R-HSA-202733,R-HSA-2168880,R-HSA-3000471,R-HSA-3000480,R-HSA-3000484,R-HSA-3000497,R-HSA-432142,R-HSA-5686938,R-HSA-8856825,R-HSA-8856828,R-HSA-8866423,R-HSA-8963888,R-HSA-8963896,R-HSA-8963901,R-HSA-8964011,R-HSA-8964026,R-HSA-8964038,R-HSA-8964041,R-HSA-8964046,R-HSA-8964058,R-HSA-8964572,R-HSA-9615710,R-HSA-9707616,R-HSA-975634,R-HSA-9918432,R-HSA-9918481,R-HSA-9918487,R-HSA-9920588,R-HSA-9920951	30
(9R,13R)-10-oxo-11-phytoenoic acid	-	-	-	-	-	-	-		-	-		-	-	-					CHEBI:187947	CHEBI:187947	CHEBI:187947	CHEBI:187947										CHEBI:187947							CHEBI:187947						CHEBI:18059	R-HSA-1222556,R-HSA-1369062,R-HSA-5682294,R-HSA-804914,R-HSA-8941413	5
3'-Hydroxyechinenone/ 3'-OH-Echinenone	-	-	-	-	-	-	-		-	-		-	-	-																																	0
2-(7'-Methylthio)heptylmalic acid	-	-	-	-	-	-	-		-	-		-	-	-					CHEBI:80975	CHEBI:80975	CHEBI:80975	CHEBI:80975	C17230	C17230	C17230	C17230			C17230	map01210,map00966		CHEBI:80975	C17230			C17230	map01210,map00966		CHEBI:80975	C17230			C17230	map01210,map00966	CHEBI:33575	R-HSA-6809371	1
PA(18:0/0:0)	RM0007330	C21H43O7P	438.2746	Glycerophospholipids	Glycerophosphates	LPA								LPA 18:0/0:0					CHEBI:74850	CHEBI:74850	CHEBI:74850	CHEBI:74850									CHEBI:74565	CHEBI:74565,CHEBI:74850							CHEBI:74565,CHEBI:74850						CHEBI:16975	R-HSA-1483166,R-HSA-75109	2
L-Arginine	RM0135963	C6H14N4O2	174.1117	Organic acids	Amino acids and peptides	Amino acids	6322	CHEBI:16467	HMDB0000517		C00062	ODKSFYDXXFIFQN-BYPYZUCNSA-N	C(C[C@@H](C(=O)O)N)CNC(=N)N	Arginine			C00062	map01100,map01110,map01230,map00220,map00330,map00470,map00261,map00331,map00998,map01060,map01064,map00970,map02010,map04150,map04148,map04974,map05230,map05146,map05142,map05014,map05022	CHEBI:16467,CHEBI:29016,CHEBI:29016,CHEBI:32696,CHEBI:29952,CHEBI:32682	CHEBI:16467,CHEBI:29016,CHEBI:29016,CHEBI:32696,CHEBI:29952,CHEBI:32682	CHEBI:16467,CHEBI:29016,CHEBI:29016,CHEBI:32696,CHEBI:29952,CHEBI:32682	CHEBI:16467,CHEBI:29016,CHEBI:29952,CHEBI:32682,CHEBI:32696	C00062,C02385	C00062,C02385	C00062,C02385	C00062,C02385	CHEBI:32682	R-HSA-1222556,R-HSA-165159,R-HSA-203615,R-HSA-211945,R-HSA-264876,R-HSA-351143,R-HSA-352230,R-HSA-379716,R-HSA-379726,R-HSA-392154,R-HSA-416476,R-HSA-420499,R-HSA-442660,R-HSA-5218920,R-HSA-5223345,R-HSA-5619094,R-HSA-5619113,R-HSA-5660862,R-HSA-5660883,R-HSA-5676934,R-HSA-70635,R-HSA-71288,R-HSA-9009391,R-HSA-9639288,R-HSA-9955693,R-HSA-9956514	C00062	map01100,map01110,map01230,map00220,map00330,map00470,map00261,map00331,map00998,map01060,map01064,map00970,map02010,map04150,map04148,map04974,map05230,map05146,map05142,map05014,map05022	CHEBI:15816,CHEBI:29953,CHEBI:29965,CHEBI:29966,CHEBI:32681,CHEBI:32683,CHEBI:32688,CHEBI:32689,CHEBI:32690,CHEBI:32695,CHEBI:32697	CHEBI:15816,CHEBI:16467,CHEBI:29016,CHEBI:29952,CHEBI:29953,CHEBI:29965,CHEBI:29966,CHEBI:32681,CHEBI:32682,CHEBI:32683,CHEBI:32688,CHEBI:32689,CHEBI:32690,CHEBI:32695,CHEBI:32696,CHEBI:32697	C00062,C00792,C02385	CHEBI:32682	R-HSA-1222556,R-HSA-165159,R-HSA-203615,R-HSA-211945,R-HSA-264876,R-HSA-351143,R-HSA-352230,R-HSA-379716,R-HSA-379726,R-HSA-392154,R-HSA-416476,R-HSA-420499,R-HSA-442660,R-HSA-5218920,R-HSA-5223345,R-HSA-5619094,R-HSA-5619113,R-HSA-5660862,R-HSA-5660883,R-HSA-5676934,R-HSA-70635,R-HSA-71288,R-HSA-9009391,R-HSA-9639288,R-HSA-9955693,R-HSA-9956514	C00062,C00792	map01100,map01110,map01230,map00220,map00330,map00470,map00261,map00331,map00998,map01060,map01064,map00970,map02010,map04150,map04148,map04974,map05230,map05146,map05142,map05014,map05022,map01100,map00470	CHEBI:192075	CHEBI:15816,CHEBI:16467,CHEBI:29016,CHEBI:29952,CHEBI:29953,CHEBI:29965,CHEBI:29966,CHEBI:32681,CHEBI:32682,CHEBI:32683,CHEBI:32688,CHEBI:32689,CHEBI:32690,CHEBI:32695,CHEBI:32696,CHEBI:32697,CHEBI:192075	C00062,C00792,C02385	CHEBI:32682	R-HSA-1222556,R-HSA-165159,R-HSA-203615,R-HSA-211945,R-HSA-264876,R-HSA-351143,R-HSA-352230,R-HSA-379716,R-HSA-379726,R-HSA-392154,R-HSA-416476,R-HSA-420499,R-HSA-442660,R-HSA-5218920,R-HSA-5223345,R-HSA-5619094,R-HSA-5619113,R-HSA-5660862,R-HSA-5660883,R-HSA-5676934,R-HSA-70635,R-HSA-71288,R-HSA-9009391,R-HSA-9639288,R-HSA-9955693,R-HSA-9956514	C00062,C00792	map01100,map01110,map01230,map00220,map00330,map00470,map00261,map00331,map00998,map01060,map01064,map00970,map02010,map04150,map04148,map04974,map05230,map05146,map05142,map05014,map05022,map01100,map00470			0
24-Nor-9,11-seco-11-acetoxy-3,6-dihydroxycholest-7,22-dien-9-one	-	-	-	-	-	-	-		-	-		-	-	-					CHEBI:183551	CHEBI:183551	CHEBI:183551	CHEBI:183551										CHEBI:183551							CHEBI:183551						CHEBI:18059	R-HSA-1222556,R-HSA-1369062,R-HSA-5682294,R-HSA-804914,R-HSA-8941413	5
4,5-epoxy-17R-HDHA	-	-	-	-	-	-	-		-	-		-	-	-					CHEBI:187528	CHEBI:187528	CHEBI:187528	CHEBI:187528										CHEBI:187528							CHEBI:187528						CHEBI:30879	R-HSA-1483166,R-HSA-2022377,R-HSA-8935690	3
Amphibine A	-	-	-	-	-	-	-		-	-		-	-	-					CHEBI:2680	CHEBI:2680	CHEBI:2680	CHEBI:2680	C09997	C09997	C09997	C09997						CHEBI:2680	C09997						CHEBI:2680	C09997					CHEBI:16670	R-HSA-1222556,R-HSA-1236977,R-HSA-1236978,R-HSA-3000480,R-HSA-3000497,R-HSA-445989,R-HSA-6803157,R-HSA-879415,R-HSA-8941413,R-HSA-933542	10
Isoproterenol	RM0199636	C11H17NO3	211.1208	Benzenoids	Phenols	Catechols	3779		HMDB0015197			JWZZKOKVBUJMES-UHFFFAOYSA-N	CC(C)NCC(c1ccc(c(c1)O)O)O	Isoproterenol					CHEBI:64317	CHEBI:64317	CHEBI:64317	CHEBI:64317	C07056	C07056	C07056	C07056	CHEBI:64317	R-HSA-390696	C07056	map04261		CHEBI:64317	C07056	CHEBI:64317	R-HSA-390696	C07056	map04261		CHEBI:64317	C07056	CHEBI:64317	R-HSA-390696	C07056	map04261			0
7,8-Dihydro-3b,6a-dihydroxy-alpha-ionol 9-[apiosyl-(1->6)-glucoside]	-	-	-	-	-	-	-		-	-		-	-	-					CHEBI:168550	CHEBI:168550	CHEBI:168550	CHEBI:168550										CHEBI:168550							CHEBI:168550								0
DG(15:0/18:3(9Z,12Z,15Z)/0:0)[iso2]	-	-	-	-	-	-	-		-	-		-	-	-																																	0
Patrinoside	-	-	-	-	-	-	-		-	-		-	-	-					CHEBI:7941	CHEBI:7941	CHEBI:7941	CHEBI:7941	C11640	C11640	C11640	C11640						CHEBI:7941	C11640						CHEBI:7941	C11640					CHEBI:18059	R-HSA-1222556,R-HSA-1369062,R-HSA-5682294,R-HSA-804914,R-HSA-8941413	5
7alpha,12alpha,24-trihydroxy-5beta-cholestan-3-one	-	-	-	-	-	-	-		-	-		-	-	-					CHEBI:48715	CHEBI:48715	CHEBI:48715	CHEBI:48715										CHEBI:48715						CHEBI:63830	CHEBI:48715,CHEBI:63830		CHEBI:63830	R-HSA-193775					0
Cohibin A	-	-	-	-	-	-	-		-	-		-	-	-					CHEBI:176009	CHEBI:176009	CHEBI:176009	CHEBI:176009										CHEBI:176009							CHEBI:176009								0
AKLAVINE	-	-	-	-	-	-	-		-	-		-	-	-					CHEBI:74351	CHEBI:74351	CHEBI:74351	CHEBI:74351	C18634	C18634	C18634	C18634			C18634	map01110,map01057	CHEBI:74755,CHEBI:77979	CHEBI:74351,CHEBI:74755,CHEBI:77979	C18634			C18634	map01110,map01057		CHEBI:74351,CHEBI:74755,CHEBI:77979	C18634			C18634	map01110,map01057	CHEBI:30879	R-HSA-1483166,R-HSA-2022377,R-HSA-8935690	3
3-hydroxy-suberic acid	RM0137955	C8H14O5	190.0841	Fatty Acyls	Fatty acids	Dicarboxylic acids	22328017	CHEBI:70766	HMDB0000325	LMFA01170093		ARJZZFJXSNJKGR-UHFFFAOYSA-N	C(CCC(=O)O)CC(CC(=O)O)O	3-Hydroxysuberic acid					CHEBI:70766	CHEBI:70766	CHEBI:70766	CHEBI:70766										CHEBI:70766							CHEBI:70766						CHEBI:33575	R-HSA-6809371	1
11-beta-hydroxyandrosterone-3-glucuronide	RM0160775	C25H38O9	482.2516	Sterol Lipids	Steroids	C19 Steroids	53480452	CHEBI:88733	HMDB0010351	LMST05010055	C03033	BRPLOVMHAFXVOQ-HUMIJZDLSA-N	C[C@]12CC[C@H](C[C@@H]1CC[C@H]1[C@@H]3CCC(=O)[C@@]3(C)C[C@@H]([C@H]21)O)O[C@H]1[C@@H]([C@H]([C@@H]([C@@H](C(=O)O)O1)O)O)O	11beta-Hydroxyandrosterone-3-glucuronide			C03033	map01100,map01240,map00040,map00053,map04976	CHEBI:88733	CHEBI:88733	CHEBI:88733	CHEBI:88733	C03033	C03033	C03033	C03033			C03033	map01100,map01240,map00040,map00053,map04976		CHEBI:88733	C03033			C03033	map01100,map01240,map00040,map00053,map04976		CHEBI:88733	C03033			C03033	map01100,map01240,map00040,map00053,map04976	CHEBI:35341	R-HSA-196071	1
PS(P-18:0/0:0)	RM0096892	C24H48NO8P	509.3118	Glycerophospholipids	Glycerophosphoserines	O-LPS								LPS P-18:0					CHEBI:184271	CHEBI:184271	CHEBI:184271	CHEBI:184271										CHEBI:184271							CHEBI:184271						CHEBI:37739	R-HSA-9845576	1
Thysanone	-	-	-	-	-	-	-		-	-		-	-	-					CHEBI:168200	CHEBI:168200	CHEBI:168200	CHEBI:168200										CHEBI:168200							CHEBI:168200						CHEBI:36141	R-HSA-211945	1
Totarol	-	-	-	-	-	-	-		-	-		-	-	-					CHEBI:69241	CHEBI:69241	CHEBI:69241	CHEBI:69241										CHEBI:69241							CHEBI:69241						CHEBI:18059	R-HSA-1222556,R-HSA-1369062,R-HSA-5682294,R-HSA-804914,R-HSA-8941413	5
PC(0:0/14:0)	RM0048631	C22H46NO7P	467.3012	Glycerophospholipids	Glycerophosphocholines	LPC								LPC 0:0/14:0					CHEBI:131738	CHEBI:131738	CHEBI:131738	CHEBI:131738										CHEBI:131738							CHEBI:131738						CHEBI:64483	R-HSA-1483191	1
Phoxim	RM0204930	C12H15N2O3PS	298.0541	Benzenoids	Benzenes	Other benzenes	9570290					ATROHALUCMTWTB-WYMLVPIESA-N	CCOP(=S)(OCC)O/N=C(C#N)/c1ccccc1	Phoxim					CHEBI:38812	CHEBI:38812	CHEBI:38812	CHEBI:38812	C18757	C18757	C18757	C18757						CHEBI:38812	C18757						CHEBI:38812	C18757							0
PE(P-20:0/0:0)	RM0096807	C25H52NO6P	493.3532	Glycerophospholipids	Glycerophosphoethanolamines	O-LPE								LPE P-20:0					CHEBI:138551,CHEBI:138550	CHEBI:138551,CHEBI:138551,CHEBI:138550	CHEBI:138551,CHEBI:138550	CHEBI:138550,CHEBI:138551										CHEBI:138550,CHEBI:138551							CHEBI:138550,CHEBI:138551						CHEBI:36314	R-HSA-1482788	1
Methyl (3x,10R)-dihydroxy-11-dodecene-6,8-diynoate 10-glucoside	-	-	-	-	-	-	-		-	-		-	-	-					CHEBI:175975	CHEBI:175975	CHEBI:175975	CHEBI:175975										CHEBI:175975							CHEBI:175975								0
Acetylaminodantrolene	-	-	-	-	-	-	-		-	-		-	-	-																																	0
1,2-Dihexanoyl-sn-glycerol	-	-	-	-	-	-	-		-	-		-	-	-					CHEBI:140526	CHEBI:140526	CHEBI:140526	CHEBI:140526										CHEBI:140526							CHEBI:140526						CHEBI:17815	R-HSA-114508,R-HSA-114516,R-HSA-114604,R-HSA-1169091,R-HSA-1169092,R-HSA-1250196,R-HSA-139853,R-HSA-1482883,R-HSA-1483191,R-HSA-1483206,R-HSA-1483213,R-HSA-1489509,R-HSA-162710,R-HSA-163560,R-HSA-1660661,R-HSA-1855204,R-HSA-2029485,R-HSA-2179392,R-HSA-3000170,R-HSA-354192,R-HSA-392517,R-HSA-399997,R-HSA-4086398,R-HSA-416476,R-HSA-416993,R-HSA-418217,R-HSA-418597,R-HSA-419408,R-HSA-426048,R-HSA-434316,R-HSA-4419969,R-HSA-5099900,R-HSA-5218921,R-HSA-5673001,R-HSA-75109,R-HSA-76005,R-HSA-9717207,R-HSA-983695	38
Xenognosin B	-	-	-	-	-	-	-		-	-		-	-	-					CHEBI:17678	CHEBI:17678	CHEBI:17678	CHEBI:17678	C02920	C02920	C02920	C02920			C02920	map01100,map01110,map00943	CHEBI:77687	CHEBI:17678,CHEBI:77687	C02920			C02920	map01100,map01110,map00943		CHEBI:17678,CHEBI:77687	C02920			C02920	map01100,map01110,map00943			0
(S)-(+)-Abscisic acid	RM0136744	C15H20O4	264.1362	Prenol Lipids	Isoprenoids	C15 isoprenoids	5280896	CHEBI:2365	HMDB0036093		C11060	JLIDBLDQVAYHNE-YKALOCIXSA-N	C/C(=C/C(=O)O)/C=C/[C@]1(C(=CC(=O)CC1(C)C)C)O	Abscisic acid					CHEBI:2365,CHEBI:22152,CHEBI:62431	CHEBI:2365,CHEBI:22152,CHEBI:62431	CHEBI:2365,CHEBI:22152,CHEBI:62431	CHEBI:2365,CHEBI:22152,CHEBI:62431	C06082,C11060	C06082,C11060	C06082,C11060	C06082,C11060			C06082	map01100,map01110,map00906,map01060,map01062,map01070,map04075	CHEBI:28937,CHEBI:37569,CHEBI:62071,CHEBI:62432	CHEBI:2365,CHEBI:22152,CHEBI:28937,CHEBI:37569,CHEBI:62071,CHEBI:62431,CHEBI:62432	C06082,C11060			C06082	map01100,map01110,map00906,map01060,map01062,map01070,map04075	CHEBI:18657,CHEBI:18743,CHEBI:62421,CHEBI:62426,CHEBI:62429,CHEBI:62433	CHEBI:2365,CHEBI:18657,CHEBI:18743,CHEBI:22152,CHEBI:28937,CHEBI:37569,CHEBI:62071,CHEBI:62421,CHEBI:62426,CHEBI:62429,CHEBI:62431,CHEBI:62432,CHEBI:62433	C06082,C11060			C06082	map01100,map01110,map00906,map01060,map01062,map01070,map04075	CHEBI:30879,CHEBI:33575	R-HSA-1483166,R-HSA-2022377,R-HSA-6809371,R-HSA-8935690	4
2-O-Galloyl-1,4-galactarolactone	-	-	-	-	-	-	-		-	-		-	-	-					CHEBI:186130	CHEBI:186130	CHEBI:186130	CHEBI:186130										CHEBI:186130							CHEBI:186130								0
1,2,3,4-Tetrahydro-b-carboline-1,3-dicarboxylic acid	RM0022820	C13H12N2O4	260.0797	Alkaloids	Tryptophan alkaloids	Carboline alkaloids	151564	CHEBI:165178	HMDB0032102			ZWMZDKZTZLGVRQ-UHFFFAOYSA-N	c1ccc2c(c1)c1CC(C(=O)O)NC(c1[nH]2)C(=O)O	1,2,3,4-Tetrahydro-beta-carboline-1,3-dicarboxylic acid					CHEBI:165178	CHEBI:165178	CHEBI:165178	CHEBI:165178										CHEBI:165178							CHEBI:165178								0
Scalarin	RM0201017	C27H40O5	444.2876	Prenol Lipids	Isoprenoids	C25 isoprenoids	21596504	CHEBI:59361				VLFJWLVMFJQJEU-HWOCEHATSA-N	CC(=O)O[C@H]1C[C@@H]2[C@@]3(C)CCCC(C)(C)[C@@H]3CC[C@@]2(C)[C@@H]2CC=C3[C@H]([C@H](O)OC3=O)[C@@]12C	Scalarin					CHEBI:59361	CHEBI:59361	CHEBI:59361	CHEBI:59361										CHEBI:59361							CHEBI:59361						CHEBI:18059	R-HSA-1222556,R-HSA-1369062,R-HSA-5682294,R-HSA-804914,R-HSA-8941413	5
Desmethylgliquidone	-	-	-	-	-	-	-		-	-		-	-	-																																	0
cholesta-6,8(14)-dien-3beta,5alpha-diol	-	-	-	-	-	-	-		-	-		-	-	-					CHEBI:187704	CHEBI:187704	CHEBI:187704	CHEBI:187704										CHEBI:187704							CHEBI:187704						CHEBI:35341	R-HSA-196071	1
Rifamycin S	-	-	-	-	-	-	-		-	-		-	-	-					CHEBI:34948	CHEBI:34948	CHEBI:34948	CHEBI:34948	C14540	C14540	C14540	C14540			C14540	map01110,map01051,map07023		CHEBI:34948	C14540			C14540	map01110,map01051,map07023		CHEBI:34948	C14540			C14540	map01110,map01051,map07023			0
Azatadine	RM0136492	C20H22N2	290.1783	Organoheterocyclic compounds	Benzocycloheptapyridines	Benzocycloheptapyridines	19861	CHEBI:2946	HMDB0014857		C07774	SEBMTIQKRHYNIT-UHFFFAOYSA-N	CN1CCC(=C2c3ccccc3CCc3cccnc23)CC1	Azatadine					CHEBI:2946	CHEBI:2946	CHEBI:2946	CHEBI:2946	C07774	C07774	C07774	C07774						CHEBI:2946	C07774						CHEBI:2946	C07774							0
2-octenedioic acid	RM0153124	C8H12O4	172.0736	Fatty Acyls	Fatty acids	Dicarboxylic acids	6079438	CHEBI:89192	HMDB0000341			BNTPVRGYUHJFHN-HWKANZROSA-N	C(CCCC(=O)O)/C=C/C(=O)O	2-Octenedioic acid					CHEBI:89192	CHEBI:89192	CHEBI:89192	CHEBI:89192										CHEBI:89192							CHEBI:89192						CHEBI:18059,CHEBI:33575,CHEBI:35366	R-HSA-1222556,R-HSA-1369062,R-HSA-1482883,R-HSA-167826,R-HSA-422085,R-HSA-426048,R-HSA-5682294,R-HSA-6809371,R-HSA-6811436,R-HSA-804914,R-HSA-8941413,R-HSA-8963889,R-HSA-8964038	13
24,25-Dihydroxyvitamin D	RM0156451	C27H44O3	416.3290	Sterol Lipids	Secosterols	Vitamin D3	5283748	CHEBI:28818	HMDB0006226	LMST03020273		FCKJYANJHNLEEP-XRWYNYHCSA-N	C=C1CC[C@@H](C/C/1=C/C=C/1\CCC[C@]2(C)[C@H](CC[C@@H]12)[C@H](C)CC[C@H](C(C)(C)O)O)O	24,25-Dihydroxyvitamin D3					CHEBI:89324	CHEBI:89324	CHEBI:89324	CHEBI:28818,CHEBI:89324	C07712	C07712	C07712	C07712			C07712	map01100,map01110,map00100		CHEBI:28818,CHEBI:89324	C07712			C07712	map01100,map01110,map00100		CHEBI:28818,CHEBI:89324	C07712			C07712	map01100,map01110,map00100	CHEBI:18059,CHEBI:35341	R-HSA-1222556,R-HSA-1369062,R-HSA-196071,R-HSA-5682294,R-HSA-804914,R-HSA-8941413	6
7Z,13Z,16Z,19Z-Docosatetraenyl isobutyrate	-	-	-	-	-	-	-		-	-		-	-	-					CHEBI:188003	CHEBI:188003	CHEBI:188003	CHEBI:188003										CHEBI:188003							CHEBI:188003								0
LysoPC(14:0)	RM0135070	C22H46NO7P	467.3012	Glycerophospholipids	Glycerophosphocholines	LPC	460604	CHEBI:64489	HMDB0010379	LMGP01050012	C04230	VXUOFDJKYGDUJI-OAQYLSRUSA-N	CCCCCCCCCCCCCC(=O)OC[C@H](COP(=O)([O-])OCC[N+](C)(C)C)O	LPC 14:0			C04230	map00564,map04148,map05231	CHEBI:64483	CHEBI:64483,CHEBI:64483,CHEBI:64489	CHEBI:64483,CHEBI:64489	CHEBI:64483,CHEBI:64489	C04230	C04230	C04230	C04230	CHEBI:64483	R-HSA-1483191	C04230	map00564,map04148,map05231		CHEBI:64483,CHEBI:64489	C04230	CHEBI:64483	R-HSA-1483191	C04230	map00564,map04148,map05231	CHEBI:131738	CHEBI:64483,CHEBI:64489,CHEBI:131738	C04230	CHEBI:64483	R-HSA-1483191	C04230	map00564,map04148,map05231			0
DG(15:0/18:2(9Z,12Z)/0:0)	-	-	-	-	-	-	-		-	-		-	-	-					CHEBI:172754	CHEBI:172754	CHEBI:172754	CHEBI:172754										CHEBI:172754							CHEBI:172754						CHEBI:17815	R-HSA-114508,R-HSA-114516,R-HSA-114604,R-HSA-1169091,R-HSA-1169092,R-HSA-1250196,R-HSA-139853,R-HSA-1482883,R-HSA-1483191,R-HSA-1483206,R-HSA-1483213,R-HSA-1489509,R-HSA-162710,R-HSA-163560,R-HSA-1660661,R-HSA-1855204,R-HSA-2029485,R-HSA-2179392,R-HSA-3000170,R-HSA-354192,R-HSA-392517,R-HSA-399997,R-HSA-4086398,R-HSA-416476,R-HSA-416993,R-HSA-418217,R-HSA-418597,R-HSA-419408,R-HSA-426048,R-HSA-434316,R-HSA-4419969,R-HSA-5099900,R-HSA-5218921,R-HSA-5673001,R-HSA-75109,R-HSA-76005,R-HSA-9717207,R-HSA-983695	38
MS-275	-	-	-	-	-	-	-		-	-		-	-	-					CHEBI:132082	CHEBI:132082	CHEBI:132082	CHEBI:132082										CHEBI:132082							CHEBI:132082								0
2-Amino-4-hydroxy-6-(hydroxymethyl)-7,8-dihydropteridine	-	-	-	-	-	-	-		-	-		-	-	-																																	0
(20S,24S)-24-ethylthornasterol	-	-	-	-	-	-	-		-	-		-	-	-					CHEBI:187994	CHEBI:187994	CHEBI:187994	CHEBI:187994										CHEBI:187994							CHEBI:187994						CHEBI:33575,CHEBI:35341	R-HSA-196071,R-HSA-6809371	2
5beta-Cholest-25-ene-3alpha,7alpha,12alpha-triol	-	-	-	-	-	-	-		-	-		-	-	-					CHEBI:186649	CHEBI:186649	CHEBI:186649	CHEBI:186649										CHEBI:186649							CHEBI:186649						CHEBI:35341	R-HSA-196071	1
5beta-Cholestane-3alpha,7alpha,12alpha,25-tetrol	-	-	-	-	-	-	-		-	-		-	-	-					CHEBI:169973	CHEBI:169973	CHEBI:169973	CHEBI:169973										CHEBI:169973							CHEBI:169973						CHEBI:30879,CHEBI:35341	R-HSA-1483166,R-HSA-196071,R-HSA-2022377,R-HSA-8935690	4
Lipoxin A4	RM0159100	C20H32O5	352.2250	Fatty Acyls	Eicosanoids	Lipoxins	5280914	CHEBI:6498	HMDB0004385	LMFA03040001	C06314	IXAQOQZEOGMIQS-SSQFXEBMSA-N	CCCCC[C@@H](/C=C/C=C\C=C\C=C\[C@H]([C@H](CCCC(=O)O)O)O)O	Lipoxin A4			C06314	map01100,map00590,map04080,map04148,map05145	CHEBI:6498,CHEBI:6498	CHEBI:6498,CHEBI:6498	CHEBI:6498,CHEBI:6498	CHEBI:6498	C06314	C06314	C06314	C06314			C06314	map01100,map00590,map04080,map04148,map05145	CHEBI:67026	CHEBI:6498,CHEBI:67026	C06314	CHEBI:67026	R-HSA-2142700,R-HSA-416476,R-HSA-418594,R-HSA-444473	C06314	map01100,map00590,map04080,map04148,map05145		CHEBI:6498,CHEBI:67026	C06314	CHEBI:67026	R-HSA-2142700,R-HSA-416476,R-HSA-418594,R-HSA-444473	C06314	map01100,map00590,map04080,map04148,map05145			0
Theonellasterol D	-	-	-	-	-	-	-		-	-		-	-	-					CHEBI:187971	CHEBI:187971	CHEBI:187971	CHEBI:187971										CHEBI:187971							CHEBI:187971						CHEBI:35341	R-HSA-196071	1
Cer(d18:0/22:0(2OH))	-	-	-	-	-	-	-		-	-		-	-	-					CHEBI:67023	CHEBI:67023	CHEBI:67023	CHEBI:67023										CHEBI:67023							CHEBI:67023						CHEBI:139048	R-HSA-1660661	1
Colnelenic acid	RM0150855	C18H28O3	292.2038	Fatty Acyls	Fatty ethers	Fatty ethers	6441679	CHEBI:60959	HMDB0030996	LMFA10000002	C16320	OYKAXBUWOIRLGF-VMBRNALUSA-N	CC/C=C\C/C=C\C=C\O/C=C/CCCCCCC(=O)O	Colnelenic acid			C16320	map01110,map00592	CHEBI:60959	CHEBI:60959	CHEBI:60959	CHEBI:60959	C16320	C16320	C16320	C16320			C16320	map01110,map00592	CHEBI:60960	CHEBI:60959,CHEBI:60960	C16320			C16320	map01110,map00592		CHEBI:60959,CHEBI:60960	C16320			C16320	map01110,map00592	CHEBI:15904	R-HSA-1369062,R-HSA-192456,R-HSA-3000471,R-HSA-390247,R-HSA-5684045,R-HSA-77289,R-HSA-8963901,R-HSA-8964058,R-HSA-975634	9
PC(20:0/0:0)	RM0134479	C28H58NO7P	551.3951	Glycerophospholipids	Glycerophosphocholines	LPC								LPC 20:0/0:0					CHEBI:74968	CHEBI:74968	CHEBI:74968	CHEBI:74968										CHEBI:74968							CHEBI:74968						CHEBI:58168	R-HSA-111995,R-HSA-1482839,R-HSA-2142753,R-HSA-6814848	4
Bilirubin	RM0135872	C33H36N4O6	584.2635	Organoheterocyclic compounds	Bilirubins	Bilirubins	5280352	CHEBI:16990	HMDB0000054		C00486	BPYKTIZUTYGOLE-IFADSCNNSA-N	C=CC1=C(C)C(=O)N/C/1=C\c1c(C)c(CCC(=O)O)c(Cc2c(CCC(=O)O)c(C)c(/C=C\3/C(=C(C=C)C(=O)N3)C)[nH]2)[nH]1	Bilirubin			C00486	map01100,map01110,map00860,map04976	CHEBI:16990,CHEBI:16990	CHEBI:16990,CHEBI:16990	CHEBI:16990,CHEBI:16990	CHEBI:16990	C00486	C00486	C00486	C00486			C00486	map01100,map01110,map00860,map04976	CHEBI:57977	CHEBI:16990,CHEBI:57977	C00486	CHEBI:57977	R-HSA-1368108,R-HSA-156588,R-HSA-189483,R-HSA-1989781,R-HSA-1989781,R-HSA-2151201,R-HSA-2426168,R-HSA-381340,R-HSA-400206,R-HSA-5579002,R-HSA-5579016,R-HSA-5619058,R-HSA-5619110,R-HSA-9707564,R-HSA-9707616,R-HSA-9931509,R-HSA-9933387	C00486	map01100,map01110,map00860,map04976		CHEBI:16990,CHEBI:57977	C00486	CHEBI:57977	R-HSA-1368108,R-HSA-156588,R-HSA-189483,R-HSA-1989781,R-HSA-1989781,R-HSA-2151201,R-HSA-2426168,R-HSA-381340,R-HSA-400206,R-HSA-5579002,R-HSA-5579016,R-HSA-5619058,R-HSA-5619110,R-HSA-9707564,R-HSA-9707616,R-HSA-9931509,R-HSA-9933387	C00486	map01100,map01110,map00860,map04976			0
Oleamide	RM0150636	C18H35NO	281.2719	Fatty Acyls	Fatty amides	Primary amides	5283387	CHEBI:116314	HMDB0002117	LMFA08010004		FATBGEAMYMYZAF-KTKRTIGZSA-N	CCCCCCCC/C=C\CCCCCCCC(=O)N	Oleamide					CHEBI:116314	CHEBI:116314	CHEBI:116314	CHEBI:116314										CHEBI:116314							CHEBI:116314						CHEBI:18059	R-HSA-1222556,R-HSA-1369062,R-HSA-5682294,R-HSA-804914,R-HSA-8941413	5
Cer(d18:2/20:0)	RM0135502	C38H73NO3	591.5590	Sphingolipids	Ceramides	Cer	52931120	CHEBI:134549		LMSP02010026		FNIDWIWVIDQZRV-FDPIOYFLSA-N	CCCCCCCCCCCCCCCCCCCC(=O)N[C@@H](CO)[C@@H](/C=C/CCCCCCCC/C=C\CCC)O	Cer 18:2;O2/20:0					CHEBI:134549,CHEBI:142362	CHEBI:134549,CHEBI:142362,CHEBI:142362	CHEBI:134549,CHEBI:142362	CHEBI:134549,CHEBI:142362										CHEBI:134549,CHEBI:142362							CHEBI:134549,CHEBI:142362						CHEBI:17761,CHEBI:83273	R-HSA-1660661,R-HSA-193681,R-HSA-198933,R-HSA-6809371,R-HSA-9840309,R-HSA-9840310,R-HSA-9845576,R-HSA-9845614	8
Physalin O	-	-	-	-	-	-	-		-	-		-	-	-					CHEBI:180760	CHEBI:180760	CHEBI:180760	CHEBI:180760										CHEBI:180760							CHEBI:180760						CHEBI:35341	R-HSA-196071	1
PS(19:0/20:4(5Z,8Z,11Z,14Z))	-	-	-	-	-	-	-		-	-		-	-	-					CHEBI:188097	CHEBI:188097	CHEBI:188097	CHEBI:188097										CHEBI:188097							CHEBI:188097						CHEBI:16247	R-HSA-1483206,R-HSA-202733,R-HSA-2168880,R-HSA-3000471,R-HSA-3000480,R-HSA-3000484,R-HSA-3000497,R-HSA-432142,R-HSA-5686938,R-HSA-8856825,R-HSA-8856828,R-HSA-8866423,R-HSA-8963888,R-HSA-8963896,R-HSA-8963901,R-HSA-8964011,R-HSA-8964026,R-HSA-8964038,R-HSA-8964041,R-HSA-8964046,R-HSA-8964058,R-HSA-8964572,R-HSA-9615710,R-HSA-9707616,R-HSA-975634,R-HSA-9918432,R-HSA-9918481,R-HSA-9918487,R-HSA-9920588,R-HSA-9920951	30
PC(O-17:0/2:0)	-	-	-	-	-	-	-		-	-		-	-	-					CHEBI:184242	CHEBI:184242	CHEBI:184242	CHEBI:184242										CHEBI:184242							CHEBI:184242						CHEBI:36313	R-HSA-1482788	1
7alpha,12alpha-Dihydroxy-3-oxo-5beta-cholestan-26-oic acid	-	-	-	-	-	-	-		-	-		-	-	-					CHEBI:186770	CHEBI:186770	CHEBI:186770	CHEBI:186770										CHEBI:186770							CHEBI:186770						CHEBI:35341	R-HSA-196071	1
DG(14:0/15:0/0:0)	RM0174205	C32H62O5	526.4597	Glycerolipids	Diradylglycerols	DAG								DG 14:0/15:0/0:0					CHEBI:188180	CHEBI:188180	CHEBI:188180	CHEBI:188180										CHEBI:188180							CHEBI:188180						CHEBI:18035	R-HSA-112043,R-HSA-1250196,R-HSA-192456,R-HSA-202424,R-HSA-202433,R-HSA-2029485,R-HSA-2871809,R-HSA-2871837,R-HSA-418890,R-HSA-5218921,R-HSA-5607764,R-HSA-6809371,R-HSA-8963889,R-HSA-8963901,R-HSA-8964058,R-HSA-9027277,R-HSA-9648002,R-HSA-9664323,R-HSA-9680350,R-HSA-975634	20
PS(O-20:0/0:0)	RM0024315	C26H54NO8P	539.3587	Glycerophospholipids	Glycerophosphoserines	O-LPS								LPS O-20:0					CHEBI:168733	CHEBI:168733	CHEBI:168733	CHEBI:168733										CHEBI:168733							CHEBI:168733						CHEBI:37739	R-HSA-9845576	1
Ectoine	RM0033341	C6H10N2O2	142.0742	Nucleic acids	Pyrimidines	Hydropyrimidines	126041	CHEBI:27592	HMDB0240650		C06231	WQXNXVUDBPYKBA-YFKPBYRVSA-N	CC1=N[C@@H](CCN1)C(=O)O	Ectoine			C06231	map01100,map01120,map00260	CHEBI:27592,CHEBI:27592	CHEBI:27592,CHEBI:27592	CHEBI:27592,CHEBI:27592	CHEBI:27592	C06231	C06231	C06231	C06231			C06231	map01100,map01120,map00260	CHEBI:58515,CHEBI:63475	CHEBI:27592,CHEBI:58515,CHEBI:63475	C06231			C06231	map01100,map01120,map00260		CHEBI:27592,CHEBI:58515,CHEBI:63475	C06231			C06231	map01100,map01120,map00260	CHEBI:33575	R-HSA-6809371	1
Aspartyl-Alanine	RM0012858	C7H12N2O5	204.0746	Organic acids	Amino acids and peptides	Dipeptides	5491963	CHEBI:73826	HMDB0028746			DVUFTQLHHHJEMK-IMJSIDKUSA-N	C[C@@H](C(=O)O)NC(=O)[C@H](CC(=O)O)N	Asp-Ala					CHEBI:73826	CHEBI:73826	CHEBI:73826	CHEBI:73826										CHEBI:73826							CHEBI:73826						CHEBI:46761	R-HSA-427975	1
5alpha-Cholestane-3alpha,7alpha,12alpha,24-tetrol	-	-	-	-	-	-	-		-	-		-	-	-					CHEBI:187943	CHEBI:187943	CHEBI:187943	CHEBI:187943										CHEBI:187943							CHEBI:187943						CHEBI:33575,CHEBI:35341	R-HSA-196071,R-HSA-6809371	2
CAY10500	-	-	-	-	-	-	-		-	-		-	-	-																																	0
32:5(17Z,20Z,23Z,26Z,29Z)	-	-	-	-	-	-	-		-	-		-	-	-					CHEBI:77379	CHEBI:77379	CHEBI:77379	CHEBI:77379									CHEBI:77212	CHEBI:77212,CHEBI:77379							CHEBI:77212,CHEBI:77379						CHEBI:35366	R-HSA-1482883,R-HSA-167826,R-HSA-422085,R-HSA-426048,R-HSA-6809371,R-HSA-6811436,R-HSA-8963889,R-HSA-8964038	8
PE(22:2(13Z,16Z)/0:0)	RM0133433	C27H52NO7P	533.3481	Glycerophospholipids	Glycerophosphoethanolamines	LPE	52925143	CHEBI:145289	HMDB0011522	LMGP02050024		XXZVISSNQKLBNF-IPQYAGCOSA-N	CCCCC/C=CC/C=CCCCCCCCCCCCC(=O)OC[C@H](COP(=O)(O)OCCN)O	LPE 22:2(13Z,16Z)/0:0					CHEBI:145289	CHEBI:145289,CHEBI:145289	CHEBI:145289	CHEBI:145289										CHEBI:145289							CHEBI:145289						CHEBI:36314	R-HSA-1482788	1
PI(14:1(9Z)/0:0)	RM0184002	C23H41O13P	556.2285	Glycerophospholipids	Glycerophosphoinositols	LPI								LPI 14:1(9Z)/0:0					CHEBI:168505	CHEBI:168505	CHEBI:168505	CHEBI:168505										CHEBI:168505							CHEBI:168505						CHEBI:37739	R-HSA-9845576	1
5beta-Cholestane-3alpha,7alpha,12alpha,25,26-pentol	-	-	-	-	-	-	-		-	-		-	-	-					CHEBI:194331	CHEBI:194331	CHEBI:194331	CHEBI:194331										CHEBI:194331							CHEBI:194331						CHEBI:30879,CHEBI:35341	R-HSA-1483166,R-HSA-196071,R-HSA-2022377,R-HSA-8935690	4
11b,21-Dihydroxy-5b-pregnane-3,20-dione	RM0138905	C21H32O4	348.2301	Sterol Lipids	Steroids	C21 Steroids	44263339	CHEBI:173194	HMDB0006757	LMST02030188	C05475	CTTOFMJLOGMZRN-MGXYISIMSA-N	C[C@]12CCC(=O)C[C@H]1CC[C@H]1[C@@H]3CCC(C(=O)CO)[C@@]3(C)C[C@@H]([C@H]21)O	11beta,21-Dihydroxy-5beta-pregnane-3,20-dione			C05475	map00140	CHEBI:86381,CHEBI:173194	CHEBI:86381,CHEBI:173194	CHEBI:86381,CHEBI:173194	CHEBI:86381,CHEBI:173194	C05475	C05475	C05475	C05475			C05475	map00140		CHEBI:86381,CHEBI:173194	C05475			C05475	map00140		CHEBI:86381,CHEBI:173194	C05475			C05475	map00140	CHEBI:30879,CHEBI:35341	R-HSA-1483166,R-HSA-196071,R-HSA-2022377,R-HSA-8935690	4
DG(13:0/20:4(5Z,8Z,11Z,14Z)/0:0)[iso2]	-	-	-	-	-	-	-		-	-		-	-	-					CHEBI:188202	CHEBI:188202	CHEBI:188202	CHEBI:188202										CHEBI:188202							CHEBI:188202						CHEBI:18035	R-HSA-112043,R-HSA-1250196,R-HSA-192456,R-HSA-202424,R-HSA-202433,R-HSA-2029485,R-HSA-2871809,R-HSA-2871837,R-HSA-418890,R-HSA-5218921,R-HSA-5607764,R-HSA-6809371,R-HSA-8963889,R-HSA-8963901,R-HSA-8964058,R-HSA-9027277,R-HSA-9648002,R-HSA-9664323,R-HSA-9680350,R-HSA-975634	20
22:3(5Z,9Z,19Z)(13Me,17Me,21Me)	-	-	-	-	-	-	-		-	-		-	-	-					CHEBI:187950	CHEBI:187950	CHEBI:187950	CHEBI:187950										CHEBI:187950							CHEBI:187950						CHEBI:35366	R-HSA-1482883,R-HSA-167826,R-HSA-422085,R-HSA-426048,R-HSA-6809371,R-HSA-6811436,R-HSA-8963889,R-HSA-8964038	8
astrogorgiadiol B	-	-	-	-	-	-	-		-	-		-	-	-					CHEBI:187939	CHEBI:187939	CHEBI:187939	CHEBI:187939										CHEBI:187939							CHEBI:187939						CHEBI:18059	R-HSA-1222556,R-HSA-1369062,R-HSA-5682294,R-HSA-804914,R-HSA-8941413	5
Phosphophosphinate	RM0060580	C6H15NO7P2	275.0324	Organic acids	Organic phosphoric acids	Organic phosphoric acids	443584	CHEBI:29664			C12022	BAIYWTZQRMCJBV-FMMPLYQGSA-N	C[C@@H](CP(=O)([C@@H](C)N)OP(=O)(O)O)C(=O)O	Phosphophosphinate					CHEBI:29664	CHEBI:29664	CHEBI:29664	CHEBI:29664	C12022	C12022	C12022	C12022						CHEBI:29664	C12022						CHEBI:29664	C12022							0
PE(17:0/0:0)	RM0163376	C22H46NO7P	467.3012	Glycerophospholipids	Glycerophosphoethanolamines	LPE								LPE 17:0/0:0					CHEBI:84490,CHEBI:85409	CHEBI:84490,CHEBI:85409	CHEBI:84490,CHEBI:85409	CHEBI:84490,CHEBI:85409										CHEBI:84490,CHEBI:85409							CHEBI:84490,CHEBI:85409						CHEBI:29017	R-HSA-1482798,R-HSA-1482839,R-HSA-1483152	3
2-Africananol	-	-	-	-	-	-	-		-	-		-	-	-					CHEBI:188191	CHEBI:188191	CHEBI:188191	CHEBI:188191										CHEBI:188191							CHEBI:188191						CHEBI:18059	R-HSA-1222556,R-HSA-1369062,R-HSA-5682294,R-HSA-804914,R-HSA-8941413	5
10-[3]-ladderane-decanoic acid	-	-	-	-	-	-	-		-	-		-	-	-					CHEBI:187931	CHEBI:187931	CHEBI:187931	CHEBI:187931										CHEBI:187931							CHEBI:187931						CHEBI:59554	R-HSA-390247,R-HSA-77289	2
5beta-Chol-2-en-24-oic Acid	-	-	-	-	-	-	-		-	-		-	-	-					CHEBI:187942	CHEBI:187942	CHEBI:187942	CHEBI:187942										CHEBI:187942							CHEBI:187942						CHEBI:33575,CHEBI:35341	R-HSA-196071,R-HSA-6809371	2
Viscutin 1	-	-	-	-	-	-	-		-	-		-	-	-					CHEBI:140769	CHEBI:140769	CHEBI:140769	CHEBI:140769										CHEBI:140769							CHEBI:140769								0
Castasterone	RM0128372	C28H48O5	464.3502	Sterol Lipids	Sterols	Ergosterols	133534	CHEBI:23051	HMDB0301789	LMST01030129		VYUIKSFYFRVQLF-YLNAYWRASA-N	CC(C)[C@H](C)[C@H]([C@@H]([C@@H](C)[C@H]1CC[C@H]2[C@@H]3CC(=O)[C@H]4C[C@@H]([C@@H](C[C@]4(C)[C@H]3CC[C@]12C)O)O)O)O	Castasterone					CHEBI:23051	CHEBI:23051	CHEBI:23051	CHEBI:23051	C15794	C15794	C15794	C15794			C15794	map01100,map01110,map00905,map01060		CHEBI:23051	C15794			C15794	map01100,map01110,map00905,map01060		CHEBI:23051	C15794			C15794	map01100,map01110,map00905,map01060	CHEBI:30879,CHEBI:35341	R-HSA-1483166,R-HSA-196071,R-HSA-2022377,R-HSA-8935690	4
PC(O-15:0/2:0)	RM0180367	C25H52NO7P	509.3481	Glycerophospholipids	Glycerophosphocholines	O-PC	24779286	CHEBI:131687		LMGP01020024		HHOGWFNRRRCYSF-RUZDIDTESA-N	CCCCCCCCCCCCCCCOC[C@H](COP(=O)([O-])OCC[N+](C)(C)C)OC(=O)C	PC O-15:0/2:0					CHEBI:131687	CHEBI:131687	CHEBI:131687	CHEBI:131687										CHEBI:131687							CHEBI:131687						CHEBI:36313	R-HSA-1482788	1
D-1-Aminopropan-2-ol O-phosphate	-	-	-	-	-	-	-		-	-		-	-	-					CHEBI:28390	CHEBI:28390	CHEBI:28390	CHEBI:28390	C04122	C04122	C04122	C04122			C04122	map01100,map00860	CHEBI:28293,CHEBI:58563	CHEBI:28293,CHEBI:28390,CHEBI:58563	C04122,C04126			C04122	map01100,map00860		CHEBI:28293,CHEBI:28390,CHEBI:58563	C04122,C04126			C04122	map01100,map00860			0
17-oxo-octadecanoic acid	RM0140008	C18H34O3	298.2508	Fatty Acyls	Octadecanoids	KODA	5312908	CHEBI:165797		LMFA02000261		WMMNNWMMXHQOPA-UHFFFAOYSA-N	CC(=O)CCCCCCCCCCCCCCCC(=O)O	17-Oxo-octadecanoic acid					CHEBI:165797	CHEBI:165797	CHEBI:165797	CHEBI:165797										CHEBI:165797							CHEBI:165797						CHEBI:15904	R-HSA-1369062,R-HSA-192456,R-HSA-3000471,R-HSA-390247,R-HSA-5684045,R-HSA-77289,R-HSA-8963901,R-HSA-8964058,R-HSA-975634	9
Gentiobiosyl 2-methyl-6-oxo-2E,4E-heptadienoate	-	-	-	-	-	-	-		-	-		-	-	-					CHEBI:180734	CHEBI:180734	CHEBI:180734	CHEBI:180734										CHEBI:180734							CHEBI:180734								0
N,N'-Dicyclohexylurea	RM0071777	C13H24N2O	224.1889	Organic nitrogen compounds	Organonitrogen compounds	Ureas	4277	CHEBI:93429	HMDB0244166			ADFXKUOMJKEIND-UHFFFAOYSA-N	C1CCC(CC1)NC(=O)NC1CCCCC1	1,3-Dicyclohexylurea					CHEBI:93429	CHEBI:93429	CHEBI:93429	CHEBI:93429										CHEBI:93429							CHEBI:93429								0
SC-514	-	-	-	-	-	-	-		-	-		-	-	-																																	0
3'-O-Methyl-(-)-epicatechin-5-O-sulphate	-	-	-	-	-	-	-		-	-		-	-	-					CHEBI:145963	CHEBI:145963	CHEBI:145963	CHEBI:145963										CHEBI:145963							CHEBI:145963								0
24:3(15Z,18Z,21Z)	-	-	-	-	-	-	-		-	-		-	-	-					CHEBI:187941	CHEBI:187941	CHEBI:187941	CHEBI:187941										CHEBI:187941							CHEBI:187941						CHEBI:35366	R-HSA-1482883,R-HSA-167826,R-HSA-422085,R-HSA-426048,R-HSA-6809371,R-HSA-6811436,R-HSA-8963889,R-HSA-8964038	8
24-keto-25dehydrocholesterol	-	-	-	-	-	-	-		-	-		-	-	-					CHEBI:186882	CHEBI:186882	CHEBI:186882	CHEBI:186882										CHEBI:186882							CHEBI:186882						CHEBI:33575,CHEBI:35341	R-HSA-196071,R-HSA-6809371	2
Tamariscol	-	-	-	-	-	-	-		-	-		-	-	-																																	0
SERICETIN DIACETATE	-	-	-	-	-	-	-		-	-		-	-	-					CHEBI:188087	CHEBI:188087	CHEBI:188087	CHEBI:188087										CHEBI:188087							CHEBI:188087								0
15-oxo-18Z-tetracosenoic acid	-	-	-	-	-	-	-		-	-		-	-	-					CHEBI:169668	CHEBI:169668	CHEBI:169668	CHEBI:169668										CHEBI:169668							CHEBI:169668						CHEBI:35366	R-HSA-1482883,R-HSA-167826,R-HSA-422085,R-HSA-426048,R-HSA-6809371,R-HSA-6811436,R-HSA-8963889,R-HSA-8964038	8
5'-(3',4'-dihydroxyphenyl)-gamma-valerolactone sulfate	RM0188179	C11H12O7S	288.0304	Benzenoids	Phenols	Other phenols						YAXFVDUJDAQPTJ-UHFFFAOYSA-N	c1cc(c(cc1CC1CCC(=O)O1)OS(=O)(=O)O)O	5-(3',4'-Dihydroxyphenyl)-gamma-valerolactone 3'-O-sulfate					CHEBI:134254	CHEBI:134254	CHEBI:134254	CHEBI:134254										CHEBI:134254							CHEBI:134254								0
DG(15:0/18:3(6Z,9Z,12Z)/0:0)	RM0174251	C36H64O5	576.4754	Glycerolipids	Diradylglycerols	DAG								DG 15:0/18:3(6Z,9Z,12Z)/0:0					CHEBI:172752	CHEBI:172752	CHEBI:172752	CHEBI:172752										CHEBI:172752							CHEBI:172752						CHEBI:17815	R-HSA-114508,R-HSA-114516,R-HSA-114604,R-HSA-1169091,R-HSA-1169092,R-HSA-1250196,R-HSA-139853,R-HSA-1482883,R-HSA-1483191,R-HSA-1483206,R-HSA-1483213,R-HSA-1489509,R-HSA-162710,R-HSA-163560,R-HSA-1660661,R-HSA-1855204,R-HSA-2029485,R-HSA-2179392,R-HSA-3000170,R-HSA-354192,R-HSA-392517,R-HSA-399997,R-HSA-4086398,R-HSA-416476,R-HSA-416993,R-HSA-418217,R-HSA-418597,R-HSA-419408,R-HSA-426048,R-HSA-434316,R-HSA-4419969,R-HSA-5099900,R-HSA-5218921,R-HSA-5673001,R-HSA-75109,R-HSA-76005,R-HSA-9717207,R-HSA-983695	38
1-Hydroxyvitamin D3 3-D-glucopyranoside	RM0135796	C33H52O8	576.3662	Sterol Lipids	Secosterols	Vitamin D3	24779645	CHEBI:166749		LMST03020671		HVQXEPIFQWOABC-IORSAUDJSA-N	CC(C)CCC[C@@H](C)[C@H]1CC[C@H]2/C(=C/C=C\3/C[C@H](C[C@@H](C3=C)O)O[C@@H]3[C@@H]([C@H]([C@@H]([C@@H](C(=O)O)O3)O)O)O)/CCC[C@]12C	1-Hydroxyvitamin D3 3-D-glucopyranoside					CHEBI:166749	CHEBI:166749	CHEBI:166749	CHEBI:166749										CHEBI:166749							CHEBI:166749						CHEBI:35341	R-HSA-196071	1
1-monostearin	RM0134397	C21H42O4	358.3083	Glycerolipids	Monoradylglycerols	MAG								MG 18:0/0:0/0:0						CHEBI:75550	CHEBI:75550	CHEBI:75550									CHEBI:75553	CHEBI:75550,CHEBI:75553							CHEBI:75550,CHEBI:75553						CHEBI:17408	R-HSA-1482883,R-HSA-1483206,R-HSA-192456,R-HSA-6814848	4
Dinorpromazine	-	-	-	-	-	-	-		-	-		-	-	-					CHEBI:190057	CHEBI:190057	CHEBI:190057	CHEBI:190057										CHEBI:190057							CHEBI:190057								0
3beta-Hydroxy-5beta-cholestan-26-oic acid	-	-	-	-	-	-	-		-	-		-	-	-					CHEBI:187929	CHEBI:187929	CHEBI:187929	CHEBI:187929										CHEBI:187929							CHEBI:187929						CHEBI:33575,CHEBI:35341	R-HSA-196071,R-HSA-6809371	2
Dihydroergotamine	RM0200716	C33H37N5O5	583.2795	Alkaloids	Tryptophan alkaloids	Ergot alkaloids	10531	CHEBI:4562	HMDB0014465		C07798	LUZRJRNZXALNLM-JGRZULCMSA-N	C[C@@]1(C(=O)N2[C@@H](Cc3ccccc3)C(=O)N3CCC[C@H]3[C@]2(O)O1)NC(=O)[C@@H]1C[C@@H]2c3cccc4c3c(C[C@H]2N(C)C1)c[nH]4	Dihydroergotamine					CHEBI:4562,CHEBI:4562	CHEBI:4562,CHEBI:4562	CHEBI:4562,CHEBI:4562	CHEBI:4562	C07798	C07798	C07798	C07798						CHEBI:4562	C07798						CHEBI:4562	C07798							0
Ptilosteroid C	-	-	-	-	-	-	-		-	-		-	-	-					CHEBI:187984	CHEBI:187984	CHEBI:187984	CHEBI:187984										CHEBI:187984							CHEBI:187984						CHEBI:35341	R-HSA-196071	1
Laserpitin	RM0118453	C25H38O7	450.2618	Prenol Lipids	Isoprenoids	C15 isoprenoids	5281524	CHEBI:6381			C09697	LYTPVRMVQVQYGM-NVWKHIKUSA-N	C/C=C(/C)\C(=O)O[C@H]1C[C@](C)(C(=O)[C@H]([C@@]2(C)CC[C@@](C(C)C)([C@H]12)O)OC(=O)/C(=C\C)/C)O	Laserpitin					CHEBI:6381	CHEBI:6381	CHEBI:6381	CHEBI:6381	C09697	C09697	C09697	C09697						CHEBI:6381	C09697						CHEBI:6381	C09697					CHEBI:18059	R-HSA-1222556,R-HSA-1369062,R-HSA-5682294,R-HSA-804914,R-HSA-8941413	5
12,14-Pentacosadiynoic acid	RM0152224	C25H42O2	374.3185	Fatty Acyls	Fatty acids	Unsaturated FA	9543642	CHEBI:165451		LMFA01030745		WGUBUTPKAGTFAB-UHFFFAOYSA-N	CCCCCCCCCCC#CC#CCCCCCCCCCCC(=O)O	12,14-Pentacosadiynoic acid					CHEBI:165451	CHEBI:165451	CHEBI:165451	CHEBI:165451										CHEBI:165451							CHEBI:165451						CHEBI:35366	R-HSA-1482883,R-HSA-167826,R-HSA-422085,R-HSA-426048,R-HSA-6809371,R-HSA-6811436,R-HSA-8963889,R-HSA-8964038	8
2-Hydroxyadipic acid	RM0153100	C6H10O5	162.0528	Fatty Acyls	Fatty acids	Dicarboxylic acids	193530	CHEBI:17023	HMDB0000321	LMFA01170049	C02360	OTTXIFWBPRRYOG-UHFFFAOYSA-N	C(CC(C(=O)O)O)CC(=O)O	2-Hydroxyadipic acid					CHEBI:17023,CHEBI:17023	CHEBI:17023,CHEBI:17023	CHEBI:17023,CHEBI:17023	CHEBI:17023	C02360	C02360	C02360	C02360					CHEBI:57987	CHEBI:17023,CHEBI:57987	C02360					CHEBI:55541,CHEBI:55543	CHEBI:17023,CHEBI:55541,CHEBI:55543,CHEBI:57987	C02360					CHEBI:18059,CHEBI:33575	R-HSA-1222556,R-HSA-1369062,R-HSA-5682294,R-HSA-6809371,R-HSA-804914,R-HSA-8941413	6
PS(22:0/0:0)	RM0134444	C28H56NO9P	581.3693	Glycerophospholipids	Glycerophosphoserines	LPS								LPS 22:0/0:0					CHEBI:183046	CHEBI:183046	CHEBI:183046	CHEBI:183046										CHEBI:183046							CHEBI:183046						CHEBI:52603	R-HSA-1482801	1
Adrenic Acid	RM0153917	C22H36O2	332.2715	Fatty Acyls	Fatty acids	Unsaturated FA	5497181	CHEBI:53487	HMDB0002226	LMFA01030178	C16527	TWSWSIQAPQLDBP-DOFZRALJSA-N	CCCCC/C=C\C/C=C\C/C=C\C/C=C\CCCCCC(=O)O	Adrenic acid	CHEBI:53487	R-HSA-381771,R-HSA-416476,R-HSA-444209	C16527	map01040,map04216	CHEBI:53487,CHEBI:53487	CHEBI:53487,CHEBI:53487	CHEBI:53487,CHEBI:53487	CHEBI:53487	C16527	C16527	C16527	C16527	CHEBI:53487	R-HSA-381771,R-HSA-416476,R-HSA-444209	C16527	map01040,map04216	CHEBI:77225	CHEBI:53487,CHEBI:77225	C16527	CHEBI:53487	R-HSA-381771,R-HSA-416476,R-HSA-444209	C16527	map01040,map04216		CHEBI:53487,CHEBI:77225	C16527	CHEBI:53487	R-HSA-381771,R-HSA-416476,R-HSA-444209	C16527	map01040,map04216			0
4R-aminopentanoic acid	-	-	-	-	-	-	-		-	-		-	-	-					CHEBI:178409	CHEBI:178409	CHEBI:178409	CHEBI:178409										CHEBI:178409							CHEBI:178409								0
12,13-EpOME	RM0153719	C18H32O3	296.2351	Fatty Acyls	Octadecanoids	EpOME	5356421	CHEBI:38299	HMDB0004702	LMFA02000038	C14826	CCPPLLJZDQAOHD-FLIBITNWSA-N	CCCCCC1C(C/C=C\CCCCCCCC(=O)O)O1	12(13)-EpOME			C14826	map01100,map00591	CHEBI:38299	CHEBI:38299	CHEBI:38299	CHEBI:38299	C14826	C14826	C14826	C14826			C14826	map01100,map00591	CHEBI:84026	CHEBI:38299,CHEBI:84026	C14826			C14826	map01100,map00591	CHEBI:27706,CHEBI:38300,CHEBI:194416	CHEBI:27706,CHEBI:38299,CHEBI:38300,CHEBI:84026,CHEBI:194416	C08368,C14826			C14826	map01100,map00591	CHEBI:15904	R-HSA-1369062,R-HSA-192456,R-HSA-3000471,R-HSA-390247,R-HSA-5684045,R-HSA-77289,R-HSA-8963901,R-HSA-8964058,R-HSA-975634	9
3-Methylene-indolenine	-	-	-	-	-	-	-		-	-		-	-	-																																	0
7alpha,12alpha,26-trihydroxycholest-4-en-3-one	-	-	-	-	-	-	-		-	-		-	-	-					CHEBI:48833	CHEBI:48833	CHEBI:48833	CHEBI:48833					CHEBI:48833	R-HSA-193807,R-HSA-211994				CHEBI:48833		CHEBI:48833	R-HSA-193807,R-HSA-211994				CHEBI:48833		CHEBI:48833	R-HSA-193807,R-HSA-211994					0
SM(d18:1/14:0)	RM0135551	C37H75N2O6P	674.5363	Sphingolipids	Phosphosphingolipids	SM	11433862	CHEBI:64486	HMDB0012097	LMSP03010028		KYICBZWZQPCUMO-PSALXKTOSA-N	CCCCCCCCCCCCC/C=C/[C@H]([C@H](COP(=O)([O-])OCC[N+](C)(C)C)NC(=O)CCCCCCCCCCCCC)O	SM 18:1;O2/14:0					CHEBI:64486	CHEBI:64486	CHEBI:64486	CHEBI:64486										CHEBI:64486							CHEBI:64486						CHEBI:17636	R-HSA-1369062,R-HSA-193681,R-HSA-9840310	3
Pollenitin 8-butyrate	-	-	-	-	-	-	-		-	-		-	-	-					CHEBI:186239	CHEBI:186239	CHEBI:186239	CHEBI:186239										CHEBI:186239							CHEBI:186239								0
Clomipramine	RM0187652	C19H23ClN2	314.1550	Organoheterocyclic compounds	Benzazepines	Dibenzazepines	2801	CHEBI:47780	HMDB0015372		C06918	GDLIGKIOYRNHDA-UHFFFAOYSA-N	CN(C)CCCN1c2ccccc2CCc2ccc(cc12)Cl	Clomipramine	CHEBI:47780	R-HSA-380615			CHEBI:47780,CHEBI:47780	CHEBI:47780,CHEBI:47780	CHEBI:47780,CHEBI:47780	CHEBI:47780	C06918	C06918	C06918	C06918	CHEBI:47780	R-HSA-380615			CHEBI:64209	CHEBI:47780,CHEBI:64209	C06918	CHEBI:47780	R-HSA-380615				CHEBI:47780,CHEBI:64209	C06918	CHEBI:47780	R-HSA-380615					0
LysoPC(18:1(11Z))	RM0133379	C26H52NO7P	521.3481	Glycerophospholipids	Glycerophosphocholines	LPC	53480465	CHEBI:86255	HMDB0010385	LMGP01050138	C04230	PZRFVAHZNWPPAC-VBKSFVIKSA-N	CCCCCC/C=CCCCCCCCCCC(=O)OC[C@H](COP(=O)([O-])OCC[N+](C)(C)C)O	LPC 18:1(11Z)			C04230	map00564,map04148,map05231	CHEBI:86255	CHEBI:86255	CHEBI:86255	CHEBI:86255	C04230	C04230	C04230	C04230			C04230	map00564,map04148,map05231		CHEBI:86255	C04230			C04230	map00564,map04148,map05231		CHEBI:86255	C04230			C04230	map00564,map04148,map05231	CHEBI:58168	R-HSA-111995,R-HSA-1482839,R-HSA-2142753,R-HSA-6814848	4
trans-1,2-dimethylcyclohexane	-	-	-	-	-	-	-		-	-		-	-	-					CHEBI:188237	CHEBI:188237	CHEBI:188237	CHEBI:188237										CHEBI:188237							CHEBI:188237								0
MG(22:1(13Z)/0:0/0:0)	RM0174900	C25H48O4	412.3553	Glycerolipids	Monoradylglycerols	MAG								MG 22:1(13Z)/0:0/0:0					CHEBI:171894	CHEBI:171894	CHEBI:171894	CHEBI:171894										CHEBI:171894							CHEBI:171894						CHEBI:17408	R-HSA-1482883,R-HSA-1483206,R-HSA-192456,R-HSA-6814848	4
Ceramide (d18:1/9Z-18:1)	-	-	-	-	-	-	-		-	-		-	-	-																																	0
Arachidyl oleate	RM0153182	C38H74O2	562.5689	Fatty Acyls	Fatty esters	Wax monoesters	6436542	CHEBI:75628		LMFA07010165		HKJBUPVMFYBSHI-PYCFMQQDSA-N	CCCCCCCCCCCCCCCCCCCCOC(=O)CCCCCCC/C=C\CCCCCCCC	Arachidyl oleate					CHEBI:75628	CHEBI:75628	CHEBI:75628	CHEBI:75628										CHEBI:75628							CHEBI:75628						CHEBI:10036	R-HSA-2142753,R-HSA-9640463	2
Cholestane-3,7,12,25-tetrol-3-glucuronide	-	-	-	-	-	-	-		-	-		-	-	-					CHEBI:141204	CHEBI:141204	CHEBI:141204	CHEBI:141204										CHEBI:141204							CHEBI:141204						CHEBI:35341	R-HSA-196071	1
L-Urobilin	RM0138957	C33H46N4O6	594.3417	Organoheterocyclic compounds	Bilirubins	Bilirubins	5280818	CHEBI:29023	HMDB0004159		C05793	TYOWQSLRVAUSMI-WKULSOCRSA-N	CCC1C(C)C(=O)NC1CC1=N/C(=C/c2c(CCC(=O)O)c(C)c(CC3C(C)C(CC)C(=O)N3)[nH]2)/C(=C1C)CCC(=O)O	L-Urobilin			C05793	map00860	CHEBI:29023	CHEBI:29023	CHEBI:29023	CHEBI:29023	C05793	C05793	C05793	C05793			C05793	map00860		CHEBI:29023	C05793			C05793	map00860		CHEBI:29023	C05793			C05793	map00860	CHEBI:26756	R-HSA-189483	1
N-Methoxy-1-vinyl-beta-carboline	-	-	-	-	-	-	-		-	-		-	-	-					CHEBI:174150	CHEBI:174150	CHEBI:174150	CHEBI:174150										CHEBI:174150							CHEBI:174150								0
PC(20:3(8Z,11Z,14Z)/18:1(11Z))	-	-	-	-	-	-	-		-	-		-	-	-					CHEBI:89293	CHEBI:89293	CHEBI:89293	CHEBI:89293										CHEBI:89293							CHEBI:89293						CHEBI:57643	R-HSA-111995,R-HSA-1369062,R-HSA-1482788,R-HSA-1482798,R-HSA-1482839,R-HSA-1483101,R-HSA-1483148,R-HSA-1483166,R-HSA-1483191,R-HSA-1483196,R-HSA-1660661,R-HSA-2029485,R-HSA-2142753,R-HSA-382556,R-HSA-5678771,R-HSA-5683678,R-HSA-5683826,R-HSA-5688399,R-HSA-6811436,R-HSA-8964058,R-HSA-9680350	21
3,12-Dioxochol-4-en-24-oic Acid	-	-	-	-	-	-	-		-	-		-	-	-					CHEBI:187986	CHEBI:187986	CHEBI:187986	CHEBI:187986										CHEBI:187986							CHEBI:187986						CHEBI:33575,CHEBI:35341	R-HSA-196071,R-HSA-6809371	2
5alpha-cholestan-3alpha,12alpha,16alpha-triol	-	-	-	-	-	-	-		-	-		-	-	-					CHEBI:187433	CHEBI:187433	CHEBI:187433	CHEBI:187433										CHEBI:187433							CHEBI:187433						CHEBI:35341	R-HSA-196071	1
7alpha,12alpha,25-Trihydroxy-5beta-cholestan-3-one	-	-	-	-	-	-	-		-	-		-	-	-					CHEBI:187967	CHEBI:187967	CHEBI:187967	CHEBI:187967										CHEBI:187967							CHEBI:187967						CHEBI:35341	R-HSA-196071	1
SM(d16:1/18:1)	RM0060337	C39H77N2O6P	700.5519	Sphingolipids	Phosphosphingolipids	SM								SM 16:1;O2/18:1					CHEBI:138571,CHEBI:140886	CHEBI:138571,CHEBI:140886	CHEBI:138571,CHEBI:140886	CHEBI:138571,CHEBI:140886										CHEBI:138571,CHEBI:140886							CHEBI:138571,CHEBI:140886						CHEBI:64583	R-HSA-1660661	1
3alpha,7alpha,12alpha-Trihydroxy-24-methyl-5beta-Cholestan-26-oic acid	-	-	-	-	-	-	-		-	-		-	-	-					CHEBI:187057	CHEBI:187057	CHEBI:187057	CHEBI:187057										CHEBI:187057							CHEBI:187057						CHEBI:33575,CHEBI:35341	R-HSA-196071,R-HSA-6809371	2
PS(19:1(9Z)/0:0)	RM0161622	C25H46NO10P	551.2859	Glycerophospholipids	Glycerophosphoserines	LPS	52926287	CHEBI:188068		LMGP03050019		KDKUPWGASYOIMK-MCNIBRDVSA-N	CCCCCCCCC/C=C\CCCCCCCC(=O)OC[C@H](COP(=O)(O)OC[C@@H](C(=O)O)N)O	LPS 19:1(9Z)/0:0					CHEBI:188068	CHEBI:188068	CHEBI:188068	CHEBI:188068										CHEBI:188068							CHEBI:188068						CHEBI:52603	R-HSA-1482801	1
7b-Hydroxy-3-oxo-5b-cholan-24-oate	-	-	-	-	-	-	-		-	-		-	-	-					CHEBI:179144	CHEBI:179144	CHEBI:179144	CHEBI:179144										CHEBI:179144							CHEBI:179144						CHEBI:33575,CHEBI:35341	R-HSA-196071,R-HSA-6809371	2
2-O-[2-O-(alpha-D-Mannopyranosyl)-alpha-D-glucopyranosyl]-3-phospho-D-glycerate	-	-	-	-	-	-	-		-	-		-	-	-					CHEBI:62602	CHEBI:62602	CHEBI:62602	CHEBI:62602									CHEBI:62603	CHEBI:62602,CHEBI:62603							CHEBI:62602,CHEBI:62603						CHEBI:25696	R-HSA-382556,R-HSA-428643,R-HSA-5690338	3
Thyroxine	RM0135922	C15H11I4NO4	776.6867	Organic acids	Amino acids and peptides	Amino acids	5819	CHEBI:18332	HMDB0000248		C01829	XUIIKFGFIJCVMT-LBPRGKRZSA-N	c1c(cc(c(c1I)Oc1cc(c(c(c1)I)O)I)I)C[C@@H](C(=O)O)N	Thyroxine			C01829	map01100,map00350,map04080,map04081,map04918,map04919,map04976,map05320	CHEBI:305790,CHEBI:30660	CHEBI:305790,CHEBI:30660	CHEBI:305790,CHEBI:30660	CHEBI:18332,CHEBI:30660,CHEBI:305790	C01829	C01829	C01829	C01829			C01829	map01100,map00350,map04080,map04081,map04918,map04919,map04976,map05320	CHEBI:30659,CHEBI:58448,CHEBI:60302	CHEBI:18332,CHEBI:30659,CHEBI:30660,CHEBI:58448,CHEBI:60302,CHEBI:305790	C01829	CHEBI:58448	R-HSA-209968,R-HSA-350864,R-HSA-879518	C01829	map01100,map00350,map04080,map04081,map04918,map04919,map04976,map05320		CHEBI:18332,CHEBI:30659,CHEBI:30660,CHEBI:58448,CHEBI:60302,CHEBI:305790	C01829	CHEBI:58448	R-HSA-209968,R-HSA-350864,R-HSA-879518	C01829	map01100,map00350,map04080,map04081,map04918,map04919,map04976,map05320			0
5beta-Cholane-3alpha,7alpha,12alpha-triol	-	-	-	-	-	-	-		-	-		-	-	-					CHEBI:187974	CHEBI:187974	CHEBI:187974	CHEBI:187974										CHEBI:187974							CHEBI:187974						CHEBI:35341	R-HSA-196071	1
2,3-Butanedithiol	-	-	-	-	-	-	-		-	-		-	-	-					CHEBI:179053	CHEBI:179053	CHEBI:179053	CHEBI:179053										CHEBI:179053							CHEBI:179053								0
Malonylmalvin	-	-	-	-	-	-	-		-	-		-	-	-					CHEBI:188139	CHEBI:188139	CHEBI:188139	CHEBI:188139										CHEBI:188139							CHEBI:188139						CHEBI:36916	R-HSA-936837	1
LysoPC(20:2(11Z,14Z))	RM0133383	C28H54NO7P	547.3638	Glycerophospholipids	Glycerophosphocholines	LPC	52924053	CHEBI:83055	HMDB0010392	LMGP01050132		YYQVCMMXPIJVHY-ZOIJLGJPSA-N	CCCCC/C=CC/C=CCCCCCCCCCC(=O)OC[C@H](COP(=O)([O-])OCC[N+](C)(C)C)O	LPC 20:2(11Z,14Z)/0:0					CHEBI:83055	CHEBI:83055	CHEBI:83055	CHEBI:83055										CHEBI:83055							CHEBI:83055						CHEBI:60479	R-HSA-1483115,R-HSA-3000471,R-HSA-3000480,R-HSA-3000484,R-HSA-5686938,R-HSA-6814848	6
Desethylenenorfloxacin	-	-	-	-	-	-	-		-	-		-	-	-					CHEBI:188248	CHEBI:188248	CHEBI:188248	CHEBI:188248										CHEBI:188248							CHEBI:188248								0
Acetylcysteine	RM0129928	C5H9NO3S	163.0303	Organic acids	Amino acids and peptides	Amino acids	12035	CHEBI:28939	HMDB0001890		C06809	PWKSKIMOESPYIA-BYPYZUCNSA-N	CC(=O)N[C@@H](CS)C(=O)O	N-Acetylcysteine					CHEBI:28939,CHEBI:22198	CHEBI:28939,CHEBI:22198	CHEBI:28939,CHEBI:22198	CHEBI:22198,CHEBI:28939	C06809	C06809	C06809	C06809					CHEBI:78236	CHEBI:22198,CHEBI:28939,CHEBI:78236	C06809	CHEBI:78236	R-HSA-9753281			CHEBI:45563	CHEBI:22198,CHEBI:28939,CHEBI:45563,CHEBI:78236	C06809	CHEBI:78236	R-HSA-9753281					0
Acetostearin	-	-	-	-	-	-	-		-	-		-	-	-																																	0
Cryptogenin	-	-	-	-	-	-	-		-	-		-	-	-					CHEBI:81367	CHEBI:81367	CHEBI:81367	CHEBI:81367	C17891	C17891	C17891	C17891						CHEBI:81367	C17891						CHEBI:81367	C17891					CHEBI:35341	R-HSA-196071	1
Quercetin 7,4'-diglucoside	RM0186752	C27H30O17	626.1483	Polyketides	Flavonoids	Flavonols	44259248		HMDB0304757	LMPK12112204		QZXHFNCQMMUANB-UINLEYECSA-N	c1cc(c(cc1c1c(c(=O)c2c(cc(cc2o1)O[C@H]1[C@@H]([C@H]([C@@H]([C@@H](CO)O1)O)O)O)O)O)O)O[C@H]1[C@@H]([C@H]([C@@H]([C@@H](CO)O1)O)O)O	Quercetin 7,4'-diglucoside					CHEBI:131499	CHEBI:131499	CHEBI:131499	CHEBI:131499										CHEBI:131499							CHEBI:131499								0
PC(O-18:0/1:0)	-	-	-	-	-	-	-		-	-		-	-	-					CHEBI:184130	CHEBI:184130	CHEBI:184130	CHEBI:184130										CHEBI:184130							CHEBI:184130						CHEBI:36313	R-HSA-1482788	1
2-Amino-4-oxo-6-(1,2-dioxoprolyl)-7,8-dihydroxypteridine	-	-	-	-	-	-	-		-	-		-	-	-																																	0
17-octadecynoic acid	RM0194335	C18H32O2	280.2402	Fatty Acyls	Fatty acids	Unsaturated FA	1449	CHEBI:142447	HMDB0244776	LMFA01030575		DZIILFGADWDKMF-UHFFFAOYSA-N	C#CCCCCCCCCCCCCCCCC(=O)O	17-Octadecynoic acid					CHEBI:142447	CHEBI:142447	CHEBI:142447	CHEBI:142447										CHEBI:142447							CHEBI:142447						CHEBI:15904	R-HSA-1369062,R-HSA-192456,R-HSA-3000471,R-HSA-390247,R-HSA-5684045,R-HSA-77289,R-HSA-8963901,R-HSA-8964058,R-HSA-975634	9
CPA(16:0)	RM0135035	C19H37O6P	392.2328	Glycerophospholipids	Other Glycerophospholipids	Other Glycerophospholipids	24779563	CHEBI:187925	HMDB0007003	LMGP00000057		WLYRJURLXSFXRK-GOSISDBHSA-N	CCCCCCCCCCCCCCCC(=O)OC[C@@H]1COP(=O)(O)O1	CPA 16:0					CHEBI:187925	CHEBI:187925	CHEBI:187925	CHEBI:187925										CHEBI:187925							CHEBI:187925						CHEBI:37739	R-HSA-9845576	1
(22R)-3alpha,7alpha,22-Trihydroxy-5beta-cholan-24-oic Acid	-	-	-	-	-	-	-		-	-		-	-	-					CHEBI:184528	CHEBI:184528	CHEBI:184528	CHEBI:184528										CHEBI:184528							CHEBI:184528						CHEBI:33575,CHEBI:35341	R-HSA-196071,R-HSA-6809371	2
N,N'-Diphenyl-p-phenylenediamine	-	-	-	-	-	-	-		-	-		-	-	-					CHEBI:34860	CHEBI:34860	CHEBI:34860	CHEBI:34860	C14501	C14501	C14501	C14501						CHEBI:34860	C14501						CHEBI:34860	C14501							0
3',5'-Cyclic Inosine monophosphate (cIMP)	-	-	-	-	-	-	-		-	-		-	-	-																																	0
bacteriohopane-32,33,34,35-tetrol	-	-	-	-	-	-	-		-	-		-	-	-					CHEBI:132468	CHEBI:132468	CHEBI:132468	CHEBI:132468	C21119	C21119	C21119	C21119						CHEBI:132468	C21119						CHEBI:132468	C21119					CHEBI:18059	R-HSA-1222556,R-HSA-1369062,R-HSA-5682294,R-HSA-804914,R-HSA-8941413	5
6-Deoxocastasterone	RM0126029	C28H50O4	450.3709	Sterol Lipids	Sterols	Ergosterols	13870433	CHEBI:20712	HMDB0033984	LMST01030127		VXBLCLVRWCLEOX-BFYSZXNBSA-N	CC(C)[C@H](C)[C@H]([C@@H]([C@@H](C)[C@H]1CC[C@H]2[C@@H]3CC[C@H]4C[C@@H]([C@@H](C[C@]4(C)[C@H]3CC[C@]12C)O)O)O)O	6-Deoxocastasterone					CHEBI:20712	CHEBI:20712	CHEBI:20712	CHEBI:20712	C15802	C15802	C15802	C15802			C15802	map01100,map01110,map00905		CHEBI:20712	C15802			C15802	map01100,map01110,map00905		CHEBI:20712	C15802			C15802	map01100,map01110,map00905	CHEBI:30879,CHEBI:35341	R-HSA-1483166,R-HSA-196071,R-HSA-2022377,R-HSA-8935690	4
27-Nor-5b-cholestane-3a,7a,12a,24,25-pentol	RM0135692	C26H46O5	438.3345	Sterol Lipids	Sterols	Oxysterols	21252278	CHEBI:166805	HMDB0002126	LMST01010213		UBCPEZWGUOSYHO-JAPSQKQGSA-N	C[C@H](CCC(C(C)O)O)[C@H]1CC[C@H]2[C@H]3[C@H](C[C@@H]([C@]12C)O)[C@@]1(C)CC[C@H](C[C@H]1C[C@H]3O)O	27-Nor-5beta-cholestane-3alpha,7alpha,12alpha,24,25-pentol					CHEBI:166805	CHEBI:166805	CHEBI:166805	CHEBI:166805										CHEBI:166805							CHEBI:166805						CHEBI:35341	R-HSA-196071	1
Sulfaquinoxaline	RM0108849	C14H12N4O2S	300.0681	Benzenoids	Benzenes	Benzenesulfonyl compounds	5338	CHEBI:94719	HMDB0033139			NHZLNPMOSADWGC-UHFFFAOYSA-N	c1ccc2c(c1)ncc(n2)NS(=O)(=O)c1ccc(cc1)N	Sulfaquinoxaline								CHEBI:94719										CHEBI:94719							CHEBI:94719								0
25,26-dihydroxyvitamin D	-	-	-	-	-	-	-		-	-		-	-	-					CHEBI:89079	CHEBI:89079	CHEBI:89079	CHEBI:89079										CHEBI:89079							CHEBI:89079						CHEBI:18059	R-HSA-1222556,R-HSA-1369062,R-HSA-5682294,R-HSA-804914,R-HSA-8941413	5
PE(18:1(9Z)/0:0)	RM0161561	C23H46NO7P	479.3012	Glycerophospholipids	Glycerophosphoethanolamines	LPE								LPE 18:1(9Z)/0:0					CHEBI:75168	CHEBI:75168	CHEBI:75168	CHEBI:75168									CHEBI:74971	CHEBI:74971,CHEBI:75168							CHEBI:74971,CHEBI:75168						CHEBI:29017	R-HSA-1482798,R-HSA-1482839,R-HSA-1483152	3
Shoyuflavone C	-	-	-	-	-	-	-		-	-		-	-	-					CHEBI:185734	CHEBI:185734	CHEBI:185734	CHEBI:185734										CHEBI:185734							CHEBI:185734								0
Hyrtial	-	-	-	-	-	-	-		-	-		-	-	-					CHEBI:132487	CHEBI:132487	CHEBI:132487	CHEBI:132487										CHEBI:132487							CHEBI:132487						CHEBI:18059	R-HSA-1222556,R-HSA-1369062,R-HSA-5682294,R-HSA-804914,R-HSA-8941413	5
24-Nor-5beta-chol-22-ene-3alpha,7alpha-diol	-	-	-	-	-	-	-		-	-		-	-	-					CHEBI:136928	CHEBI:136928	CHEBI:136928	CHEBI:136928										CHEBI:136928							CHEBI:136928						CHEBI:35341	R-HSA-196071	1
glycochenodeoxycholic acid 7-sulfate	RM0125890	C26H43NO8S	529.2709	Sterol Lipids	Bile acids	C24 bile acids	11954205	CHEBI:52031	HMDB0002496	LMST05030005	C15559	GLYPHOJMMLQNJQ-GYPHWSFCSA-N	C[C@H](CCC(=O)NCC(=O)O)[C@H]1CC[C@H]2[C@H]3[C@H](CC[C@]12C)[C@@]1(C)CC[C@H](C[C@H]1C[C@H]3OS(=O)(=O)O)O	Glycochenodeoxycholic acid 7-sulfate					CHEBI:52031	CHEBI:52031	CHEBI:52031	CHEBI:52031	C15559	C15559	C15559	C15559					CHEBI:58877	CHEBI:52031,CHEBI:58877	C15559						CHEBI:52031,CHEBI:58877	C15559					CHEBI:35341	R-HSA-196071	1
Mirin	-	-	-	-	-	-	-		-	-		-	-	-					CHEBI:188315	CHEBI:188315	CHEBI:188315	CHEBI:188315										CHEBI:188315							CHEBI:188315								0
4-Deoxyannoreticuin	-	-	-	-	-	-	-		-	-		-	-	-					CHEBI:172756	CHEBI:172756	CHEBI:172756	CHEBI:172756										CHEBI:172756							CHEBI:172756								0
9-keto stearic acid	-	-	-	-	-	-	-		-	-		-	-	-																																	0
3-hydroxy behenic acid	RM0153660	C22H44O3	356.3290	Fatty Acyls	Fatty acids	Hydroxy FA	5282921	CHEBI:52348		LMFA01050078		PNPWTPYWWUOMDS-UHFFFAOYSA-N	CCCCCCCCCCCCCCCCCCCC(CC(=O)O)O	3-Hydroxy behenic acid								CHEBI:52348										CHEBI:52348							CHEBI:52348						CHEBI:33575	R-HSA-6809371	1
5beta-Cholanoic acid	RM0032267	C24H40O2	360.3028	Sterol Lipids	Bile acids	C24 bile acids	92803	CHEBI:36238	HMDB0247018	LMST04010441		RPKLZQLYODPWTM-LVVAJZGHSA-N	C[C@H](CCC(=O)O)[C@H]1CC[C@H]2[C@@H]3CC[C@@H]4CCCC[C@]4(C)[C@H]3CC[C@]12C	5beta-Cholanoic acid					CHEBI:36238	CHEBI:36238	CHEBI:36238	CHEBI:36238										CHEBI:36238							CHEBI:36238						CHEBI:35341	R-HSA-196071	1
Allosamidine	-	-	-	-	-	-	-		-	-		-	-	-																																	0
3-Phenyl-4-pentenal	RM0224376	C11H12O	160.0888	Organic acids	Phenylpropanoids	Cinnamic acids	61243		HMDB0038790			XQTAGXUFCZLHIQ-UHFFFAOYSA-N	C=CC(CC=O)c1ccccc1	3-Phenyl-4-pentenal					CHEBI:186784	CHEBI:186784	CHEBI:186784	CHEBI:186784										CHEBI:186784							CHEBI:186784								0
PC(O-16:1(1E)/0:0)	-	-	-	-	-	-	-		-	-		-	-	-					CHEBI:188007	CHEBI:188007	CHEBI:188007	CHEBI:188007										CHEBI:188007							CHEBI:188007						CHEBI:36313	R-HSA-1482788	1
8-C-Prenyl-6'',6''-dimethylpyrano[2'',3'':7,6]flavanone	-	-	-	-	-	-	-		-	-		-	-	-						CHEBI:183125	CHEBI:183125	CHEBI:183125										CHEBI:183125							CHEBI:183125								0
22-keto-26-Hexacosanolide	-	-	-	-	-	-	-		-	-		-	-	-					CHEBI:188282	CHEBI:188282	CHEBI:188282	CHEBI:188282										CHEBI:188282							CHEBI:188282								0
??-hydroxy Farnesyl Phosphonic Acid	-	-	-	-	-	-	-		-	-		-	-	-																																	0
PE(20:3(5Z,8Z,11Z)/18:0)	-	-	-	-	-	-	-		-	-		-	-	-					CHEBI:171351	CHEBI:171351	CHEBI:171351	CHEBI:171351										CHEBI:171351							CHEBI:171351						CHEBI:36314	R-HSA-1482788	1
Guibourtinidol-(4alpha->6)-catechin	-	-	-	-	-	-	-		-	-		-	-	-					CHEBI:5570	CHEBI:5570	CHEBI:5570	CHEBI:5570	C10231	C10231	C10231	C10231						CHEBI:5570	C10231						CHEBI:5570	C10231							0
PE(O-20:0/13:0)	RM0135083	C38H78NO7P	691.5516	Glycerophospholipids	Glycerophosphoethanolamines	O-PE	52924997	CHEBI:187342		LMGP02020062		OHWPAQWILFPPLT-DIPNUNPCSA-N	CCCCCCCCCCCCCCCCCCCCOC[C@H](COP(=O)(O)OCCN)OC(=O)CCCCCCCCCCCC	PE O-20:0/13:0					CHEBI:187342	CHEBI:187342	CHEBI:187342	CHEBI:187342										CHEBI:187342							CHEBI:187342						CHEBI:36314	R-HSA-1482788	1
Hipposterol	-	-	-	-	-	-	-		-	-		-	-	-					CHEBI:187935	CHEBI:187935	CHEBI:187935	CHEBI:187935										CHEBI:187935							CHEBI:187935						CHEBI:18059	R-HSA-1222556,R-HSA-1369062,R-HSA-5682294,R-HSA-804914,R-HSA-8941413	5
11-acetoxy-3beta,6alpha-dihydroxy-9,11-seco-5alpha-cholest-7-en-9-one.	-	-	-	-	-	-	-		-	-		-	-	-					CHEBI:185795	CHEBI:185795	CHEBI:185795	CHEBI:185795										CHEBI:185795							CHEBI:185795						CHEBI:18059	R-HSA-1222556,R-HSA-1369062,R-HSA-5682294,R-HSA-804914,R-HSA-8941413	5
PC(20:2(11Z,14Z)/0:0)	RM0133383	C28H54NO7P	547.3638	Glycerophospholipids	Glycerophosphocholines	LPC	52924053	CHEBI:83055	HMDB0010392	LMGP01050132		YYQVCMMXPIJVHY-ZOIJLGJPSA-N	CCCCC/C=CC/C=CCCCCCCCCCC(=O)OC[C@H](COP(=O)([O-])OCC[N+](C)(C)C)O	LPC 20:2(11Z,14Z)/0:0								CHEBI:83055										CHEBI:83055							CHEBI:83055						CHEBI:60479	R-HSA-1483115,R-HSA-3000471,R-HSA-3000480,R-HSA-3000484,R-HSA-5686938,R-HSA-6814848	6
Guaiacol	RM0136094	C7H8O2	124.0524	Organic acids	Phenylpropanoids	Cinnamic acids	460	CHEBI:28591	HMDB0001398		C15572	LHGVFZTZFXWLCP-UHFFFAOYSA-N	COc1ccccc1O	Guaiacol	CHEBI:28591	R-HSA-381753,R-HSA-381753			CHEBI:28591,CHEBI:28591	CHEBI:28591,CHEBI:28591	CHEBI:28591,CHEBI:28591	CHEBI:28591	C01502,C15572	C01502,C15572	C01502,C15572	C01502,C15572	CHEBI:28591	R-HSA-381753,R-HSA-381753	C01502	map01120,map00627		CHEBI:28591	C01502,C15572	CHEBI:28591	R-HSA-381753,R-HSA-381753	C01502	map01120,map00627		CHEBI:28591	C01502,C15572	CHEBI:28591	R-HSA-381753,R-HSA-381753	C01502	map01120,map00627			0
LTC4	RM0152608	C30H47N3O9S	625.3033	Fatty Acyls	Eicosanoids	Leukotrienes	5280493	CHEBI:16978	HMDB0001198	LMFA03020003	C02166	GWNVDXQDILPJIG-NXOLIXFESA-N	CCCCC/C=C\C/C=C\C=C\C=C\[C@H]([C@H](CCCC(=O)O)O)SC[C@@H](C(=O)NCC(=O)O)NC(=O)CC[C@@H](C(=O)O)N	LTC4			C02166	map01100,map00590,map04080,map04664,map04976,map04726,map05310	CHEBI:16978	CHEBI:16978	CHEBI:16978	CHEBI:16978	C02166	C02166	C02166	C02166			C02166	map01100,map00590,map04080,map04664,map04976,map04726,map05310	CHEBI:57973	CHEBI:16978,CHEBI:57973	C02166	CHEBI:57973	R-HSA-2142691,R-HSA-391906,R-HSA-416476,R-HSA-418594,R-HSA-9664535	C02166	map01100,map00590,map04080,map04664,map04976,map04726,map05310		CHEBI:16978,CHEBI:57973	C02166	CHEBI:57973	R-HSA-2142691,R-HSA-391906,R-HSA-416476,R-HSA-418594,R-HSA-9664535	C02166	map01100,map00590,map04080,map04664,map04976,map04726,map05310			0
PC(18:2(9Z,12Z)/P-16:0)	-	-	-	-	-	-	-		-	-		-	-	-					CHEBI:89591	CHEBI:89591	CHEBI:89591	CHEBI:89591										CHEBI:89591							CHEBI:89591						CHEBI:36313	R-HSA-1482788	1
L-glutamine	RM0012560	C5H10N2O3	146.0691	Organic acids	Amino acids and peptides	Amino acids	5961	CHEBI:18050	HMDB0000641		C00064	ZDXPYRJPNDTMRX-VKHMYHEASA-N	C(CC(=O)N)[C@@H](C(=O)O)N	Glutamine			C00064	map01100,map01110,map01120,map01230,map01232,map01240,map00630,map00910,map00230,map00240,map00250,map00220,map00470,map00750,map01060,map00970,map02010,map02020,map04974,map04978,map04964,map04724,map04727,map04382,map05230	CHEBI:18050,CHEBI:28300,CHEBI:28300,CHEBI:30011,CHEBI:58359	CHEBI:18050,CHEBI:28300,CHEBI:28300,CHEBI:30011,CHEBI:58359	CHEBI:18050,CHEBI:28300,CHEBI:28300,CHEBI:30011,CHEBI:58359	CHEBI:18050,CHEBI:28300,CHEBI:30011,CHEBI:58359	C00064,C00303	C00064,C00303	C00064,C00303	C00064,C00303	CHEBI:58359	R-HSA-177162,R-HSA-196807,R-HSA-210455,R-HSA-210500,R-HSA-352230,R-HSA-379716,R-HSA-379726,R-HSA-4085023,R-HSA-442660,R-HSA-446210,R-HSA-499943,R-HSA-500753,R-HSA-5619044,R-HSA-5628897,R-HSA-5659735,R-HSA-73817,R-HSA-8963693,R-HSA-8964539,R-HSA-9748787	C00064	map01100,map01110,map01120,map01230,map01232,map01240,map00630,map00910,map00230,map00240,map00250,map00220,map00470,map00750,map01060,map00970,map02010,map02020,map04974,map04978,map04964,map04724,map04727,map04382,map05230	CHEBI:17061,CHEBI:32665,CHEBI:32666,CHEBI:32672,CHEBI:32673,CHEBI:32678,CHEBI:32679,CHEBI:48097,CHEBI:58000	CHEBI:17061,CHEBI:18050,CHEBI:28300,CHEBI:30011,CHEBI:32665,CHEBI:32666,CHEBI:32672,CHEBI:32673,CHEBI:32678,CHEBI:32679,CHEBI:48097,CHEBI:58000,CHEBI:58359	C00064,C00303,C00819	CHEBI:58359	R-HSA-177162,R-HSA-196807,R-HSA-210455,R-HSA-210500,R-HSA-352230,R-HSA-379716,R-HSA-379726,R-HSA-4085023,R-HSA-442660,R-HSA-446210,R-HSA-499943,R-HSA-500753,R-HSA-5619044,R-HSA-5628897,R-HSA-5659735,R-HSA-73817,R-HSA-8963693,R-HSA-8964539,R-HSA-9748787	C00064,C00819	map01100,map01110,map01120,map01230,map01232,map01240,map00630,map00910,map00230,map00240,map00250,map00220,map00470,map00750,map01060,map00970,map02010,map02020,map04974,map04978,map04964,map04724,map04727,map04382,map05230,map01100,map00470		CHEBI:17061,CHEBI:18050,CHEBI:28300,CHEBI:30011,CHEBI:32665,CHEBI:32666,CHEBI:32672,CHEBI:32673,CHEBI:32678,CHEBI:32679,CHEBI:48097,CHEBI:58000,CHEBI:58359	C00064,C00303,C00819	CHEBI:58359	R-HSA-177162,R-HSA-196807,R-HSA-210455,R-HSA-210500,R-HSA-352230,R-HSA-379716,R-HSA-379726,R-HSA-4085023,R-HSA-442660,R-HSA-446210,R-HSA-499943,R-HSA-500753,R-HSA-5619044,R-HSA-5628897,R-HSA-5659735,R-HSA-73817,R-HSA-8963693,R-HSA-8964539,R-HSA-9748787	C00064,C00819	map01100,map01110,map01120,map01230,map01232,map01240,map00630,map00910,map00230,map00240,map00250,map00220,map00470,map00750,map01060,map00970,map02010,map02020,map04974,map04978,map04964,map04724,map04727,map04382,map05230,map01100,map00470			0
Taxa-4(20),11(12)-dien-5alpha,13alpha-diol	-	-	-	-	-	-	-		-	-		-	-	-					CHEBI:30041,CHEBI:30041	CHEBI:30041,CHEBI:30041	CHEBI:30041	CHEBI:30041	C11897	C11897	C11897	C11897						CHEBI:30041	C11897						CHEBI:30041	C11897					CHEBI:30879	R-HSA-1483166,R-HSA-2022377,R-HSA-8935690	3
SPHONDIN	RM0186771	C12H8O4	216.0423	Polyketides	Coumarins	Furanocoumarins	108104		HMDB0302839			DLCJNIBLOSKIQW-UHFFFAOYSA-N	COc1cc2ccc(=O)oc2c2ccoc12	Sphondin					CHEBI:81486	CHEBI:81486	CHEBI:81486	CHEBI:81486	C18081	C18081	C18081	C18081						CHEBI:81486	C18081						CHEBI:81486	C18081							0
5-Cholestene-3beta,7alpha,12alpha,24-tetrol	-	-	-	-	-	-	-		-	-		-	-	-					CHEBI:188009	CHEBI:188009	CHEBI:188009	CHEBI:188009										CHEBI:188009							CHEBI:188009						CHEBI:33575,CHEBI:35341	R-HSA-196071,R-HSA-6809371	2
Desglucocoroloside	-	-	-	-	-	-	-		-	-		-	-	-					CHEBI:173218	CHEBI:173218	CHEBI:173218	CHEBI:173218										CHEBI:173218							CHEBI:173218						CHEBI:35341	R-HSA-196071	1
12,13-DiHODE	RM0073176	C18H32O4	312.2301	Fatty Acyls	Octadecanoids	DiHODE	16061067	CHEBI:88461	HMDB0010201	LMFA02000046		RGRKFKRAFZJQMS-OOHFSOINSA-N	CC/C=C\CC(C(C/C=C\CCCCCCCC(=O)O)O)O	12,13-DiHODE					CHEBI:88461	CHEBI:88461	CHEBI:88461	CHEBI:88461										CHEBI:88461							CHEBI:88461						CHEBI:24654	R-HSA-3000471,R-HSA-3000480,R-HSA-3000484,R-HSA-5686938	4
PS(20:3(8Z,11Z,14Z)/19:1(9Z))	-	-	-	-	-	-	-		-	-		-	-	-					CHEBI:188025	CHEBI:188025	CHEBI:188025	CHEBI:188025										CHEBI:188025							CHEBI:188025						CHEBI:16247	R-HSA-1483206,R-HSA-202733,R-HSA-2168880,R-HSA-3000471,R-HSA-3000480,R-HSA-3000484,R-HSA-3000497,R-HSA-432142,R-HSA-5686938,R-HSA-8856825,R-HSA-8856828,R-HSA-8866423,R-HSA-8963888,R-HSA-8963896,R-HSA-8963901,R-HSA-8964011,R-HSA-8964026,R-HSA-8964038,R-HSA-8964041,R-HSA-8964046,R-HSA-8964058,R-HSA-8964572,R-HSA-9615710,R-HSA-9707616,R-HSA-975634,R-HSA-9918432,R-HSA-9918481,R-HSA-9918487,R-HSA-9920588,R-HSA-9920951	30
2beta,3alpha-Dihydroxy-5beta-cholan-24-oic Acid	RM0201191	C24H40O4	392.2927	Sterol Lipids	Bile acids	C24 bile acids	5283817			LMST04010021		XKHVNTXVBMJZFA-HATFSDQTSA-N	C[C@H](CCC(=O)O)[C@H]1CC[C@H]2[C@@H]3CC[C@@H]4C[C@@H]([C@H](C[C@]4(C)[C@H]3CC[C@]12C)O)O	2beta,3alpha-Dihydroxy-5beta-cholan-24-oic acid					CHEBI:187975	CHEBI:187975	CHEBI:187975	CHEBI:187975										CHEBI:187975							CHEBI:187975						CHEBI:35341	R-HSA-196071	1
5-Cholestene-3beta,7alpha,12alpha,25-tetrol	-	-	-	-	-	-	-		-	-		-	-	-					CHEBI:187973	CHEBI:187973	CHEBI:187973	CHEBI:187973										CHEBI:187973							CHEBI:187973						CHEBI:35341	R-HSA-196071	1
18-hydroxy-9S,10R-epoxy-stearic acid	RM0153709	C18H34O4	314.2457	Fatty Acyls	Octadecanoids	EpODA	16061046	CHEBI:138255		LMFA02000004		ITTPZDMHCNGAGQ-SJORKVTESA-N	C(CCCCO)CCC[C@@H]1[C@H](CCCCCCCC(=O)O)O1	18-Hydroxy-9S,10R-epoxy-stearic acid								CHEBI:138255									CHEBI:137458,CHEBI:137459,CHEBI:138258	CHEBI:137458,CHEBI:137459,CHEBI:138255,CHEBI:138258							CHEBI:137458,CHEBI:137459,CHEBI:138255,CHEBI:138258						CHEBI:15904,CHEBI:24654	R-HSA-1369062,R-HSA-192456,R-HSA-3000471,R-HSA-3000480,R-HSA-3000484,R-HSA-390247,R-HSA-5684045,R-HSA-5686938,R-HSA-77289,R-HSA-8963901,R-HSA-8964058,R-HSA-975634	12
AMCC	RM0131934	C7H12N2O4S	220.0518	Organic acids	Amino acids and peptides	Amino acids	4489451	CHEBI:2355	HMDB0041942			MXRPNYMMDLFYDL-UHFFFAOYSA-N	CC(=O)NC(CSC(=O)NC)C(=O)O	N-Acetyl-S-(N-methylcarbamoyl)-cysteine					CHEBI:2355	CHEBI:2355	CHEBI:2355	CHEBI:2355	C11490	C11490	C11490	C11490						CHEBI:2355	C11490						CHEBI:2355	C11490					CHEBI:33575	R-HSA-6809371	1
DG(14:1(9Z)/18:3(9Z,12Z,15Z)/0:0)	-	-	-	-	-	-	-		-	-		-	-	-					CHEBI:183627	CHEBI:183627	CHEBI:183627	CHEBI:183627										CHEBI:183627							CHEBI:183627						CHEBI:17815	R-HSA-114508,R-HSA-114516,R-HSA-114604,R-HSA-1169091,R-HSA-1169092,R-HSA-1250196,R-HSA-139853,R-HSA-1482883,R-HSA-1483191,R-HSA-1483206,R-HSA-1483213,R-HSA-1489509,R-HSA-162710,R-HSA-163560,R-HSA-1660661,R-HSA-1855204,R-HSA-2029485,R-HSA-2179392,R-HSA-3000170,R-HSA-354192,R-HSA-392517,R-HSA-399997,R-HSA-4086398,R-HSA-416476,R-HSA-416993,R-HSA-418217,R-HSA-418597,R-HSA-419408,R-HSA-426048,R-HSA-434316,R-HSA-4419969,R-HSA-5099900,R-HSA-5218921,R-HSA-5673001,R-HSA-75109,R-HSA-76005,R-HSA-9717207,R-HSA-983695	38
1alpha,3alpha-Dihydroxy-5beta-cholan-24-oic Acid	-	-	-	-	-	-	-		-	-		-	-	-					CHEBI:187932	CHEBI:187932	CHEBI:187932	CHEBI:187932										CHEBI:187932							CHEBI:187932						CHEBI:35341	R-HSA-196071	1
PC(O-14:1(1E)/0:0)	-	-	-	-	-	-	-		-	-		-	-	-					CHEBI:137144	CHEBI:137144	CHEBI:137144	CHEBI:137144										CHEBI:137144							CHEBI:137144						CHEBI:36313	R-HSA-1482788	1
11S-hydroxy-hexadecanoic acid	-	-	-	-	-	-	-		-	-		-	-	-																																	0
1,2-Bis(1-ethoxyethoxy)propane	-	-	-	-	-	-	-		-	-		-	-	-					CHEBI:168867,CHEBI:168867	CHEBI:168867,CHEBI:168867	CHEBI:168867	CHEBI:168867										CHEBI:168867							CHEBI:168867								0
Thelephoric acid	-	-	-	-	-	-	-		-	-		-	-	-					CHEBI:144238	CHEBI:144238	CHEBI:144238	CHEBI:144238										CHEBI:144238							CHEBI:144238								0
6,9,12-hexadecatrienoic acid	RM0071970	C16H26O2	250.1933	Fatty Acyls	Fatty acids	Unsaturated FA	5282811	CHEBI:165478		LMFA01030136		SBEXLJDCZSJDLW-JSIPCRQOSA-N	CCC/C=C/C/C=C/C/C=C/CCCCC(=O)O	6,9,12-hexadecatrienoic acid					CHEBI:165478	CHEBI:165478	CHEBI:165478	CHEBI:165478										CHEBI:165478							CHEBI:165478						CHEBI:15904	R-HSA-1369062,R-HSA-192456,R-HSA-3000471,R-HSA-390247,R-HSA-5684045,R-HSA-77289,R-HSA-8963901,R-HSA-8964058,R-HSA-975634	9
(20S)-24-Hydroxygeminivitamin D3	-	-	-	-	-	-	-		-	-		-	-	-					CHEBI:188281	CHEBI:188281	CHEBI:188281	CHEBI:188281										CHEBI:188281							CHEBI:188281						CHEBI:35341	R-HSA-196071	1
N-Didesethylquinagolide	-	-	-	-	-	-	-		-	-		-	-	-																																	0
PC(O-18:1(1E)/0:0)	-	-	-	-	-	-	-		-	-		-	-	-					CHEBI:184128	CHEBI:184128	CHEBI:184128	CHEBI:184128										CHEBI:184128							CHEBI:184128						CHEBI:36313	R-HSA-1482788	1
PA(22:6(4Z,7Z,10Z,13Z,16Z,19Z)/22:6(4Z,7Z,10Z,13Z,16Z,19Z))	RM0133514	C47H69O8P	792.4730	Glycerophospholipids	Glycerophosphates	PA	46891871	CHEBI:83778	HMDB0115425	LMGP10010041		YUDIFVLBAGUYSQ-LKFRDWELSA-N	CC/C=CC/C=CC/C=CC/C=CC/C=CC/C=CCCC(=O)OC[C@H](COP(=O)(O)O)OC(=O)CC/C=CC/C=CC/C=CC/C=CC/C=CC/C=CCC	PA 22:6(4Z,7Z,10Z,13Z,16Z,19Z)/22:6(4Z,7Z,10Z,13Z,16Z,19Z)					CHEBI:83778	CHEBI:83778	CHEBI:83778	CHEBI:83778									CHEBI:82924	CHEBI:82924,CHEBI:83778							CHEBI:82924,CHEBI:83778						CHEBI:37739	R-HSA-9845576	1
Delphinidin 3-lathyroside	-	-	-	-	-	-	-		-	-		-	-	-					CHEBI:184895	CHEBI:184895	CHEBI:184895	CHEBI:184895										CHEBI:184895							CHEBI:184895						CHEBI:36916	R-HSA-936837	1
Norchenodeoxycholic acid	-	-	-	-	-	-	-		-	-		-	-	-					CHEBI:177017	CHEBI:177017	CHEBI:177017	CHEBI:177017										CHEBI:177017							CHEBI:177017								0
Ptilosteroid A	-	-	-	-	-	-	-		-	-		-	-	-					CHEBI:188034	CHEBI:188034	CHEBI:188034	CHEBI:188034										CHEBI:188034							CHEBI:188034						CHEBI:35341	R-HSA-196071	1
3alpha-Hydroxychol-4-en-24-oic Acid	-	-	-	-	-	-	-		-	-		-	-	-					CHEBI:188222	CHEBI:188222	CHEBI:188222	CHEBI:188222										CHEBI:188222							CHEBI:188222						CHEBI:33575,CHEBI:35341	R-HSA-196071,R-HSA-6809371	2
methyl-10-hydroperoxy-8E,12Z,15Z-octadecatrienoate	-	-	-	-	-	-	-		-	-		-	-	-					CHEBI:187053	CHEBI:187053	CHEBI:187053	CHEBI:187053										CHEBI:187053							CHEBI:187053						CHEBI:18059	R-HSA-1222556,R-HSA-1369062,R-HSA-5682294,R-HSA-804914,R-HSA-8941413	5
(3beta,5alpha,6beta,24R)-Stigmastane-3,5,6-triol	-	-	-	-	-	-	-		-	-		-	-	-					CHEBI:180632	CHEBI:180632	CHEBI:180632	CHEBI:180632										CHEBI:180632							CHEBI:180632						CHEBI:35341	R-HSA-196071	1
Sucrose	RM0159895	C12H22O11	342.1162	Carbohydrates	Disaccharides	Disaccharides	5988	CHEBI:17992	HMDB0000258		C00089	CZMRCDWAGMRECN-UGDNZRGBSA-N	C([C@@H]1[C@H]([C@@H]([C@H]([C@H](O1)O[C@@]1(CO)[C@H]([C@@H]([C@@H](CO)O1)O)O)O)O)O)O	Sucrose	CHEBI:17992	R-HSA-189085,R-HSA-418594,R-HSA-420499,R-HSA-5659898,R-HSA-9717207,R-HSA-9717207	C00089	map01100,map01110,map00052,map00500,map02010,map02060,map04973,map04742	CHEBI:17992,CHEBI:17992,CHEBI:17992	CHEBI:17992,CHEBI:17992,CHEBI:17992	CHEBI:17992,CHEBI:17992,CHEBI:17992	CHEBI:17992	C00089	C00089	C00089	C00089	CHEBI:17992	R-HSA-189085,R-HSA-418594,R-HSA-420499,R-HSA-5659898,R-HSA-9717207,R-HSA-9717207	C00089	map01100,map01110,map00052,map00500,map02010,map02060,map04973,map04742		CHEBI:17992	C00089	CHEBI:17992	R-HSA-189085,R-HSA-418594,R-HSA-420499,R-HSA-5659898,R-HSA-9717207,R-HSA-9717207	C00089	map01100,map01110,map00052,map00500,map02010,map02060,map04973,map04742		CHEBI:17992	C00089	CHEBI:17992	R-HSA-189085,R-HSA-418594,R-HSA-420499,R-HSA-5659898,R-HSA-9717207,R-HSA-9717207	C00089	map01100,map01110,map00052,map00500,map02010,map02060,map04973,map04742			0
Kamahine C	-	-	-	-	-	-	-		-	-		-	-	-					CHEBI:169469	CHEBI:169469	CHEBI:169469	CHEBI:169469										CHEBI:169469							CHEBI:169469								0
9-tridecynoic acid	-	-	-	-	-	-	-		-	-		-	-	-					CHEBI:168416	CHEBI:168416	CHEBI:168416	CHEBI:168416										CHEBI:168416							CHEBI:168416						CHEBI:15904	R-HSA-1369062,R-HSA-192456,R-HSA-3000471,R-HSA-390247,R-HSA-5684045,R-HSA-77289,R-HSA-8963901,R-HSA-8964058,R-HSA-975634	9
Stoloniferone H	-	-	-	-	-	-	-		-	-		-	-	-					CHEBI:168554	CHEBI:168554	CHEBI:168554	CHEBI:168554										CHEBI:168554							CHEBI:168554						CHEBI:35341	R-HSA-196071	1
25-hydroxyvitamin D3	RM0135793	C27H44O2	400.3341	Sterol Lipids	Secosterols	Vitamin D3	5283731	CHEBI:17933	HMDB0003550	LMST03020246	C01561	JWUBBDSIWDLEOM-DTOXIADCSA-N	C=C1CC[C@@H](C/C/1=C/C=C/1\CCC[C@]2(C)[C@H](CC[C@@H]12)[C@H](C)CCCC(C)(C)O)O	25-Hydroxyvitamin D3	CHEBI:17933	R-HSA-196791,R-HSA-211916,R-HSA-5579014	C01561	map01100,map01110,map00100,map04928,map05152	CHEBI:17933,CHEBI:17933	CHEBI:17933,CHEBI:17933	CHEBI:17933,CHEBI:17933	CHEBI:17933	C01561	C01561	C01561	C01561	CHEBI:17933	R-HSA-196791,R-HSA-211916,R-HSA-5579014	C01561	map01100,map01110,map00100,map04928,map05152		CHEBI:17933	C01561	CHEBI:17933	R-HSA-196791,R-HSA-211916,R-HSA-5579014	C01561	map01100,map01110,map00100,map04928,map05152		CHEBI:17933	C01561	CHEBI:17933	R-HSA-196791,R-HSA-211916,R-HSA-5579014	C01561	map01100,map01110,map00100,map04928,map05152			0
5b-Cholestane-3a,7a,12a,23S,25-pentol	-	-	-	-	-	-	-		-	-		-	-	-					CHEBI:145966	CHEBI:145966	CHEBI:145966	CHEBI:145966										CHEBI:145966							CHEBI:145966						CHEBI:30879,CHEBI:35341	R-HSA-1483166,R-HSA-196071,R-HSA-2022377,R-HSA-8935690	4
3beta-hydroxy-5alpha-pregnan-20-one	RM0126031	C21H34O2	318.2559	Sterol Lipids	Steroids	C21 Steroids	92787	CHEBI:11909	HMDB0001455	LMST02030173	C15484	AURFZBICLPNKBZ-FZCSVUEKSA-N	CC(=O)[C@H]1CC[C@H]2[C@@H]3CC[C@H]4C[C@H](CC[C@]4(C)[C@H]3CC[C@]12C)O	3beta-Hydroxy-5alpha-pregnan-20-one					CHEBI:11909	CHEBI:11909	CHEBI:11909	CHEBI:11909	C15484	C15484	C15484	C15484						CHEBI:11909	C15484						CHEBI:11909	C15484					CHEBI:35341	R-HSA-196071	1
MG(0:0/24:1(15Z)/0:0)	RM0134403	C27H52O4	440.3866	Glycerolipids	Monoradylglycerols	MAG								MG 0:0/24:1(15Z)/0:0					CHEBI:171948	CHEBI:171948	CHEBI:171948	CHEBI:171948										CHEBI:171948							CHEBI:171948						CHEBI:17389	R-HSA-1482883,R-HSA-163560,R-HSA-75109	3
6alpha-Hydroxycastasterone	RM0135720	C28H50O5	466.3658	Sterol Lipids	Sterols	Ergosterols	15542699	CHEBI:20760	HMDB0304235	LMST01030128		CVXIEYXJQSRIAC-KLUYZAHOSA-N	CC(C)[C@H](C)[C@H]([C@@H]([C@@H](C)[C@H]1CC[C@H]2[C@@H]3C[C@@H]([C@H]4C[C@@H]([C@@H](C[C@]4(C)[C@H]3CC[C@]12C)O)O)O)O)O	6alpha-Hydroxycastasterone					CHEBI:20760,CHEBI:20760	CHEBI:20760,CHEBI:20760	CHEBI:20760,CHEBI:20760	CHEBI:20760	C15803	C15803	C15803	C15803			C15803	map01100,map01110,map00905		CHEBI:20760	C15803			C15803	map01100,map01110,map00905		CHEBI:20760	C15803			C15803	map01100,map01110,map00905	CHEBI:30879,CHEBI:35341	R-HSA-1483166,R-HSA-196071,R-HSA-2022377,R-HSA-8935690	4
alpha-tocotrienol	RM0118363	C29H44O2	424.3341	Prenol Lipids	Quinones and hydroquinones	Vitamin E	5282347	CHEBI:33270	HMDB0006327	LMPR02020054	C14153	RZFHLOLGZPDCHJ-XZXLULOTSA-N	CC(=CCC/C(=C/CC/C(=C/CC[C@]1(C)CCc2c(C)c(c(C)c(C)c2O1)O)/C)/C)C	alpha-Tocotrienol			C14153	map01100,map01110,map00130	CHEBI:33270,CHEBI:33270	CHEBI:33270,CHEBI:33270	CHEBI:33270,CHEBI:33270	CHEBI:33270	C14153	C14153	C14153	C14153			C14153	map01100,map01110,map00130		CHEBI:33270	C14153			C14153	map01100,map01110,map00130		CHEBI:33270	C14153			C14153	map01100,map01110,map00130			0
3Alpha,7Alpha,12Alpha-trihydroxy-5Beta-cholestan-26-oic acid	RM0126065	C27H46O5	450.3345	Sterol Lipids	Bile acids	C27 bile acids	122312	CHEBI:18402	HMDB0000601	LMST04030001	C04722	CNWPIIOQKZNXBB-VCVMUKOKSA-N	C[C@H](CCCC(C)C(=O)O)[C@H]1CC[C@H]2[C@H]3[C@H](C[C@@H]([C@]12C)O)[C@@]1(C)CC[C@H](C[C@H]1C[C@H]3O)O	Coprocholic acid	CHEBI:18402	R-HSA-193368	C04722	map01100,map00120	CHEBI:18402	CHEBI:18402	CHEBI:18402	CHEBI:18402	C04722	C04722	C04722	C04722	CHEBI:18402	R-HSA-193368	C04722	map01100,map00120	CHEBI:85674	CHEBI:18402,CHEBI:85674	C04722	CHEBI:18402	R-HSA-193368	C04722	map01100,map00120	CHEBI:48043,CHEBI:48044,CHEBI:58734	CHEBI:18402,CHEBI:48043,CHEBI:48044,CHEBI:58734,CHEBI:85674	C04722	CHEBI:18402	R-HSA-193368	C04722	map01100,map00120			0
6-deoxoteasterone	RM0128384	C28H50O3	434.3760	Sterol Lipids	Sterols	Ergosterols	11144580	CHEBI:20716	HMDB0304225	LMST01030120		WPHVOXMMNSLJSF-GUOPQYDVSA-N	CC(C)[C@H](C)[C@H]([C@@H]([C@@H](C)[C@H]1CC[C@H]2[C@@H]3CC[C@H]4C[C@H](CC[C@]4(C)[C@H]3CC[C@]12C)O)O)O	6-Deoxoteasterone					CHEBI:20716	CHEBI:20716	CHEBI:20716	CHEBI:20716	C15799	C15799	C15799	C15799			C15799	map01100,map01110,map00905		CHEBI:20716	C15799			C15799	map01100,map01110,map00905		CHEBI:20716	C15799			C15799	map01100,map01110,map00905	CHEBI:30879,CHEBI:35341	R-HSA-1483166,R-HSA-196071,R-HSA-2022377,R-HSA-8935690	4
Allopregnanalone sulfate	-	-	-	-	-	-	-		-	-		-	-	-																																	0
Panaxatriol	-	-	-	-	-	-	-		-	-		-	-	-					CHEBI:169087	CHEBI:169087	CHEBI:169087	CHEBI:169087										CHEBI:169087							CHEBI:169087						CHEBI:18059	R-HSA-1222556,R-HSA-1369062,R-HSA-5682294,R-HSA-804914,R-HSA-8941413	5
Norquetiapine	-	-	-	-	-	-	-		-	-		-	-	-					CHEBI:188278	CHEBI:188278	CHEBI:188278	CHEBI:188278										CHEBI:188278							CHEBI:188278								0
PG(17:0/0:0)	RM0173439	C23H47O9P	498.2958	Glycerophospholipids	Glycerophosphoglycerols	LPG								LPG 17:0/0:0					CHEBI:168789	CHEBI:168789	CHEBI:168789	CHEBI:168789										CHEBI:168789							CHEBI:168789						CHEBI:37739	R-HSA-9845576	1
DG(13:0/18:2(9Z,12Z)/0:0)[iso2]	-	-	-	-	-	-	-		-	-		-	-	-					CHEBI:187991	CHEBI:187991	CHEBI:187991	CHEBI:187991										CHEBI:187991							CHEBI:187991						CHEBI:17815	R-HSA-114508,R-HSA-114516,R-HSA-114604,R-HSA-1169091,R-HSA-1169092,R-HSA-1250196,R-HSA-139853,R-HSA-1482883,R-HSA-1483191,R-HSA-1483206,R-HSA-1483213,R-HSA-1489509,R-HSA-162710,R-HSA-163560,R-HSA-1660661,R-HSA-1855204,R-HSA-2029485,R-HSA-2179392,R-HSA-3000170,R-HSA-354192,R-HSA-392517,R-HSA-399997,R-HSA-4086398,R-HSA-416476,R-HSA-416993,R-HSA-418217,R-HSA-418597,R-HSA-419408,R-HSA-426048,R-HSA-434316,R-HSA-4419969,R-HSA-5099900,R-HSA-5218921,R-HSA-5673001,R-HSA-75109,R-HSA-76005,R-HSA-9717207,R-HSA-983695	38
SM(d16:1/24:1)	RM0134149	C45H89N2O6P	784.6458	Sphingolipids	Phosphosphingolipids	SM								SM 16:1;O2/24:1					CHEBI:188125	CHEBI:188125	CHEBI:188125	CHEBI:188125										CHEBI:188125							CHEBI:188125						CHEBI:64583	R-HSA-1660661	1
PC(15:0/0:0)	RM0161552	C23H48NO7P	481.3168	Glycerophospholipids	Glycerophosphocholines	LPC								LPC 15:0/0:0					CHEBI:131924	CHEBI:131924	CHEBI:131924	CHEBI:131924										CHEBI:131924							CHEBI:131924						CHEBI:58168	R-HSA-111995,R-HSA-1482839,R-HSA-2142753,R-HSA-6814848	4
Mescaline	RM0136888	C11H17NO3	211.1208	Alkaloids	Tyrosine alkaloids	Phenylethylamines	4076	CHEBI:28346	HMDB0254474		C06546	RHCSKNNOAZULRK-UHFFFAOYSA-N	COc1cc(CCN)cc(c1OC)OC	Mescaline			C06546	map00950,map01063	CHEBI:231762,CHEBI:28346,CHEBI:28346	CHEBI:231762,CHEBI:28346,CHEBI:28346	CHEBI:231762,CHEBI:28346,CHEBI:28346	CHEBI:28346,CHEBI:231762	C06546	C06546	C06546	C06546			C06546	map00950,map01063		CHEBI:28346,CHEBI:231762	C06546			C06546	map00950,map01063		CHEBI:28346,CHEBI:231762	C06546			C06546	map00950,map01063	CHEBI:36916	R-HSA-936837	1
Diminazene	-	-	-	-	-	-	-		-	-		-	-	-					CHEBI:81724	CHEBI:81724	CHEBI:81724	CHEBI:81724	C18388	C18388	C18388	C18388					CHEBI:82614	CHEBI:81724,CHEBI:82614	C18388						CHEBI:81724,CHEBI:82614	C18388							0
Farnisin	-	-	-	-	-	-	-		-	-		-	-	-					CHEBI:174709	CHEBI:174709	CHEBI:174709	CHEBI:174709										CHEBI:174709							CHEBI:174709								0
PE(20:5(5Z,8Z,11Z,14Z,17Z)/P-18:1(11Z))	-	-	-	-	-	-	-		-	-		-	-	-					CHEBI:188137	CHEBI:188137	CHEBI:188137	CHEBI:188137										CHEBI:188137							CHEBI:188137						CHEBI:36314	R-HSA-1482788	1
Hebevinoside IV	-	-	-	-	-	-	-		-	-		-	-	-					CHEBI:172771	CHEBI:172771	CHEBI:172771	CHEBI:172771										CHEBI:172771							CHEBI:172771						CHEBI:18059	R-HSA-1222556,R-HSA-1369062,R-HSA-5682294,R-HSA-804914,R-HSA-8941413	5
Phosphocreatinine	-	-	-	-	-	-	-		-	-		-	-	-																																	0
24-ethyl-5alpha-cholest-25-en-3alpha,12alpha,16alpha-triol	-	-	-	-	-	-	-		-	-		-	-	-					CHEBI:187936	CHEBI:187936	CHEBI:187936	CHEBI:187936										CHEBI:187936							CHEBI:187936						CHEBI:35341	R-HSA-196071	1
3alpha,7alpha-Dihydroxy-5beta-cholestan-26-oic acid	RM0002742	C21H32O3	332.2351	Sterol Lipids	Steroids	C21 Steroids	107835	CHEBI:166775	HMDB0003851			ABBVGECYEGYVPY-CEGNMAFCSA-N	C[C@]12CCC(=O)C=C1CC[C@@H]1[C@@H]2CC[C@@]2(C)[C@H]1CC[C@@]2(CCO)O	17,21-Dihydroxypregn-4-en-3-one					CHEBI:166775,CHEBI:16577	CHEBI:166775,CHEBI:16577	CHEBI:166775,CHEBI:16577	CHEBI:16577,CHEBI:166775	C04554	C04554	C04554	C04554	CHEBI:16577	R-HSA-193368	C04554	map01100,map00120		CHEBI:16577,CHEBI:166775	C04554	CHEBI:16577	R-HSA-193368	C04554	map01100,map00120		CHEBI:16577,CHEBI:166775	C04554	CHEBI:16577	R-HSA-193368	C04554	map01100,map00120			0
DG(16:0/18:2(9Z,12Z)/0:0)	RM0133288	C37H68O5	592.5067	Glycerolipids	Diradylglycerols	DAG	9543695	CHEBI:82927	HMDB0007103	LMGL02010027		SVXWJFFKLMLOHO-YAIZGCQRSA-N	CCCCC/C=CC/C=CCCCCCCCC(=O)O[C@@H](CO)COC(=O)CCCCCCCCCCCCCCC	DG 16:0/18:2(9Z,12Z)/0:0					CHEBI:82927	CHEBI:82927	CHEBI:82927	CHEBI:82927										CHEBI:82927							CHEBI:82927						CHEBI:17815	R-HSA-114508,R-HSA-114516,R-HSA-114604,R-HSA-1169091,R-HSA-1169092,R-HSA-1250196,R-HSA-139853,R-HSA-1482883,R-HSA-1483191,R-HSA-1483206,R-HSA-1483213,R-HSA-1489509,R-HSA-162710,R-HSA-163560,R-HSA-1660661,R-HSA-1855204,R-HSA-2029485,R-HSA-2179392,R-HSA-3000170,R-HSA-354192,R-HSA-392517,R-HSA-399997,R-HSA-4086398,R-HSA-416476,R-HSA-416993,R-HSA-418217,R-HSA-418597,R-HSA-419408,R-HSA-426048,R-HSA-434316,R-HSA-4419969,R-HSA-5099900,R-HSA-5218921,R-HSA-5673001,R-HSA-75109,R-HSA-76005,R-HSA-9717207,R-HSA-983695	38
3a,21-Dihydroxy-5b-pregnane-11,20-dione	RM0125978	C21H32O4	348.2301	Sterol Lipids	Steroids	C21 Steroids	44263347	CHEBI:175452	HMDB0006755	LMST02030199	C05478	XWYBFXIUISNTQG-XPYNSANSSA-N	C[C@]12CC[C@H](C[C@H]1CC[C@H]1[C@@H]3CCC(C(=O)CO)[C@@]3(C)CC(=O)[C@H]21)O	5beta-Pregnane-3alpha,21-diol-11,20-dione			C05478	map00140	CHEBI:1690	CHEBI:1690	CHEBI:1690	CHEBI:1690,CHEBI:175452	C05478	C05478	C05478	C05478			C05478	map00140		CHEBI:1690,CHEBI:175452	C05478			C05478	map00140		CHEBI:1690,CHEBI:175452	C05478			C05478	map00140	CHEBI:35341	R-HSA-196071	1
11E-Hexadecenyl acetate	-	-	-	-	-	-	-		-	-		-	-	-					CHEBI:188019	CHEBI:188019	CHEBI:188019	CHEBI:188019										CHEBI:188019							CHEBI:188019								0
Chlorogenin	-	-	-	-	-	-	-		-	-		-	-	-					CHEBI:188325	CHEBI:188325	CHEBI:188325	CHEBI:188325										CHEBI:188325							CHEBI:188325						CHEBI:18059	R-HSA-1222556,R-HSA-1369062,R-HSA-5682294,R-HSA-804914,R-HSA-8941413	5
7beta-acetoxy-gorgostan-3beta,5alpha,6beta-triol	-	-	-	-	-	-	-		-	-		-	-	-					CHEBI:187074	CHEBI:187074	CHEBI:187074	CHEBI:187074										CHEBI:187074							CHEBI:187074						CHEBI:35341	R-HSA-196071	1
24-Nor-5beta-chol-22-ene-3alpha,6alpha-diol	-	-	-	-	-	-	-		-	-		-	-	-					CHEBI:136925	CHEBI:136925	CHEBI:136925	CHEBI:136925										CHEBI:136925							CHEBI:136925						CHEBI:35341	R-HSA-196071	1
2,6,8,12-Tetramethyl-2,4-tridecadien-1-ol	-	-	-	-	-	-	-		-	-		-	-	-					CHEBI:187180	CHEBI:187180	CHEBI:187180	CHEBI:187180										CHEBI:187180							CHEBI:187180						CHEBI:30879	R-HSA-1483166,R-HSA-2022377,R-HSA-8935690	3
N-stearoyl glutamine	RM0156681	C23H44N2O4	412.3301	Fatty Acyls	Fatty amides	N-acyl amines	52922074	CHEBI:165568	HMDB0241941	LMFA08020130		TUFYLPJQXJGHQO-FQEVSTJZSA-N	CCCCCCCCCCCCCCCCCC(=O)N[C@@H](CCC(=O)N)C(=O)O	NA-Gln 18:0					CHEBI:165568	CHEBI:165568	CHEBI:165568	CHEBI:165568										CHEBI:165568							CHEBI:165568								0
3,4-Dihydro-4-[(5-methyl-2-furanyl)methylene]-2H-pyrrole	-	-	-	-	-	-	-		-	-		-	-	-					CHEBI:134434	CHEBI:134434	CHEBI:134434	CHEBI:134434										CHEBI:134434							CHEBI:134434								0
Epanolol	-	-	-	-	-	-	-		-	-		-	-	-					CHEBI:4800	CHEBI:4800	CHEBI:4800	CHEBI:4800	C11773	C11773	C11773	C11773						CHEBI:4800	C11773						CHEBI:4800	C11773							0
Alpha-d-glucose	RM0135901	C6H12O6	180.0634	Carbohydrates	Monosaccharides	Hexoses	5793	CHEBI:4167	HMDB0304632		C00031	WQZGKKKJIJFFOK-GASJEMHNSA-N	C([C@@H]1[C@H]([C@@H]([C@H](C(O)O1)O)O)O)O	Glucose	CHEBI:4167	R-HSA-170822,R-HSA-189085,R-HSA-189085,R-HSA-189200,R-HSA-381771,R-HSA-418594,R-HSA-420499,R-HSA-422085,R-HSA-422356,R-HSA-532668,R-HSA-5619043,R-HSA-5619047,R-HSA-5619056,R-HSA-5619068,R-HSA-5619073,R-HSA-5619098,R-HSA-5652227,R-HSA-5653890,R-HSA-5656364,R-HSA-5658208,R-HSA-70171,R-HSA-70221,R-HSA-70263,R-HSA-8981373,R-HSA-901042,R-HSA-964739,R-HSA-9717207,R-HSA-9717207,R-HSA-9840310	C00031	map01100,map01110,map00010,map00030,map00052,map00500,map00566,map00074,map00520,map00901,map00521,map00524,map02010,map02060,map02020,map04066,map04068,map04152,map04148,map04113,map05111,map04911,map04910,map04922,map04917,map04976,map04973,map04978,map04742,map05230,map05415,map04930,map04932,map04931,map04933	CHEBI:17234,CHEBI:17234,CHEBI:4167,CHEBI:4167,CHEBI:42758,CHEBI:17925,CHEBI:17925,CHEBI:17925	CHEBI:17234,CHEBI:17234,CHEBI:4167,CHEBI:4167,CHEBI:42758,CHEBI:17925,CHEBI:17925,CHEBI:17925	CHEBI:17234,CHEBI:17234,CHEBI:4167,CHEBI:4167,CHEBI:42758,CHEBI:17925	CHEBI:4167,CHEBI:17234,CHEBI:17925,CHEBI:42758	C00031,C00267,C00293	C00031,C00267,C00293	C00031,C00267,C00293	C00031,C00267,C00293	CHEBI:4167,CHEBI:17234	R-HSA-170822,R-HSA-189085,R-HSA-189085,R-HSA-189200,R-HSA-381771,R-HSA-418594,R-HSA-420499,R-HSA-422085,R-HSA-422356,R-HSA-532668,R-HSA-5619043,R-HSA-5619047,R-HSA-5619056,R-HSA-5619068,R-HSA-5619073,R-HSA-5619098,R-HSA-5652227,R-HSA-5653890,R-HSA-5656364,R-HSA-5658208,R-HSA-70171,R-HSA-70221,R-HSA-70263,R-HSA-8981373,R-HSA-901042,R-HSA-964739,R-HSA-9717207,R-HSA-9717207,R-HSA-9840310,R-HSA-9931953	C00031,C00267	map01100,map01110,map00010,map00030,map00052,map00500,map00566,map00074,map00520,map00901,map00521,map00524,map02010,map02060,map02020,map04066,map04068,map04152,map04148,map04113,map05111,map04911,map04910,map04922,map04917,map04976,map04973,map04978,map04742,map05230,map05415,map04930,map04932,map04931,map04933,map01100,map01110,map01120,map01200,map01250,map00010,map00051,map00052,map00520,map01060,map01061,map01062,map01063,map01064,map01065,map01066,map01070,map04964	CHEBI:37626,CHEBI:37630	CHEBI:4167,CHEBI:17234,CHEBI:17925,CHEBI:37626,CHEBI:37630,CHEBI:42758	C00031,C00267,C00293	CHEBI:4167,CHEBI:17234	R-HSA-170822,R-HSA-189085,R-HSA-189085,R-HSA-189200,R-HSA-381771,R-HSA-418594,R-HSA-420499,R-HSA-422085,R-HSA-422356,R-HSA-532668,R-HSA-5619043,R-HSA-5619047,R-HSA-5619056,R-HSA-5619068,R-HSA-5619073,R-HSA-5619098,R-HSA-5652227,R-HSA-5653890,R-HSA-5656364,R-HSA-5658208,R-HSA-70171,R-HSA-70221,R-HSA-70263,R-HSA-8981373,R-HSA-901042,R-HSA-964739,R-HSA-9717207,R-HSA-9717207,R-HSA-9840310,R-HSA-9931953	C00031,C00267	map01100,map01110,map00010,map00030,map00052,map00500,map00566,map00074,map00520,map00901,map00521,map00524,map02010,map02060,map02020,map04066,map04068,map04152,map04148,map04113,map05111,map04911,map04910,map04922,map04917,map04976,map04973,map04978,map04742,map05230,map05415,map04930,map04932,map04931,map04933,map01100,map01110,map01120,map01200,map01250,map00010,map00051,map00052,map00520,map01060,map01061,map01062,map01063,map01064,map01065,map01066,map01070,map04964	CHEBI:15903,CHEBI:17634,CHEBI:37624,CHEBI:37627,CHEBI:37631,CHEBI:37661,CHEBI:37663,CHEBI:88300,CHEBI:134625,CHEBI:145606,CHEBI:145664,CHEBI:147589,CHEBI:148749,CHEBI:149114,CHEBI:152105	CHEBI:4167,CHEBI:15903,CHEBI:17234,CHEBI:17634,CHEBI:17925,CHEBI:37624,CHEBI:37626,CHEBI:37627,CHEBI:37630,CHEBI:37631,CHEBI:37661,CHEBI:37663,CHEBI:42758,CHEBI:88300,CHEBI:134625,CHEBI:145606,CHEBI:145664,CHEBI:147589,CHEBI:148749,CHEBI:149114,CHEBI:152105	C00031,C00221,C00267,C00293	CHEBI:4167,CHEBI:15903,CHEBI:17234,CHEBI:17634	R-HSA-170822,R-HSA-189085,R-HSA-189085,R-HSA-189200,R-HSA-381771,R-HSA-418594,R-HSA-420499,R-HSA-422085,R-HSA-422356,R-HSA-532668,R-HSA-5619043,R-HSA-5619047,R-HSA-5619056,R-HSA-5619068,R-HSA-5619073,R-HSA-5619098,R-HSA-5652227,R-HSA-5653890,R-HSA-5656364,R-HSA-5658208,R-HSA-70171,R-HSA-70221,R-HSA-70263,R-HSA-8981373,R-HSA-901042,R-HSA-964739,R-HSA-9717207,R-HSA-9717207,R-HSA-9840310,R-HSA-9683686,R-HSA-9694548,R-HSA-9768727,R-HSA-9931953,R-HSA-9768919	C00031,C00221,C00267	map01100,map01110,map00010,map00030,map00052,map00500,map00566,map00074,map00520,map00901,map00521,map00524,map02010,map02060,map02020,map04066,map04068,map04152,map04148,map04113,map05111,map04911,map04910,map04922,map04917,map04976,map04973,map04978,map04742,map05230,map05415,map04930,map04932,map04931,map04933,map01100,map01110,map01120,map01200,map00010,map00030,map01100,map01110,map01120,map01200,map01250,map00010,map00051,map00052,map00520,map01060,map01061,map01062,map01063,map01064,map01065,map01066,map01070,map04964			0
Hongguanggenin	-	-	-	-	-	-	-		-	-		-	-	-					CHEBI:188335	CHEBI:188335	CHEBI:188335	CHEBI:188335										CHEBI:188335							CHEBI:188335						CHEBI:18059	R-HSA-1222556,R-HSA-1369062,R-HSA-5682294,R-HSA-804914,R-HSA-8941413	5
5b-Cholestane-3a,7a,12a,23R,25-pentol	RM0153468	C10H20O2	172.1463	Fatty Acyls	Fatty acids	Saturated FA	2969	CHEBI:30813	HMDB0000511	LMFA01010010	C01571	GHVNFZFCNZKVNT-UHFFFAOYSA-N	CCCCCCCCCC(=O)O	Capric acid	CHEBI:30813	R-HSA-5210891,R-HSA-9679191	C01571	map01100,map00061	CHEBI:30813,CHEBI:172127	CHEBI:30813,CHEBI:172127	CHEBI:30813,CHEBI:172127	CHEBI:30813,CHEBI:172127	C01571	C01571	C01571	C01571	CHEBI:30813	R-HSA-5210891,R-HSA-9679191	C01571	map01100,map00061	CHEBI:27689	CHEBI:27689,CHEBI:30813,CHEBI:172127	C01571	CHEBI:27689,CHEBI:30813	R-HSA-422085,R-HSA-5619108,R-HSA-75105,R-HSA-804914,R-HSA-5210891,R-HSA-9679191	C01571	map01100,map00061		CHEBI:27689,CHEBI:30813,CHEBI:172127	C01571	CHEBI:27689,CHEBI:30813	R-HSA-422085,R-HSA-5619108,R-HSA-75105,R-HSA-804914,R-HSA-5210891,R-HSA-9679191	C01571	map01100,map00061			0
Trifloxystrobin	RM0202408	C20H19F3N2O4	408.1297	Benzenoids	Benzenes	Trifluoromethylbenzenes	11664966	CHEBI:81833			C18562	ONCZDRURRATYFI-TVJDWZFNSA-N	C/C(=N\OCc1ccccc1/C(=N\OC)/C(=O)OC)/c1cccc(c1)C(F)(F)F	Trifloxystrobin					CHEBI:81833	CHEBI:81833	CHEBI:81833	CHEBI:81833	C18562	C18562	C18562	C18562						CHEBI:81833	C18562						CHEBI:81833	C18562							0
3-Glucosyl-2,3',4,4',6-pentahydroxybenzophenone	-	-	-	-	-	-	-		-	-		-	-	-					CHEBI:188121	CHEBI:188121	CHEBI:188121	CHEBI:188121										CHEBI:188121							CHEBI:188121								0
N-(6-aminohexanoyl)-6-aminohexanoic acid	RM0224630	C12H24N2O3	244.1787	Fatty Acyls	Fatty amides	N-acyl amines	895	CHEBI:49255		LMFA00000009	C01255	IWENLYKHSZCPRD-UHFFFAOYSA-N	C(CCC(=O)NCCCCCC(=O)O)CCN	N-(6-Aminohexanoyl)-6-aminohexanoic acid			C01255	map01120,map00930	CHEBI:49255	CHEBI:49255	CHEBI:49255	CHEBI:49255	C01255	C01255	C01255	C01255			C01255	map01120,map00930	CHEBI:16780,CHEBI:58798	CHEBI:16780,CHEBI:49255,CHEBI:58798	C01255			C01255	map01120,map00930		CHEBI:16780,CHEBI:49255,CHEBI:58798	C01255			C01255	map01120,map00930			0
PE(22:1(11Z)/0:0)	RM0135086	C27H52NO8P	549.3431	Glycerophospholipids	Glycerophosphoethanolamines	LPE	52925142	CHEBI:188026		LMGP02050023		YIRCYBYHGSZKPX-XCMWCYMESA-N	CCCCCCCCCC/C=C\CCCCCCCCCC(=O)OC[C@H](COP(=O)(O)OCCN)O	LPE 22:1(11Z)/0:0					CHEBI:188026	CHEBI:188026	CHEBI:188026	CHEBI:188026										CHEBI:188026							CHEBI:188026						CHEBI:29017	R-HSA-1482798,R-HSA-1482839,R-HSA-1483152	3
2,3-dihydro-1,4-benzodioxin-2-ylmethyl dimethylcarbamate	-	-	-	-	-	-	-		-	-		-	-	-					CHEBI:188096	CHEBI:188096	CHEBI:188096	CHEBI:188096										CHEBI:188096							CHEBI:188096								0
3-Methyl-4-phenyl-3-buten-2-one	-	-	-	-	-	-	-		-	-		-	-	-					CHEBI:172417	CHEBI:172417	CHEBI:172417	CHEBI:172417										CHEBI:172417							CHEBI:172417								0
(22E)-3alpha,6beta,7beta-Trihydroxy-5beta-chol-22-en-24-oic Acid	-	-	-	-	-	-	-		-	-		-	-	-					CHEBI:181667	CHEBI:181667	CHEBI:181667	CHEBI:181667										CHEBI:181667							CHEBI:181667						CHEBI:35341	R-HSA-196071	1
Hyocholic acid	RM0128406	C24H40O5	408.2876	Sterol Lipids	Bile acids	C24 bile acids	92805	CHEBI:81244	HMDB0000760	LMST04010064	C17649	DKPMWHFRUGMUKF-KWXDGCAGSA-N	C[C@H](CCC(=O)O)[C@H]1CC[C@H]2[C@H]3[C@H](CC[C@]12C)[C@@]1(C)CC[C@H](C[C@H]1[C@H]([C@H]3O)O)O	Hyocholic acid			C17649	map00121	CHEBI:133661,CHEBI:81244,CHEBI:81244	CHEBI:133661,CHEBI:81244,CHEBI:81244	CHEBI:133661,CHEBI:81244,CHEBI:81244	CHEBI:81244,CHEBI:133661	C17649	C17649	C17649	C17649			C17649	map00121		CHEBI:81244,CHEBI:133661	C17649			C17649	map00121		CHEBI:81244,CHEBI:133661	C17649			C17649	map00121	CHEBI:25696,CHEBI:35341	R-HSA-196071,R-HSA-382556,R-HSA-428643,R-HSA-5690338	4
PC(O-1:0/16:0)	RM0161256	C25H52NO7P	509.3481	Glycerophospholipids	Glycerophosphocholines	O-PC	24779267	CHEBI:131668		LMGP01020004		CKGYHPCQZHSHKS-XMMPIXPASA-N	CCCCCCCCCCCCCCCC(=O)O[C@H](COC)COP(=O)([O-])OCC[N+](C)(C)C	PC O-1:0/16:0					CHEBI:131668	CHEBI:131668	CHEBI:131668	CHEBI:131668										CHEBI:131668							CHEBI:131668						CHEBI:36313	R-HSA-1482788	1
Peonidin 3-(6'-malonylglucoside)-5-glucoside	-	-	-	-	-	-	-		-	-		-	-	-					CHEBI:188123	CHEBI:188123	CHEBI:188123	CHEBI:188123										CHEBI:188123							CHEBI:188123						CHEBI:36916	R-HSA-936837	1
Ganoderic acid H	RM0200773	C32H44O9	572.2985	Sterol Lipids	Sterols	Cholesterols	124504842		HMDB0035987			YCXUCEXEMJPDRZ-PDPJTJRCSA-N	C[C@H](CC(=O)C[C@@H](C)C(=O)O)[C@H]1CC(=O)[C@@]2(C)C3=C(C(=O)[C@H]([C@]12C)OC(=O)C)[C@@]1(C)CC[C@@H](C(C)(C)[C@@H]1CC3=O)O	Ganoderic acid H					CHEBI:176229	CHEBI:176229	CHEBI:176229	CHEBI:176229										CHEBI:176229							CHEBI:176229						CHEBI:18059	R-HSA-1222556,R-HSA-1369062,R-HSA-5682294,R-HSA-804914,R-HSA-8941413	5
Episceptrumgenin	-	-	-	-	-	-	-		-	-		-	-	-					CHEBI:185506	CHEBI:185506	CHEBI:185506	CHEBI:185506										CHEBI:185506							CHEBI:185506						CHEBI:18059	R-HSA-1222556,R-HSA-1369062,R-HSA-5682294,R-HSA-804914,R-HSA-8941413	5
7E-dodecen-1-ol	-	-	-	-	-	-	-		-	-		-	-	-					CHEBI:188313	CHEBI:188313	CHEBI:188313	CHEBI:188313										CHEBI:188313							CHEBI:188313						CHEBI:30879	R-HSA-1483166,R-HSA-2022377,R-HSA-8935690	3
DG(16:1(9Z)/18:1(9Z)/0:0)	-	-	-	-	-	-	-		-	-		-	-	-					CHEBI:88500	CHEBI:88500	CHEBI:88500	CHEBI:88500										CHEBI:88500							CHEBI:88500						CHEBI:18035	R-HSA-112043,R-HSA-1250196,R-HSA-192456,R-HSA-202424,R-HSA-202433,R-HSA-2029485,R-HSA-2871809,R-HSA-2871837,R-HSA-418890,R-HSA-5218921,R-HSA-5607764,R-HSA-6809371,R-HSA-8963889,R-HSA-8963901,R-HSA-8964058,R-HSA-9027277,R-HSA-9648002,R-HSA-9664323,R-HSA-9680350,R-HSA-975634	20
PS(17:1(9Z)/20:0)	-	-	-	-	-	-	-		-	-		-	-	-					CHEBI:187981	CHEBI:187981	CHEBI:187981	CHEBI:187981										CHEBI:187981							CHEBI:187981						CHEBI:16247	R-HSA-1483206,R-HSA-202733,R-HSA-2168880,R-HSA-3000471,R-HSA-3000480,R-HSA-3000484,R-HSA-3000497,R-HSA-432142,R-HSA-5686938,R-HSA-8856825,R-HSA-8856828,R-HSA-8866423,R-HSA-8963888,R-HSA-8963896,R-HSA-8963901,R-HSA-8964011,R-HSA-8964026,R-HSA-8964038,R-HSA-8964041,R-HSA-8964046,R-HSA-8964058,R-HSA-8964572,R-HSA-9615710,R-HSA-9707616,R-HSA-975634,R-HSA-9918432,R-HSA-9918481,R-HSA-9918487,R-HSA-9920588,R-HSA-9920951	30
4-penten-2-one	-	-	-	-	-	-	-		-	-		-	-	-					CHEBI:87508	CHEBI:87508	CHEBI:87508	CHEBI:87508										CHEBI:87508							CHEBI:87508								0
Dodecanoic acid	RM0149943	C12H24O2	200.1776	Fatty Acyls	Fatty acids	Saturated FA	3893	CHEBI:30805	HMDB0000638	LMFA01010012	C02679	POULHZVOKOAJMA-UHFFFAOYSA-N	CCCCCCCCCCCC(=O)O	Lauric acid			C02679	map01100,map01110,map00061,map00333	CHEBI:30805,CHEBI:30805,CHEBI:30805	CHEBI:30805,CHEBI:30805,CHEBI:30805	CHEBI:30805,CHEBI:30805,CHEBI:30805	CHEBI:30805	C02679	C02679	C02679	C02679			C02679	map01100,map01110,map00061,map00333	CHEBI:18262	CHEBI:18262,CHEBI:30805	C02679	CHEBI:18262	R-HSA-112310,R-HSA-211935,R-HSA-381753,R-HSA-381753,R-HSA-381771,R-HSA-400511,R-HSA-416476,R-HSA-434316,R-HSA-444209,R-HSA-5619108,R-HSA-804914	C02679	map01100,map01110,map00061,map00333		CHEBI:18262,CHEBI:30805	C02679	CHEBI:18262	R-HSA-112310,R-HSA-211935,R-HSA-381753,R-HSA-381753,R-HSA-381771,R-HSA-400511,R-HSA-416476,R-HSA-434316,R-HSA-444209,R-HSA-5619108,R-HSA-804914	C02679	map01100,map01110,map00061,map00333			0
5-Methylcytidine	RM0033028	C10H15N3O5	257.1012	Nucleic acids	Pyrimidines	Pyrimidine ribonucleosides	92918	CHEBI:20607	HMDB0000982			ZAYHVCMSTBRABG-JXOAFFINSA-N	Cc1cn([C@H]2[C@@H]([C@@H]([C@@H](CO)O2)O)O)c(=O)nc1N	5-Methylcytidine					CHEBI:20607	CHEBI:20607	CHEBI:20607	CHEBI:20607										CHEBI:20607							CHEBI:20607								0
Quillaic acid 3-[rhamnosyl-(1->3)-[galactosyl-(1->2)]-glucuronide]	-	-	-	-	-	-	-		-	-		-	-	-					CHEBI:188334	CHEBI:188334	CHEBI:188334	CHEBI:188334										CHEBI:188334							CHEBI:188334						CHEBI:18059	R-HSA-1222556,R-HSA-1369062,R-HSA-5682294,R-HSA-804914,R-HSA-8941413	5
(S)-AL 8810	-	-	-	-	-	-	-		-	-		-	-	-																																	0
26:4(11Z,14Z,17Z,20Z)	-	-	-	-	-	-	-		-	-		-	-	-					CHEBI:77528	CHEBI:77528	CHEBI:77528	CHEBI:77528									CHEBI:77229	CHEBI:77229,CHEBI:77528							CHEBI:77229,CHEBI:77528						CHEBI:35366	R-HSA-1482883,R-HSA-167826,R-HSA-422085,R-HSA-426048,R-HSA-6809371,R-HSA-6811436,R-HSA-8963889,R-HSA-8964038	8
7alpha,12alpha,26-Trihydroxy-5beta-cholestan-3-one	-	-	-	-	-	-	-		-	-		-	-	-					CHEBI:48834	CHEBI:48834	CHEBI:48834	CHEBI:48834					CHEBI:48834	R-HSA-193807				CHEBI:48834		CHEBI:48834	R-HSA-193807				CHEBI:48834		CHEBI:48834	R-HSA-193807					0
Nefopam	RM0200880	C17H19NO	253.1467	Organic nitrogen compounds	Amines	Aralkylamines	4450	CHEBI:88318	HMDB0255504			RGPDEAGGEXEMMM-UHFFFAOYSA-N	CN1CCOC(c2ccccc2)c2ccccc2C1	Nefopam					CHEBI:88316	CHEBI:88316	CHEBI:88316	CHEBI:88316,CHEBI:88318										CHEBI:88316,CHEBI:88318						CHEBI:88320,CHEBI:88323,CHEBI:88324,CHEBI:88325	CHEBI:88316,CHEBI:88318,CHEBI:88320,CHEBI:88323,CHEBI:88324,CHEBI:88325								0
Hexanoylcarnitine	RM0153846	C13H25NO4	259.1784	Fatty Acyls	Fatty esters	Acyl carnitines	3246938	CHEBI:84834	HMDB0000756	LMFA07070001		VVPRQWTYSNDTEA-LLVKDONJSA-N	CCCCCC(=O)O[C@H](CC(=O)[O-])C[N+](C)(C)C	CAR 6:0					CHEBI:70749	CHEBI:70749	CHEBI:70749	CHEBI:70749,CHEBI:84834										CHEBI:70749,CHEBI:84834						CHEBI:192246	CHEBI:70749,CHEBI:84834,CHEBI:192246						CHEBI:18059	R-HSA-1222556,R-HSA-1369062,R-HSA-5682294,R-HSA-804914,R-HSA-8941413	5
Miraxanthin-V	RM0186992	C17H16N2O6	344.1008	Alkaloids	Tyrosine alkaloids	Betalains	135926600					PDKFHZWVCCZUIF-PDRIXVMVSA-L	c1cc(c(cc1CC/N=C/C=C\1/C=C(C(=O)[O-])N[C@@H](C1)C(=O)[O-])O)O	Dopamine-betaxanthin					CHEBI:6948	CHEBI:6948	CHEBI:6948	CHEBI:6948	C08557	C08557	C08557	C08557			C08557	map01110,map00965		CHEBI:6948	C08557			C08557	map01110,map00965		CHEBI:6948	C08557			C08557	map01110,map00965			0
9R,10S-dihydroxy-stearic acid	-	-	-	-	-	-	-		-	-		-	-	-					CHEBI:136767	CHEBI:136767	CHEBI:136767	CHEBI:136767									CHEBI:85147,CHEBI:85633	CHEBI:85147,CHEBI:85633,CHEBI:136767							CHEBI:85147,CHEBI:85633,CHEBI:136767						CHEBI:15904,CHEBI:24654	R-HSA-1369062,R-HSA-192456,R-HSA-3000471,R-HSA-3000480,R-HSA-3000484,R-HSA-390247,R-HSA-5684045,R-HSA-5686938,R-HSA-77289,R-HSA-8963901,R-HSA-8964058,R-HSA-975634	12
PC(O-12:0/2:0)	RM0161510	C22H46NO7P	467.3012	Glycerophospholipids	Glycerophosphocholines	O-PC	24779272	CHEBI:78103		LMGP01020009		WNCMKZYTLBIUSK-JOCHJYFZSA-N	CCCCCCCCCCCCOC[C@H](COP(=O)([O-])OCC[N+](C)(C)C)OC(=O)C	PC O-12:0/2:0					CHEBI:78103	CHEBI:78103	CHEBI:78103	CHEBI:78103										CHEBI:78103							CHEBI:78103						CHEBI:36313	R-HSA-1482788	1
CAY10625	-	-	-	-	-	-	-		-	-		-	-	-					CHEBI:188300	CHEBI:188300	CHEBI:188300	CHEBI:188300										CHEBI:188300							CHEBI:188300								0
PC(O-18:0/O-3:1(2E))	-	-	-	-	-	-	-		-	-		-	-	-																																	0
Bis(1L-myo-inositol)-3,1'-phosphate 1-phosphate	-	-	-	-	-	-	-		-	-		-	-	-																																	0
11-deoxy-PGF1a	RM0155783	C20H36O4	340.2614	Fatty Acyls	Eicosanoids	Prostaglandins	5283069	CHEBI:165302		LMFA03010068		HYBPXYQCXNOTFK-DUSCRHDRSA-N	CCCCC[C@@H](/C=C/[C@H]1CC[C@@H]([C@@H]1CCCCCCC(=O)O)O)O	11-Deoxy-PGF1alpha					CHEBI:165302	CHEBI:165302	CHEBI:165302	CHEBI:165302										CHEBI:165302							CHEBI:165302						CHEBI:18059	R-HSA-1222556,R-HSA-1369062,R-HSA-5682294,R-HSA-804914,R-HSA-8941413	5
PC(17:0/18:2(9Z,12Z))	RM0133591	C43H82NO8P	771.5778	Glycerophospholipids	Glycerophosphocholines	PC	52922491	CHEBI:84566		LMGP01011505		ZSKWZJYUVZYDQU-WESJWMGVSA-N	CCCCC/C=CC/C=CCCCCCCCC(=O)O[C@H](COC(=O)CCCCCCCCCCCCCCCC)COP(=O)([O-])OCC[N+](C)(C)C	PC 17:0/18:2(9Z,12Z)					CHEBI:84566	CHEBI:84566	CHEBI:84566	CHEBI:84566										CHEBI:84566							CHEBI:84566						CHEBI:57643	R-HSA-111995,R-HSA-1369062,R-HSA-1482788,R-HSA-1482798,R-HSA-1482839,R-HSA-1483101,R-HSA-1483148,R-HSA-1483166,R-HSA-1483191,R-HSA-1483196,R-HSA-1660661,R-HSA-2029485,R-HSA-2142753,R-HSA-382556,R-HSA-5678771,R-HSA-5683678,R-HSA-5683826,R-HSA-5688399,R-HSA-6811436,R-HSA-8964058,R-HSA-9680350	21
Urea	RM0117395	CH4N2O	60.0324	Organic nitrogen compounds	Organonitrogen compounds	Ureas	1176	CHEBI:16199	HMDB0000294		C00086	XSQUKJJJFZCRTK-UHFFFAOYSA-N	C(=O)(N)N	Urea	CHEBI:16199	R-HSA-351143,R-HSA-432047,R-HSA-549127,R-HSA-70635	C00086	map01100,map01110,map01120,map00230,map00240,map00220,map00330,map00780,map00791,map02010,map05120	CHEBI:16199,CHEBI:16199,CHEBI:16199	CHEBI:16199,CHEBI:16199,CHEBI:16199	CHEBI:16199,CHEBI:16199,CHEBI:16199	CHEBI:16199	C00086	C00086	C00086	C00086	CHEBI:16199	R-HSA-351143,R-HSA-432047,R-HSA-549127,R-HSA-70635	C00086	map01100,map01110,map01120,map00230,map00240,map00220,map00330,map00780,map00791,map02010,map05120	CHEBI:48376	CHEBI:16199,CHEBI:48376	C00086	CHEBI:16199	R-HSA-351143,R-HSA-432047,R-HSA-549127,R-HSA-70635	C00086	map01100,map01110,map01120,map00230,map00240,map00220,map00330,map00780,map00791,map02010,map05120		CHEBI:16199,CHEBI:48376	C00086	CHEBI:16199	R-HSA-351143,R-HSA-432047,R-HSA-549127,R-HSA-70635	C00086	map01100,map01110,map01120,map00230,map00240,map00220,map00330,map00780,map00791,map02010,map05120			0
PA(20:3(8Z,11Z,14Z)/0:0)	RM0172767	C23H41O7P	460.2590	Glycerophospholipids	Glycerophosphates	LPA								LPA 20:3(8Z,11Z,14Z)/0:0																																	0
5beta-Cholestane-3alpha,24,25-triol	-	-	-	-	-	-	-		-	-		-	-	-					CHEBI:187046	CHEBI:187046	CHEBI:187046	CHEBI:187046										CHEBI:187046							CHEBI:187046						CHEBI:33575,CHEBI:35341	R-HSA-196071,R-HSA-6809371	2
PA(O-16:0/18:1(9Z))	RM0133517	C37H73O7P	660.5094	Glycerophospholipids	Glycerophosphates	O-PA	52929655	CHEBI:77357		LMGP10020094		ZZDYNTYJHKJVHN-QJEXQQAGSA-N	CCCCCCCC/C=CCCCCCCCC(=O)O[C@H](COCCCCCCCCCCCCCCCC)COP(=O)(O)O	PA O-16:0/18:1(9Z)					CHEBI:77357	CHEBI:77357	CHEBI:77357	CHEBI:77357									CHEBI:77187	CHEBI:77187,CHEBI:77357							CHEBI:77187,CHEBI:77357						CHEBI:37739	R-HSA-9845576	1
12,13-Dimethyl-5,14-dioxabicyclo[9.2.1]-tetradeca-1(13),11-dien-4-one	-	-	-	-	-	-	-		-	-		-	-	-					CHEBI:169442	CHEBI:169442	CHEBI:169442	CHEBI:169442										CHEBI:169442							CHEBI:169442								0
Etretinate	-	-	-	-	-	-	-		-	-		-	-	-					CHEBI:4913	CHEBI:4913	CHEBI:4913	CHEBI:4913										CHEBI:4913							CHEBI:4913						CHEBI:18059	R-HSA-1222556,R-HSA-1369062,R-HSA-5682294,R-HSA-804914,R-HSA-8941413	5
PA(O-16:0/15:0)	RM0135128	C34H69O7P	620.4781	Glycerophospholipids	Glycerophosphates	O-PA	52929569	CHEBI:188333		LMGP10020006		USFQGQAJIJRATN-MGBGTMOVSA-N	CCCCCCCCCCCCCCCCOC[C@H](COP(=O)(O)O)OC(=O)CCCCCCCCCCCCCC	PA O-16:0/15:0					CHEBI:188333	CHEBI:188333	CHEBI:188333	CHEBI:188333										CHEBI:188333							CHEBI:188333						CHEBI:18059,CHEBI:37739,CHEBI:52575	R-HSA-1222556,R-HSA-1369062,R-HSA-5682294,R-HSA-75109,R-HSA-804914,R-HSA-8941413,R-HSA-9845576	7
24-hydroperoxy-24-vinylcholesterol	-	-	-	-	-	-	-		-	-		-	-	-					CHEBI:188069	CHEBI:188069	CHEBI:188069	CHEBI:188069										CHEBI:188069							CHEBI:188069						CHEBI:35341	R-HSA-196071	1
PE-Cer(d15:2(4E,6E)/22:0(2OH))	-	-	-	-	-	-	-		-	-		-	-	-					CHEBI:188117	CHEBI:188117	CHEBI:188117	CHEBI:188117										CHEBI:188117							CHEBI:188117						CHEBI:16247	R-HSA-1483206,R-HSA-202733,R-HSA-2168880,R-HSA-3000471,R-HSA-3000480,R-HSA-3000484,R-HSA-3000497,R-HSA-432142,R-HSA-5686938,R-HSA-8856825,R-HSA-8856828,R-HSA-8866423,R-HSA-8963888,R-HSA-8963896,R-HSA-8963901,R-HSA-8964011,R-HSA-8964026,R-HSA-8964038,R-HSA-8964041,R-HSA-8964046,R-HSA-8964058,R-HSA-8964572,R-HSA-9615710,R-HSA-9707616,R-HSA-975634,R-HSA-9918432,R-HSA-9918481,R-HSA-9918487,R-HSA-9920588,R-HSA-9920951	30
7a-Hydroxycholesterol	RM0138886	C27H46O2	402.3498	Sterol Lipids	Sterols	Oxysterols	107722	CHEBI:17500	HMDB0001496	LMST01010013	C03594	OYXZMSRRJOYLLO-RVOWOUOISA-N	CC(C)CCC[C@@H](C)[C@H]1CC[C@H]2[C@H]3[C@H](CC[C@]12C)[C@@]1(C)CC[C@@H](CC1=C[C@H]3O)O	7alpha-Hydroxycholesterol	CHEBI:17500	R-HSA-193368,R-HSA-211976	C03594	map01100,map00120	CHEBI:17500,CHEBI:17500	CHEBI:17500,CHEBI:17500	CHEBI:17500,CHEBI:17500	CHEBI:17500	C03594	C03594	C03594	C03594	CHEBI:17500	R-HSA-193368,R-HSA-211976	C03594	map01100,map00120		CHEBI:17500	C03594	CHEBI:17500	R-HSA-193368,R-HSA-211976	C03594	map01100,map00120		CHEBI:17500	C03594	CHEBI:17500	R-HSA-193368,R-HSA-211976	C03594	map01100,map00120			0
CAY10638	-	-	-	-	-	-	-		-	-		-	-	-					CHEBI:188345	CHEBI:188345	CHEBI:188345	CHEBI:188345										CHEBI:188345							CHEBI:188345								0
Cucurbitacin C	-	-	-	-	-	-	-		-	-		-	-	-					CHEBI:3942	CHEBI:3942	CHEBI:3942	CHEBI:3942	C08795	C08795	C08795	C08795			C08795	map01110,map00996		CHEBI:3942	C08795			C08795	map01110,map00996		CHEBI:3942	C08795			C08795	map01110,map00996	CHEBI:18059	R-HSA-1222556,R-HSA-1369062,R-HSA-5682294,R-HSA-804914,R-HSA-8941413	5
PC(16:0/3:0)	RM0133571	C27H54NO8P	551.3587	Glycerophospholipids	Glycerophosphocholines	PC	18631367	CHEBI:77831		LMGP01010666		NYXYISVRSYAJDW-RUZDIDTESA-N	CCCCCCCCCCCCCCCC(=O)OC[C@H](COP(=O)([O-])OCC[N+](C)(C)C)OC(=O)CC	PC 16:0/3:0					CHEBI:77831	CHEBI:77831	CHEBI:77831	CHEBI:77831										CHEBI:77831							CHEBI:77831						CHEBI:57643	R-HSA-111995,R-HSA-1369062,R-HSA-1482788,R-HSA-1482798,R-HSA-1482839,R-HSA-1483101,R-HSA-1483148,R-HSA-1483166,R-HSA-1483191,R-HSA-1483196,R-HSA-1660661,R-HSA-2029485,R-HSA-2142753,R-HSA-382556,R-HSA-5678771,R-HSA-5683678,R-HSA-5683826,R-HSA-5688399,R-HSA-6811436,R-HSA-8964058,R-HSA-9680350	21
9-hexacosenoic acid	-	-	-	-	-	-	-		-	-		-	-	-					CHEBI:188066	CHEBI:188066	CHEBI:188066	CHEBI:188066										CHEBI:188066							CHEBI:188066						CHEBI:35366	R-HSA-1482883,R-HSA-167826,R-HSA-422085,R-HSA-426048,R-HSA-6809371,R-HSA-6811436,R-HSA-8963889,R-HSA-8964038	8
(25S)-5alpha-cholestan-3beta,6beta,15alpha,16beta,26-pentol	-	-	-	-	-	-	-		-	-		-	-	-					CHEBI:187418	CHEBI:187418	CHEBI:187418	CHEBI:187418										CHEBI:187418							CHEBI:187418						CHEBI:35341	R-HSA-196071	1
3beta-Hydroxy-chol-5-en-24-oic Acid	RM0126107	C24H38O3	374.2821	Sterol Lipids	Bile acids	C24 bile acids	92997	CHEBI:89234	HMDB0000308	LMST04010201		HIAJCGFYHIANNA-QIZZZRFXSA-N	C[C@H](CCC(=O)O)[C@H]1CC[C@H]2[C@@H]3CC=C4C[C@H](CC[C@]4(C)[C@H]3CC[C@]12C)O	3beta-Hydroxy-5-cholenoic acid					CHEBI:89234	CHEBI:89234	CHEBI:89234	CHEBI:89234										CHEBI:89234							CHEBI:89234						CHEBI:35341	R-HSA-196071	1
methyl 9-hydroperoxy-10,12,13,15-bisepidioxy-16E-octadecenoate	-	-	-	-	-	-	-		-	-		-	-	-																																	0
PC(20:1(11Z)/0:0)	RM0181551	C28H54NO8P	563.3587	Glycerophospholipids	Glycerophosphocholines	LPC								LPC 20:1(11Z)/0:0																																	0
Homogentisic acid	RM0135890	C8H8O4	168.0423	Benzenoids	Benzenes	Hydroxybenzoic acids	780	CHEBI:44747	HMDB0000130		C00544	IGMNYECMUMZDDF-UHFFFAOYSA-N	c1cc(c(cc1O)CC(=O)O)O	Homogentisic acid			C00544	map01100,map01120,map01240,map00350,map00130,map00643	CHEBI:44747,CHEBI:44747	CHEBI:44747,CHEBI:44747	CHEBI:44747,CHEBI:44747	CHEBI:44747	C00544	C00544	C00544	C00544			C00544	map01100,map01120,map01240,map00350,map00130,map00643	CHEBI:16169	CHEBI:16169,CHEBI:44747	C00544	CHEBI:16169	R-HSA-8963684	C00544	map01100,map01120,map01240,map00350,map00130,map00643		CHEBI:16169,CHEBI:44747	C00544	CHEBI:16169	R-HSA-8963684	C00544	map01100,map01120,map01240,map00350,map00130,map00643			0
PI(14:0/22:1(11Z))	-	-	-	-	-	-	-		-	-		-	-	-					CHEBI:176988	CHEBI:176988	CHEBI:176988	CHEBI:176988										CHEBI:176988							CHEBI:176988						CHEBI:28874	R-HSA-198933	1
PC(13:0/0:0)	RM0161508	C21H44NO7P	453.2855	Glycerophospholipids	Glycerophosphocholines	LPC								LPC 13:0/0:0					CHEBI:187987	CHEBI:187987	CHEBI:187987	CHEBI:187987										CHEBI:187987							CHEBI:187987						CHEBI:58168	R-HSA-111995,R-HSA-1482839,R-HSA-2142753,R-HSA-6814848	4
MG(22:2(13Z,16Z)/0:0/0:0)	RM0174901	C25H46O4	410.3396	Glycerolipids	Monoradylglycerols	MAG								MG 22:2(13Z,16Z)/0:0/0:0					CHEBI:188099	CHEBI:188099	CHEBI:188099	CHEBI:188099										CHEBI:188099							CHEBI:188099						CHEBI:17408	R-HSA-1482883,R-HSA-1483206,R-HSA-192456,R-HSA-6814848	4
PC(O-16:1(11Z)/0:0)	RM0188787	C24H50NO6P	479.3376	Glycerophospholipids	Glycerophosphocholines	O-LPC								LPC O-16:1(11Z)					CHEBI:177097	CHEBI:177097	CHEBI:177097	CHEBI:177097										CHEBI:177097							CHEBI:177097						CHEBI:36313	R-HSA-1482788	1
24-methylene-cholest-5-en-3beta,23S-diol	-	-	-	-	-	-	-		-	-		-	-	-					CHEBI:187951	CHEBI:187951	CHEBI:187951	CHEBI:187951										CHEBI:187951							CHEBI:187951						CHEBI:35341	R-HSA-196071	1
3-Methyl-3-butenyl apiosyl-(1->6)-glucoside	-	-	-	-	-	-	-		-	-		-	-	-					CHEBI:168068	CHEBI:168068	CHEBI:168068	CHEBI:168068										CHEBI:168068							CHEBI:168068								0
dXDP	-	-	-	-	-	-	-		-	-		-	-	-					CHEBI:10534	CHEBI:10534	CHEBI:10534	CHEBI:10534	C01347	C01347	C01347	C01347						CHEBI:10534	C01347						CHEBI:10534	C01347							0
13S-hydroxyoctadecadienoic acid	RM0153746	C18H32O3	296.2351	Fatty Acyls	Octadecanoids	HODE	6443013	CHEBI:34154	HMDB0004667	LMFA02000228	C14762	HNICUWMFWZBIFP-IRQZEAMPSA-N	CCCCC[C@@H](/C=C/C=C\CCCCCCCC(=O)O)O	13S-HODE	CHEBI:34154	R-HSA-1989781,R-HSA-381340,R-HSA-381340,R-HSA-8943724,R-HSA-8943724,R-HSA-9841922,R-HSA-9841922,R-HSA-9844594	C14762	map00591,map03320				CHEBI:34154	C14762	C14762	C14762	C14762	CHEBI:34154	R-HSA-1989781,R-HSA-381340,R-HSA-381340,R-HSA-8943724,R-HSA-8943724,R-HSA-9841922,R-HSA-9841922,R-HSA-9844594	C14762	map00591,map03320	CHEBI:90850,CHEBI:136655,CHEBI:137495	CHEBI:34154,CHEBI:90850,CHEBI:136655,CHEBI:137495	C14762	CHEBI:34154	R-HSA-1989781,R-HSA-381340,R-HSA-381340,R-HSA-8943724,R-HSA-8943724,R-HSA-9841922,R-HSA-9841922,R-HSA-9844594	C14762	map00591,map03320		CHEBI:34154,CHEBI:90850,CHEBI:136655,CHEBI:137495	C14762	CHEBI:34154	R-HSA-1989781,R-HSA-381340,R-HSA-381340,R-HSA-8943724,R-HSA-8943724,R-HSA-9841922,R-HSA-9841922,R-HSA-9844594	C14762	map00591,map03320			0
L-beta-aspartyl-L-glutamic acid	-	-	-	-	-	-	-		-	-		-	-	-					CHEBI:136817	CHEBI:136817	CHEBI:136817	CHEBI:136817										CHEBI:136817							CHEBI:136817						CHEBI:46761	R-HSA-427975	1
Benzaldehyde	RM0020356	C7H6O	106.0419	Benzenoids	Benzenes	Hydroxybenzoic acids	240	CHEBI:17169	HMDB0006115		C00193	HUMNYLRZRPPJDN-UHFFFAOYSA-N	c1ccc(cc1)C=O	Benzaldehyde	CHEBI:17169	R-HSA-211945			CHEBI:17169,CHEBI:17169	CHEBI:17169,CHEBI:17169	CHEBI:17169,CHEBI:17169	CHEBI:17169	C00193,C00261	C00193,C00261	C00193,C00261	C00193,C00261	CHEBI:17169	R-HSA-211945	C00261	map01100,map01120,map01220,map00627,map00623		CHEBI:17169	C00193,C00261	CHEBI:17169	R-HSA-211945	C00261	map01100,map01120,map01220,map00627,map00623		CHEBI:17169	C00193,C00261	CHEBI:17169	R-HSA-211945	C00261	map01100,map01120,map01220,map00627,map00623			0
PA(20:2(11Z,14Z)/0:0)	RM0172155	C23H43O7P	462.2746	Glycerophospholipids	Glycerophosphates	LPA								LPA 20:2(11Z,14Z)/0:0																																	0
Neoacrimarine E	-	-	-	-	-	-	-		-	-		-	-	-																																	0
SM(d18:2/15:0)	RM0135553	C38H75N2O6P	686.5363	Sphingolipids	Phosphosphingolipids	SM	52931135	CHEBI:136279		LMSP03010036		YHBBZTIPONDTRX-TVUHHANTSA-N	CCC/C=C\CCCCCCCC/C=C/[C@H]([C@H](COP(=O)([O-])OCC[N+](C)(C)C)NC(=O)CCCCCCCCCCCCCC)O	SM 18:2;O2/15:0					CHEBI:136279	CHEBI:136279	CHEBI:136279	CHEBI:136279										CHEBI:136279							CHEBI:136279						CHEBI:64583	R-HSA-1660661	1
16-oxo-heptadecanoic acid	RM0153311	C17H32O3	284.2351	Fatty Acyls	Fatty acids	Oxo FA	5312900	CHEBI:165427		LMFA01060107		APFVJHNDSBIJTB-UHFFFAOYSA-N	CC(=O)CCCCCCCCCCCCCCC(=O)O	16-Oxoheptadecanoic acid					CHEBI:165427,CHEBI:165427	CHEBI:165427,CHEBI:165427	CHEBI:165427,CHEBI:165427	CHEBI:165427										CHEBI:165427							CHEBI:165427						CHEBI:15904	R-HSA-1369062,R-HSA-192456,R-HSA-3000471,R-HSA-390247,R-HSA-5684045,R-HSA-77289,R-HSA-8963901,R-HSA-8964058,R-HSA-975634	9
Neurosporaxanthin beta-D-glucopyranoside	-	-	-	-	-	-	-		-	-		-	-	-					CHEBI:186182	CHEBI:186182	CHEBI:186182	CHEBI:186182										CHEBI:186182							CHEBI:186182						CHEBI:18059	R-HSA-1222556,R-HSA-1369062,R-HSA-5682294,R-HSA-804914,R-HSA-8941413	5
2H-Indol-2-one, 4-[2-(dipropylamino)ethyl]-1,3-dihydro-7-hydroxy- glucuronide	-	-	-	-	-	-	-		-	-		-	-	-																																	0
(3a,5b,7a,12a)-24-[(carboxymethyl)amino]-1,12-dihydroxy-24-oxocholan-3-yl-b-D-Glucopyranosiduronic acid	-	-	-	-	-	-	-		-	-		-	-	-					CHEBI:89282	CHEBI:89282	CHEBI:89282	CHEBI:89282										CHEBI:89282							CHEBI:89282						CHEBI:35341	R-HSA-196071	1
PA(16:0/14:0)	RM0133476	C33H65O8P	620.4417	Glycerophospholipids	Glycerophosphates	PA	448910	CHEBI:73264	HMDB0114833	LMGP10010976		GLOXZZHEZYKXNV-WJOKGBTCSA-N	CCCCCCCCCCCCCCCC(=O)OC[C@H](COP(=O)(O)O)OC(=O)CCCCCCCCCCCCC	PA 16:0/14:0					CHEBI:72858,CHEBI:73264	CHEBI:72858,CHEBI:73264	CHEBI:72858,CHEBI:73264	CHEBI:72858,CHEBI:73264										CHEBI:72858,CHEBI:73264							CHEBI:72858,CHEBI:73264						CHEBI:18059,CHEBI:37739,CHEBI:58608	R-HSA-114508,R-HSA-1222556,R-HSA-1369062,R-HSA-4419969,R-HSA-5682294,R-HSA-75109,R-HSA-804914,R-HSA-8941413,R-HSA-9845576	9
5,7-Dihydroxyflavone 7-benzoate	-	-	-	-	-	-	-		-	-		-	-	-					CHEBI:178225	CHEBI:178225	CHEBI:178225	CHEBI:178225										CHEBI:178225							CHEBI:178225								0
4'-Desmethylpapaverine	-	-	-	-	-	-	-		-	-		-	-	-					CHEBI:188291	CHEBI:188291	CHEBI:188291	CHEBI:188291										CHEBI:188291							CHEBI:188291								0
2,6-Dimethyl-6-O-beta-D-quinovopyranosyl-7-octadecenoic acid	-	-	-	-	-	-	-		-	-		-	-	-					CHEBI:185107	CHEBI:185107	CHEBI:185107	CHEBI:185107										CHEBI:185107							CHEBI:185107								0
Olsalazine sulfate	-	-	-	-	-	-	-		-	-		-	-	-																																	0
3alpha,12alpha-Dihydroxy-15-oxo-5beta-chol-8(14)-en-24-oic Acid	-	-	-	-	-	-	-		-	-		-	-	-					CHEBI:188205	CHEBI:188205	CHEBI:188205	CHEBI:188205										CHEBI:188205							CHEBI:188205						CHEBI:35341	R-HSA-196071	1
5-Cholestene-3beta,7alpha,12alpha,24,25-pentol	-	-	-	-	-	-	-		-	-		-	-	-					CHEBI:185502	CHEBI:185502	CHEBI:185502	CHEBI:185502										CHEBI:185502							CHEBI:185502						CHEBI:35341	R-HSA-196071	1
2-Amino-1-methyl-6-phenylimidazo[4,5-b]pyridine	RM0205034	C13H12N4	224.1062	Organoheterocyclic compounds	Pyridines	Phenylpyridines	1530		HMDB0041008		C16038	UQVKZNNCIHJZLS-UHFFFAOYSA-N	Cn1c2cc(cnc2nc1N)c1ccccc1	1-Methyl-6-phenyl-1H-imidazo[4,5-b]pyridin-2-amine			C16038	map05200,map05204,map05208,map05215	CHEBI:76290	CHEBI:76290	CHEBI:76290	CHEBI:76290	C16038	C16038	C16038	C16038			C16038	map05200,map05204,map05208,map05215		CHEBI:76290	C16038			C16038	map05200,map05204,map05208,map05215		CHEBI:76290	C16038			C16038	map05200,map05204,map05208,map05215			0
PC(O-18:2(9Z,12Z)/2:0)	RM0180471	C28H54NO7P	547.3638	Glycerophospholipids	Glycerophosphocholines	O-PC	24779380			LMGP01020158		ICPPVEDRGDADTQ-IZZMTCJOSA-N	CCCCC/C=CC/C=CCCCCCCCCOC[C@H](COP(=O)([O-])OCC[N+](C)(C)C)OC(=O)C	PC O-18:2(9Z,12Z)/2:0					CHEBI:188171	CHEBI:188171	CHEBI:188171	CHEBI:188171										CHEBI:188171							CHEBI:188171						CHEBI:36313	R-HSA-1482788	1
PC(14:0/O-1:0)	-	-	-	-	-	-	-		-	-		-	-	-					CHEBI:188324	CHEBI:188324	CHEBI:188324	CHEBI:188324										CHEBI:188324							CHEBI:188324						CHEBI:36313	R-HSA-1482788	1
Ornaline	RM0012615	C10H18N2O6	262.1165	Organic acids	Amino acids and peptides	Amino acids	4474580	CHEBI:133921	HMDB0029437		C01683	UXZAXFPFSQRZOZ-UHFFFAOYSA-N	C(CC(C(=O)O)NC(CCC(=O)O)C(=O)O)CN	Nopalinic acid					CHEBI:133921	CHEBI:133921	CHEBI:133921	CHEBI:133921	C01683	C01683	C01683	C01683						CHEBI:133921	C01683						CHEBI:133921	C01683					CHEBI:33575	R-HSA-6809371	1
14S-Methyl-1-octadecene	-	-	-	-	-	-	-		-	-		-	-	-					CHEBI:188225	CHEBI:188225	CHEBI:188225	CHEBI:188225										CHEBI:188225							CHEBI:188225								0
3beta,7alpha,12alpha-Trihydroxy-5alpha-cholestan-26-oic acid	-	-	-	-	-	-	-		-	-		-	-	-					CHEBI:185405	CHEBI:185405	CHEBI:185405	CHEBI:185405										CHEBI:185405							CHEBI:185405						CHEBI:33575,CHEBI:35341	R-HSA-196071,R-HSA-6809371	2
3,4-Dihydroxymandelic acid	RM0136121	C8H8O5	184.0372	Organic acids	Phenylpropanoids	Cinnamic acids	85782	CHEBI:27637	HMDB0001866		C05580	RGHMISIYKIHAJW-UHFFFAOYSA-N	c1cc(c(cc1C(C(=O)O)O)O)O	3,4-Dihydroxymandelic acid			C05580	map01100,map00350	CHEBI:27637,CHEBI:27637	CHEBI:27637,CHEBI:27637	CHEBI:27637,CHEBI:27637	CHEBI:27637	C05580	C05580	C05580	C05580			C05580	map01100,map00350	CHEBI:53326	CHEBI:27637,CHEBI:53326	C05580			C05580	map01100,map00350	CHEBI:180944	CHEBI:27637,CHEBI:53326,CHEBI:180944	C05580			C05580	map01100,map00350	CHEBI:33575	R-HSA-6809371	1
3,5,8,3'-Tetramethoxy-6,7:4',5'-bis(methylenedioxy)flavone	-	-	-	-	-	-	-		-	-		-	-	-					CHEBI:179455	CHEBI:179455	CHEBI:179455	CHEBI:179455										CHEBI:179455							CHEBI:179455								0
(1S,2S)-3-oxo-2-pentyl-cyclopentaneoctanoic acid	-	-	-	-	-	-	-		-	-		-	-	-					CHEBI:187930	CHEBI:187930	CHEBI:187930	CHEBI:187930										CHEBI:187930							CHEBI:187930						CHEBI:18059	R-HSA-1222556,R-HSA-1369062,R-HSA-5682294,R-HSA-804914,R-HSA-8941413	5
Triphenyl phosphate	RM0118169	C18H15O4P	326.0708	Organic acids	Phosphate esters	Phosphate esters	8289	CHEBI:35033	HMDB0259262		C06017	XZZNDPSIHUTMOC-UHFFFAOYSA-N	c1ccc(cc1)OP(=O)(Oc1ccccc1)Oc1ccccc1	Triphenyl phosphate			C06017	map01110,map00523	CHEBI:35033,CHEBI:35033	CHEBI:35033,CHEBI:35033	CHEBI:35033,CHEBI:35033	CHEBI:35033	C06017,C14235	C06017,C14235	C06017,C14235	C06017,C14235			C06017	map01110,map00523		CHEBI:35033	C06017,C14235			C06017	map01110,map00523		CHEBI:35033	C06017,C14235			C06017	map01110,map00523			0
Gliclazide	RM0200780	C15H21N3O3S	323.1304	Benzenoids	Benzenes	Benzenesulfonamides	3475	CHEBI:31654	HMDB0015252			BOVGTQGAOIONJV-UHFFFAOYSA-N	Cc1ccc(cc1)S(=O)(=O)NC(=O)NN1CC2CCCC2C1	Gliclazide	CHEBI:31654	R-HSA-422356			CHEBI:31654,CHEBI:31654	CHEBI:31654,CHEBI:31654	CHEBI:31654,CHEBI:31654	CHEBI:31654					CHEBI:31654	R-HSA-422356				CHEBI:31654		CHEBI:31654	R-HSA-422356				CHEBI:31654		CHEBI:31654	R-HSA-422356					0
Choline	RM0028739	C5H14NO	104.1075	Organic nitrogen compounds	Cholines	Cholines	305	CHEBI:15354	HMDB0000097		C00114	OEYIOHPDSNJKLS-UHFFFAOYSA-N	C[N+](C)(C)CCO	Choline	CHEBI:15354	R-HSA-112311,R-HSA-1483101,R-HSA-1483115,R-HSA-1483148,R-HSA-1483166,R-HSA-1483191,R-HSA-2029485,R-HSA-264642,R-HSA-549127,R-HSA-5619114,R-HSA-5658471,R-HSA-6798163,R-HSA-6814848,R-HSA-9958517	C00114	map01100,map00564,map00260,map00552,map00670,map02010,map04082,map04976,map04981,map04725,map05231	CHEBI:15354,CHEBI:15354	CHEBI:15354,CHEBI:15354	CHEBI:15354,CHEBI:15354	CHEBI:15354	C00114	C00114	C00114	C00114	CHEBI:15354	R-HSA-112311,R-HSA-1483101,R-HSA-1483115,R-HSA-1483148,R-HSA-1483166,R-HSA-1483191,R-HSA-2029485,R-HSA-264642,R-HSA-549127,R-HSA-5619114,R-HSA-5658471,R-HSA-6798163,R-HSA-6814848,R-HSA-9958517	C00114	map01100,map00564,map00260,map00552,map00670,map02010,map04082,map04976,map04981,map04725,map05231		CHEBI:15354	C00114	CHEBI:15354	R-HSA-112311,R-HSA-1483101,R-HSA-1483115,R-HSA-1483148,R-HSA-1483166,R-HSA-1483191,R-HSA-2029485,R-HSA-264642,R-HSA-549127,R-HSA-5619114,R-HSA-5658471,R-HSA-6798163,R-HSA-6814848,R-HSA-9958517	C00114	map01100,map00564,map00260,map00552,map00670,map02010,map04082,map04976,map04981,map04725,map05231		CHEBI:15354	C00114	CHEBI:15354	R-HSA-112311,R-HSA-1483101,R-HSA-1483115,R-HSA-1483148,R-HSA-1483166,R-HSA-1483191,R-HSA-2029485,R-HSA-264642,R-HSA-549127,R-HSA-5619114,R-HSA-5658471,R-HSA-6798163,R-HSA-6814848,R-HSA-9958517	C00114	map01100,map00564,map00260,map00552,map00670,map02010,map04082,map04976,map04981,map04725,map05231			0
calcitetrol	-	-	-	-	-	-	-		-	-		-	-	-					CHEBI:47799	CHEBI:47799	CHEBI:47799	CHEBI:47799	C18231	C18231	C18231	C18231			C18231	map01100,map00100,map04928		CHEBI:47799	C18231			C18231	map01100,map00100,map04928		CHEBI:47799	C18231			C18231	map01100,map00100,map04928	CHEBI:35341	R-HSA-196071	1
DHEA sulfate	RM0028118	C19H28O5S	368.1657	Sterol Lipids	Steroids	C19 Steroids	12594	CHEBI:16814	HMDB0001032	LMST05020010	C04555	CZWCKYRVOZZJNM-USOAJAOKSA-N	C[C@]12CC[C@@H](CC1=CC[C@H]1[C@@H]3CCC(=O)[C@@]3(C)CC[C@H]21)OS(=O)(=O)O	Dehydroepiandrosterone sulfate			C04555	map01100,map00140,map04976	CHEBI:16814,CHEBI:16814	CHEBI:16814,CHEBI:16814	CHEBI:16814,CHEBI:16814	CHEBI:16814	C04555	C04555	C04555	C04555			C04555	map01100,map00140,map04976	CHEBI:57905	CHEBI:16814,CHEBI:57905	C04555	CHEBI:57905	R-HSA-156584,R-HSA-561048,R-HSA-879518	C04555	map01100,map00140,map04976		CHEBI:16814,CHEBI:57905	C04555	CHEBI:57905	R-HSA-156584,R-HSA-561048,R-HSA-879518	C04555	map01100,map00140,map04976			0
DG(16:0/20:4(5Z,8Z,11Z,14Z)/0:0)	RM0133292	C39H68O5	616.5067	Glycerolipids	Diradylglycerols	DAG	9543736	CHEBI:77096	HMDB0007112	LMGL02010070		YJEMDFYSDGNQNM-NDUZERMISA-N	CCCCC/C=CC/C=CC/C=CC/C=CCCCC(=O)O[C@@H](CO)COC(=O)CCCCCCCCCCCCCCC	DG 16:0/20:4(5Z,8Z,11Z,14Z)/0:0					CHEBI:77096	CHEBI:77096	CHEBI:77096	CHEBI:77096										CHEBI:77096							CHEBI:77096						CHEBI:17815	R-HSA-114508,R-HSA-114516,R-HSA-114604,R-HSA-1169091,R-HSA-1169092,R-HSA-1250196,R-HSA-139853,R-HSA-1482883,R-HSA-1483191,R-HSA-1483206,R-HSA-1483213,R-HSA-1489509,R-HSA-162710,R-HSA-163560,R-HSA-1660661,R-HSA-1855204,R-HSA-2029485,R-HSA-2179392,R-HSA-3000170,R-HSA-354192,R-HSA-392517,R-HSA-399997,R-HSA-4086398,R-HSA-416476,R-HSA-416993,R-HSA-418217,R-HSA-418597,R-HSA-419408,R-HSA-426048,R-HSA-434316,R-HSA-4419969,R-HSA-5099900,R-HSA-5218921,R-HSA-5673001,R-HSA-75109,R-HSA-76005,R-HSA-9717207,R-HSA-983695	38
Cer(d18:0/h24:0)	RM0134209	C42H85NO4	667.6479	Sphingolipids	Ceramides	DHCer								Cer 18:0;O2/24:0;O					CHEBI:188236	CHEBI:188236	CHEBI:188236	CHEBI:188236										CHEBI:188236							CHEBI:188236						CHEBI:17761	R-HSA-6809371	1
Ubiquinone Q1	RM0136148	C14H18O4	250.1205	Prenol Lipids	Quinones and hydroquinones	Ubiquinones	4462	CHEBI:46234	HMDB0002012		C00399	SOECUQMRSRVZQQ-UHFFFAOYSA-N	CC(=CCC1=C(C)C(=O)C(=C(C1=O)OC)OC)C	Ubiquinone-1			C00399	map01100,map01110,map01240,map00130,map02020	CHEBI:46234,CHEBI:46234	CHEBI:46234,CHEBI:46234	CHEBI:46234,CHEBI:46234	CHEBI:46234	C00399	C00399	C00399	C00399			C00399	map01100,map01110,map01240,map00130,map02020		CHEBI:46234	C00399			C00399	map01100,map01110,map01240,map00130,map02020		CHEBI:46234	C00399			C00399	map01100,map01110,map01240,map00130,map02020	CHEBI:132124	R-HSA-389661	1
3,7-Dimethyl-2E,6E-decadien-1,10-dioic acid	-	-	-	-	-	-	-		-	-		-	-	-					CHEBI:186672	CHEBI:186672	CHEBI:186672	CHEBI:186672										CHEBI:186672							CHEBI:186672						CHEBI:18059	R-HSA-1222556,R-HSA-1369062,R-HSA-5682294,R-HSA-804914,R-HSA-8941413	5
24-hydroxy-10Z-tetracosenoic acid	-	-	-	-	-	-	-		-	-		-	-	-					CHEBI:183577	CHEBI:183577	CHEBI:183577	CHEBI:183577										CHEBI:183577							CHEBI:183577						CHEBI:35366	R-HSA-1482883,R-HSA-167826,R-HSA-422085,R-HSA-426048,R-HSA-6809371,R-HSA-6811436,R-HSA-8963889,R-HSA-8964038	8
PI(20:4(5Z,8Z,11Z,14Z)/0:0)	RM0133449	C29H47O13P	634.2754	Glycerophospholipids	Glycerophosphoinositols	LPI	42607497	CHEBI:83053	HMDB0061690	LMGP06050006		LXUGKKVCSTYZFK-HYNUQJCBSA-N	CCCCC/C=CC/C=CC/C=CC/C=CCCCC(=O)OC[C@H](COP(=O)(O)O[C@@H]1C([C@@H](C(C(C1O)O)O)O)O)O	LPI 20:4(5Z,8Z,11Z,14Z)/0:0					CHEBI:83053	CHEBI:83053	CHEBI:83053	CHEBI:83053									CHEBI:133065	CHEBI:83053,CHEBI:133065							CHEBI:83053,CHEBI:133065						CHEBI:28914	R-HSA-1482922	1
Vinaginsenoside R14	-	-	-	-	-	-	-		-	-		-	-	-					CHEBI:188259	CHEBI:188259	CHEBI:188259	CHEBI:188259										CHEBI:188259							CHEBI:188259						CHEBI:18059	R-HSA-1222556,R-HSA-1369062,R-HSA-5682294,R-HSA-804914,R-HSA-8941413	5
SM(d18:2/16:0)	RM0135573	C39H77N2O6P	700.5519	Sphingolipids	Phosphosphingolipids	SM	52931235	CHEBI:136280	HMDB0240638	LMSP03010090		YLWSJLLZUHSIEA-CKSUKHGVSA-N	CCC/C=C\CCCCCCCC/C=C/[C@H]([C@H](COP(=O)([O-])OCC[N+](C)(C)C)NC(=O)CCCCCCCCCCCCCCC)O	SM 18:2;O2/16:0					CHEBI:136280	CHEBI:136280	CHEBI:136280	CHEBI:136280										CHEBI:136280							CHEBI:136280						CHEBI:64583	R-HSA-1660661	1
Chenodeoxycholic acid	RM0135803	C24H40O4	392.2927	Sterol Lipids	Bile acids	C24 bile acids	10133	CHEBI:16755	HMDB0000518	LMST04010032	C02528	RUDATBOHQWOJDD-BSWAIDMHSA-N	C[C@H](CCC(=O)O)[C@H]1CC[C@H]2[C@H]3[C@H](CC[C@]12C)[C@@]1(C)CC[C@H](C[C@H]1C[C@H]3O)O	Chenodeoxycholic acid			C02528	map01100,map00120,map00121,map04976	CHEBI:16755,CHEBI:16755	CHEBI:16755,CHEBI:16755	CHEBI:16755,CHEBI:16755	CHEBI:16755	C02528	C02528	C02528	C02528			C02528	map01100,map00120,map00121,map04976	CHEBI:36234	CHEBI:16755,CHEBI:36234	C02528	CHEBI:36234	R-HSA-159418,R-HSA-192105,R-HSA-192456,R-HSA-193368,R-HSA-193807,R-HSA-1989781,R-HSA-211976,R-HSA-373076,R-HSA-4090294,R-HSA-418555,R-HSA-879518	C02528	map01100,map00120,map00121,map04976		CHEBI:16755,CHEBI:36234	C02528	CHEBI:36234	R-HSA-159418,R-HSA-192105,R-HSA-192456,R-HSA-193368,R-HSA-193807,R-HSA-1989781,R-HSA-211976,R-HSA-373076,R-HSA-4090294,R-HSA-418555,R-HSA-879518	C02528	map01100,map00120,map00121,map04976			0
PC(0:0/16:0)	RM0134494	C24H50NO7P	495.3325	Glycerophospholipids	Glycerophosphocholines	LPC								LPC 0:0/16:0					CHEBI:76078	CHEBI:91297,CHEBI:76078	CHEBI:91297,CHEBI:76078	CHEBI:76078,CHEBI:91297										CHEBI:76078,CHEBI:91297							CHEBI:76078,CHEBI:91297						CHEBI:60479	R-HSA-1483115,R-HSA-3000471,R-HSA-3000480,R-HSA-3000484,R-HSA-5686938,R-HSA-6814848	6
PS(O-20:0/14:0)	RM0108554	C40H80NO9P	749.5571	Glycerophospholipids	Glycerophosphoserines	O-PS	52926132	CHEBI:188175		LMGP03020043		FQGGGDDJZMNTTN-AMAPPZPBSA-N	CCCCCCCCCCCCCCCCCCCCOC[C@H](COP(=O)(O)OC[C@@H](C(=O)O)N)OC(=O)CCCCCCCCCCCCC	PS O-20:0/14:0					CHEBI:188175	CHEBI:188175	CHEBI:188175	CHEBI:188175										CHEBI:188175							CHEBI:188175						CHEBI:18059,CHEBI:37739,CHEBI:52575	R-HSA-1222556,R-HSA-1369062,R-HSA-5682294,R-HSA-75109,R-HSA-804914,R-HSA-8941413,R-HSA-9845576	7
(22E)-3alpha,7alpha-Dihydroxy-5beta-chol-22-en-24-oic Acid	-	-	-	-	-	-	-		-	-		-	-	-					CHEBI:187933	CHEBI:187933	CHEBI:187933	CHEBI:187933										CHEBI:187933							CHEBI:187933						CHEBI:35341	R-HSA-196071	1
5alpha-androstane-3alpha-ol-17-one sulfate	RM0125907	C19H30O5S	370.1814	Sterol Lipids	Steroids	C19 Steroids	159663	CHEBI:83037	HMDB0002759	LMST05020001	C04555	ZMITXKRGXGRMKS-HLUDHZFRSA-N	C[C@]12CC[C@H](C[C@@H]1CC[C@H]1[C@@H]3CCC(=O)[C@@]3(C)CC[C@H]21)OS(=O)(=O)O	5alpha-Androstane-3alpha-ol-17-one sulfate			C04555	map01100,map00140,map04976	CHEBI:83037	CHEBI:83037	CHEBI:83037	CHEBI:83037	C04555	C04555	C04555	C04555			C04555	map01100,map00140,map04976	CHEBI:133003	CHEBI:83037,CHEBI:133003	C04555			C04555	map01100,map00140,map04976		CHEBI:83037,CHEBI:133003	C04555			C04555	map01100,map00140,map04976	CHEBI:35341	R-HSA-196071	1
Secosterol-A	RM0031737	C27H46O3	418.3447	Sterol Lipids	Sterols	Oxysterols	24779593	CHEBI:166812		LMST01010127		YAKOGNWFSAFQBB-MCFZVKJISA-N	CC(C)CCC[C@@H](C)[C@H]1CC[C@H]2[C@H](CC=O)[C@H](CC[C@]12C)[C@@]1(C)CC[C@@H](CC1=O)O	Secosterol-A					CHEBI:166812	CHEBI:166812	CHEBI:166812	CHEBI:166812										CHEBI:166812							CHEBI:166812						CHEBI:18059	R-HSA-1222556,R-HSA-1369062,R-HSA-5682294,R-HSA-804914,R-HSA-8941413	5
Cardanolide skeleton	-	-	-	-	-	-	-		-	-		-	-	-																																	0
5-Hydroxy-7,4'-dimethoxy-6,8-di-C-prenylflavanone 5-O-galactoside	-	-	-	-	-	-	-		-	-		-	-	-					CHEBI:169069	CHEBI:169069	CHEBI:169069	CHEBI:169069										CHEBI:169069							CHEBI:169069								0
L-Acetylcarnitine	RM0154009	C9H17NO4	203.1158	Fatty Acyls	Fatty esters	Acyl carnitines	18230	CHEBI:86045	HMDB0240771	LMFA07070049		RDHQFKQIGNGIED-QMMMGPOBSA-N	CC(=O)O[C@@H](CC(=O)[O-])C[N+](C)(C)C	CAR 2:0					CHEBI:57589	CHEBI:57589	CHEBI:57589	CHEBI:57589,CHEBI:86045	C02571	C02571	C02571	C02571	CHEBI:57589	R-HSA-200425,R-HSA-389887	C02571	map04931		CHEBI:57589,CHEBI:86045	C02571	CHEBI:57589	R-HSA-200425,R-HSA-389887	C02571	map04931		CHEBI:57589,CHEBI:86045	C02571	CHEBI:57589	R-HSA-200425,R-HSA-389887	C02571	map04931			0
Biliverdin IX	RM0136810	C33H34N4O6	582.2478	Organoheterocyclic compounds	Bilirubins	Bilirubins	5280353	CHEBI:17033	HMDB0001008		C00500	QBUVFDKTZJNUPP-BBROENKCSA-N	C=CC1=C(C)C(=O)N/C/1=C\c1c(C)c(CCC(=O)O)c(/C=C\2/C(=C(C)C(=N2)/C=C\2/C(=C(C=C)C(=O)N2)C)CCC(=O)O)[nH]1	Biliverdin			C00500	map01100,map01110,map00860	CHEBI:17033,CHEBI:17033,CHEBI:188102	CHEBI:17033,CHEBI:17033,CHEBI:188102	CHEBI:17033,CHEBI:17033,CHEBI:188102	CHEBI:17033,CHEBI:188102	C00500	C00500	C00500	C00500			C00500	map01100,map01110,map00860	CHEBI:57991	CHEBI:17033,CHEBI:57991,CHEBI:188102	C00500	CHEBI:57991	R-HSA-189483,R-HSA-917937,R-HSA-9707564	C00500	map01100,map01110,map00860		CHEBI:17033,CHEBI:57991,CHEBI:188102	C00500	CHEBI:57991	R-HSA-189483,R-HSA-917937,R-HSA-9707564	C00500	map01100,map01110,map00860			0
Nicotinamide N-oxide	RM0040293	C6H6N2O2	138.0429	Alkaloids	Pyridine alkaloids	Nicotinic acid alkaloids	72661	CHEBI:89640	HMDB0002730			USSFUVKEHXDAPM-UHFFFAOYSA-N	c1cc(c[n+](c1)[O-])C(=O)N	Nicotinamide N-oxide					CHEBI:89640	CHEBI:89640	CHEBI:89640	CHEBI:89640										CHEBI:89640							CHEBI:89640								0
23-methyl-5Z,9Z-tetracosadienoic acid	-	-	-	-	-	-	-		-	-		-	-	-					CHEBI:188023	CHEBI:188023	CHEBI:188023	CHEBI:188023										CHEBI:188023							CHEBI:188023						CHEBI:35366	R-HSA-1482883,R-HSA-167826,R-HSA-422085,R-HSA-426048,R-HSA-6809371,R-HSA-6811436,R-HSA-8963889,R-HSA-8964038	8
LysoPC(20:1(11Z))	RM0048626	C28H56NO7P	549.3794	Glycerophospholipids	Glycerophosphocholines	LPC								LPC 20:1(11Z)					CHEBI:88685	CHEBI:88685	CHEBI:88685	CHEBI:88685										CHEBI:88685							CHEBI:88685						CHEBI:58168	R-HSA-111995,R-HSA-1482839,R-HSA-2142753,R-HSA-6814848	4
3-O-alpha-L-rhamnopyranosyl-3-hydroxydecanoyl-3-hydroxydecanoic acid	-	-	-	-	-	-	-		-	-		-	-	-					CHEBI:185618	CHEBI:185618	CHEBI:185618	CHEBI:185618										CHEBI:185618							CHEBI:185618						CHEBI:33563	R-HSA-9638630	1
Cer(d18:0/12:0)	RM0123276	C30H61NO3	483.4651	Sphingolipids	Ceramides	DHCer	53481046	CHEBI:85261	HMDB0011758	LMSP02029AKK		UHWYQXNZIBLESO-URLMMPGGSA-N	CCCCCCCCCCCCCCC[C@H]([C@H](CO)NC(=O)CCCCCCCCCCC)O	Cer 18:0;O2/12:0					CHEBI:85261	CHEBI:85261	CHEBI:85261	CHEBI:85261										CHEBI:85261							CHEBI:85261						CHEBI:139048	R-HSA-1660661	1
15-HETE-Ala	-	-	-	-	-	-	-		-	-		-	-	-					CHEBI:186716	CHEBI:186716	CHEBI:186716	CHEBI:186716										CHEBI:186716							CHEBI:186716						CHEBI:33575	R-HSA-6809371	1
19-oxo-eicosanoic acid	-	-	-	-	-	-	-		-	-		-	-	-					CHEBI:183563	CHEBI:183563	CHEBI:183563	CHEBI:183563										CHEBI:183563							CHEBI:183563						CHEBI:15904	R-HSA-1369062,R-HSA-192456,R-HSA-3000471,R-HSA-390247,R-HSA-5684045,R-HSA-77289,R-HSA-8963901,R-HSA-8964058,R-HSA-975634	9
2-ISOPRENYL-3-HYDROXY-5-METHYL-a-PYRONE	-	-	-	-	-	-	-		-	-		-	-	-					CHEBI:188221	CHEBI:188221	CHEBI:188221	CHEBI:188221										CHEBI:188221							CHEBI:188221								0
Methyl 3,4-dihydroxy-5-prenylbenzoate 3-glucoside	-	-	-	-	-	-	-		-	-		-	-	-					CHEBI:172635	CHEBI:172635	CHEBI:172635	CHEBI:172635										CHEBI:172635							CHEBI:172635								0
PI(17:1(10Z)/0:0)	RM0133446	C26H47O13P	598.2754	Glycerophospholipids	Glycerophosphoinositols	LPI	42607494	CHEBI:75347		LMGP06050003		IJYZXEQPMZTSQX-GFLOHTBCSA-N	CCCCCC/C=CCCCCCCCCC(=O)OC[C@H](COP(=O)(O)O[C@@H]1C([C@@H](C(C(C1O)O)O)O)O)O	LPI 17:1(10Z)/0:0					CHEBI:75347	CHEBI:75347	CHEBI:75347	CHEBI:75347									CHEBI:75119	CHEBI:75119,CHEBI:75347							CHEBI:75119,CHEBI:75347						CHEBI:28914	R-HSA-1482922	1
3-Sulfodeoxycholic acid	RM0201254	C24H40O7S	472.2495	Sterol Lipids	Bile acids	C24 bile acids	44263355			LMST05020038		ARGCPGOJOKCMSW-PRIGKXSZSA-N	C[C@H](CCC(=O)O)C1CC[C@H]2[C@@H]3CC[C@@H]4C[C@@H](CC[C@]4(C)[C@H]3C[C@@H]([C@]12C)O)OS(=O)(=O)O	3-Sulfodeoxycholic acid					CHEBI:88888	CHEBI:88888	CHEBI:88888	CHEBI:88888										CHEBI:88888							CHEBI:88888						CHEBI:35341	R-HSA-196071	1
Cyanidin-3-(2'-acetylrutinoside)	-	-	-	-	-	-	-		-	-		-	-	-					CHEBI:188329	CHEBI:188329	CHEBI:188329	CHEBI:188329										CHEBI:188329							CHEBI:188329						CHEBI:36916	R-HSA-936837	1
Baliospermin	-	-	-	-	-	-	-		-	-		-	-	-					CHEBI:2987	CHEBI:2987	CHEBI:2987	CHEBI:2987	C09065	C09065	C09065	C09065						CHEBI:2987	C09065						CHEBI:2987	C09065					CHEBI:18059	R-HSA-1222556,R-HSA-1369062,R-HSA-5682294,R-HSA-804914,R-HSA-8941413	5
(20R)-24-Hydroxygeminivitamin D3	-	-	-	-	-	-	-		-	-		-	-	-					CHEBI:188265	CHEBI:188265	CHEBI:188265	CHEBI:188265										CHEBI:188265							CHEBI:188265						CHEBI:35341	R-HSA-196071	1
AGC	-	-	-	-	-	-	-		-	-		-	-	-																																	0
7-Methyl-1,4,5-naphthalenetriol 4-[xylosyl-(1->6)-glucoside]	-	-	-	-	-	-	-		-	-		-	-	-					CHEBI:178685	CHEBI:178685	CHEBI:178685	CHEBI:178685										CHEBI:178685							CHEBI:178685								0
SM(d18:1/15:0)	RM0135554	C38H77N2O6P	688.5519	Sphingolipids	Phosphosphingolipids	SM	52931139	CHEBI:64485	HMDB0240608	LMSP03010038		LQINJRUGTUOHGS-YPDYIYJKSA-N	CCCCCCCCCCCCC/C=C/[C@H]([C@H](COP(=O)([O-])OCC[N+](C)(C)C)NC(=O)CCCCCCCCCCCCCC)O	SM 18:1;O2/15:0					CHEBI:64485	CHEBI:64485	CHEBI:64485	CHEBI:64485										CHEBI:64485							CHEBI:64485						CHEBI:17636	R-HSA-1369062,R-HSA-193681,R-HSA-9840310	3
15-HETE-DA	-	-	-	-	-	-	-		-	-		-	-	-					CHEBI:188286	CHEBI:188286	CHEBI:188286	CHEBI:188286										CHEBI:188286							CHEBI:188286								0
VALSARTAN	RM0136402	C24H29N5O3	435.2270	Organic acids	Amino acids and peptides	Amino acids	60846	CHEBI:9927	HMDB0014323			ACWBQPMHZXGDFX-QFIPXVFZSA-N	CCCCC(=O)N(Cc1ccc(cc1)c1ccccc1c1[nH]nnn1)[C@@H](C(C)C)C(=O)O	Valsartan	CHEBI:9927	R-HSA-375276			CHEBI:9927	CHEBI:9927	CHEBI:9927	CHEBI:9927					CHEBI:9927	R-HSA-375276				CHEBI:9927		CHEBI:9927	R-HSA-375276				CHEBI:9927		CHEBI:9927	R-HSA-375276					0
2-methyl-16-heptadecenoic acid	-	-	-	-	-	-	-		-	-		-	-	-					CHEBI:188159	CHEBI:188159	CHEBI:188159	CHEBI:188159										CHEBI:188159							CHEBI:188159						CHEBI:15904	R-HSA-1369062,R-HSA-192456,R-HSA-3000471,R-HSA-390247,R-HSA-5684045,R-HSA-77289,R-HSA-8963901,R-HSA-8964058,R-HSA-975634	9
(20R,22R)-20,22-dihydroxycholesterol	RM0135687	C27H46O3	418.3447	Sterol Lipids	Sterols	Cholesterols	6453841	CHEBI:1294	HMDB0006763	LMST01010200	C05501	ISBSSBGEYIBVTO-TYKWNDPBSA-N	CC(C)CC[C@H]([C@@](C)([C@H]1CC[C@H]2[C@@H]3CC=C4C[C@H](CC[C@]4(C)[C@H]3CC[C@]12C)O)O)O	(20R,22R)-20,22-Dihydroxycholesterol	CHEBI:1294	R-HSA-196108,R-HSA-211976,R-HSA-5579026	C05501	map01100,map00140	CHEBI:1294,CHEBI:1294	CHEBI:1294,CHEBI:1294	CHEBI:1294,CHEBI:1294	CHEBI:1294	C05501	C05501	C05501	C05501	CHEBI:1294	R-HSA-196108,R-HSA-211976,R-HSA-5579026	C05501	map01100,map00140		CHEBI:1294	C05501	CHEBI:1294	R-HSA-196108,R-HSA-211976,R-HSA-5579026	C05501	map01100,map00140		CHEBI:1294	C05501	CHEBI:1294	R-HSA-196108,R-HSA-211976,R-HSA-5579026	C05501	map01100,map00140			0
Isoferuloyl C1-glucuronide	-	-	-	-	-	-	-		-	-		-	-	-					CHEBI:188284	CHEBI:188284	CHEBI:188284	CHEBI:188284										CHEBI:188284							CHEBI:188284								0
Hexacosanedioic acid	RM0139431	C26H50O4	426.3709	Fatty Acyls	Fatty acids	Dicarboxylic acids	9543670	CHEBI:76334		LMFA01170040		JJWZFUFNJNGKAF-UHFFFAOYSA-N	C(CCCCCCCCCCCCC(=O)O)CCCCCCCCCCCC(=O)O	Hexacosanedioic acid					CHEBI:76334	CHEBI:76334	CHEBI:76334	CHEBI:76334									CHEBI:76312	CHEBI:76312,CHEBI:76334							CHEBI:76312,CHEBI:76334						CHEBI:18059,CHEBI:33575	R-HSA-1222556,R-HSA-1369062,R-HSA-5682294,R-HSA-6809371,R-HSA-804914,R-HSA-8941413	6
L-Glutamine	RM0012560	C5H10N2O3	146.0691	Organic acids	Amino acids and peptides	Amino acids	5961	CHEBI:18050	HMDB0000641		C00064	ZDXPYRJPNDTMRX-VKHMYHEASA-N	C(CC(=O)N)[C@@H](C(=O)O)N	Glutamine			C00064	map01100,map01110,map01120,map01230,map01232,map01240,map00630,map00910,map00230,map00240,map00250,map00220,map00470,map00750,map01060,map00970,map02010,map02020,map04974,map04978,map04964,map04724,map04727,map04382,map05230	CHEBI:18050,CHEBI:28300,CHEBI:28300,CHEBI:30011,CHEBI:58359	CHEBI:18050,CHEBI:28300,CHEBI:28300,CHEBI:30011,CHEBI:58359	CHEBI:18050,CHEBI:28300,CHEBI:28300,CHEBI:30011,CHEBI:58359	CHEBI:18050,CHEBI:28300,CHEBI:30011,CHEBI:58359	C00064,C00303	C00064,C00303	C00064,C00303	C00064,C00303	CHEBI:58359	R-HSA-177162,R-HSA-196807,R-HSA-210455,R-HSA-210500,R-HSA-352230,R-HSA-379716,R-HSA-379726,R-HSA-4085023,R-HSA-442660,R-HSA-446210,R-HSA-499943,R-HSA-500753,R-HSA-5619044,R-HSA-5628897,R-HSA-5659735,R-HSA-73817,R-HSA-8963693,R-HSA-8964539,R-HSA-9748787	C00064	map01100,map01110,map01120,map01230,map01232,map01240,map00630,map00910,map00230,map00240,map00250,map00220,map00470,map00750,map01060,map00970,map02010,map02020,map04974,map04978,map04964,map04724,map04727,map04382,map05230	CHEBI:17061,CHEBI:32665,CHEBI:32666,CHEBI:32672,CHEBI:32673,CHEBI:32678,CHEBI:32679,CHEBI:48097,CHEBI:58000	CHEBI:17061,CHEBI:18050,CHEBI:28300,CHEBI:30011,CHEBI:32665,CHEBI:32666,CHEBI:32672,CHEBI:32673,CHEBI:32678,CHEBI:32679,CHEBI:48097,CHEBI:58000,CHEBI:58359	C00064,C00303,C00819	CHEBI:58359	R-HSA-177162,R-HSA-196807,R-HSA-210455,R-HSA-210500,R-HSA-352230,R-HSA-379716,R-HSA-379726,R-HSA-4085023,R-HSA-442660,R-HSA-446210,R-HSA-499943,R-HSA-500753,R-HSA-5619044,R-HSA-5628897,R-HSA-5659735,R-HSA-73817,R-HSA-8963693,R-HSA-8964539,R-HSA-9748787	C00064,C00819	map01100,map01110,map01120,map01230,map01232,map01240,map00630,map00910,map00230,map00240,map00250,map00220,map00470,map00750,map01060,map00970,map02010,map02020,map04974,map04978,map04964,map04724,map04727,map04382,map05230,map01100,map00470		CHEBI:17061,CHEBI:18050,CHEBI:28300,CHEBI:30011,CHEBI:32665,CHEBI:32666,CHEBI:32672,CHEBI:32673,CHEBI:32678,CHEBI:32679,CHEBI:48097,CHEBI:58000,CHEBI:58359	C00064,C00303,C00819	CHEBI:58359	R-HSA-177162,R-HSA-196807,R-HSA-210455,R-HSA-210500,R-HSA-352230,R-HSA-379716,R-HSA-379726,R-HSA-4085023,R-HSA-442660,R-HSA-446210,R-HSA-499943,R-HSA-500753,R-HSA-5619044,R-HSA-5628897,R-HSA-5659735,R-HSA-73817,R-HSA-8963693,R-HSA-8964539,R-HSA-9748787	C00064,C00819	map01100,map01110,map01120,map01230,map01232,map01240,map00630,map00910,map00230,map00240,map00250,map00220,map00470,map00750,map01060,map00970,map02010,map02020,map04974,map04978,map04964,map04724,map04727,map04382,map05230,map01100,map00470			0
Dichotellate A	-	-	-	-	-	-	-		-	-		-	-	-					CHEBI:169888	CHEBI:169888	CHEBI:169888	CHEBI:169888										CHEBI:169888							CHEBI:169888								0
PC(17:2(9Z,12Z)/0:0)	RM0133378	C25H48NO7P	505.3168	Glycerophospholipids	Glycerophosphocholines	LPC	52924043	CHEBI:133731		LMGP01050127		GYPQKMKDLBCBMB-XTVBGRGASA-N	CCCC/C=CC/C=CCCCCCCCC(=O)OC[C@H](COP(=O)([O-])OCC[N+](C)(C)C)O	LPC 17:2(9Z,12Z)/0:0					CHEBI:133731	CHEBI:133731	CHEBI:133731	CHEBI:133731										CHEBI:133731							CHEBI:133731						CHEBI:58168	R-HSA-111995,R-HSA-1482839,R-HSA-2142753,R-HSA-6814848	4
Methionyl-Cysteine	RM0131700	C8H16N2O3S2	252.0602	Organic acids	Amino acids and peptides	Dipeptides	54106237	CHEBI:157875	HMDB0028970			NDYNTQWSJLPEMK-WDSKDSINSA-N	CSCC[C@@H](C(=O)N[C@@H](CS)C(=O)O)N	Met-Cys					CHEBI:157875,CHEBI:174319	CHEBI:157875,CHEBI:174319	CHEBI:157875,CHEBI:174319	CHEBI:157875,CHEBI:174319										CHEBI:157875,CHEBI:174319							CHEBI:157875,CHEBI:174319						CHEBI:46761	R-HSA-427975	1
Oncobic acid	RM0153693	C20H34O2	306.2559	Fatty Acyls	Fatty acids	Carbocyclic FA	44256508	CHEBI:165376		LMFA01140045		KAKYPXHOBZXCNY-UPHRSURJSA-N	C(=C\CCCCCCC(=O)O)\CCCCCCC1C=CCC1	Oncobic acid					CHEBI:165376	CHEBI:165376	CHEBI:165376	CHEBI:165376										CHEBI:165376							CHEBI:165376						CHEBI:15904	R-HSA-1369062,R-HSA-192456,R-HSA-3000471,R-HSA-390247,R-HSA-5684045,R-HSA-77289,R-HSA-8963901,R-HSA-8964058,R-HSA-975634	9
Axillarenic acid	-	-	-	-	-	-	-		-	-		-	-	-					CHEBI:187234	CHEBI:187234	CHEBI:187234	CHEBI:187234										CHEBI:187234							CHEBI:187234						CHEBI:35366	R-HSA-1482883,R-HSA-167826,R-HSA-422085,R-HSA-426048,R-HSA-6809371,R-HSA-6811436,R-HSA-8963889,R-HSA-8964038	8
2-Hydroxy-24-keto-octacosanolide	-	-	-	-	-	-	-		-	-		-	-	-					CHEBI:187965	CHEBI:187965	CHEBI:187965	CHEBI:187965										CHEBI:187965							CHEBI:187965								0
5-alpha-Dihydrotestosterone glucuronide	RM0205099	C25H38O8	466.2567	Sterol Lipids	Steroids	C19 Steroids	44263365	CHEBI:89417	HMDB0006203	LMST05010041		CLQMBSSRTBUNDV-CPKOJWPQSA-N	C[C@]12CCC(=O)C[C@@H]1CC[C@H]1[C@@H]3CC[C@@H]([C@@]3(C)CC[C@H]21)O[C@H]1[C@@H]([C@H]([C@@H]([C@@H](C(=O)O)O1)O)O)O	5-alpha-Dihydrotestosterone glucuronide								CHEBI:89417									CHEBI:136914	CHEBI:89417,CHEBI:136914							CHEBI:89417,CHEBI:136914						CHEBI:35341	R-HSA-196071	1
PE(18:2(9Z,12Z)/0:0)	RM0133422	C23H44NO7P	477.2855	Glycerophospholipids	Glycerophosphoethanolamines	LPE								LPE 18:2(9Z,12Z)/0:0					CHEBI:83058	CHEBI:83058	CHEBI:83058	CHEBI:83058									CHEBI:133732	CHEBI:83058,CHEBI:133732							CHEBI:83058,CHEBI:133732						CHEBI:29017	R-HSA-1482798,R-HSA-1482839,R-HSA-1483152	3
2-thio-Acetyl MAGE	-	-	-	-	-	-	-		-	-		-	-	-					CHEBI:190077	CHEBI:190077	CHEBI:190077	CHEBI:190077										CHEBI:190077							CHEBI:190077								0
E,E-13-HpODE	RM0136426	C18H32O4	312.2301	Fatty Acyls	Octadecanoids	HpODE	5353275	CHEBI:165781		LMFA02000099		JDSRHVWSAMTSSN-KDFHGORWSA-N	CCCCCC(/C=C/C=C/CCCCCCCC(=O)O)OO	E,E-13-HpODE					CHEBI:165781	CHEBI:165781	CHEBI:165781	CHEBI:165781										CHEBI:165781							CHEBI:165781						CHEBI:15904	R-HSA-1369062,R-HSA-192456,R-HSA-3000471,R-HSA-390247,R-HSA-5684045,R-HSA-77289,R-HSA-8963901,R-HSA-8964058,R-HSA-975634	9
Onocerin	-	-	-	-	-	-	-		-	-		-	-	-					CHEBI:138304	CHEBI:138304	CHEBI:138304	CHEBI:138304										CHEBI:138304							CHEBI:138304						CHEBI:30879	R-HSA-1483166,R-HSA-2022377,R-HSA-8935690	3
3a,20b-Pregnanediol	-	-	-	-	-	-	-		-	-		-	-	-					CHEBI:188014	CHEBI:188014	CHEBI:188014	CHEBI:188014										CHEBI:188014							CHEBI:188014						CHEBI:35341	R-HSA-196071	1
Lividomycin B	-	-	-	-	-	-	-		-	-		-	-	-					CHEBI:71962	CHEBI:71962	CHEBI:71962	CHEBI:71962	C18003	C18003	C18003	C18003			C18003	map01110,map00524		CHEBI:71962	C18003			C18003	map01110,map00524		CHEBI:71962	C18003			C18003	map01110,map00524			0
16alpha,27-dihydroxycholesterol	-	-	-	-	-	-	-		-	-		-	-	-					CHEBI:156183	CHEBI:156183	CHEBI:156183	CHEBI:156183										CHEBI:156183							CHEBI:156183						CHEBI:33575,CHEBI:35341	R-HSA-196071,R-HSA-6809371	2
14E-tricosenoic acid	-	-	-	-	-	-	-		-	-		-	-	-					CHEBI:188090	CHEBI:188090	CHEBI:188090	CHEBI:188090										CHEBI:188090							CHEBI:188090						CHEBI:35366	R-HSA-1482883,R-HSA-167826,R-HSA-422085,R-HSA-426048,R-HSA-6809371,R-HSA-6811436,R-HSA-8963889,R-HSA-8964038	8
1,5-Dibutyl methyl hydroxycitrate	-	-	-	-	-	-	-		-	-		-	-	-					CHEBI:168588	CHEBI:168588	CHEBI:168588	CHEBI:168588										CHEBI:168588							CHEBI:168588								0
3-keto palmitic acid	RM0139459	C16H30O3	270.2195	Fatty Acyls	Fatty acids	Oxo FA	5282997	CHEBI:37251	HMDB0010733	LMFA01060051		ASICPMTWQSESKX-UHFFFAOYSA-N	CCCCCCCCCCCCCC(=O)CC(=O)O	3-Ketopalmitic acid					CHEBI:37251	CHEBI:37251	CHEBI:37251	CHEBI:37251										CHEBI:37251							CHEBI:37251						CHEBI:15904	R-HSA-1369062,R-HSA-192456,R-HSA-3000471,R-HSA-390247,R-HSA-5684045,R-HSA-77289,R-HSA-8963901,R-HSA-8964058,R-HSA-975634	9
Ascorbyl stearate	-	-	-	-	-	-	-		-	-		-	-	-					CHEBI:138822	CHEBI:138822	CHEBI:138822	CHEBI:138822	C20340	C20340	C20340	C20340						CHEBI:138822	C20340						CHEBI:138822	C20340					CHEBI:18059	R-HSA-1222556,R-HSA-1369062,R-HSA-5682294,R-HSA-804914,R-HSA-8941413	5
PC(17:1(10Z)/0:0)	RM0133377	C25H50NO7P	507.3325	Glycerophospholipids	Glycerophosphocholines	LPC	42607442	CHEBI:73854		LMGP01050002		XBGIMYLOTRDXPK-AGXIJRPPSA-N	CCCCCC/C=CCCCCCCCCC(=O)OC[C@H](COP(=O)([O-])OCC[N+](C)(C)C)O	LPC 17:1(10Z)/0:0					CHEBI:73854	CHEBI:73854,CHEBI:73854	CHEBI:73854	CHEBI:73854										CHEBI:73854							CHEBI:73854						CHEBI:17504	R-HSA-1482788,R-HSA-1482798,R-HSA-1483115,R-HSA-2029485,R-HSA-381771,R-HSA-400511,R-HSA-6811436,R-HSA-8964058	8
1,2-Benzenediol, 4-[[4-(4-fluorophenyl)-3-piperidinyl]methoxy]-, (3S-trans)-	-	-	-	-	-	-	-		-	-		-	-	-					CHEBI:187385	CHEBI:187385	CHEBI:187385	CHEBI:187385										CHEBI:187385							CHEBI:187385								0
5alpha-Cholestane-3alpha,7alpha,12alpha,26-tetrol	-	-	-	-	-	-	-		-	-		-	-	-					CHEBI:181118	CHEBI:181118	CHEBI:181118	CHEBI:181118										CHEBI:181118							CHEBI:181118						CHEBI:33575,CHEBI:35341	R-HSA-196071,R-HSA-6809371	2
3beta-hydroxy-4beta-methyl-5alpha-cholest-7-ene-4alpha-carboxylic acid	RM0138892	C29H48O3	444.3603	Sterol Lipids	Sterols	Cholesterols	440507	CHEBI:18134	HMDB0011662	LMST01010175	C04840	UQFZKTIHSICSPG-DSHYQQBWSA-N	CC(C)CCC[C@@H](C)[C@H]1CC[C@H]2C3=CC[C@@H]4[C@](C)(CC[C@@H]([C@@]4(C)C(=O)O)O)[C@H]3CC[C@]12C	3-beta-Hydroxy-4-beta-methyl-5-alpha-cholest-7-ene-4-alpha-carboxylate					CHEBI:18134	CHEBI:18134	CHEBI:18134	CHEBI:18134	C04840	C04840	C04840	C04840					CHEBI:58387	CHEBI:18134,CHEBI:58387	C04840						CHEBI:18134,CHEBI:58387	C04840					CHEBI:35341	R-HSA-196071	1
Calcitriol	RM0135794	C27H44O3	416.3290	Sterol Lipids	Secosterols	Vitamin D3	5280453	CHEBI:17823	HMDB0001903	LMST03020258	C01673	GMRQFYUYWCNGIN-NKMMMXOESA-N	C[C@H](CCCC(C)(C)O)[C@H]1CC[C@H]2/C(=C/C=C\3/C[C@H](C[C@@H](C3=C)O)O)/CCC[C@]12C	1alpha,25-Dihydroxyvitamin D3	CHEBI:17823	R-HSA-196791,R-HSA-211916,R-HSA-5579010	C01673	map01100,map00100,map04928,map04978,map04961,map05152	CHEBI:17823	CHEBI:17823	CHEBI:17823	CHEBI:17823	C01673	C01673	C01673	C01673	CHEBI:17823	R-HSA-196791,R-HSA-211916,R-HSA-5579010	C01673	map01100,map00100,map04928,map04978,map04961,map05152		CHEBI:17823	C01673	CHEBI:17823	R-HSA-196791,R-HSA-211916,R-HSA-5579010	C01673	map01100,map00100,map04928,map04978,map04961,map05152		CHEBI:17823	C01673	CHEBI:17823	R-HSA-196791,R-HSA-211916,R-HSA-5579010	C01673	map01100,map00100,map04928,map04978,map04961,map05152			0
REBAMIPIDE	RM0200990	C19H15ClN2O4	370.0720	Benzenoids	Benzenes	Benzoic acids	5042		HMDB0257127			ALLWOAVDORUJLA-UHFFFAOYSA-N	c1ccc2c(c1)c(CC(C(=O)O)NC(=O)c1ccc(cc1)Cl)cc(=O)[nH]2	Rebamipide					CHEBI:32090	CHEBI:32090	CHEBI:32090	CHEBI:32090										CHEBI:32090							CHEBI:32090								0
Scillirosidin	-	-	-	-	-	-	-		-	-		-	-	-					CHEBI:37417	CHEBI:37417	CHEBI:37417	CHEBI:37417										CHEBI:37417							CHEBI:37417						CHEBI:35341	R-HSA-196071	1
Daphnetoxin	-	-	-	-	-	-	-		-	-		-	-	-					CHEBI:4321	CHEBI:4321	CHEBI:4321	CHEBI:4321	C09080	C09080	C09080	C09080						CHEBI:4321	C09080						CHEBI:4321	C09080					CHEBI:30879	R-HSA-1483166,R-HSA-2022377,R-HSA-8935690	3
SM(d17:1/17:0)	RM0135556	C39H79N2O6P	702.5676	Sphingolipids	Phosphosphingolipids	SM	52931149	CHEBI:184189		LMSP03010043		VJLGWXPICWQEGB-GWQJGLRPSA-N	CCCCCCCCCCCCCCCCC(=O)N[C@@H](COP(=O)([O-])OCC[N+](C)(C)C)[C@@H](/C=C/CCCCCCCCCCCC)O	SM 17:1;O2/17:0					CHEBI:184189	CHEBI:184189	CHEBI:184189	CHEBI:184189										CHEBI:184189							CHEBI:184189						CHEBI:64583	R-HSA-1660661	1
24,24-Difluoro-25-hydroxy-26,27-dimethylvitamin D3	-	-	-	-	-	-	-		-	-		-	-	-					CHEBI:187948	CHEBI:187948	CHEBI:187948	CHEBI:187948										CHEBI:187948							CHEBI:187948						CHEBI:35341	R-HSA-196071	1
Litcubine	-	-	-	-	-	-	-		-	-		-	-	-					CHEBI:169824	CHEBI:169824	CHEBI:169824	CHEBI:169824										CHEBI:169824							CHEBI:169824								0
PI-Cer(t20:0/26:0(2OH))	-	-	-	-	-	-	-		-	-		-	-	-					CHEBI:188079	CHEBI:188079	CHEBI:188079	CHEBI:188079										CHEBI:188079							CHEBI:188079						CHEBI:16247	R-HSA-1483206,R-HSA-202733,R-HSA-2168880,R-HSA-3000471,R-HSA-3000480,R-HSA-3000484,R-HSA-3000497,R-HSA-432142,R-HSA-5686938,R-HSA-8856825,R-HSA-8856828,R-HSA-8866423,R-HSA-8963888,R-HSA-8963896,R-HSA-8963901,R-HSA-8964011,R-HSA-8964026,R-HSA-8964038,R-HSA-8964041,R-HSA-8964046,R-HSA-8964058,R-HSA-8964572,R-HSA-9615710,R-HSA-9707616,R-HSA-975634,R-HSA-9918432,R-HSA-9918481,R-HSA-9918487,R-HSA-9920588,R-HSA-9920951	30
PC(O-16:0/1:0)	RM0133720	C25H52NO7P	509.3481	Glycerophospholipids	Glycerophosphocholines	O-PC	24779290	CHEBI:131688		LMGP01020028		BBASNTQPDXPDFB-RUZDIDTESA-N	CCCCCCCCCCCCCCCCOC[C@H](COP(=O)([O-])OCC[N+](C)(C)C)OC=O	PC O-16:0/1:0					CHEBI:131688	CHEBI:131688	CHEBI:131688	CHEBI:131688										CHEBI:131688							CHEBI:131688						CHEBI:36313	R-HSA-1482788	1
5beta-Cholestane-3alpha,7alpha,24,26-tetrol	-	-	-	-	-	-	-		-	-		-	-	-					CHEBI:48731	CHEBI:48731	CHEBI:48731	CHEBI:48731										CHEBI:48731						CHEBI:63833	CHEBI:48731,CHEBI:63833		CHEBI:63833	R-HSA-193775					0
Eicosanoyl-EA	RM0153081	C22H45NO2	355.3450	Fatty Acyls	Fatty amides	NAE	3787294	CHEBI:85253	HMDB0248559	LMFA08040038		AUJVQJHODMISJP-UHFFFAOYSA-N	CCCCCCCCCCCCCCCCCCCC(=O)NCCO	Eicosanoyl-EA					CHEBI:85253	CHEBI:85253	CHEBI:85253	CHEBI:85253										CHEBI:85253							CHEBI:85253						CHEBI:30879	R-HSA-1483166,R-HSA-2022377,R-HSA-8935690	3
cholest-5,24-dien-3beta-ol 3-O-beta-D-glucopyranoside	-	-	-	-	-	-	-		-	-		-	-	-																																	0
DIMETHOATE	RM0118132	C5H12NO3PS2	228.9996	Organic acids	Organic dithiophosphoric acids	Dithiophosphate esters	3082	CHEBI:34714	HMDB0251379			MCWXGJITAZMZEV-UHFFFAOYSA-N	CNC(=O)CSP(=S)(OC)OC	Dimethoate					CHEBI:34714,CHEBI:34714	CHEBI:34714,CHEBI:34714	CHEBI:34714,CHEBI:34714	CHEBI:34714	C14326	C14326	C14326	C14326						CHEBI:34714	C14326						CHEBI:34714	C14326							0
PC(18:2(9Z,12Z)/20:5(5Z,8Z,11Z,14Z,17Z))	-	-	-	-	-	-	-		-	-		-	-	-					CHEBI:184156	CHEBI:184156	CHEBI:184156	CHEBI:184156										CHEBI:184156							CHEBI:184156						CHEBI:57643	R-HSA-111995,R-HSA-1369062,R-HSA-1482788,R-HSA-1482798,R-HSA-1482839,R-HSA-1483101,R-HSA-1483148,R-HSA-1483166,R-HSA-1483191,R-HSA-1483196,R-HSA-1660661,R-HSA-2029485,R-HSA-2142753,R-HSA-382556,R-HSA-5678771,R-HSA-5683678,R-HSA-5683826,R-HSA-5688399,R-HSA-6811436,R-HSA-8964058,R-HSA-9680350	21
1alpha,25-Dihydroxy-21-(3-hydroxy-3-methylbutyl)vitamin D	-	-	-	-	-	-	-		-	-		-	-	-																																	0
PI(22:4(7Z,10Z,13Z,16Z)/0:0)	RM0184242	C31H51O13P	662.3067	Glycerophospholipids	Glycerophosphoinositols	LPI								LPI 22:4(7Z,10Z,13Z,16Z)/0:0					CHEBI:138562	CHEBI:138562	CHEBI:138562	CHEBI:138562										CHEBI:138562							CHEBI:138562						CHEBI:37739	R-HSA-9845576	1
25-Cinnamoyl-vulgaroside	-	-	-	-	-	-	-		-	-		-	-	-					CHEBI:176068	CHEBI:176068	CHEBI:176068	CHEBI:176068										CHEBI:176068							CHEBI:176068						CHEBI:18059	R-HSA-1222556,R-HSA-1369062,R-HSA-5682294,R-HSA-804914,R-HSA-8941413	5
L-Leucine	RM0136379	C6H13NO2	131.0946	Organic acids	Amino acids and peptides	Amino acids	6106	CHEBI:15603	HMDB0000687		C00123	ROHFNLRQFUQHCH-YFKPBYRVSA-N	CC(C)C[C@@H](C(=O)O)N	Leucine			C00123	map01100,map01110,map01210,map01230,map00280,map00290,map00966,map01060,map01065,map00970,map02010,map04150,map04974,map04978,map05230,map05131	CHEBI:15603,CHEBI:25017,CHEBI:30006,CHEBI:57427	CHEBI:15603,CHEBI:25017,CHEBI:30006,CHEBI:57427	CHEBI:15603,CHEBI:25017,CHEBI:30006,CHEBI:57427	CHEBI:15603,CHEBI:25017,CHEBI:30006,CHEBI:57427	C00123,C16439	C00123,C16439	C00123,C16439	C00123,C16439	CHEBI:57427	R-HSA-352230,R-HSA-379716,R-HSA-379726,R-HSA-442660,R-HSA-5619044,R-HSA-5619094,R-HSA-5619113,R-HSA-5659735,R-HSA-5660862,R-HSA-5660883,R-HSA-70895,R-HSA-70895,R-HSA-71240,R-HSA-9639288	C00123	map01100,map01110,map01210,map01230,map00280,map00290,map00966,map01060,map01065,map00970,map02010,map04150,map04974,map04978,map05230,map05131	CHEBI:28225,CHEBI:30005,CHEBI:32619,CHEBI:32620,CHEBI:32623,CHEBI:32624,CHEBI:32627,CHEBI:32628,CHEBI:143079	CHEBI:15603,CHEBI:25017,CHEBI:28225,CHEBI:30005,CHEBI:30006,CHEBI:32619,CHEBI:32620,CHEBI:32623,CHEBI:32624,CHEBI:32627,CHEBI:32628,CHEBI:57427,CHEBI:143079	C00123,C01570,C16439	CHEBI:57427	R-HSA-352230,R-HSA-379716,R-HSA-379726,R-HSA-442660,R-HSA-5619044,R-HSA-5619094,R-HSA-5619113,R-HSA-5659735,R-HSA-5660862,R-HSA-5660883,R-HSA-70895,R-HSA-70895,R-HSA-71240,R-HSA-9639288	C00123	map01100,map01110,map01210,map01230,map00280,map00290,map00966,map01060,map01065,map00970,map02010,map04150,map04974,map04978,map05230,map05131	CHEBI:192087	CHEBI:15603,CHEBI:25017,CHEBI:28225,CHEBI:30005,CHEBI:30006,CHEBI:32619,CHEBI:32620,CHEBI:32623,CHEBI:32624,CHEBI:32627,CHEBI:32628,CHEBI:57427,CHEBI:143079,CHEBI:192087	C00123,C01570,C16439	CHEBI:57427	R-HSA-352230,R-HSA-379716,R-HSA-379726,R-HSA-442660,R-HSA-5619044,R-HSA-5619094,R-HSA-5619113,R-HSA-5659735,R-HSA-5660862,R-HSA-5660883,R-HSA-70895,R-HSA-70895,R-HSA-71240,R-HSA-9639288	C00123	map01100,map01110,map01210,map01230,map00280,map00290,map00966,map01060,map01065,map00970,map02010,map04150,map04974,map04978,map05230,map05131			0
4alpha-carboxy-5alpha-cholesta-8-en-3beta-ol	RM0002751	C28H46O3	430.3447	Sterol Lipids	Sterols	Cholesterols	44263318	CHEBI:87293	HMDB0062386	LMST01010228		RODBXVVNKJCWQR-GSQAGGHASA-N	CC(C)CCC[C@@H](C)[C@H]1CC[C@H]2C3=C(CC[C@]12C)[C@@]1(C)CC[C@@H]([C@H]([C@@H]1CC3)C(=O)O)O	4alpha-Carboxy-5alpha-cholesta-8-en-3beta-ol								CHEBI:87293									CHEBI:87055,CHEBI:145943	CHEBI:87055,CHEBI:87293,CHEBI:145943		CHEBI:87055	R-HSA-6807062				CHEBI:87055,CHEBI:87293,CHEBI:145943		CHEBI:87055	R-HSA-6807062					0
ACEPHATE	RM0114743	C4H10NO3PS	183.0119	Organic acids	Carboxylic acids	Carboxylic acids	1982	CHEBI:34520	HMDB0247901			YASYVMFAVPKPKE-UHFFFAOYSA-N	CC(=O)NP(=O)(OC)SC	Acephate					CHEBI:34520,CHEBI:34520	CHEBI:34520,CHEBI:34520	CHEBI:34520,CHEBI:34520	CHEBI:34520	C14426	C14426	C14426	C14426						CHEBI:34520	C14426						CHEBI:34520	C14426							0
PC(16:0/0:0)[rac]	-	-	-	-	-	-	-		-	-		-	-	-																																	0
Spongipregnoloside B	-	-	-	-	-	-	-		-	-		-	-	-					CHEBI:185763	CHEBI:185763	CHEBI:185763	CHEBI:185763										CHEBI:185763							CHEBI:185763						CHEBI:35341	R-HSA-196071	1
Phosphoric acid	RM0032341	H3O4P	97.9769	Inorganic compounds	Phosphorus inorganic compounds	Phosphates	1004	CHEBI:26078	HMDB0001429		C00009	NBIIXXVUZAFLBC-UHFFFAOYSA-N	OP(=O)(O)O	Phosphoric acid			C00009	map00190,map00195,map02010,map02020,map04111,map02024,map04928,map04978,map05012,map05022	CHEBI:26078,CHEBI:26078	CHEBI:26078,CHEBI:26078	CHEBI:26078,CHEBI:26078	CHEBI:26078	C00009	C00009	C00009	C00009			C00009	map00190,map00195,map02010,map02020,map04111,map02024,map04928,map04978,map05012,map05022	CHEBI:18367,CHEBI:39745,CHEBI:43474	CHEBI:18367,CHEBI:26078,CHEBI:39745,CHEBI:43474	C00009	CHEBI:18367,CHEBI:43474	R-HSA-5358346,R-HSA-5362768,R-HSA-9755088,R-HSA-111447,R-HSA-112043,R-HSA-112409,R-HSA-113501,R-HSA-114608,R-HSA-1236974,R-HSA-1237112,R-HSA-1268020,R-HSA-1295596,R-HSA-1369007,R-HSA-1369062,R-HSA-1442490,R-HSA-1445148,R-HSA-1483148,R-HSA-1483166,R-HSA-1483191,R-HSA-1483206,R-HSA-1483213,R-HSA-1483248,R-HSA-156581,R-HSA-156584,R-HSA-156902,R-HSA-159236,R-HSA-159418,R-HSA-1614635,R-HSA-163210,R-HSA-1632852,R-HSA-163560,R-HSA-163767,R-HSA-165054,R-HSA-1660499,R-HSA-1660499,R-HSA-1660514,R-HSA-1660516,R-HSA-1660517,R-HSA-1660661,R-HSA-167172,R-HSA-168333,R-HSA-170660,R-HSA-170670,R-HSA-171319,R-HSA-174403,R-HSA-174411,R-HSA-174414,R-HSA-177504,R-HSA-180024,R-HSA-180024,R-HSA-180292,R-HSA-181429,R-HSA-181430,R-HSA-182971,R-HSA-1855167,R-HSA-1855183,R-HSA-1855183,R-HSA-1855204,R-HSA-1855231,R-HSA-186797,R-HSA-189451,R-HSA-189483,R-HSA-193368,R-HSA-196757,R-HSA-196807,R-HSA-196819,R-HSA-196843,R-HSA-1971475,R-HSA-198753,R-HSA-199220,R-HSA-199418,R-HSA-200425,R-HSA-201556,R-HSA-202424,R-HSA-202427,R-HSA-202430,R-HSA-202670,R-HSA-2029482,R-HSA-2029485,R-HSA-203927,R-HSA-204005,R-HSA-204174,R-HSA-2046105,R-HSA-210455,R-HSA-212676,R-HSA-2132295,R-HSA-2142691,R-HSA-2161517,R-HSA-2173788,R-HSA-2173788,R-HSA-2173795,R-HSA-2393930,R-HSA-2408508,R-HSA-2408557,R-HSA-2408557,R-HSA-2453902,R-HSA-2453902,R-HSA-2500257,R-HSA-2514853,R-HSA-2514859,R-HSA-2565942,R-HSA-2672351,R-HSA-2871809,R-HSA-2995383,R-HSA-3229133,R-HSA-3299685,R-HSA-3322077,R-HSA-3371453,R-HSA-3371497,R-HSA-354192,R-HSA-375165,R-HSA-379716,R-HSA-379726,R-HSA-380972,R-HSA-382556,R-HSA-389513,R-HSA-389960,R-HSA-389977,R-HSA-390450,R-HSA-390522,R-HSA-3928662,R-HSA-399719,R-HSA-399955,R-HSA-4085001,R-HSA-4086398,R-HSA-416476,R-HSA-416550,R-HSA-416993,R-HSA-418555,R-HSA-418594,R-HSA-418594,R-HSA-418597,R-HSA-419408,R-HSA-427589,R-HSA-427652,R-HSA-428543,R-HSA-428643,R-HSA-429958,R-HSA-432720,R-HSA-432722,R-HSA-437239,R-HSA-4419969,R-HSA-445355,R-HSA-446199,R-HSA-499943,R-HSA-500753,R-HSA-5368286,R-HSA-5389840,R-HSA-5419276,R-HSA-5578775,R-HSA-5607763,R-HSA-5619040,R-HSA-5619045,R-HSA-5619097,R-HSA-5619111,R-HSA-5620916,R-HSA-5625740,R-HSA-5627117,R-HSA-5627123,R-HSA-5628897,R-HSA-5649702,R-HSA-5663220,R-HSA-5673000,R-HSA-5675221,R-HSA-5678895,R-HSA-5683826,R-HSA-5687128,R-HSA-5687583,R-HSA-5693554,R-HSA-5693565,R-HSA-5693568,R-HSA-5693607,R-HSA-5696395,R-HSA-6782135,R-HSA-6784531,R-HSA-6790901,R-HSA-6803544,R-HSA-6804757,R-HSA-6807004,R-HSA-6807505,R-HSA-6807878,R-HSA-6811434,R-HSA-6811555,R-HSA-6811558,R-HSA-6814122,R-HSA-68962,R-HSA-69202,R-HSA-69231,R-HSA-69273,R-HSA-69656,R-HSA-70171,R-HSA-70221,R-HSA-70221,R-HSA-70263,R-HSA-70268,R-HSA-70635,R-HSA-70895,R-HSA-70921,R-HSA-71032,R-HSA-71064,R-HSA-71288,R-HSA-71403,R-HSA-71737,R-HSA-72086,R-HSA-72163,R-HSA-72662,R-HSA-72702,R-HSA-72706,R-HSA-72764,R-HSA-73614,R-HSA-73621,R-HSA-73817,R-HSA-73843,R-HSA-74217,R-HSA-74259,R-HSA-74749,R-HSA-75105,R-HSA-75109,R-HSA-76042,R-HSA-77387,R-HSA-877312,R-HSA-877312,R-HSA-8847453,R-HSA-8849471,R-HSA-8849472,R-HSA-8850843,R-HSA-8854214,R-HSA-8856828,R-HSA-8863795,R-HSA-8934593,R-HSA-8935690,R-HSA-8939211,R-HSA-8955332,R-HSA-8955332,R-HSA-8963896,R-HSA-8964058,R-HSA-8964539,R-HSA-8980692,R-HSA-8985586,R-HSA-9013026,R-HSA-9013106,R-HSA-9013148,R-HSA-9013149,R-HSA-9013404,R-HSA-9013405,R-HSA-9013406,R-HSA-9013408,R-HSA-9013409,R-HSA-9013419,R-HSA-9013423,R-HSA-9013425,R-HSA-9018519,R-HSA-9034015,R-HSA-9035034,R-HSA-912694,R-HSA-917729,R-HSA-917937,R-HSA-917977,R-HSA-936837,R-HSA-9609523,R-HSA-9609736,R-HSA-9615933,R-HSA-9617324,R-HSA-9634600,R-HSA-9634600,R-HSA-9635465,R-HSA-9636383,R-HSA-9638334,R-HSA-9638482,R-HSA-9639288,R-HSA-9660826,R-HSA-9662360,R-HSA-9662361,R-HSA-9664422,R-HSA-9668328,R-HSA-9674555,R-HSA-9682706,R-HSA-9682708,R-HSA-9694686,R-HSA-9694786,R-HSA-9706019,R-HSA-9706369,R-HSA-9726842,R-HSA-9735763,R-HSA-9748787,R-HSA-9749641,R-HSA-9753281,R-HSA-9757110,R-HSA-9758881,R-HSA-9758890,R-HSA-9760173,R-HSA-9770562,R-HSA-977347,R-HSA-982772,R-HSA-982772,R-HSA-9828642,R-HSA-9828806,R-HSA-983170,R-HSA-9836573,R-HSA-9837999,R-HSA-9837999,R-HSA-9845614,R-HSA-9851151,R-HSA-9860927,R-HSA-9860927,R-HSA-9861718,R-HSA-9913143,R-HSA-9913635,R-HSA-9927020,R-HSA-9931269,R-HSA-9953170,R-HSA-9954714,R-HSA-9954716,R-HSA-9969896	C00009	map00190,map00195,map02010,map02020,map04111,map02024,map04928,map04978,map05012,map05022		CHEBI:18367,CHEBI:26078,CHEBI:39745,CHEBI:43474	C00009	CHEBI:18367,CHEBI:43474	R-HSA-5358346,R-HSA-5362768,R-HSA-9755088,R-HSA-111447,R-HSA-112043,R-HSA-112409,R-HSA-113501,R-HSA-114608,R-HSA-1236974,R-HSA-1237112,R-HSA-1268020,R-HSA-1295596,R-HSA-1369007,R-HSA-1369062,R-HSA-1442490,R-HSA-1445148,R-HSA-1483148,R-HSA-1483166,R-HSA-1483191,R-HSA-1483206,R-HSA-1483213,R-HSA-1483248,R-HSA-156581,R-HSA-156584,R-HSA-156902,R-HSA-159236,R-HSA-159418,R-HSA-1614635,R-HSA-163210,R-HSA-1632852,R-HSA-163560,R-HSA-163767,R-HSA-165054,R-HSA-1660499,R-HSA-1660499,R-HSA-1660514,R-HSA-1660516,R-HSA-1660517,R-HSA-1660661,R-HSA-167172,R-HSA-168333,R-HSA-170660,R-HSA-170670,R-HSA-171319,R-HSA-174403,R-HSA-174411,R-HSA-174414,R-HSA-177504,R-HSA-180024,R-HSA-180024,R-HSA-180292,R-HSA-181429,R-HSA-181430,R-HSA-182971,R-HSA-1855167,R-HSA-1855183,R-HSA-1855183,R-HSA-1855204,R-HSA-1855231,R-HSA-186797,R-HSA-189451,R-HSA-189483,R-HSA-193368,R-HSA-196757,R-HSA-196807,R-HSA-196819,R-HSA-196843,R-HSA-1971475,R-HSA-198753,R-HSA-199220,R-HSA-199418,R-HSA-200425,R-HSA-201556,R-HSA-202424,R-HSA-202427,R-HSA-202430,R-HSA-202670,R-HSA-2029482,R-HSA-2029485,R-HSA-203927,R-HSA-204005,R-HSA-204174,R-HSA-2046105,R-HSA-210455,R-HSA-212676,R-HSA-2132295,R-HSA-2142691,R-HSA-2161517,R-HSA-2173788,R-HSA-2173788,R-HSA-2173795,R-HSA-2393930,R-HSA-2408508,R-HSA-2408557,R-HSA-2408557,R-HSA-2453902,R-HSA-2453902,R-HSA-2500257,R-HSA-2514853,R-HSA-2514859,R-HSA-2565942,R-HSA-2672351,R-HSA-2871809,R-HSA-2995383,R-HSA-3229133,R-HSA-3299685,R-HSA-3322077,R-HSA-3371453,R-HSA-3371497,R-HSA-354192,R-HSA-375165,R-HSA-379716,R-HSA-379726,R-HSA-380972,R-HSA-382556,R-HSA-389513,R-HSA-389960,R-HSA-389977,R-HSA-390450,R-HSA-390522,R-HSA-3928662,R-HSA-399719,R-HSA-399955,R-HSA-4085001,R-HSA-4086398,R-HSA-416476,R-HSA-416550,R-HSA-416993,R-HSA-418555,R-HSA-418594,R-HSA-418594,R-HSA-418597,R-HSA-419408,R-HSA-427589,R-HSA-427652,R-HSA-428543,R-HSA-428643,R-HSA-429958,R-HSA-432720,R-HSA-432722,R-HSA-437239,R-HSA-4419969,R-HSA-445355,R-HSA-446199,R-HSA-499943,R-HSA-500753,R-HSA-5368286,R-HSA-5389840,R-HSA-5419276,R-HSA-5578775,R-HSA-5607763,R-HSA-5619040,R-HSA-5619045,R-HSA-5619097,R-HSA-5619111,R-HSA-5620916,R-HSA-5625740,R-HSA-5627117,R-HSA-5627123,R-HSA-5628897,R-HSA-5649702,R-HSA-5663220,R-HSA-5673000,R-HSA-5675221,R-HSA-5678895,R-HSA-5683826,R-HSA-5687128,R-HSA-5687583,R-HSA-5693554,R-HSA-5693565,R-HSA-5693568,R-HSA-5693607,R-HSA-5696395,R-HSA-6782135,R-HSA-6784531,R-HSA-6790901,R-HSA-6803544,R-HSA-6804757,R-HSA-6807004,R-HSA-6807505,R-HSA-6807878,R-HSA-6811434,R-HSA-6811555,R-HSA-6811558,R-HSA-6814122,R-HSA-68962,R-HSA-69202,R-HSA-69231,R-HSA-69273,R-HSA-69656,R-HSA-70171,R-HSA-70221,R-HSA-70221,R-HSA-70263,R-HSA-70268,R-HSA-70635,R-HSA-70895,R-HSA-70921,R-HSA-71032,R-HSA-71064,R-HSA-71288,R-HSA-71403,R-HSA-71737,R-HSA-72086,R-HSA-72163,R-HSA-72662,R-HSA-72702,R-HSA-72706,R-HSA-72764,R-HSA-73614,R-HSA-73621,R-HSA-73817,R-HSA-73843,R-HSA-74217,R-HSA-74259,R-HSA-74749,R-HSA-75105,R-HSA-75109,R-HSA-76042,R-HSA-77387,R-HSA-877312,R-HSA-877312,R-HSA-8847453,R-HSA-8849471,R-HSA-8849472,R-HSA-8850843,R-HSA-8854214,R-HSA-8856828,R-HSA-8863795,R-HSA-8934593,R-HSA-8935690,R-HSA-8939211,R-HSA-8955332,R-HSA-8955332,R-HSA-8963896,R-HSA-8964058,R-HSA-8964539,R-HSA-8980692,R-HSA-8985586,R-HSA-9013026,R-HSA-9013106,R-HSA-9013148,R-HSA-9013149,R-HSA-9013404,R-HSA-9013405,R-HSA-9013406,R-HSA-9013408,R-HSA-9013409,R-HSA-9013419,R-HSA-9013423,R-HSA-9013425,R-HSA-9018519,R-HSA-9034015,R-HSA-9035034,R-HSA-912694,R-HSA-917729,R-HSA-917937,R-HSA-917977,R-HSA-936837,R-HSA-9609523,R-HSA-9609736,R-HSA-9615933,R-HSA-9617324,R-HSA-9634600,R-HSA-9634600,R-HSA-9635465,R-HSA-9636383,R-HSA-9638334,R-HSA-9638482,R-HSA-9639288,R-HSA-9660826,R-HSA-9662360,R-HSA-9662361,R-HSA-9664422,R-HSA-9668328,R-HSA-9674555,R-HSA-9682706,R-HSA-9682708,R-HSA-9694686,R-HSA-9694786,R-HSA-9706019,R-HSA-9706369,R-HSA-9726842,R-HSA-9735763,R-HSA-9748787,R-HSA-9749641,R-HSA-9753281,R-HSA-9757110,R-HSA-9758881,R-HSA-9758890,R-HSA-9760173,R-HSA-9770562,R-HSA-977347,R-HSA-982772,R-HSA-982772,R-HSA-9828642,R-HSA-9828806,R-HSA-983170,R-HSA-9836573,R-HSA-9837999,R-HSA-9837999,R-HSA-9845614,R-HSA-9851151,R-HSA-9860927,R-HSA-9860927,R-HSA-9861718,R-HSA-9913143,R-HSA-9913635,R-HSA-9927020,R-HSA-9931269,R-HSA-9953170,R-HSA-9954714,R-HSA-9954716,R-HSA-9969896	C00009	map00190,map00195,map02010,map02020,map04111,map02024,map04928,map04978,map05012,map05022			0
12R-HETrE	-	-	-	-	-	-	-		-	-		-	-	-					CHEBI:184584	CHEBI:184584	CHEBI:184584	CHEBI:184584										CHEBI:184584							CHEBI:184584						CHEBI:24654	R-HSA-3000471,R-HSA-3000480,R-HSA-3000484,R-HSA-5686938	4
PGF2alpha methyl ether	RM0139537	C21H38O4	354.2770	Fatty Acyls	Eicosanoids	Prostaglandins	5283074	CHEBI:137215		LMFA03010073		VWEVSUSNDAHANL-GPPPFWBLSA-N	CCCCC[C@@H](/C=C/[C@@H]1[C@@H](C/C=C\CCCCOC)[C@H](C[C@H]1O)O)O	PGF2alpha methyl ether					CHEBI:137215	CHEBI:137215	CHEBI:137215	CHEBI:137215										CHEBI:137215							CHEBI:137215						CHEBI:30879	R-HSA-1483166,R-HSA-2022377,R-HSA-8935690	3
24-norcholesterol	RM0029146	C26H44O	372.3392	Sterol Lipids	Sterols	Cholesterols	193773	CHEBI:166789		LMST01010315		VQSNHPSNPFDOJF-XSLNCIIRSA-N	CC(C)CC[C@@H](C)[C@H]1CC[C@H]2[C@@H]3CC=C4C[C@H](CC[C@]4(C)[C@H]3CC[C@]12C)O	24-Norcholesterol					CHEBI:166789	CHEBI:166789	CHEBI:166789	CHEBI:166789										CHEBI:166789							CHEBI:166789						CHEBI:30879	R-HSA-1483166,R-HSA-2022377,R-HSA-8935690	3
Scillaren A	RM0136868	C36H52O13	692.3408	Sterol Lipids	Sterols	Bufanolides	441870	CHEBI:27831		LMST01130005		NXJOCELNFPGKIV-ARHXXGKOSA-N	C[C@H]1[C@@H]([C@H]([C@H]([C@@H](O1)O[C@H]1CC[C@@]2(C)C(=C1)CC[C@@H]1[C@@H]2CC[C@]2(C)[C@H](CC[C@]12O)c1ccc(=O)oc1)O)O)O[C@H]1[C@@H]([C@H]([C@@H]([C@@H](CO)O1)O)O)O	Scillaren A					CHEBI:27831,CHEBI:27831	CHEBI:27831,CHEBI:27831	CHEBI:27831,CHEBI:27831	CHEBI:27831	C08879	C08879	C08879	C08879						CHEBI:27831	C08879						CHEBI:27831	C08879					CHEBI:35341	R-HSA-196071	1
(2S)-2'-Methoxykurarinone	-	-	-	-	-	-	-		-	-		-	-	-					CHEBI:66151	CHEBI:66151	CHEBI:66151	CHEBI:66151										CHEBI:66151							CHEBI:66151								0
Isopalmitic acid	RM0153594	C16H32O2	256.2402	Fatty Acyls	Fatty acids	Branched FA	36247	CHEBI:84890	HMDB0031068	LMFA01020010		ZONJATNKKGGVSU-UHFFFAOYSA-N	CC(C)CCCCCCCCCCCCC(=O)O	Isopalmitic acid					CHEBI:84890	CHEBI:84890	CHEBI:84890	CHEBI:84890									CHEBI:183088	CHEBI:84890,CHEBI:183088							CHEBI:84890,CHEBI:183088						CHEBI:15904	R-HSA-1369062,R-HSA-192456,R-HSA-3000471,R-HSA-390247,R-HSA-5684045,R-HSA-77289,R-HSA-8963901,R-HSA-8964058,R-HSA-975634	9
Tributyrin	RM0134211	C15H26O6	302.1729	Glycerolipids	Triradylglycerols	TAG							CCCC(=O)OCC(COC(=O)CCC)OC(=O)CCC	TG 4:0/4:0/4:0					CHEBI:35020	CHEBI:35020	CHEBI:35020	CHEBI:35020	C13870	C13870	C13870	C13870						CHEBI:35020	C13870						CHEBI:35020	C13870					CHEBI:17855	R-HSA-1482883,R-HSA-163560,R-HSA-192456,R-HSA-202733,R-HSA-3000471,R-HSA-3000480,R-HSA-3000484,R-HSA-3000497,R-HSA-432142,R-HSA-5686938,R-HSA-6809371,R-HSA-75109,R-HSA-8856825,R-HSA-8856828,R-HSA-8866423,R-HSA-8963888,R-HSA-8963889,R-HSA-8963901,R-HSA-8964011,R-HSA-8964026,R-HSA-8964038,R-HSA-8964041,R-HSA-8964046,R-HSA-8964058,R-HSA-8964572,R-HSA-9707616,R-HSA-975634,R-HSA-9918432,R-HSA-9918481,R-HSA-9918487,R-HSA-9920588,R-HSA-9920951	32
7,11-Bisdeacetylvaltrate 7-(3-methylpentanoate) 11-(3-hydroxy-3-methylbutanoate)	-	-	-	-	-	-	-		-	-		-	-	-					CHEBI:173236	CHEBI:173236	CHEBI:173236	CHEBI:173236										CHEBI:173236							CHEBI:173236						CHEBI:18059	R-HSA-1222556,R-HSA-1369062,R-HSA-5682294,R-HSA-804914,R-HSA-8941413	5
amifloxacin	-	-	-	-	-	-	-		-	-		-	-	-					CHEBI:169231	CHEBI:169231	CHEBI:169231	CHEBI:169231										CHEBI:169231							CHEBI:169231								0
9-HODE	RM0150605	C18H32O3	296.2351	Fatty Acyls	Octadecanoids	HODE	5282944	CHEBI:72651	HMDB0062652	LMFA02000151		NPDSHTNEKLQQIJ-ZJHFMPGASA-N	CCCCC/C=C\C=C\C(CCCCCCCC(=O)O)O	9-HODE					CHEBI:72651	CHEBI:72651	CHEBI:72651	CHEBI:72651									CHEBI:133820	CHEBI:72651,CHEBI:133820						CHEBI:34496,CHEBI:77852,CHEBI:77895,CHEBI:78730	CHEBI:34496,CHEBI:72651,CHEBI:77852,CHEBI:77895,CHEBI:78730,CHEBI:133820	C14767	CHEBI:34496	R-HSA-1989781,R-HSA-381340,R-HSA-381340,R-HSA-8943724,R-HSA-8943724,R-HSA-9841922,R-HSA-9841922,R-HSA-9844594	C14767	map00591,map03320			0
octyl octanoate	RM0202294	C16H32O2	256.2402	Fatty Acyls	Fatty esters	Wax monoesters	61294		HMDB0033166	LMFA07010449		DJNTZVRUYMHBTD-UHFFFAOYSA-N	CCCCCCCCOC(=O)CCCCCCC	Octyl octanoate					CHEBI:174371,CHEBI:174371	CHEBI:174371,CHEBI:174371	CHEBI:174371,CHEBI:174371	CHEBI:174371										CHEBI:174371							CHEBI:174371								0
25-Hydroxy-6,19-dihydro-6,19-ethanovitamin D3	-	-	-	-	-	-	-		-	-		-	-	-					CHEBI:187508	CHEBI:187508	CHEBI:187508	CHEBI:187508										CHEBI:187508							CHEBI:187508						CHEBI:35341	R-HSA-196071	1
Daphnoline	RM0046946	C35H36N2O6	580.2573	Lignans	Lignans	Lignans	261477	CHEBI:4323			C09418	AKGWXHYTRBFUAD-SXOMAYOGSA-N	CN1CCc2cc(c(c3c2[C@@H]1Cc1ccc(cc1)Oc1cc(ccc1O)C[C@@H]1c2cc(c(cc2CCN1)OC)O3)O)OC	Daphnoline					CHEBI:4323	CHEBI:4323	CHEBI:4323	CHEBI:4323	C09418	C09418	C09418	C09418						CHEBI:4323	C09418						CHEBI:4323	C09418							0
Cysteinyl-Histidine	RM0013278	C9H14N4O3S	258.0787	Organic acids	Amino acids and peptides	Dipeptides	11608582	CHEBI:157807	HMDB0028777			LVNMAAGSAUGNIC-BQBZGAKWSA-N	C(c1c[nH]cn1)[C@@H](C(=O)O)NC(=O)[C@H](CS)N	Cys-His					CHEBI:157807	CHEBI:157807	CHEBI:157807	CHEBI:157807										CHEBI:157807							CHEBI:157807						CHEBI:46761	R-HSA-427975	1
Balsoxine	-	-	-	-	-	-	-		-	-		-	-	-					CHEBI:2989	CHEBI:2989	CHEBI:2989	CHEBI:2989	C10572	C10572	C10572	C10572						CHEBI:2989	C10572						CHEBI:2989	C10572							0
9S,10R-dihydroxy-stearic acid	RM0153710	C18H36O4	316.2614	Fatty Acyls	Octadecanoids	DiHODA	441460	CHEBI:85633		LMFA02000008		VACHUYIREGFMSP-SJORKVTESA-N	CCCCCCCC[C@H]([C@H](CCCCCCCC(=O)O)O)O	9S,10R-Dihydroxystearic acid								CHEBI:85633									CHEBI:85147,CHEBI:136767	CHEBI:85147,CHEBI:85633,CHEBI:136767							CHEBI:85147,CHEBI:85633,CHEBI:136767						CHEBI:15904,CHEBI:24654	R-HSA-1369062,R-HSA-192456,R-HSA-3000471,R-HSA-3000480,R-HSA-3000484,R-HSA-390247,R-HSA-5684045,R-HSA-5686938,R-HSA-77289,R-HSA-8963901,R-HSA-8964058,R-HSA-975634	12
AG-370	-	-	-	-	-	-	-		-	-		-	-	-					CHEBI:185889	CHEBI:185889	CHEBI:185889	CHEBI:185889										CHEBI:185889							CHEBI:185889								0
4,8,12-trimethyl-tridecanoic acid	-	-	-	-	-	-	-		-	-		-	-	-																																	0
Conicasterol D	-	-	-	-	-	-	-		-	-		-	-	-					CHEBI:187921	CHEBI:187921	CHEBI:187921	CHEBI:187921										CHEBI:187921							CHEBI:187921						CHEBI:35341	R-HSA-196071	1
N1,N10-Diferuloylspermidine	-	-	-	-	-	-	-		-	-		-	-	-					CHEBI:188297	CHEBI:188297	CHEBI:188297	CHEBI:188297										CHEBI:188297							CHEBI:188297						CHEBI:33575	R-HSA-6809371	1
Valdecoxib	RM0136288	C16H14N2O3S	314.0725	Benzenoids	Benzenes	Benzenesulfonyl compounds	119607	CHEBI:63634	HMDB0005033			LNPDTQAFDNKSHK-UHFFFAOYSA-N	Cc1c(c2ccc(cc2)S(=O)(=O)N)c(c2ccccc2)no1	Valdecoxib	CHEBI:63634	R-HSA-2162123			CHEBI:63634	CHEBI:63634	CHEBI:63634	CHEBI:63634					CHEBI:63634	R-HSA-2162123				CHEBI:63634		CHEBI:63634	R-HSA-2162123				CHEBI:63634		CHEBI:63634	R-HSA-2162123					0
6-[5]-ladderane-1-hexanol	-	-	-	-	-	-	-		-	-		-	-	-					CHEBI:85028	CHEBI:85028	CHEBI:85028	CHEBI:85028										CHEBI:85028							CHEBI:85028						CHEBI:30879	R-HSA-1483166,R-HSA-2022377,R-HSA-8935690	3
Phenylalanyl-Tryptophan	RM0012532	C20H21N3O3	351.1583	Organic acids	Amino acids and peptides	Dipeptides	134906	CHEBI:74751	HMDB0029006			JMCOUWKXLXDERB-WMZOPIPTSA-N	c1ccc(cc1)C[C@@H](C(=O)N[C@@H](Cc1c[nH]c2ccccc12)C(=O)O)N	Phe-Trp					CHEBI:74751	CHEBI:74751	CHEBI:74751	CHEBI:74751										CHEBI:74751							CHEBI:74751						CHEBI:46761	R-HSA-427975	1
Azelaic acid	RM0153048	C9H16O4	188.1049	Fatty Acyls	Fatty acids	Dicarboxylic acids	2266	CHEBI:48131	HMDB0000784	LMFA01170054	C08261	BDJRBEYXGGNYIS-UHFFFAOYSA-N	C(CCCC(=O)O)CCCC(=O)O	Azelaic acid	CHEBI:48131	R-HSA-193048			CHEBI:48131,CHEBI:48131,CHEBI:48131	CHEBI:48131,CHEBI:48131,CHEBI:48131	CHEBI:48131,CHEBI:48131,CHEBI:48131	CHEBI:48131	C08261	C08261	C08261	C08261	CHEBI:48131	R-HSA-193048			CHEBI:78208	CHEBI:48131,CHEBI:78208	C08261	CHEBI:48131	R-HSA-193048				CHEBI:48131,CHEBI:78208	C08261	CHEBI:48131	R-HSA-193048					0
hesperetin 3'-O-sulfate	-	-	-	-	-	-	-		-	-		-	-	-					CHEBI:172612	CHEBI:172612	CHEBI:172612	CHEBI:172612										CHEBI:172612							CHEBI:172612								0
Artelastochromene	-	-	-	-	-	-	-		-	-		-	-	-					CHEBI:169779	CHEBI:169779	CHEBI:169779	CHEBI:169779										CHEBI:169779							CHEBI:169779								0
Norfloxacin	RM0136547	C16H18FN3O3	319.1332	Alkaloids	Anthranilic acid alkaloids	Acridone alkaloids	4539	CHEBI:100246	HMDB0015192		C06687	OGJPXUAPXNRGGI-UHFFFAOYSA-N	CCn1cc(c(=O)c2cc(c(cc12)N1CCNCC1)F)C(=O)O	Norfloxacin			C06687	map02010	CHEBI:100246	CHEBI:100246	CHEBI:100246	CHEBI:100246	C06687	C06687	C06687	C06687			C06687	map02010		CHEBI:100246	C06687			C06687	map02010		CHEBI:100246	C06687			C06687	map02010	CHEBI:33575	R-HSA-6809371	1
Anguvetin	-	-	-	-	-	-	-		-	-		-	-	-																																	0
6Z,9Z,12Z,15Z,18Z-tetracosapentaenoic acid	-	-	-	-	-	-	-		-	-		-	-	-					CHEBI:77527	CHEBI:77527	CHEBI:77527	CHEBI:77527									CHEBI:77228	CHEBI:77228,CHEBI:77527							CHEBI:77228,CHEBI:77527						CHEBI:35366	R-HSA-1482883,R-HSA-167826,R-HSA-422085,R-HSA-426048,R-HSA-6809371,R-HSA-6811436,R-HSA-8963889,R-HSA-8964038	8
Hydrocortisone succinate	RM0126153	C25H34O8	462.2254	Sterol Lipids	Steroids	C21 Steroids	16623	CHEBI:31677		LMST02030126	C12888	VWQWXZAWFPZJDA-CGVGKPPMSA-N	C[C@]12CCC(=O)C=C1CC[C@H]1[C@@H]3CC[C@](C(=O)COC(=O)CCC(=O)O)([C@@]3(C)C[C@@H]([C@H]21)O)O	Hydrocortisone succinate					CHEBI:31677,CHEBI:31677	CHEBI:31677,CHEBI:31677	CHEBI:31677,CHEBI:31677	CHEBI:31677	C12888	C12888	C12888	C12888						CHEBI:31677	C12888						CHEBI:31677	C12888					CHEBI:33575	R-HSA-6809371	1
Cer(d18:1/16:0)	RM0135485	C34H67NO3	537.5121	Sphingolipids	Ceramides	Cer	5283564	CHEBI:72959	HMDB0004949	LMSP02010004		YDNKGFDKKRUKPY-TURZORIXSA-N	CCCCCCCCCCCCC/C=C/[C@H]([C@H](CO)NC(=O)CCCCCCCCCCCCCCC)O	Cer 18:1;O2/16:0					CHEBI:72959	CHEBI:72959	CHEBI:72959	CHEBI:72959										CHEBI:72959							CHEBI:72959						CHEBI:52639	R-HSA-9840309	1
THA	RM0153288	C24H36O2	356.2715	Fatty Acyls	Fatty acids	Unsaturated FA	11792612	CHEBI:77366	HMDB0002007	LMFA01030822		YHGJECVSSKXFCJ-KUBAVDMBSA-N	CC/C=C\C/C=C\C/C=C\C/C=C\C/C=C\C/C=C\CCCCC(=O)O	THA					CHEBI:77366,CHEBI:72714	CHEBI:77366,CHEBI:72714	CHEBI:77366,CHEBI:72714	CHEBI:72714,CHEBI:77366									CHEBI:77202,CHEBI:78056	CHEBI:72714,CHEBI:77202,CHEBI:77366,CHEBI:78056							CHEBI:72714,CHEBI:77202,CHEBI:77366,CHEBI:78056						CHEBI:15904	R-HSA-1369062,R-HSA-192456,R-HSA-3000471,R-HSA-390247,R-HSA-5684045,R-HSA-77289,R-HSA-8963901,R-HSA-8964058,R-HSA-975634	9
L-proline	RM0135899	C5H9NO2	115.0633	Organic acids	Amino acids and peptides	Amino acids	145742	CHEBI:17203	HMDB0000162		C00148	ONIBWKKTOPOVIA-BYPYZUCNSA-N	C1C[C@@H](C(=O)O)NC1	Proline			C00148	map01100,map01110,map01230,map00330,map00470,map00332,map00401,map00404,map00333,map00970,map02010,map04974,map04978,map05230	CHEBI:17203,CHEBI:17203,CHEBI:26271,CHEBI:50342,CHEBI:60039	CHEBI:17203,CHEBI:17203,CHEBI:26271,CHEBI:50342,CHEBI:60039	CHEBI:17203,CHEBI:17203,CHEBI:26271,CHEBI:50342,CHEBI:60039	CHEBI:17203,CHEBI:26271,CHEBI:50342,CHEBI:60039	C00148,C16435	C00148,C16435	C00148,C16435	C00148,C16435	CHEBI:60039	R-HSA-352230,R-HSA-379716,R-HSA-379726,R-HSA-428559,R-HSA-442660,R-HSA-5619041,R-HSA-5619101,R-HSA-5660686,R-HSA-70688,R-HSA-8964539	C00148	map01100,map01110,map01230,map00330,map00470,map00332,map00401,map00404,map00333,map00970,map02010,map04974,map04978,map05230	CHEBI:16313,CHEBI:30018,CHEBI:32862,CHEBI:32864,CHEBI:32867,CHEBI:32868,CHEBI:32871,CHEBI:32872,CHEBI:57726	CHEBI:16313,CHEBI:17203,CHEBI:26271,CHEBI:30018,CHEBI:32862,CHEBI:32864,CHEBI:32867,CHEBI:32868,CHEBI:32871,CHEBI:32872,CHEBI:50342,CHEBI:57726,CHEBI:60039	C00148,C00763,C16435	CHEBI:60039	R-HSA-352230,R-HSA-379716,R-HSA-379726,R-HSA-428559,R-HSA-442660,R-HSA-5619041,R-HSA-5619101,R-HSA-5660686,R-HSA-70688,R-HSA-8964539	C00148,C00763	map01100,map01110,map01230,map00330,map00470,map00332,map00401,map00404,map00333,map00970,map02010,map04974,map04978,map05230,map01100,map00330,map00470	CHEBI:192088	CHEBI:16313,CHEBI:17203,CHEBI:26271,CHEBI:30018,CHEBI:32862,CHEBI:32864,CHEBI:32867,CHEBI:32868,CHEBI:32871,CHEBI:32872,CHEBI:50342,CHEBI:57726,CHEBI:60039,CHEBI:192088	C00148,C00763,C16435	CHEBI:60039	R-HSA-352230,R-HSA-379716,R-HSA-379726,R-HSA-428559,R-HSA-442660,R-HSA-5619041,R-HSA-5619101,R-HSA-5660686,R-HSA-70688,R-HSA-8964539	C00148,C00763	map01100,map01110,map01230,map00330,map00470,map00332,map00401,map00404,map00333,map00970,map02010,map04974,map04978,map05230,map01100,map00330,map00470			0
Thiobenzamide S,S-dioxide	-	-	-	-	-	-	-		-	-		-	-	-					CHEBI:80422	CHEBI:80422	CHEBI:80422	CHEBI:80422	C16285	C16285	C16285	C16285			C16285	map01120,map00627		CHEBI:80422	C16285			C16285	map01120,map00627		CHEBI:80422	C16285			C16285	map01120,map00627			0
Secaloside A	-	-	-	-	-	-	-		-	-		-	-	-					CHEBI:188328	CHEBI:188328	CHEBI:188328	CHEBI:188328										CHEBI:188328							CHEBI:188328						CHEBI:16412	R-HSA-1236974,R-HSA-140534,R-HSA-166016,R-HSA-166020,R-HSA-166058,R-HSA-166166,R-HSA-2562578,R-HSA-3000471,R-HSA-3000480,R-HSA-5602498,R-HSA-5603041,R-HSA-5686938,R-HSA-6803157,R-HSA-936964,R-HSA-937041,R-HSA-937072,R-HSA-975163,R-HSA-9824878,R-HSA-9948001,R-HSA-9948011,R-HSA-9953170,R-HSA-9956593	22
LysoPC(18:2(9Z,12Z))	RM0103833	C26H50NO7P	519.3325	Glycerophospholipids	Glycerophosphocholines	LPC								LPC 18:2(9Z,12Z)					CHEBI:141366	CHEBI:141366,CHEBI:141366	CHEBI:141366	CHEBI:141366										CHEBI:141366							CHEBI:141366						CHEBI:60479	R-HSA-1483115,R-HSA-3000471,R-HSA-3000480,R-HSA-3000484,R-HSA-5686938,R-HSA-6814848	6
Theasapogenol A	-	-	-	-	-	-	-		-	-		-	-	-					CHEBI:167962	CHEBI:167962	CHEBI:167962	CHEBI:167962										CHEBI:167962							CHEBI:167962						CHEBI:18059	R-HSA-1222556,R-HSA-1369062,R-HSA-5682294,R-HSA-804914,R-HSA-8941413	5
D-Urobilin	RM0136260	C33H40N4O6	588.2948	Organoheterocyclic compounds	Bilirubins	Bilirubins	6276321	CHEBI:4259	HMDB0004161		C05795	DOKCNDVEPDZOJQ-MBTHVWNTSA-N	CCC1=C(C)C(=O)NC1Cc1c(C)c(CCC(=O)O)c(/C=C\2/C(=C(C)C(=N2)CC2C(=C(C=C)C(=O)N2)C)CCC(=O)O)[nH]1	D-Urobilin			C05795	map01100,map01110,map00860	CHEBI:4259	CHEBI:4259	CHEBI:4259	CHEBI:4259	C05795	C05795	C05795	C05795			C05795	map01100,map01110,map00860		CHEBI:4259	C05795			C05795	map01100,map01110,map00860		CHEBI:4259	C05795			C05795	map01100,map01110,map00860			0
PC(O-16:0/2:0)	RM0134813	C26H54NO7P	523.3638	Glycerophospholipids	Glycerophosphocholines	O-PC	108156	CHEBI:44811	HMDB0062195	LMGP01020046		HVAUUPRFYPCOCA-AREMUKBSSA-N	CCCCCCCCCCCCCCCCOC[C@H](COP(=O)([O-])OCC[N+](C)(C)C)OC(=O)C	PC O-16:0/2:0								CHEBI:44811										CHEBI:44811							CHEBI:44811						CHEBI:36313	R-HSA-1482788	1
6-dehydrotestosterone 17-glucosiduronic acid	RM0135839	C25H34O8	462.2254	Sterol Lipids	Steroids	C19 Steroids	5460852	CHEBI:32709	HMDB0010337	LMST05010024		GCIVSXAHMONYLO-HMAFJQTKSA-N	C[C@]12CCC(=O)C=C1C=C[C@H]1[C@@H]3CC[C@@H]([C@@]3(C)CC[C@H]21)O[C@H]1[C@@H]([C@H]([C@@H]([C@@H](C(=O)O)O1)O)O)O	6-Dehydrotestosterone 17-glucosiduronic acid					CHEBI:32709	CHEBI:32709	CHEBI:32709	CHEBI:32709										CHEBI:32709							CHEBI:32709						CHEBI:35341	R-HSA-196071	1
11-deoxy-PGF1b	-	-	-	-	-	-	-		-	-		-	-	-					CHEBI:168703	CHEBI:168703	CHEBI:168703	CHEBI:168703										CHEBI:168703							CHEBI:168703						CHEBI:18059	R-HSA-1222556,R-HSA-1369062,R-HSA-5682294,R-HSA-804914,R-HSA-8941413	5
Bilobalide	RM0118432	C15H18O8	326.1002	Prenol Lipids	Isoprenoids	C15 isoprenoids	73581	CHEBI:3103	HMDB0036735			MOLPUWBMSBJXER-YDGSQGCISA-N	CC(C)(C)[C@@]1(C[C@H]2[C@@]3(CC(=O)O2)C(=O)O[C@H]2[C@@]13[C@H](C(=O)O2)O)O	Bilobalide					CHEBI:3103	CHEBI:3103	CHEBI:3103	CHEBI:3103	C07605	C07605	C07605	C07605						CHEBI:3103	C07605						CHEBI:3103	C07605					CHEBI:18059	R-HSA-1222556,R-HSA-1369062,R-HSA-5682294,R-HSA-804914,R-HSA-8941413	5
PC(4:0/4:0)	RM0181862	C16H32NO8P	397.1866	Glycerophospholipids	Glycerophosphocholines	PC	193375			LMGP01011222		QIJYAMAPPUXBSC-CQSZACIVSA-N	CCCC(=O)OC[C@H](COP(=O)([O-])OCC[N+](C)(C)C)OC(=O)CCC	PC 4:0/4:0					CHEBI:186468	CHEBI:186468	CHEBI:186468	CHEBI:186468										CHEBI:186468							CHEBI:186468						CHEBI:57643	R-HSA-111995,R-HSA-1369062,R-HSA-1482788,R-HSA-1482798,R-HSA-1482839,R-HSA-1483101,R-HSA-1483148,R-HSA-1483166,R-HSA-1483191,R-HSA-1483196,R-HSA-1660661,R-HSA-2029485,R-HSA-2142753,R-HSA-382556,R-HSA-5678771,R-HSA-5683678,R-HSA-5683826,R-HSA-5688399,R-HSA-6811436,R-HSA-8964058,R-HSA-9680350	21
DG(14:1(9Z)/14:1(9Z)/0:0)	RM0162774	C31H56O5	508.4128	Glycerolipids	Diradylglycerols	DAG	53477973	CHEBI:84702	HMDB0007038	LMGL02010325		UOMACDOEROJUON-XRZSNXEXSA-N	CCCC/C=C\CCCCCCCC(=O)OC[C@H](CO)OC(=O)CCCCCCC/C=C\CCCC	DG 14:1(9Z)/14:1(9Z)/0:0								CHEBI:84702										CHEBI:84702							CHEBI:84702						CHEBI:17815	R-HSA-114508,R-HSA-114516,R-HSA-114604,R-HSA-1169091,R-HSA-1169092,R-HSA-1250196,R-HSA-139853,R-HSA-1482883,R-HSA-1483191,R-HSA-1483206,R-HSA-1483213,R-HSA-1489509,R-HSA-162710,R-HSA-163560,R-HSA-1660661,R-HSA-1855204,R-HSA-2029485,R-HSA-2179392,R-HSA-3000170,R-HSA-354192,R-HSA-392517,R-HSA-399997,R-HSA-4086398,R-HSA-416476,R-HSA-416993,R-HSA-418217,R-HSA-418597,R-HSA-419408,R-HSA-426048,R-HSA-434316,R-HSA-4419969,R-HSA-5099900,R-HSA-5218921,R-HSA-5673001,R-HSA-75109,R-HSA-76005,R-HSA-9717207,R-HSA-983695	38
Dysideapalaunic acid	-	-	-	-	-	-	-		-	-		-	-	-																																	0
Epoxomicin	-	-	-	-	-	-	-		-	-		-	-	-					CHEBI:42265	CHEBI:42265	CHEBI:42265	CHEBI:42265										CHEBI:42265							CHEBI:42265						CHEBI:47923	R-HSA-427975	1
4,2'-Dihydroxy-4',6'-dimethoxychalcone 4-glucoside	-	-	-	-	-	-	-		-	-		-	-	-					CHEBI:185338	CHEBI:185338	CHEBI:185338	CHEBI:185338										CHEBI:185338							CHEBI:185338								0
PA(21:0/0:0)	RM0173363	C24H49O7P	480.3216	Glycerophospholipids	Glycerophosphates	LPA								LPA 21:0/0:0																																	0
Prostratol F	-	-	-	-	-	-	-		-	-		-	-	-					CHEBI:85127	CHEBI:85127	CHEBI:85127	CHEBI:85127										CHEBI:85127							CHEBI:85127								0
18-hydroxy-9R,10S-epoxy-stearic acid	-	-	-	-	-	-	-		-	-		-	-	-																																	0
16,16-dimethyl-PGA1	RM0153776	C22H36O4	364.2614	Fatty Acyls	Eicosanoids	Prostaglandins	5271806	CHEBI:156175		LMFA03010085		CTQQHQGBBMYJPT-DZFVFWAGSA-N	CCCCC(C)(C)[C@@H](/C=C/[C@H]1C=CC(=O)[C@@H]1CCCCCCC(=O)O)O	16,16-Dimethyl-PGA1					CHEBI:156175	CHEBI:156175	CHEBI:156175	CHEBI:156175										CHEBI:156175							CHEBI:156175						CHEBI:18059	R-HSA-1222556,R-HSA-1369062,R-HSA-5682294,R-HSA-804914,R-HSA-8941413	5
LysoPC(P-18:1(9Z))	RM0133396	C26H50NO7P	519.3325	Glycerophospholipids	Glycerophosphocholines	LPC	24779513	CHEBI:84753	HMDB0010408	LMGP01070012		KJUNGQXFZYMUOH-FKWLWHCOSA-N	CCCCCCCC/C=CCCCCCC/C=COC[C@H](COP(=O)([O-])OCC[N+](C)(C)C)O	LPC P-18:1(9Z)								CHEBI:84753										CHEBI:84753							CHEBI:84753						CHEBI:36313	R-HSA-1482788	1
Adenylylsulfate	RM0157554	C10H14N5O10PS	427.0199	Nucleic acids	Purines	Purine rNMP	10238	CHEBI:17709	HMDB0001003		C00224	IRLPACMLTUPBCL-KQYNXXCUSA-N	C([C@@H]1[C@H]([C@H]([C@H](n2cnc3c(N)ncnc23)O1)O)O)OP(=O)(O)OS(=O)(=O)O	Adenosine phosphosulfate			C00224	map01100,map01110,map01120,map01320,map00920,map00230,map00261	CHEBI:17709	CHEBI:17709	CHEBI:17709	CHEBI:17709	C00224	C00224	C00224	C00224			C00224	map01100,map01110,map01120,map01320,map00920,map00230,map00261	CHEBI:58243	CHEBI:17709,CHEBI:58243	C00224	CHEBI:58243	R-HSA-174362,R-HSA-3560796	C00224	map01100,map01110,map01120,map01320,map00920,map00230,map00261		CHEBI:17709,CHEBI:58243	C00224	CHEBI:58243	R-HSA-174362,R-HSA-3560796	C00224	map01100,map01110,map01120,map01320,map00920,map00230,map00261			0
LysoPC(18:1(9Z))	RM0048619	C26H52NO7P	521.3481	Glycerophospholipids	Glycerophosphocholines	LPC								LPC 18:1(9Z)																																	0
PE(O-18:1(9Z)/0:0)	RM0188790	C23H48NO6P	465.3219	Glycerophospholipids	Glycerophosphoethanolamines	O-LPE								LPE O-18:1(9Z)					CHEBI:137157	CHEBI:137157	CHEBI:137157	CHEBI:137157										CHEBI:137157							CHEBI:137157						CHEBI:36314	R-HSA-1482788	1
S-aminomethyldihydrolipoamide	-	-	-	-	-	-	-		-	-		-	-	-																																	0
Herbacetin 7,4'-dimethyl ether 8-acetate	-	-	-	-	-	-	-		-	-		-	-	-					CHEBI:188161	CHEBI:188161	CHEBI:188161	CHEBI:188161										CHEBI:188161							CHEBI:188161								0
(9R,10S)-rel-(-)-9,10-bis(Acetyloxy)-9,10-dihydro-5-methoxy-8,8-dimethyl-2-phenyl-4H,8H-benzo[1,2-b:3,4-b']dipyran-4-one	-	-	-	-	-	-	-		-	-		-	-	-					CHEBI:188112	CHEBI:188112	CHEBI:188112	CHEBI:188112										CHEBI:188112							CHEBI:188112								0
PA(P-20:0/22:4(7Z,10Z,13Z,16Z))	RM0172259	C45H81O7P	764.5720	Glycerophospholipids	Glycerophosphates	O-PA	52929740			LMGP10030085		RLYSMZKMLSAVDA-YNURERCLSA-N	CCCCC/C=CC/C=CC/C=CC/C=CCCCCCC(=O)O[C@H](CO/C=CCCCCCCCCCCCCCCCCCC)COP(=O)(O)O	PA P-20:0/22:4(7Z,10Z,13Z,16Z)					CHEBI:176859	CHEBI:176859	CHEBI:176859	CHEBI:176859										CHEBI:176859							CHEBI:176859						CHEBI:37739	R-HSA-9845576	1
2,4,7-tridecatrienal	-	-	-	-	-	-	-		-	-		-	-	-					CHEBI:186693	CHEBI:186693	CHEBI:186693	CHEBI:186693										CHEBI:186693							CHEBI:186693						CHEBI:35746	R-HSA-1482788,R-HSA-75109	2
5alpha-Cholanoic acid	RM0135799	C24H40O2	360.3028	Sterol Lipids	Bile acids	C24 bile acids	5283802	CHEBI:36239		LMST04010002		RPKLZQLYODPWTM-NIRKWIOJSA-N	C[C@H](CCC(=O)O)[C@H]1CC[C@H]2[C@@H]3CC[C@H]4CCCC[C@]4(C)[C@H]3CC[C@]12C	5alpha-Cholanoic acid								CHEBI:36239										CHEBI:36239							CHEBI:36239						CHEBI:35341	R-HSA-196071	1
MG(0:0/22:1(13Z)/0:0)	RM0174876	C25H48O4	412.3553	Glycerolipids	Monoradylglycerols	MAG								MG 0:0/22:1(13Z)/0:0					CHEBI:171683	CHEBI:171683	CHEBI:171683	CHEBI:171683										CHEBI:171683							CHEBI:171683						CHEBI:17389	R-HSA-1482883,R-HSA-163560,R-HSA-75109	3
5beta-cholest-24-ene-3alpha,7alpha-diol	-	-	-	-	-	-	-		-	-		-	-	-					CHEBI:187969	CHEBI:187969	CHEBI:187969	CHEBI:187969										CHEBI:187969							CHEBI:187969						CHEBI:35341	R-HSA-196071	1
Sodium deoxycholate	RM0126048	C24H40O4	392.2927	Sterol Lipids	Bile acids	C24 bile acids	222528	CHEBI:28834	HMDB0000626	LMST04010040	C04483	KXGVEGMKQFWNSR-LLQZFEROSA-N	C[C@H](CCC(=O)O)[C@H]1CC[C@H]2[C@@H]3CC[C@@H]4C[C@@H](CC[C@]4(C)[C@H]3C[C@@H]([C@]12C)O)O	Deoxycholic acid			C04483	map00121,map04976	CHEBI:28834,CHEBI:28834,CHEBI:9177,CHEBI:9177	CHEBI:28834,CHEBI:28834,CHEBI:9177,CHEBI:9177	CHEBI:28834,CHEBI:28834,CHEBI:9177	CHEBI:9177,CHEBI:28834	C04483,C11171	C04483,C11171	C04483,C11171	C04483,C11171			C04483	map00121,map04976	CHEBI:23614	CHEBI:9177,CHEBI:23614,CHEBI:28834	C04483,C11171	CHEBI:23614	R-HSA-159418,R-HSA-192105,R-HSA-193368,R-HSA-193807,R-HSA-1989781,R-HSA-211976,R-HSA-373076,R-HSA-418555	C04483	map00121,map04976	CHEBI:192782	CHEBI:9177,CHEBI:23614,CHEBI:28834,CHEBI:192782	C04483,C11171	CHEBI:23614	R-HSA-159418,R-HSA-192105,R-HSA-193368,R-HSA-193807,R-HSA-1989781,R-HSA-211976,R-HSA-373076,R-HSA-418555	C04483	map00121,map04976			0
Polidocanol	RM0136930	C30H62O10	582.4343	Organic oxygen compounds	Ethers	Ethers	656641	CHEBI:46859	HMDB0256665			ONJQDTZCDSESIW-UHFFFAOYSA-N	CCCCCCCCCCCCOCCOCCOCCOCCOCCOCCOCCOCCOCCO	Polidocanol					CHEBI:46859,CHEBI:46859	CHEBI:46859,CHEBI:46859	CHEBI:46859,CHEBI:46859	CHEBI:46859	C13493	C13493	C13493	C13493						CHEBI:46859	C13493						CHEBI:46859	C13493					CHEBI:30879	R-HSA-1483166,R-HSA-2022377,R-HSA-8935690	3
PC(O-18:1(11Z)/0:0)	RM0188788	C26H54NO6P	507.3689	Glycerophospholipids	Glycerophosphocholines	O-LPC								LPC O-18:1(11Z)					CHEBI:136371	CHEBI:136371	CHEBI:136371	CHEBI:136371										CHEBI:136371							CHEBI:136371						CHEBI:36313	R-HSA-1482788	1
PE(P-16:0/0:0)	RM0092657	C21H44NO6P	437.2906	Glycerophospholipids	Glycerophosphoethanolamines	O-LPE								LPE P-16:0					CHEBI:155820,CHEBI:133140	CHEBI:155820,CHEBI:155820,CHEBI:133140	CHEBI:155820,CHEBI:133140	CHEBI:133140,CHEBI:155820									CHEBI:133139	CHEBI:133139,CHEBI:133140,CHEBI:155820							CHEBI:133139,CHEBI:133140,CHEBI:155820						CHEBI:36314	R-HSA-1482788	1
Farnesol	RM0004453	C15H26O	222.1984	Prenol Lipids	Isoprenoids	C15 isoprenoids								Farnesol					CHEBI:28600,CHEBI:28600,CHEBI:42680	CHEBI:28600,CHEBI:28600,CHEBI:42680	CHEBI:28600,CHEBI:28600,CHEBI:42680	CHEBI:28600,CHEBI:42680	C01493	C01493	C01493	C01493	CHEBI:28600	R-HSA-381753,R-HSA-381753				CHEBI:28600,CHEBI:42680	C01493	CHEBI:28600	R-HSA-381753,R-HSA-381753			CHEBI:16619,CHEBI:16774,CHEBI:35966	CHEBI:16619,CHEBI:16774,CHEBI:28600,CHEBI:35966,CHEBI:42680	C01126,C01493,C03220	CHEBI:28600	R-HSA-381753,R-HSA-381753	C01126,C03220	map01100,map01110,map00900,map00909,map00981,map00909			0
Traumatic acid	RM0153328	C12H20O4	228.1362	Fatty Acyls	Fatty acids	Dicarboxylic acids	5283028	CHEBI:545687	HMDB0000933	LMFA01170002	C16308	MAZWDMBCPDUFDJ-VQHVLOKHSA-N	C(CCCCCC(=O)O)CC/C=C/C(=O)O	Traumatic acid			C16308	map01110,map00592	CHEBI:545687	CHEBI:545687	CHEBI:545687	CHEBI:545687	C16308	C16308	C16308	C16308			C16308	map01110,map00592		CHEBI:545687	C16308			C16308	map01110,map00592		CHEBI:545687	C16308			C16308	map01110,map00592	CHEBI:33575	R-HSA-6809371	1
12-Methyltetradecyl acetate	-	-	-	-	-	-	-		-	-		-	-	-					CHEBI:179971,CHEBI:179971	CHEBI:179971,CHEBI:179971	CHEBI:179971	CHEBI:179971										CHEBI:179971							CHEBI:179971								0
Tragopogonsaponin A	-	-	-	-	-	-	-		-	-		-	-	-					CHEBI:176273	CHEBI:176273	CHEBI:176273	CHEBI:176273										CHEBI:176273							CHEBI:176273						CHEBI:18059	R-HSA-1222556,R-HSA-1369062,R-HSA-5682294,R-HSA-804914,R-HSA-8941413	5
PC(16:0/O-1:0)	-	-	-	-	-	-	-		-	-		-	-	-					CHEBI:131689	CHEBI:131689	CHEBI:131689	CHEBI:131689										CHEBI:131689							CHEBI:131689						CHEBI:15904	R-HSA-1369062,R-HSA-192456,R-HSA-3000471,R-HSA-390247,R-HSA-5684045,R-HSA-77289,R-HSA-8963901,R-HSA-8964058,R-HSA-975634	9
Sorbitol	RM0155940	C6H14O6	182.0790	Carbohydrates	Monosaccharides	Sugar alcohols	5780	CHEBI:17924	HMDB0000247		C00794	FBPFZTCFMRRESA-JGWLITMVSA-N	C([C@H]([C@H]([C@@H]([C@H](CO)O)O)O)O)O	Sorbitol	CHEBI:17924	R-HSA-5652227	C00794	map01100,map00051,map00052,map02010,map02060,map05415	CHEBI:30911	CHEBI:30911	CHEBI:30911	CHEBI:17924,CHEBI:30911	C00794	C00794	C00794	C00794	CHEBI:17924	R-HSA-5652227	C00794	map01100,map00051,map00052,map02010,map02060,map05415	CHEBI:28789	CHEBI:17924,CHEBI:28789,CHEBI:30911	C00794,C01722	CHEBI:17924	R-HSA-5652227	C00794	map01100,map00051,map00052,map02010,map02060,map05415	CHEBI:87978,CHEBI:138264	CHEBI:17924,CHEBI:28789,CHEBI:30911,CHEBI:87978,CHEBI:138264	C00794,C01722	CHEBI:17924	R-HSA-5652227	C00794	map01100,map00051,map00052,map02010,map02060,map05415			0
4E,6E,10Z-Hexadecatrien-1-ol	-	-	-	-	-	-	-		-	-		-	-	-					CHEBI:173196	CHEBI:173196	CHEBI:173196	CHEBI:173196										CHEBI:173196							CHEBI:173196						CHEBI:30879	R-HSA-1483166,R-HSA-2022377,R-HSA-8935690	3
Meropenem	RM0136498	C17H25N3O5S	383.1515	Organoheterocyclic compounds	Beta lactams	Beta lactams	441130	CHEBI:43968	HMDB0014898			DMJNNHOOLUXYBV-PQTSNVLCSA-N	C[C@@H]1[C@@H]2[C@@H]([C@@H](C)O)C(=O)N2C(=C1S[C@H]1C[C@@H](C(=O)N(C)C)NC1)C(=O)O	Meropenem	CHEBI:43968	R-HSA-9678110			CHEBI:43968,CHEBI:43968	CHEBI:43968,CHEBI:43968	CHEBI:43968,CHEBI:43968	CHEBI:43968					CHEBI:43968	R-HSA-9678110				CHEBI:43968		CHEBI:43968	R-HSA-9678110				CHEBI:43968		CHEBI:43968	R-HSA-9678110					0
3alpha,7alpha,12alpha-trihydroxy-5beta-cholestan-26-al	RM0033575	C27H46O4	434.3396	Sterol Lipids	Sterols	Cholesterols	439479	CHEBI:16466	HMDB0003533	LMST04030164	C01301	USFJGINJGUIFSY-XZULNKEGSA-N	CC(CCC[C@@H](C)[C@H]1CC[C@H]2[C@H]3[C@H](C[C@@H]([C@]12C)O)[C@@]1(C)CC[C@H](C[C@H]1C[C@H]3O)O)C=O	3alpha,7alpha,12alpha-trihydroxy-5beta-cholestan-26-al	CHEBI:16466	R-HSA-193368	C01301	map01100,map00120	CHEBI:16466,CHEBI:16466	CHEBI:16466,CHEBI:16466	CHEBI:16466,CHEBI:16466	CHEBI:16466	C01301	C01301	C01301	C01301	CHEBI:16466	R-HSA-193368	C01301	map01100,map00120		CHEBI:16466	C01301	CHEBI:16466	R-HSA-193368	C01301	map01100,map00120	CHEBI:48940,CHEBI:48941	CHEBI:16466,CHEBI:48940,CHEBI:48941	C01301	CHEBI:16466	R-HSA-193368	C01301	map01100,map00120			0
Ammonium peroxydisulfate	-	-	-	-	-	-	-		-	-		-	-	-					CHEBI:156543	CHEBI:156543	CHEBI:156543	CHEBI:156543										CHEBI:156543							CHEBI:156543								0
gamma- 12(13)-EpODE	RM0153722	C18H30O3	294.2195	Fatty Acyls	Octadecanoids	EpODE	131839812	CHEBI:188182	HMDB0062288	LMFA02000044		TVHXKPMFCYEQTM-YMVJEYMASA-N	CCCCCC1C(C/C=C\C/C=C\CCCCC(=O)O)O1	gamma-12(13)-EpODE					CHEBI:165764,CHEBI:188182	CHEBI:165764,CHEBI:188182	CHEBI:165764,CHEBI:188182	CHEBI:165764,CHEBI:188182										CHEBI:165764,CHEBI:188182							CHEBI:165764,CHEBI:188182						CHEBI:15904	R-HSA-1369062,R-HSA-192456,R-HSA-3000471,R-HSA-390247,R-HSA-5684045,R-HSA-77289,R-HSA-8963901,R-HSA-8964058,R-HSA-975634	9
Taurolithocholic acid 3-glucuronide	RM0135854	C32H53NO11S	659.3339	Sterol Lipids	Bile acids	C24 bile acids	44263377	CHEBI:166742	HMDB0002429	LMST05040009		YRKZDONPVFEWNN-QKVSQZBWSA-N	C[C@H](CCC(=O)NCCS(=O)(=O)O)[C@H]1CC[C@H]2[C@@H]3CC[C@@H]4C[C@@H](CC[C@]4(C)[C@H]3CC[C@]12C)O[C@H]1[C@@H]([C@H]([C@@H]([C@@H](C(=O)O)O1)O)O)O	Taurolithocholic acid 3-glucuronide					CHEBI:166742	CHEBI:166742	CHEBI:166742	CHEBI:166742										CHEBI:166742							CHEBI:166742						CHEBI:35341	R-HSA-196071	1
25-acetoxy-ergosta-3beta,5alpha,6beta-triol	-	-	-	-	-	-	-		-	-		-	-	-					CHEBI:183537	CHEBI:183537	CHEBI:183537	CHEBI:183537										CHEBI:183537							CHEBI:183537						CHEBI:35341	R-HSA-196071	1
11R-HpOME	RM0071900	C18H34O4	314.2457	Fatty Acyls	Octadecanoids	HpOME	56935846	CHEBI:165784		LMFA02000067		WANQBDVIYMNZPQ-IFCKCIONSA-N	CCCCC/C=C\[C@@H](CCCCCCCCCC(=O)O)OO	11R-HpOME					CHEBI:165784	CHEBI:165784	CHEBI:165784	CHEBI:165784										CHEBI:165784							CHEBI:165784						CHEBI:15904	R-HSA-1369062,R-HSA-192456,R-HSA-3000471,R-HSA-390247,R-HSA-5684045,R-HSA-77289,R-HSA-8963901,R-HSA-8964058,R-HSA-975634	9
Tacrolimus	RM0138814	C44H69NO12	803.4820	Polyketides	Macrolides	Macrolides	445643	CHEBI:61049	HMDB0015002	LMPK04000003	C01375	QJJXYPPXXYFBGM-LFZNUXCKSA-N	C=CC[C@@H]1/C=C(\C)/C[C@H](C)C[C@@H]([C@@H]2[C@H](C[C@@H](C)[C@@](C(=O)C(=O)N3CCCC[C@H]3C(=O)O[C@H](/C(=C/[C@@H]3CC[C@H]([C@@H](C3)OC)O)/C)[C@H](C)[C@H](CC1=O)O)(O)O2)OC)OC	Tacrolimus	CHEBI:61049	R-HSA-2025928,R-HSA-2025928,R-HSA-9679191	C01375	map01052	CHEBI:61049,CHEBI:61049,CHEBI:61057	CHEBI:61049,CHEBI:61049,CHEBI:61057	CHEBI:61049,CHEBI:61049,CHEBI:61057	CHEBI:61049,CHEBI:61057	C01375	C01375	C01375	C01375	CHEBI:61049	R-HSA-2025928,R-HSA-2025928,R-HSA-9679191	C01375	map01052		CHEBI:61049,CHEBI:61057	C01375	CHEBI:61049	R-HSA-2025928,R-HSA-2025928,R-HSA-9679191	C01375	map01052		CHEBI:61049,CHEBI:61057	C01375	CHEBI:61049	R-HSA-2025928,R-HSA-2025928,R-HSA-9679191	C01375	map01052			0
PS(18:0/22:6(4Z,7Z,10Z,13Z,16Z,19Z))	RM0133931	C46H78NO10P	835.5363	Glycerophospholipids	Glycerophosphoserines	PS	24779546	CHEBI:79098	HMDB0010167	LMGP03010040		LYYHRRPTEXPVOR-SYEOQEKUSA-N	CC/C=CC/C=CC/C=CC/C=CC/C=CC/C=CCCC(=O)O[C@H](COC(=O)CCCCCCCCCCCCCCCCC)COP(=O)(O)OC[C@@H](C(=O)O)N	PS 18:0/22:6(4Z,7Z,10Z,13Z,16Z,19Z)					CHEBI:79098	CHEBI:79098	CHEBI:79098	CHEBI:79098									CHEBI:78265	CHEBI:78265,CHEBI:79098							CHEBI:78265,CHEBI:79098						CHEBI:11750	R-HSA-114516,R-HSA-1169091,R-HSA-1250196,R-HSA-1482801,R-HSA-1483101,R-HSA-1483213,R-HSA-198933,R-HSA-3000471,R-HSA-3000480,R-HSA-3000497,R-HSA-4086398,R-HSA-416993,R-HSA-418597,R-HSA-5099900,R-HSA-76005,R-HSA-936837,R-HSA-9918476,R-HSA-9918485,R-HSA-9920588	19
2,3,23-Triacetylsericic acid	-	-	-	-	-	-	-		-	-		-	-	-					CHEBI:188033	CHEBI:188033	CHEBI:188033	CHEBI:188033										CHEBI:188033							CHEBI:188033						CHEBI:18059	R-HSA-1222556,R-HSA-1369062,R-HSA-5682294,R-HSA-804914,R-HSA-8941413	5
Pentadecan-2-one	-	-	-	-	-	-	-		-	-		-	-	-					CHEBI:89254,CHEBI:89254	CHEBI:89254,CHEBI:89254	CHEBI:89254	CHEBI:89254										CHEBI:89254							CHEBI:89254								0
7-Carboxynalidixic acid	-	-	-	-	-	-	-		-	-		-	-	-					CHEBI:188272	CHEBI:188272	CHEBI:188272	CHEBI:188272										CHEBI:188272							CHEBI:188272								0
Pantothenic acid	RM0136730	C9H17NO5	219.1107	Organic acids	Amino acids and peptides	Amino acids	6613	CHEBI:46905	HMDB0000210	LMFA08020419		GHOKWGTUZJEAQD-ZETCQYMHSA-N	CC(C)(CO)[C@H](C(=O)NCCC(=O)O)O	Pantothenic acid					CHEBI:46905,CHEBI:7916,CHEBI:7916	CHEBI:46905,CHEBI:7916,CHEBI:7916	CHEBI:46905,CHEBI:7916,CHEBI:7916	CHEBI:7916,CHEBI:46905	C00864	C00864	C00864	C00864			C00864	map01100,map01110,map01240,map00410,map00770,map04977	CHEBI:16454,CHEBI:29032	CHEBI:7916,CHEBI:16454,CHEBI:29032,CHEBI:46905	C00864	CHEBI:29032	R-HSA-196783,R-HSA-199220,R-HSA-425397	C00864	map01100,map01110,map01240,map00410,map00770,map04977		CHEBI:7916,CHEBI:16454,CHEBI:29032,CHEBI:46905	C00864	CHEBI:29032	R-HSA-196783,R-HSA-199220,R-HSA-425397	C00864	map01100,map01110,map01240,map00410,map00770,map04977			0
Norselic acid B	-	-	-	-	-	-	-		-	-		-	-	-					CHEBI:169363	CHEBI:169363	CHEBI:169363	CHEBI:169363										CHEBI:169363							CHEBI:169363						CHEBI:35341	R-HSA-196071	1
Xeniasterol-b	-	-	-	-	-	-	-		-	-		-	-	-					CHEBI:185315	CHEBI:185315	CHEBI:185315	CHEBI:185315										CHEBI:185315							CHEBI:185315						CHEBI:35341	R-HSA-196071	1
Tinidazole	RM0224170	C8H13N3O4S	247.0627	Organoheterocyclic compounds	Azoles	Imidazoles	5479	CHEBI:63627	HMDB0015047			HJLSLZFTEKNLFI-UHFFFAOYSA-N	CCS(=O)(=O)CCn1c(C)ncc1[N+](=O)[O-]	Tinidazole					CHEBI:63627	CHEBI:63627	CHEBI:63627	CHEBI:63627										CHEBI:63627							CHEBI:63627								0
3alpha,12alpha-Dihydroxy-5beta-cholest-24-en-26-oic acid	-	-	-	-	-	-	-		-	-		-	-	-					CHEBI:186605	CHEBI:186605	CHEBI:186605	CHEBI:186605										CHEBI:186605							CHEBI:186605						CHEBI:35341	R-HSA-196071	1
Avermectin B2a aglycone	-	-	-	-	-	-	-		-	-		-	-	-					CHEBI:29541	CHEBI:29541	CHEBI:29541	CHEBI:29541	C11971	C11971	C11971	C11971			C11971	map00522		CHEBI:29541	C11971			C11971	map00522		CHEBI:29541	C11971			C11971	map00522	CHEBI:30879	R-HSA-1483166,R-HSA-2022377,R-HSA-8935690	3
3beta,5alpha,9alpha-trihydroxycholest-7-en-6-one	-	-	-	-	-	-	-		-	-		-	-	-					CHEBI:188179	CHEBI:188179	CHEBI:188179	CHEBI:188179										CHEBI:188179							CHEBI:188179						CHEBI:35341	R-HSA-196071	1
Corchoroside A	-	-	-	-	-	-	-		-	-		-	-	-					CHEBI:186156	CHEBI:186156	CHEBI:186156	CHEBI:186156										CHEBI:186156							CHEBI:186156						CHEBI:35341	R-HSA-196071	1
Methionyl-Methionine	RM0009960	C10H20N2O3S2	280.0915	Organic acids	Amino acids and peptides	Dipeptides	6993082	CHEBI:74707	HMDB0028979			ZYTPOUNUXRBYGW-YUMQZZPRSA-N	CSCC[C@@H](C(=O)N[C@@H](CCSC)C(=O)O)N	Met-Met					CHEBI:74707	CHEBI:74707	CHEBI:74707	CHEBI:74707										CHEBI:74707							CHEBI:74707						CHEBI:46761	R-HSA-427975	1
BAY-41-8543	-	-	-	-	-	-	-		-	-		-	-	-					CHEBI:188046	CHEBI:188046	CHEBI:188046	CHEBI:188046										CHEBI:188046							CHEBI:188046								0
Xanthosine	RM0161017	C10H12N4O6	284.0757	Nucleic acids	Purines	Purine ribonucleosides	64959	CHEBI:18107	HMDB0000299			UBORTCNDUKBEOP-UUOKFMHZSA-N	C([C@@H]1[C@H]([C@H]([C@H](n2cnc3c2[nH]c(=O)[nH]c3=O)O1)O)O)O	Xanthosine					CHEBI:18107,CHEBI:18107	CHEBI:18107,CHEBI:18107	CHEBI:18107,CHEBI:18107	CHEBI:18107	C01762	C01762	C01762	C01762			C01762	map01100,map01110,map01232,map00230,map00232,map01065,map02010		CHEBI:18107	C01762			C01762	map01100,map01110,map01232,map00230,map00232,map01065,map02010		CHEBI:18107	C01762			C01762	map01100,map01110,map01232,map00230,map00232,map01065,map02010			0
17:1(4)(16Me)	-	-	-	-	-	-	-		-	-		-	-	-					CHEBI:188250	CHEBI:188250	CHEBI:188250	CHEBI:188250										CHEBI:188250							CHEBI:188250						CHEBI:15904	R-HSA-1369062,R-HSA-192456,R-HSA-3000471,R-HSA-390247,R-HSA-5684045,R-HSA-77289,R-HSA-8963901,R-HSA-8964058,R-HSA-975634	9
Phellodensin F	-	-	-	-	-	-	-		-	-		-	-	-					CHEBI:187649	CHEBI:187649	CHEBI:187649	CHEBI:187649										CHEBI:187649							CHEBI:187649								0
Ximenic acid	RM0161260	C26H50O2	394.3811	Fatty Acyls	Fatty acids	Unsaturated FA	5282775	CHEBI:77525	HMDB0062452	LMFA01030095		RQIDQEBURXNDKG-KTKRTIGZSA-N	CCCCCCCC/C=CCCCCCCCCCCCCCCCC(=O)O	Ximenic acid								CHEBI:77525									CHEBI:77221	CHEBI:77221,CHEBI:77525							CHEBI:77221,CHEBI:77525						CHEBI:35366	R-HSA-1482883,R-HSA-167826,R-HSA-422085,R-HSA-426048,R-HSA-6809371,R-HSA-6811436,R-HSA-8963889,R-HSA-8964038	8
DMXB-A	-	-	-	-	-	-	-		-	-		-	-	-					CHEBI:188219	CHEBI:188219	CHEBI:188219	CHEBI:188219	C19905	C19905	C19905	C19905						CHEBI:188219	C19905						CHEBI:188219	C19905							0
4-Methylene-L-glutamate	-	-	-	-	-	-	-		-	-		-	-	-					CHEBI:48031,CHEBI:58733	CHEBI:48031,CHEBI:58733	CHEBI:48031,CHEBI:58733	CHEBI:48031,CHEBI:58733	C00651	C00651	C00651	C00651			C00651	map00660	CHEBI:17299,CHEBI:48032	CHEBI:17299,CHEBI:48031,CHEBI:48032,CHEBI:58733	C00651			C00651	map00660		CHEBI:17299,CHEBI:48031,CHEBI:48032,CHEBI:58733	C00651			C00651	map00660	CHEBI:25696,CHEBI:33575	R-HSA-382556,R-HSA-428643,R-HSA-5690338,R-HSA-6809371	4
1-(14-methyl-pentadecanoyl)-2-(8-[3]-ladderane-octanyl)-sn-glycerol	-	-	-	-	-	-	-		-	-		-	-	-					CHEBI:137120	CHEBI:137120	CHEBI:137120	CHEBI:137120										CHEBI:137120							CHEBI:137120						CHEBI:18059	R-HSA-1222556,R-HSA-1369062,R-HSA-5682294,R-HSA-804914,R-HSA-8941413	5
2S-hydroxyadipic acid	-	-	-	-	-	-	-		-	-		-	-	-					CHEBI:178680	CHEBI:178680	CHEBI:178680	CHEBI:178680										CHEBI:178680							CHEBI:178680						CHEBI:59554	R-HSA-390247,R-HSA-77289	2
Lyciumin C	-	-	-	-	-	-	-		-	-		-	-	-					CHEBI:185740	CHEBI:185740	CHEBI:185740	CHEBI:185740										CHEBI:185740							CHEBI:185740						CHEBI:25676	R-HSA-1236974,R-HSA-1236977,R-HSA-1236978,R-HSA-9705671,R-HSA-983168,R-HSA-983170,R-HSA-9912633	7
14-O-(alpha-L-rhamnopyranosyl)-7S,14R-dihydroxy-7,9,13,17-tetramethyl-2E,4E,8E,10E,12E,16E-octadecahexaenoic acid	-	-	-	-	-	-	-		-	-		-	-	-					CHEBI:183620	CHEBI:183620	CHEBI:183620	CHEBI:183620										CHEBI:183620							CHEBI:183620						CHEBI:18059	R-HSA-1222556,R-HSA-1369062,R-HSA-5682294,R-HSA-804914,R-HSA-8941413	5
16,16-dimethyl-PGE1	-	-	-	-	-	-	-		-	-		-	-	-					CHEBI:186965	CHEBI:186965	CHEBI:186965	CHEBI:186965										CHEBI:186965							CHEBI:186965						CHEBI:18059	R-HSA-1222556,R-HSA-1369062,R-HSA-5682294,R-HSA-804914,R-HSA-8941413	5
20S-Hydroxycholestane-3,16-dione	-	-	-	-	-	-	-		-	-		-	-	-																																	0
N-[(3a,5b,7a,12a)-3,12-dihydroxy-24-oxo-7-(sulfoxy)cholan-24-yl]-Glycine	-	-	-	-	-	-	-		-	-		-	-	-					CHEBI:187589	CHEBI:187589	CHEBI:187589	CHEBI:187589										CHEBI:187589							CHEBI:187589						CHEBI:35341	R-HSA-196071	1
4Z,7Z,10Z,13Z,16Z,19Z,22Z,25Z-octacosaoctaenoic acid	-	-	-	-	-	-	-		-	-		-	-	-					CHEBI:188064	CHEBI:188064	CHEBI:188064	CHEBI:188064										CHEBI:188064							CHEBI:188064						CHEBI:35366	R-HSA-1482883,R-HSA-167826,R-HSA-422085,R-HSA-426048,R-HSA-6809371,R-HSA-6811436,R-HSA-8963889,R-HSA-8964038	8
p-Cresol	RM0040834	C7H8O	108.0575	Benzenoids	Phenols	Other phenols	2879	CHEBI:17847	HMDB0001858		C01468	IWDCLRJOBJJRNH-UHFFFAOYSA-N	Cc1ccc(cc1)O	p-Cresol			C01468	map01100,map01120,map01220,map00623,map00633,map04974	CHEBI:17847,CHEBI:17847,CHEBI:17847	CHEBI:17847,CHEBI:17847,CHEBI:17847	CHEBI:17847,CHEBI:17847,CHEBI:17847	CHEBI:17847	C01468	C01468	C01468	C01468			C01468	map01100,map01120,map01220,map00623,map00633,map04974		CHEBI:17847	C01468			C01468	map01100,map01120,map01220,map00623,map00633,map04974		CHEBI:17847	C01468			C01468	map01100,map01120,map01220,map00623,map00633,map04974			0
C22 Sulfatide	-	-	-	-	-	-	-		-	-		-	-	-																																	0
3-Deoxyvitamin D3	RM0156448	C27H44	368.3443	Sterol Lipids	Secosterols	Vitamin D3	24779628	CHEBI:137139	HMDB0245858	LMST03020618		FXKMDILIEQILCA-VDVRBEGSSA-N	CC(C)CCC[C@@H](C)[C@H]1CC[C@H]2/C(=C/C=C\3/CCCCC3=C)/CCC[C@]12C	3-Deoxyvitamin D3					CHEBI:137139	CHEBI:137139	CHEBI:137139	CHEBI:137139										CHEBI:137139							CHEBI:137139						CHEBI:35341	R-HSA-196071	1
4,7,10-hexadecatrienoic acid	-	-	-	-	-	-	-		-	-		-	-	-					CHEBI:180363	CHEBI:180363	CHEBI:180363	CHEBI:180363										CHEBI:180363							CHEBI:180363						CHEBI:15904	R-HSA-1369062,R-HSA-192456,R-HSA-3000471,R-HSA-390247,R-HSA-5684045,R-HSA-77289,R-HSA-8963901,R-HSA-8964058,R-HSA-975634	9
(4OH,8Z,t18:1) sphingosine	-	-	-	-	-	-	-		-	-		-	-	-																																	0
(4E,8E,9Me-d19:2)sphingosine	-	-	-	-	-	-	-		-	-		-	-	-					CHEBI:168456	CHEBI:168456	CHEBI:168456	CHEBI:168456										CHEBI:168456							CHEBI:168456						CHEBI:30879	R-HSA-1483166,R-HSA-2022377,R-HSA-8935690	3
Theonellasterol H	-	-	-	-	-	-	-		-	-		-	-	-					CHEBI:185987	CHEBI:185987	CHEBI:185987	CHEBI:185987										CHEBI:185987							CHEBI:185987						CHEBI:35341	R-HSA-196071	1
ergosta-3beta,5alpha,6beta,25-tetrol	-	-	-	-	-	-	-		-	-		-	-	-					CHEBI:168494	CHEBI:168494	CHEBI:168494	CHEBI:168494										CHEBI:168494							CHEBI:168494						CHEBI:35341	R-HSA-196071	1
3alpha-Hydroxy-5beta-chol-7-en-24-oic Acid	-	-	-	-	-	-	-		-	-		-	-	-					CHEBI:188170	CHEBI:188170	CHEBI:188170	CHEBI:188170										CHEBI:188170							CHEBI:188170						CHEBI:33575,CHEBI:35341	R-HSA-196071,R-HSA-6809371	2
Hydroxypropyl cellulose	-	-	-	-	-	-	-		-	-		-	-	-																																	0
12R,13S-epoxy-9S-hydroxy-10E-octadecenoic acid	-	-	-	-	-	-	-		-	-		-	-	-																																	0
N-oleoyl phenylalanine	RM0154286	C27H43NO3	429.3243	Fatty Acyls	Fatty amides	N-acyl amines	52922059	CHEBI:134021	HMDB0062336	LMFA08020092		UWKNPULCJWBBDD-JRUKXMRZSA-N	CCCCCCCC/C=C\CCCCCCCC(=O)N[C@@H](Cc1ccccc1)C(=O)O	NA-Phe 18:1(9Z)					CHEBI:134021	CHEBI:134021	CHEBI:134021	CHEBI:134021									CHEBI:134020	CHEBI:134020,CHEBI:134021		CHEBI:134020	R-HSA-9673163				CHEBI:134020,CHEBI:134021		CHEBI:134020	R-HSA-9673163					0
Neryl rhamnosyl-glucoside	-	-	-	-	-	-	-		-	-		-	-	-					CHEBI:169082	CHEBI:169082	CHEBI:169082	CHEBI:169082										CHEBI:169082							CHEBI:169082						CHEBI:18059	R-HSA-1222556,R-HSA-1369062,R-HSA-5682294,R-HSA-804914,R-HSA-8941413	5
TG(8:0/8:0/8:0)	RM0134214	C27H50O6	470.3607	Glycerolipids	Triradylglycerols	TAG								TG 8:0/8:0/8:0					CHEBI:76978	CHEBI:76978	CHEBI:76978	CHEBI:76978	C13044	C13044	C13044	C13044						CHEBI:76978	C13044						CHEBI:76978	C13044					CHEBI:17855	R-HSA-1482883,R-HSA-163560,R-HSA-192456,R-HSA-202733,R-HSA-3000471,R-HSA-3000480,R-HSA-3000484,R-HSA-3000497,R-HSA-432142,R-HSA-5686938,R-HSA-6809371,R-HSA-75109,R-HSA-8856825,R-HSA-8856828,R-HSA-8866423,R-HSA-8963888,R-HSA-8963889,R-HSA-8963901,R-HSA-8964011,R-HSA-8964026,R-HSA-8964038,R-HSA-8964041,R-HSA-8964046,R-HSA-8964058,R-HSA-8964572,R-HSA-9707616,R-HSA-975634,R-HSA-9918432,R-HSA-9918481,R-HSA-9918487,R-HSA-9920588,R-HSA-9920951	32
Alisol C	-	-	-	-	-	-	-		-	-		-	-	-					CHEBI:81105	CHEBI:81105	CHEBI:81105	CHEBI:81105	C17461	C17461	C17461	C17461						CHEBI:81105	C17461						CHEBI:81105	C17461					CHEBI:18059	R-HSA-1222556,R-HSA-1369062,R-HSA-5682294,R-HSA-804914,R-HSA-8941413	5
1beta,3alpha-Dihydroxy-5beta-cholan-24-oic Acid	RM0201190	C24H40O4	392.2927	Sterol Lipids	Bile acids	C24 bile acids	5283816			LMST04010020		BASPEALOGWANGT-ZGCQFCDISA-N	C[C@H](CCC(=O)O)[C@H]1CC[C@H]2[C@@H]3CC[C@@H]4C[C@@H](C[C@H]([C@]4(C)[C@H]3CC[C@]12C)O)O	1beta,3alpha-Dihydroxy-5beta-cholan-24-oic acid					CHEBI:182575	CHEBI:182575	CHEBI:182575	CHEBI:182575										CHEBI:182575							CHEBI:182575						CHEBI:35341	R-HSA-196071	1
(24R)-1alpha,24,25-trihydroxyvitamin D2	RM0125906	C28H44O4	444.3240	Sterol Lipids	Secosterols	Vitamin D2	9547253	CHEBI:166748	HMDB0006227	LMST03010051		KRGCLKZOZQUAFK-ABEKVIRTSA-N	C[C@H](/C=C/[C@](C)(C(C)(C)O)O)[C@H]1CC[C@H]2/C(=C/C=C\3/C[C@H](C[C@@H](C3=C)O)O)/CCC[C@]12C	(24R)-1alpha,24,25-Trihydroxyvitamin D2					CHEBI:166748	CHEBI:166748	CHEBI:166748	CHEBI:166748										CHEBI:166748							CHEBI:166748						CHEBI:35341	R-HSA-196071	1
8-tridecynoic acid	-	-	-	-	-	-	-		-	-		-	-	-					CHEBI:187115	CHEBI:187115	CHEBI:187115	CHEBI:187115										CHEBI:187115							CHEBI:187115						CHEBI:15904	R-HSA-1369062,R-HSA-192456,R-HSA-3000471,R-HSA-390247,R-HSA-5684045,R-HSA-77289,R-HSA-8963901,R-HSA-8964058,R-HSA-975634	9
Magnesium protoporphyrin monomethyl ester	-	-	-	-	-	-	-		-	-		-	-	-					CHEBI:15432	CHEBI:15432	CHEBI:15432	CHEBI:15432	C04536	C04536	C04536	C04536			C04536	map01100,map01110,map00860	CHEBI:60491	CHEBI:15432,CHEBI:60491	C04536			C04536	map01100,map01110,map00860		CHEBI:15432,CHEBI:60491	C04536			C04536	map01100,map01110,map00860	CHEBI:33575	R-HSA-6809371	1
7-Hydroxyrisperidone	-	-	-	-	-	-	-		-	-		-	-	-					CHEBI:188072	CHEBI:188072	CHEBI:188072	CHEBI:188072										CHEBI:188072							CHEBI:188072								0
Cincassiol B	-	-	-	-	-	-	-		-	-		-	-	-					CHEBI:168323	CHEBI:168323	CHEBI:168323	CHEBI:168323										CHEBI:168323							CHEBI:168323						CHEBI:18059	R-HSA-1222556,R-HSA-1369062,R-HSA-5682294,R-HSA-804914,R-HSA-8941413	5
3alpha,7alpha,12alpha-Trihydroxy-5alpha-cholan-24-al	-	-	-	-	-	-	-		-	-		-	-	-					CHEBI:187937	CHEBI:187937	CHEBI:187937	CHEBI:187937										CHEBI:187937							CHEBI:187937						CHEBI:33575,CHEBI:35341	R-HSA-196071,R-HSA-6809371	2
Progeldanamycin	-	-	-	-	-	-	-		-	-		-	-	-					CHEBI:80108	CHEBI:80108	CHEBI:80108	CHEBI:80108	C15823	C15823	C15823	C15823						CHEBI:80108	C15823						CHEBI:80108	C15823							0
5-Cholestene-3beta,7alpha,12alpha,25,26-pentol	-	-	-	-	-	-	-		-	-		-	-	-					CHEBI:169758	CHEBI:169758	CHEBI:169758	CHEBI:169758										CHEBI:169758							CHEBI:169758						CHEBI:35341	R-HSA-196071	1
SM(d18:1/24:1(15Z))	RM0163054	C47H93N2O6P	812.6771	Sphingolipids	Phosphosphingolipids	SM	44260126	CHEBI:74535	HMDB0012107	LMSP03010007		WKZHECFHXLTOLJ-QYKFWSDSSA-N	CCCCCCCC/C=CCCCCCCCCCCCCCC(=O)N[C@@H](COP(=O)([O-])OCC[N+](C)(C)C)[C@@H](/C=C/CCCCCCCCCCCCC)O	SM 18:1;O2/24:1(15Z)					CHEBI:74535	CHEBI:74535	CHEBI:74535	CHEBI:74535										CHEBI:74535							CHEBI:74535						CHEBI:17636	R-HSA-1369062,R-HSA-193681,R-HSA-9840310	3
Ergothioneine	RM0132145	C9H15N3O2S	229.0885	Organic acids	Amino acids and peptides	Amino acids	5351619	CHEBI:4828	HMDB0003045		C05570	SSISHJJTAXXQAX-ZETCQYMHSA-N	C[N+](C)(C)[C@@H](Cc1c[nH]c(n1)S)C(=O)[O-]	Ergothioneine			C05570	map01100,map00340	CHEBI:134344,CHEBI:4828,CHEBI:82707	CHEBI:134344,CHEBI:4828,CHEBI:82707	CHEBI:134344,CHEBI:4828,CHEBI:82707	CHEBI:4828,CHEBI:82707,CHEBI:134344	C05570	C05570	C05570	C05570	CHEBI:134344	R-HSA-549127	C05570	map01100,map00340		CHEBI:4828,CHEBI:82707,CHEBI:134344	C05570	CHEBI:134344	R-HSA-549127	C05570	map01100,map00340		CHEBI:4828,CHEBI:82707,CHEBI:134344	C05570	CHEBI:134344	R-HSA-549127	C05570	map01100,map00340			0
PG(16:1(9Z)/0:0)	RM0172918	C22H43O9P	482.2645	Glycerophospholipids	Glycerophosphoglycerols	LPG								LPG 16:1(9Z)/0:0					CHEBI:138795	CHEBI:138795	CHEBI:138795	CHEBI:138795										CHEBI:138795							CHEBI:138795						CHEBI:37739	R-HSA-9845576	1
Theonellasterol G	-	-	-	-	-	-	-		-	-		-	-	-					CHEBI:186832	CHEBI:186832	CHEBI:186832	CHEBI:186832										CHEBI:186832							CHEBI:186832						CHEBI:35341	R-HSA-196071	1
4-Hydroxydebrisoquine	RM0224473	C10H13N3O	191.1059	Organoheterocyclic compounds	Guanidines	Guanidines	107669	CHEBI:63800	HMDB0006468			AKFURXZANOMQBD-UHFFFAOYSA-N	c1ccc2c(c1)CN(CC2O)C(=N)N	4-Hydroxydebrisoquine	CHEBI:63800	R-HSA-211981						CHEBI:63800					CHEBI:63800	R-HSA-211981				CHEBI:63800		CHEBI:63800	R-HSA-211981				CHEBI:63800		CHEBI:63800	R-HSA-211981					0
Cinncassiol A	-	-	-	-	-	-	-		-	-		-	-	-					CHEBI:81241	CHEBI:81241	CHEBI:81241	CHEBI:81241	C17645	C17645	C17645	C17645						CHEBI:81241	C17645						CHEBI:81241	C17645					CHEBI:18059	R-HSA-1222556,R-HSA-1369062,R-HSA-5682294,R-HSA-804914,R-HSA-8941413	5
Tsangane L 3-glucoside	-	-	-	-	-	-	-		-	-		-	-	-					CHEBI:169256	CHEBI:169256	CHEBI:169256	CHEBI:169256										CHEBI:169256							CHEBI:169256						CHEBI:18059	R-HSA-1222556,R-HSA-1369062,R-HSA-5682294,R-HSA-804914,R-HSA-8941413	5
Benzhydrol	-	-	-	-	-	-	-		-	-		-	-	-					CHEBI:156087	CHEBI:156087	CHEBI:156087	CHEBI:156087										CHEBI:156087							CHEBI:156087						CHEBI:30879	R-HSA-1483166,R-HSA-2022377,R-HSA-8935690	3
Gymnodimine	RM0109594	C32H45NO4	507.3349	Organoheterocyclic compounds	Hydropyridines	Hydropyridines	118701013	CHEBI:144404	HMDB0041430			DVXZVCNEGRKLMW-DCJZOFSYSA-N	C/C/1=C\CCC2=NCCCC32CCC(=C(C)C3/C=C(\C)/C(CCC2CC(C)C1O2)O)C1C=C(C)C(=O)O1	Gymnodimine					CHEBI:144404	CHEBI:144404	CHEBI:144404	CHEBI:144404	C20025	C20025	C20025	C20025						CHEBI:144404	C20025						CHEBI:144404	C20025							0
3-Methyloxindole	RM0156376	C9H9NO	147.0684	Alkaloids	Tryptophan alkaloids	Indolines	150923	CHEBI:17397	HMDB0304943		C02366	BBZCPUCZKLTAJQ-UHFFFAOYSA-N	CC1c2ccccc2NC1=O	3-Methyloxindole					CHEBI:17397,CHEBI:17397	CHEBI:17397,CHEBI:17397	CHEBI:17397,CHEBI:17397	CHEBI:17397	C02366	C02366	C02366	C02366						CHEBI:17397	C02366						CHEBI:17397	C02366							0
5alpha-ergost-22E-en-3alpha,12alpha,16alpha-triol	-	-	-	-	-	-	-		-	-		-	-	-					CHEBI:186651	CHEBI:186651	CHEBI:186651	CHEBI:186651										CHEBI:186651							CHEBI:186651						CHEBI:35341	R-HSA-196071	1
PROPARGITE	RM0020455	C19H26O4S	350.1552	Benzenoids	Benzenes	Phenylpropanes	4936	CHEBI:39300	HMDB0256819			ZYHMJXZULPZUED-UHFFFAOYSA-N	C#CCOS(=O)OC1CCCCC1Oc1ccc(cc1)C(C)(C)C	Propargite					CHEBI:39300,CHEBI:39300	CHEBI:39300,CHEBI:39300	CHEBI:39300,CHEBI:39300	CHEBI:39300	C18602	C18602	C18602	C18602						CHEBI:39300	C18602						CHEBI:39300	C18602							0
Azaleatin 3-glucoside	-	-	-	-	-	-	-		-	-		-	-	-					CHEBI:188000	CHEBI:188000	CHEBI:188000	CHEBI:188000										CHEBI:188000							CHEBI:188000								0
10-oxo-nonadecanoic acid	-	-	-	-	-	-	-		-	-		-	-	-					CHEBI:138422	CHEBI:138422	CHEBI:138422	CHEBI:138422										CHEBI:138422							CHEBI:138422						CHEBI:15904	R-HSA-1369062,R-HSA-192456,R-HSA-3000471,R-HSA-390247,R-HSA-5684045,R-HSA-77289,R-HSA-8963901,R-HSA-8964058,R-HSA-975634	9
DG(21:0/22:2(13Z,16Z)/0:0)[iso2]	RM0174522	C46H86O5	718.6475	Glycerolipids	Diradylglycerols	DAG	9543938			LMGL02010273		HIYYWAKMPNHRBN-KUNHTXCWSA-N	CCCCC/C=CC/C=CCCCCCCCCCCCC(=O)O[C@@H](CO)COC(=O)CCCCCCCCCCCCCCCCCCCC	DG 21:0/22:2(13Z,16Z)/0:0					CHEBI:188135	CHEBI:188135	CHEBI:188135	CHEBI:188135										CHEBI:188135							CHEBI:188135						CHEBI:18035	R-HSA-112043,R-HSA-1250196,R-HSA-192456,R-HSA-202424,R-HSA-202433,R-HSA-2029485,R-HSA-2871809,R-HSA-2871837,R-HSA-418890,R-HSA-5218921,R-HSA-5607764,R-HSA-6809371,R-HSA-8963889,R-HSA-8963901,R-HSA-8964058,R-HSA-9027277,R-HSA-9648002,R-HSA-9664323,R-HSA-9680350,R-HSA-975634	20
N-HYDROXYMETHYLNICOTINAMIDE	-	-	-	-	-	-	-		-	-		-	-	-					CHEBI:134775	CHEBI:134775	CHEBI:134775	CHEBI:134775										CHEBI:134775							CHEBI:134775								0
PC(15:1(9Z)/0:0)	RM0161512	C23H44NO8P	493.2805	Glycerophospholipids	Glycerophosphocholines	LPC	52924041	CHEBI:176393		LMGP01050125		SUCJIOBGMPMVBJ-MZMPXXGTSA-N	CCCCC/C=C\CCCCCCCC(=O)OC[C@H](COP(=O)([O-])OCC[N+](C)(C)C)O	LPC 15:1(9Z)/0:0					CHEBI:176393	CHEBI:176393	CHEBI:176393	CHEBI:176393										CHEBI:176393							CHEBI:176393						CHEBI:58168	R-HSA-111995,R-HSA-1482839,R-HSA-2142753,R-HSA-6814848	4
2-methyl-32,35-anhydrobacteriohopanetetrol	-	-	-	-	-	-	-		-	-		-	-	-					CHEBI:188241	CHEBI:188241	CHEBI:188241	CHEBI:188241										CHEBI:188241							CHEBI:188241						CHEBI:18059	R-HSA-1222556,R-HSA-1369062,R-HSA-5682294,R-HSA-804914,R-HSA-8941413	5
Ro 31-7549	-	-	-	-	-	-	-		-	-		-	-	-																																	0
LysoPC(20:4(5Z,8Z,11Z,14Z))	RM0180208	C28H50NO7P	543.3325	Glycerophospholipids	Glycerophosphocholines	LPC								LPC 20:4(5Z,8Z,11Z,14Z)																																	0
15(S)-15-methyl PGF2?? isopropyl ester	-	-	-	-	-	-	-		-	-		-	-	-																																	0
22S-hydroxysitosterol	-	-	-	-	-	-	-		-	-		-	-	-					CHEBI:187980	CHEBI:187980	CHEBI:187980	CHEBI:187980										CHEBI:187980							CHEBI:187980						CHEBI:26125	R-HSA-1369062,R-HSA-5679090,R-HSA-5679096,R-HSA-8963678	4
PC(19:1(9Z)/0:0)	-	-	-	-	-	-	-		-	-		-	-	-					CHEBI:176402	CHEBI:176402	CHEBI:176402	CHEBI:176402										CHEBI:176402							CHEBI:176402						CHEBI:58168	R-HSA-111995,R-HSA-1482839,R-HSA-2142753,R-HSA-6814848	4
24S-hydroxy-cholesterol	RM0135646	C27H46O2	402.3498	Sterol Lipids	Sterols	Cholesterols	121948	CHEBI:34310	HMDB0001419	LMST01010019	C13550	IOWMKBFJCNLRTC-XWXSNNQWSA-N	CC(C)[C@H](CC[C@@H](C)[C@H]1CC[C@H]2[C@@H]3CC=C4C[C@H](CC[C@]4(C)[C@H]3CC[C@]12C)O)O	24S-Hydroxycholesterol	CHEBI:34310	R-HSA-193775,R-HSA-211976,R-HSA-4090294,R-HSA-9029558,R-HSA-9029569,R-HSA-9031525,R-HSA-9031528,R-HSA-9623433,R-HSA-9632974	C13550	map00120	CHEBI:34310	CHEBI:34310	CHEBI:34310	CHEBI:34310	C13550	C13550	C13550	C13550	CHEBI:34310	R-HSA-193775,R-HSA-211976,R-HSA-4090294,R-HSA-9029558,R-HSA-9029569,R-HSA-9031525,R-HSA-9031528,R-HSA-9623433,R-HSA-9632974	C13550	map00120		CHEBI:34310	C13550	CHEBI:34310	R-HSA-193775,R-HSA-211976,R-HSA-4090294,R-HSA-9029558,R-HSA-9029569,R-HSA-9031525,R-HSA-9031528,R-HSA-9623433,R-HSA-9632974	C13550	map00120		CHEBI:34310	C13550	CHEBI:34310	R-HSA-193775,R-HSA-211976,R-HSA-4090294,R-HSA-9029558,R-HSA-9029569,R-HSA-9031525,R-HSA-9031528,R-HSA-9623433,R-HSA-9632974	C13550	map00120			0
9Z,11Z-octadecadienoic acid	-	-	-	-	-	-	-		-	-		-	-	-					CHEBI:188305	CHEBI:188305	CHEBI:188305	CHEBI:188305										CHEBI:188305							CHEBI:188305						CHEBI:15904	R-HSA-1369062,R-HSA-192456,R-HSA-3000471,R-HSA-390247,R-HSA-5684045,R-HSA-77289,R-HSA-8963901,R-HSA-8964058,R-HSA-975634	9
PC(16:1(9Z)/0:0)	RM0161551	C24H48NO7P	493.3168	Glycerophospholipids	Glycerophosphocholines	LPC	24779461	CHEBI:73851	HMDB0010383	LMGP01050022		LFUDDCMNKWEORN-ZXEGGCGDSA-N	CCCCCC/C=CCCCCCCCC(=O)OC[C@H](COP(=O)([O-])OCC[N+](C)(C)C)O	LPC 16:1(9Z)/0:0					CHEBI:73851	CHEBI:73851,CHEBI:73851	CHEBI:73851	CHEBI:73851										CHEBI:73851							CHEBI:73851						CHEBI:58168	R-HSA-111995,R-HSA-1482839,R-HSA-2142753,R-HSA-6814848	4
Tetrahydroaldosterone-3-glucuronide	RM0034695	C27H40O11	540.2571	Sterol Lipids	Steroids	C19 Steroids	145453466	CHEBI:88728	HMDB0010357	LMST05010067	C03033	CGIURIOFMWUPSV-QXFYTWHUSA-N	C[C@]12CC[C@H](C[C@H]1CC[C@H]1[C@@H]3CC[C@H](C(=O)CO)[C@]43C[C@@H]([C@H]21)OC4O)O[C@H]1[C@@H]([C@H]([C@@H]([C@@H](C(=O)O)O1)O)O)O	Tetrahydroaldosterone-3-glucuronide			C03033	map01100,map01240,map00040,map00053,map04976	CHEBI:88728	CHEBI:88728	CHEBI:88728	CHEBI:88728	C03033	C03033	C03033	C03033			C03033	map01100,map01240,map00040,map00053,map04976		CHEBI:88728	C03033			C03033	map01100,map01240,map00040,map00053,map04976		CHEBI:88728	C03033			C03033	map01100,map01240,map00040,map00053,map04976	CHEBI:35341	R-HSA-196071	1
Cucurbitacin I 2-glucoside	-	-	-	-	-	-	-		-	-		-	-	-					CHEBI:176287	CHEBI:176287	CHEBI:176287	CHEBI:176287										CHEBI:176287							CHEBI:176287						CHEBI:18059	R-HSA-1222556,R-HSA-1369062,R-HSA-5682294,R-HSA-804914,R-HSA-8941413	5
PI(12:0/13:0)	RM0161798	C34H65O13P	712.4163	Glycerophospholipids	Glycerophosphoinositols	PI	9547139	CHEBI:31355	HMDB0015093	LMGP06010003		JJJSCQBZLBNEIB-YMVZDVTASA-N	CCCCCCCCCCCCC(=O)O[C@H](COC(=O)CCCCCCCCCCC)COP(=O)(O)O[C@@H]1C([C@@H](C(C(C1O)O)O)O)O	PI 12:0/13:0	CHEBI:31355	R-HSA-9750126			CHEBI:187483	CHEBI:187483	CHEBI:187483	CHEBI:31355,CHEBI:187483					CHEBI:31355	R-HSA-9750126				CHEBI:31355,CHEBI:187483		CHEBI:31355	R-HSA-9750126				CHEBI:31355,CHEBI:187483		CHEBI:31355	R-HSA-9750126					0
3-oxohexacosanoic acid	RM0153181	C26H50O3	410.3760	Fatty Acyls	Fatty acids	Oxo FA	25271613	CHEBI:52421		LMFA01060181		PJQXMTFEXFYZCU-UHFFFAOYSA-N	CCCCCCCCCCCCCCCCCCCCCCCC(=O)CC(=O)O	3-Oxohexacosanoic acid					CHEBI:52421	CHEBI:52421	CHEBI:52421	CHEBI:52421										CHEBI:52421							CHEBI:52421						CHEBI:35366	R-HSA-1482883,R-HSA-167826,R-HSA-422085,R-HSA-426048,R-HSA-6809371,R-HSA-6811436,R-HSA-8963889,R-HSA-8964038	8
N-acetylsphingosine 1-phosphate	RM0135540	C20H40NO6P	421.2593	Sphingolipids	Ceramides	Cer-1-P	15199918	CHEBI:46981		LMSP02050014		HWPZKJVGDYNEAW-QUDYQQOWSA-N	CCCCCCCCCCCCC/C=C/[C@H]([C@H](COP(=O)(O)O)NC(=O)C)O	CerP 18:1;O2/2:0					CHEBI:46981	CHEBI:46981	CHEBI:46981	CHEBI:46981									CHEBI:85375	CHEBI:46981,CHEBI:85375							CHEBI:46981,CHEBI:85375						CHEBI:16197	R-HSA-9840309,R-HSA-9845576	2
Glycerol triundecanoate	RM0138665	C36H68O6	596.5016	Glycerolipids	Triradylglycerols	TAG	83574	CHEBI:172766	HMDB0031089	LMGL03019FNZ		MBXVIRZWSHICAV-UHFFFAOYSA-N	CCCCCCCCCCC(=O)OCC(COC(=O)CCCCCCCCCC)OC(=O)CCCCCCCCCC	TG 11:0/11:0/11:0					CHEBI:172766	CHEBI:172766	CHEBI:172766	CHEBI:172766										CHEBI:172766							CHEBI:172766						CHEBI:17855	R-HSA-1482883,R-HSA-163560,R-HSA-192456,R-HSA-202733,R-HSA-3000471,R-HSA-3000480,R-HSA-3000484,R-HSA-3000497,R-HSA-432142,R-HSA-5686938,R-HSA-6809371,R-HSA-75109,R-HSA-8856825,R-HSA-8856828,R-HSA-8866423,R-HSA-8963888,R-HSA-8963889,R-HSA-8963901,R-HSA-8964011,R-HSA-8964026,R-HSA-8964038,R-HSA-8964041,R-HSA-8964046,R-HSA-8964058,R-HSA-8964572,R-HSA-9707616,R-HSA-975634,R-HSA-9918432,R-HSA-9918481,R-HSA-9918487,R-HSA-9920588,R-HSA-9920951	32
Edulisin I	-	-	-	-	-	-	-		-	-		-	-	-					CHEBI:172712	CHEBI:172712	CHEBI:172712	CHEBI:172712										CHEBI:172712							CHEBI:172712								0
(E)-hex-2-enedioic acid	-	-	-	-	-	-	-		-	-		-	-	-					CHEBI:49296	CHEBI:49296	CHEBI:49296	CHEBI:49296										CHEBI:49296							CHEBI:49296						CHEBI:33575	R-HSA-6809371	1
Inosinic acid	RM0000534	C10H13N4O8P	348.0471	Nucleic acids	Purines	Purine rNMP	135398640	CHEBI:17202	HMDB0000175		C00130	GRSZFWQUAKGDAV-KQYNXXCUSA-N	C([C@@H]1[C@H]([C@H]([C@H](n2cnc3c2nc[nH]c3=O)O1)O)O)OP(=O)(O)O	IMP	CHEBI:17202	R-HSA-3000480,R-HSA-3000480	C00130	map01100,map01110,map01232,map01240,map00230,map01060,map01065,map01070,map04742,map01523	CHEBI:17202,CHEBI:58053	CHEBI:17202,CHEBI:58053	CHEBI:17202,CHEBI:58053	CHEBI:17202,CHEBI:58053	C00130	C00130	C00130	C00130	CHEBI:17202,CHEBI:58053	R-HSA-3000480,R-HSA-3000480,R-HSA-2161541,R-HSA-2393930,R-HSA-3000480,R-HSA-3000480,R-HSA-73817,R-HSA-74217,R-HSA-74259,R-HSA-8850843,R-HSA-9717207,R-HSA-9717207,R-HSA-9755088	C00130	map01100,map01110,map01232,map01240,map00230,map01060,map01065,map01070,map04742,map01523		CHEBI:17202,CHEBI:58053	C00130	CHEBI:17202,CHEBI:58053	R-HSA-3000480,R-HSA-3000480,R-HSA-2161541,R-HSA-2393930,R-HSA-3000480,R-HSA-3000480,R-HSA-73817,R-HSA-74217,R-HSA-74259,R-HSA-8850843,R-HSA-9717207,R-HSA-9717207,R-HSA-9755088	C00130	map01100,map01110,map01232,map01240,map00230,map01060,map01065,map01070,map04742,map01523		CHEBI:17202,CHEBI:58053	C00130	CHEBI:17202,CHEBI:58053	R-HSA-3000480,R-HSA-3000480,R-HSA-2161541,R-HSA-2393930,R-HSA-3000480,R-HSA-3000480,R-HSA-73817,R-HSA-74217,R-HSA-74259,R-HSA-8850843,R-HSA-9717207,R-HSA-9717207,R-HSA-9755088	C00130	map01100,map01110,map01232,map01240,map00230,map01060,map01065,map01070,map04742,map01523			0
PC(0:0/18:0)	RM0090007	C26H54NO7P	523.3638	Glycerophospholipids	Glycerophosphocholines	LPC								LPC 0:0/18:0					CHEBI:76076	CHEBI:91299,CHEBI:76076	CHEBI:91299,CHEBI:76076	CHEBI:76076,CHEBI:91299										CHEBI:76076,CHEBI:91299							CHEBI:76076,CHEBI:91299						CHEBI:60479	R-HSA-1483115,R-HSA-3000471,R-HSA-3000480,R-HSA-3000484,R-HSA-5686938,R-HSA-6814848	6
pentadecanal	RM0152249	C15H30O	226.2297	Fatty Acyls	Fatty aldehydes	Fatty aldehydes	17697	CHEBI:17302	HMDB0031078	LMFA06000083	C01948	XGQJZNCFDLXSIJ-UHFFFAOYSA-N	CCCCCCCCCCCCCCC=O	Pentadecanal					CHEBI:17302,CHEBI:17302	CHEBI:17302,CHEBI:17302	CHEBI:17302,CHEBI:17302	CHEBI:17302	C01948	C01948	C01948	C01948						CHEBI:17302	C01948						CHEBI:17302	C01948					CHEBI:35746	R-HSA-1482788,R-HSA-75109	2
Blestriarene B	-	-	-	-	-	-	-		-	-		-	-	-					CHEBI:3141	CHEBI:3141	CHEBI:3141	CHEBI:3141	C10248	C10248	C10248	C10248						CHEBI:3141	C10248						CHEBI:3141	C10248							0
ISOBERGAPTENE	-	-	-	-	-	-	-		-	-		-	-	-																																	0
Macrophyllol A (flavone)	-	-	-	-	-	-	-		-	-		-	-	-					CHEBI:185938	CHEBI:185938	CHEBI:185938	CHEBI:185938										CHEBI:185938							CHEBI:185938								0
2,5-Dihydro-4,5-dimethyl-2-(1-methylpropyl)thiazole	-	-	-	-	-	-	-		-	-		-	-	-					CHEBI:179181	CHEBI:179181	CHEBI:179181	CHEBI:179181										CHEBI:179181							CHEBI:179181								0
Antheraxanthin	RM0138855	C40H56O3	584.4229	Prenol Lipids	Isoprenoids	C40 isoprenoids	5281223	CHEBI:27867		LMPR01070262	C08579	OFNSUWBAQRCHAV-OYQUVCAXSA-N	C/C(=C\C=C\C=C(/C)\C=C\C=C(/C)\C=C\[C@]12C(C)(C)C[C@@H](C[C@@]1(C)O2)O)/C=C/C=C(\C)/C=C/C1=C(C)C[C@H](CC1(C)C)O	Antheraxanthin			C08579	map01100,map01110,map00906	CHEBI:27867,CHEBI:27867	CHEBI:27867,CHEBI:27867	CHEBI:27867,CHEBI:27867	CHEBI:27867	C08579	C08579	C08579	C08579			C08579	map01100,map01110,map00906		CHEBI:27867	C08579			C08579	map01100,map01110,map00906		CHEBI:27867	C08579			C08579	map01100,map01110,map00906	CHEBI:18059	R-HSA-1222556,R-HSA-1369062,R-HSA-5682294,R-HSA-804914,R-HSA-8941413	5
3-heptynoic acid	-	-	-	-	-	-	-		-	-		-	-	-					CHEBI:188196	CHEBI:188196	CHEBI:188196	CHEBI:188196										CHEBI:188196							CHEBI:188196						CHEBI:59554	R-HSA-390247,R-HSA-77289	2
OLEANDRIN	RM0042893	C32H48O9	576.3298	Sterol Lipids	Sterols	Cardanolides	11541511	CHEBI:59030		LMST01120025		JLPDBLFIVFSOCC-XYXFTTADSA-N	C[C@H]1[C@@H]([C@H](C[C@@H](O1)O[C@H]1CC[C@@]2(C)[C@H](CC[C@@H]3[C@@H]2CC[C@]2(C)[C@@H](C4=CC(=O)OC4)[C@H](C[C@]32O)OC(=O)C)C1)OC)O	Oleandrin					CHEBI:59030	CHEBI:59030	CHEBI:59030	CHEBI:59030										CHEBI:59030							CHEBI:59030						CHEBI:35341	R-HSA-196071	1
PS(20:3(8Z,11Z,14Z)/22:6(4Z,7Z,10Z,13Z,16Z,19Z))	RM0172750	C48H76NO10P	857.5207	Glycerophospholipids	Glycerophosphoserines	PS	52925729		HMDB0012428	LMGP03010619		QPQIUVRFRMEHGI-KTIJQTJVSA-N	CC/C=CC/C=CC/C=CC/C=CC/C=CC/C=CCCC(=O)O[C@H](COC(=O)CCCCCC/C=CC/C=CC/C=CCCCCC)COP(=O)(O)OC[C@@H](C(=O)O)N	PS 20:3(8Z,11Z,14Z)/22:6(4Z,7Z,10Z,13Z,16Z,19Z)					CHEBI:188070	CHEBI:188070	CHEBI:188070	CHEBI:188070										CHEBI:188070							CHEBI:188070						CHEBI:16247	R-HSA-1483206,R-HSA-202733,R-HSA-2168880,R-HSA-3000471,R-HSA-3000480,R-HSA-3000484,R-HSA-3000497,R-HSA-432142,R-HSA-5686938,R-HSA-8856825,R-HSA-8856828,R-HSA-8866423,R-HSA-8963888,R-HSA-8963896,R-HSA-8963901,R-HSA-8964011,R-HSA-8964026,R-HSA-8964038,R-HSA-8964041,R-HSA-8964046,R-HSA-8964058,R-HSA-8964572,R-HSA-9615710,R-HSA-9707616,R-HSA-975634,R-HSA-9918432,R-HSA-9918481,R-HSA-9918487,R-HSA-9920588,R-HSA-9920951	30
LY294002	-	-	-	-	-	-	-		-	-		-	-	-					CHEBI:65329	CHEBI:65329	CHEBI:65329	CHEBI:65329	C15195	C15195	C15195	C15195	CHEBI:65329	R-HSA-2219530				CHEBI:65329	C15195	CHEBI:65329	R-HSA-2219530				CHEBI:65329	C15195	CHEBI:65329	R-HSA-2219530					0
Rosoxacin	-	-	-	-	-	-	-		-	-		-	-	-					CHEBI:131715	CHEBI:131715	CHEBI:131715	CHEBI:131715										CHEBI:131715							CHEBI:131715						CHEBI:33575	R-HSA-6809371	1
Chenodeoxycholic acid 3-sulfate	RM0135846	C24H40O7S	472.2495	Sterol Lipids	Bile acids	C24 bile acids	21252312	CHEBI:89060	HMDB0002586	LMST05020024		WHMOBEGYTDWMIG-BSWAIDMHSA-N	C[C@H](CCC(=O)O)[C@H]1CC[C@H]2[C@H]3[C@H](CC[C@]12C)[C@@]1(C)CC[C@H](C[C@H]1C[C@H]3O)OS(=O)(=O)O	Chenodeoxycholic acid 3-sulfate					CHEBI:89060	CHEBI:89060	CHEBI:89060	CHEBI:89060									CHEBI:234532	CHEBI:89060,CHEBI:234532							CHEBI:89060,CHEBI:234532						CHEBI:35341	R-HSA-196071	1
Scopolamine	RM0108813	C17H21NO4	303.1471	Alkaloids	Ornithine alkaloids	Tropane alkaloids	3000322	CHEBI:16794	HMDB0003573			STECJAGHUSJQJN-FWXGHANASA-N	CN1[C@@H]2C[C@H](C[C@H]1[C@H]1[C@@H]2O1)OC(=O)[C@H](CO)c1ccccc1	Scopolamine	CHEBI:16794	R-HSA-390648			CHEBI:16794,CHEBI:16794	CHEBI:16794,CHEBI:16794	CHEBI:16794,CHEBI:16794	CHEBI:16794	C01851	C01851	C01851	C01851	CHEBI:16794	R-HSA-390648	C01851	map01100,map01110,map00960,map01064	CHEBI:61269	CHEBI:16794,CHEBI:61269	C01851	CHEBI:16794	R-HSA-390648	C01851	map01100,map01110,map00960,map01064		CHEBI:16794,CHEBI:61269	C01851	CHEBI:16794	R-HSA-390648	C01851	map01100,map01110,map00960,map01064			0
22-Acetylpriverogenin B	-	-	-	-	-	-	-		-	-		-	-	-					CHEBI:169633	CHEBI:169633	CHEBI:169633	CHEBI:169633										CHEBI:169633							CHEBI:169633						CHEBI:18059	R-HSA-1222556,R-HSA-1369062,R-HSA-5682294,R-HSA-804914,R-HSA-8941413	5
N-palmitoyl proline	RM0153513	C21H39NO3	353.2930	Fatty Acyls	Fatty amides	N-acyl amines	15384561	CHEBI:165557	HMDB0241931	LMFA08020117		XOAIXMQPJQVGRV-IBGZPJMESA-N	CCCCCCCCCCCCCCCC(=O)N1CCC[C@H]1C(=O)O	NA-Pro 16:0					CHEBI:165557	CHEBI:165557	CHEBI:165557	CHEBI:165557										CHEBI:165557							CHEBI:165557								0
Castamollissin	-	-	-	-	-	-	-		-	-		-	-	-					CHEBI:188129	CHEBI:188129	CHEBI:188129	CHEBI:188129										CHEBI:188129							CHEBI:188129								0
Orotidine, 5'-phosphate (OMP)	-	-	-	-	-	-	-		-	-		-	-	-																																	0
2-(8-[3]-ladderane-octanyl)-sn-glycerol	-	-	-	-	-	-	-		-	-		-	-	-																																	0
Pandaroside B	-	-	-	-	-	-	-		-	-		-	-	-					CHEBI:187613	CHEBI:187613	CHEBI:187613	CHEBI:187613										CHEBI:187613							CHEBI:187613						CHEBI:35341	R-HSA-196071	1
6,8-Di-C-arabionopyranosylluteolin	-	-	-	-	-	-	-		-	-		-	-	-					CHEBI:188246	CHEBI:188246	CHEBI:188246	CHEBI:188246										CHEBI:188246							CHEBI:188246								0
Methionine sulfoxide	RM0050489	C5H11NO3S	165.0460	Organic acids	Amino acids and peptides	Amino acids	10062737	CHEBI:49032	HMDB0002005			QEFRNWWLZKMPFJ-ZXPFJRLXSA-N	C[S@@](=O)CC[C@@H](C(=O)O)N	Methionine sulfoxide	CHEBI:49032	R-HSA-5676934			CHEBI:45764,CHEBI:49033,CHEBI:87824	CHEBI:45764,CHEBI:49033,CHEBI:87824	CHEBI:45764,CHEBI:49033,CHEBI:87824	CHEBI:45764,CHEBI:49032,CHEBI:49033,CHEBI:87824	C15998	C15998	C15998	C15998	CHEBI:49032	R-HSA-5676934			CHEBI:21363,CHEBI:49036,CHEBI:58706,CHEBI:58773	CHEBI:21363,CHEBI:45764,CHEBI:49032,CHEBI:49033,CHEBI:49036,CHEBI:58706,CHEBI:58773,CHEBI:87824	C15998	CHEBI:21363,CHEBI:49032	R-HSA-5676934,R-HSA-5676934			CHEBI:17016,CHEBI:49031,CHEBI:49034,CHEBI:49035,CHEBI:58772	CHEBI:17016,CHEBI:21363,CHEBI:45764,CHEBI:49031,CHEBI:49032,CHEBI:49033,CHEBI:49034,CHEBI:49035,CHEBI:49036,CHEBI:58706,CHEBI:58772,CHEBI:58773,CHEBI:87824	C02989,C15998,C15999	CHEBI:21363,CHEBI:49031,CHEBI:49032	R-HSA-5676934,R-HSA-5676934,R-HSA-5676934	C02989	map01100,map00270			0
(2R)-O-Phospho-3-sulfolactate	-	-	-	-	-	-	-		-	-		-	-	-					CHEBI:15597	CHEBI:15597	CHEBI:15597	CHEBI:15597									CHEBI:32896	CHEBI:15597,CHEBI:32896	C11536			C11536	map01100,map01120,map01240,map00680		CHEBI:15597,CHEBI:32896	C11536			C11536	map01100,map01120,map01240,map00680	CHEBI:25696	R-HSA-382556,R-HSA-428643,R-HSA-5690338	3
methyl 9-butylperoxy-10,12-octadecadienoate	-	-	-	-	-	-	-		-	-		-	-	-					CHEBI:188080	CHEBI:188080	CHEBI:188080	CHEBI:188080										CHEBI:188080							CHEBI:188080						CHEBI:18059	R-HSA-1222556,R-HSA-1369062,R-HSA-5682294,R-HSA-804914,R-HSA-8941413	5
4-amino-pentanoic acid	RM0153689	C5H11NO2	117.0790	Fatty Acyls	Fatty acids	Amino FA	223130	CHEBI:178408		LMFA01100023	C00334	ABSTXSZPGHDTAF-UHFFFAOYSA-N	CC(CCC(=O)O)N	4-Aminopentanoic acid			C00334	map01100,map01120,map00650,map00250,map00330,map00410,map00760,map04024,map04080,map04082,map02024,map04929,map04915,map04727,map04723,map04721,map04742,map05032,map05033	CHEBI:178408	CHEBI:178408	CHEBI:178408	CHEBI:178408	C00334	C00334	C00334	C00334			C00334	map01100,map01120,map00650,map00250,map00330,map00410,map00760,map04024,map04080,map04082,map02024,map04929,map04915,map04727,map04723,map04721,map04742,map05032,map05033		CHEBI:178408	C00334			C00334	map01100,map01120,map00650,map00250,map00330,map00410,map00760,map04024,map04080,map04082,map02024,map04929,map04915,map04727,map04723,map04721,map04742,map05032,map05033		CHEBI:178408	C00334			C00334	map01100,map01120,map00650,map00250,map00330,map00410,map00760,map04024,map04080,map04082,map02024,map04929,map04915,map04727,map04723,map04721,map04742,map05032,map05033			0
7-oxo-8-amino-nonanoic acid	-	-	-	-	-	-	-		-	-		-	-	-																																	0
20-HEDE	RM0149973	C20H36O3	324.2664	Fatty Acyls	Eicosanoids	Other Eicosanoids	10426436	CHEBI:165297	HMDB0245564	LMFA03000010		RYHYNNWEPYGEEH-WGEIWTTOSA-N	C(CCC/C=C\CCCCC(=O)O)CCC/C=C\CCCCO	20-HeDE					CHEBI:165297	CHEBI:165297	CHEBI:165297	CHEBI:165297										CHEBI:165297							CHEBI:165297						CHEBI:15904,CHEBI:24654	R-HSA-1369062,R-HSA-192456,R-HSA-3000471,R-HSA-3000480,R-HSA-3000484,R-HSA-390247,R-HSA-5684045,R-HSA-5686938,R-HSA-77289,R-HSA-8963901,R-HSA-8964058,R-HSA-975634	12
Apigenin 7,4'-diglucuronide	RM0204746	C27H26O17	622.1170	Polyketides	Flavonoids	Flavones	44257817			LMPK12110361		QBUOTXXACHDTNW-MWBUVXCNSA-N	c1cc(ccc1c1cc(=O)c2c(cc(cc2o1)O[C@H]1[C@@H]([C@H]([C@@H]([C@@H](C(=O)O)O1)O)O)O)O)O[C@H]1[C@@H]([C@H]([C@@H]([C@@H](C(=O)O)O1)O)O)O	Apigenin 7,4'-diglucuronide					CHEBI:187995	CHEBI:187995	CHEBI:187995	CHEBI:187995										CHEBI:187995							CHEBI:187995								0
(20S)-1alpha,20,25-trihydroxy-24-norvitamin D3/(20S)-1alpha,20,25-trihydroxy-24-norcholecalciferol	-	-	-	-	-	-	-		-	-		-	-	-					CHEBI:173181	CHEBI:173181	CHEBI:173181	CHEBI:173181										CHEBI:173181							CHEBI:173181						CHEBI:35341	R-HSA-196071	1
tetracosatetraenoic acid n-6	-	-	-	-	-	-	-		-	-		-	-	-					CHEBI:187924	CHEBI:187924	CHEBI:187924	CHEBI:187924										CHEBI:187924							CHEBI:187924						CHEBI:35366	R-HSA-1482883,R-HSA-167826,R-HSA-422085,R-HSA-426048,R-HSA-6809371,R-HSA-6811436,R-HSA-8963889,R-HSA-8964038	8
Tetrahydrocorticosterone	RM0128355	C21H34O4	350.2457	Sterol Lipids	Steroids	C21 Steroids	65553	CHEBI:9481	HMDB0000268	LMST02030100	C05476	RHQQHZQUAMFINJ-DTDWNVJFSA-N	C[C@]12CC[C@H](C[C@H]1CC[C@H]1[C@@H]3CC[C@H](C(=O)CO)[C@@]3(C)C[C@@H]([C@H]21)O)O	Tetrahydrocorticosterone			C05476	map00140	CHEBI:9481	CHEBI:9481	CHEBI:9481	CHEBI:9481	C05476	C05476	C05476	C05476			C05476	map00140		CHEBI:9481	C05476			C05476	map00140		CHEBI:9481	C05476			C05476	map00140	CHEBI:35341	R-HSA-196071	1
PC(7:0/O-8:0)	-	-	-	-	-	-	-		-	-		-	-	-					CHEBI:187964	CHEBI:187964	CHEBI:187964	CHEBI:187964										CHEBI:187964							CHEBI:187964						CHEBI:36313	R-HSA-1482788	1
Siphonaxanthin ester/ Siphonaxanthin dodecenoate/ (Siphonein)	-	-	-	-	-	-	-		-	-		-	-	-					CHEBI:188332	CHEBI:188332	CHEBI:188332	CHEBI:188332										CHEBI:188332							CHEBI:188332						CHEBI:18059	R-HSA-1222556,R-HSA-1369062,R-HSA-5682294,R-HSA-804914,R-HSA-8941413	5
Luricularic acid	-	-	-	-	-	-	-		-	-		-	-	-																																	0
2-Hydroxy-4-methoxyacetophenone 5-sulfate	-	-	-	-	-	-	-		-	-		-	-	-					CHEBI:185172	CHEBI:185172	CHEBI:185172	CHEBI:185172										CHEBI:185172							CHEBI:185172								0
oleanolic acid 3-O-beta-D-glucosiduronic acid	-	-	-	-	-	-	-		-	-		-	-	-					CHEBI:37658	CHEBI:37658	CHEBI:37658	CHEBI:37658	C08964	C08964	C08964	C08964						CHEBI:37658	C08964						CHEBI:37658	C08964							0
Cortolone-3-glucuronide	RM0160419	C27H42O11	542.2727	Sterol Lipids	Steroids	C21 Steroids	15160317	CHEBI:88773	HMDB0010320			INMJYSGZRBTEOR-LJXUKTIOSA-N	C[C@]12CC[C@H](C[C@@H]1CC[C@H]1[C@@H]3CC[C@]([C@H](CO)O)([C@@]3(C)CC(=O)[C@H]21)O)O[C@H]1[C@@H]([C@H]([C@@H]([C@@H](C(=O)O)O1)O)O)O	Cortolone-3-glucuronide					CHEBI:88773	CHEBI:88773	CHEBI:88773	CHEBI:88773										CHEBI:88773							CHEBI:88773						CHEBI:35341	R-HSA-196071	1
7,10-hexadecadiynoic acid	-	-	-	-	-	-	-		-	-		-	-	-					CHEBI:173175	CHEBI:173175	CHEBI:173175	CHEBI:173175										CHEBI:173175							CHEBI:173175						CHEBI:15904	R-HSA-1369062,R-HSA-192456,R-HSA-3000471,R-HSA-390247,R-HSA-5684045,R-HSA-77289,R-HSA-8963901,R-HSA-8964058,R-HSA-975634	9
Annolobine	-	-	-	-	-	-	-		-	-		-	-	-					CHEBI:2742	CHEBI:2742	CHEBI:2742	CHEBI:2742	C09338	C09338	C09338	C09338						CHEBI:2742	C09338						CHEBI:2742	C09338							0
1-(9Z-octadecenoyl)-2-(5Z,8Z,11Z,14Z-eicosatetraenoyl)-3-O-alpha-D-glucuronyl-sn-glycerol	-	-	-	-	-	-	-		-	-		-	-	-					CHEBI:188012	CHEBI:188012	CHEBI:188012	CHEBI:188012										CHEBI:188012							CHEBI:188012								0
b-D-Glucopyranosiduronic acid, 4-[[4-(4-fluorophenyl)-3-piperidinyl]methoxy]-2-methoxyphenyl, (3S-tr	-	-	-	-	-	-	-		-	-		-	-	-																																	0
Idebenone Metabolite (Benzenebutanoic acid, 2-hydroxy-3,4-dimethoxy-6-methyl-5-(sulfooxy)-)	-	-	-	-	-	-	-		-	-		-	-	-																																	0
Haemocorin	RM0002835	C32H34O14	642.1949	Polyketides	Aromatic polyketides	Naphthalenes and naphthoquinones	165899	CHEBI:5602			C09932	FNZZYRONWCJZTM-CXWOCMNWSA-N	COc1cc2C=C(C(=O)c3c(ccc(c23)c1O)c1ccccc1)O[C@H]1[C@@H]([C@H]([C@@H]([C@@H](CO)O1)O[C@H]1[C@@H]([C@H]([C@@H]([C@@H](CO)O1)O)O)O)O)O	Haemocorin					CHEBI:5602	CHEBI:5602	CHEBI:5602	CHEBI:5602	C09932	C09932	C09932	C09932						CHEBI:5602	C09932						CHEBI:5602	C09932							0
9,10-Epoxyoctadecenoic acid	RM0153718	C18H32O3	296.2351	Fatty Acyls	Octadecanoids	EpOME	6246154	CHEBI:34494	HMDB0004701	LMFA02000037	C14825	FBUKMFOXMZRGRB-YFHOEESVSA-N	CCCCC/C=C\CC1C(CCCCCCCC(=O)O)O1	9(10)-EpOME			C14825	map01100,map00591	CHEBI:34494	CHEBI:34494	CHEBI:34494	CHEBI:34494	C14825	C14825	C14825	C14825			C14825	map01100,map00591	CHEBI:84023	CHEBI:34494,CHEBI:84023	C14825			C14825	map01100,map00591	CHEBI:86022	CHEBI:34494,CHEBI:84023,CHEBI:86022	C14825			C14825	map01100,map00591	CHEBI:15904	R-HSA-1369062,R-HSA-192456,R-HSA-3000471,R-HSA-390247,R-HSA-5684045,R-HSA-77289,R-HSA-8963901,R-HSA-8964058,R-HSA-975634	9
PG(15:0/0:0)	RM0134419	C21H43O9P	470.2645	Glycerophospholipids	Glycerophosphoglycerols	LPG								LPG 15:0/0:0					CHEBI:156114	CHEBI:156114	CHEBI:156114	CHEBI:156114										CHEBI:156114							CHEBI:156114						CHEBI:37739	R-HSA-9845576	1
Docosahexaenoic acid	RM0137845	C22H32O2	328.2402	Fatty Acyls	Fatty acids	Unsaturated FA								Docosahexaenoic acid					CHEBI:28125,CHEBI:36005	CHEBI:28125,CHEBI:36005	CHEBI:28125,CHEBI:36005	CHEBI:28125,CHEBI:36005	C06429	C06429	C06429	C06429			C06429	map01040	CHEBI:77016,CHEBI:78060	CHEBI:28125,CHEBI:36005,CHEBI:77016,CHEBI:78060	C06429	CHEBI:77016	R-HSA-2046106,R-HSA-211976,R-HSA-2453902,R-HSA-381771,R-HSA-416476,R-HSA-444209,R-HSA-9018677,R-HSA-9027307,R-HSA-9027604,R-HSA-9841922,R-HSA-9841922,R-HSA-9844594	C06429	map01040		CHEBI:28125,CHEBI:36005,CHEBI:77016,CHEBI:78060	C06429	CHEBI:77016	R-HSA-2046106,R-HSA-211976,R-HSA-2453902,R-HSA-381771,R-HSA-416476,R-HSA-444209,R-HSA-9018677,R-HSA-9027307,R-HSA-9027604,R-HSA-9841922,R-HSA-9841922,R-HSA-9844594	C06429	map01040			0
PC(16:1(9E)/0:0)	RM0133376	C24H46NO8P	507.2961	Glycerophospholipids	Glycerophosphocholines	LPC	24779460	CHEBI:84752		LMGP01050021		LFUDDCMNKWEORN-BREAQWACSA-N	CCCCCC/C=C/CCCCCCCC(=O)OC[C@H](COP(=O)([O-])OCC[N+](C)(C)C)O	LPC 16:1(9E)/0:0					CHEBI:84752	CHEBI:84752	CHEBI:84752	CHEBI:84752										CHEBI:84752							CHEBI:84752						CHEBI:58168	R-HSA-111995,R-HSA-1482839,R-HSA-2142753,R-HSA-6814848	4
Anserine	RM0135907	C10H16N4O3	240.1222	Organic acids	Amino acids and peptides	Dipeptides	112072	CHEBI:18323	HMDB0000194		C01262	MYYIAHXIVFADCU-QMMMGPOBSA-N	Cn1cncc1C[C@@H](C(=O)O)NC(=O)CCN	Anserine			C01262	map01100,map00340,map00410	CHEBI:18323,CHEBI:18323,CHEBI:58445	CHEBI:18323,CHEBI:18323,CHEBI:58445	CHEBI:18323,CHEBI:18323,CHEBI:58445	CHEBI:18323,CHEBI:58445	C01262	C01262	C01262	C01262	CHEBI:58445	R-HSA-70921	C01262	map01100,map00340,map00410		CHEBI:18323,CHEBI:58445	C01262	CHEBI:58445	R-HSA-70921	C01262	map01100,map00340,map00410		CHEBI:18323,CHEBI:58445	C01262	CHEBI:58445	R-HSA-70921	C01262	map01100,map00340,map00410			0
Catechin 4'-methyl ether	-	-	-	-	-	-	-		-	-		-	-	-																																	0
Docosanedioic acid	RM0153698	C22H42O4	370.3083	Fatty Acyls	Fatty acids	Dicarboxylic acids	244872	CHEBI:76319	HMDB0242127	LMFA01170037		DGXRZJSPDXZJFG-UHFFFAOYSA-N	C(CCCCCCCCCCC(=O)O)CCCCCCCCCC(=O)O	Docosanedioic acid					CHEBI:76319	CHEBI:76319	CHEBI:76319	CHEBI:76319	C19625	C19625	C19625	C19625			C19625	map00073	CHEBI:76299	CHEBI:76299,CHEBI:76319	C19625			C19625	map00073		CHEBI:76299,CHEBI:76319	C19625			C19625	map00073	CHEBI:18059,CHEBI:33575	R-HSA-1222556,R-HSA-1369062,R-HSA-5682294,R-HSA-6809371,R-HSA-804914,R-HSA-8941413	6
17-Methyl-18-norandrosta-4,13(17)-dien-3-one	-	-	-	-	-	-	-		-	-		-	-	-					CHEBI:79604	CHEBI:79604	CHEBI:79604	CHEBI:79604	C15085	C15085	C15085	C15085						CHEBI:79604	C15085						CHEBI:79604	C15085					CHEBI:35341	R-HSA-196071	1
Dimethipin	-	-	-	-	-	-	-		-	-		-	-	-					CHEBI:81912	CHEBI:81912	CHEBI:81912	CHEBI:81912	C18719	C18719	C18719	C18719						CHEBI:81912	C18719						CHEBI:81912	C18719							0
PI(O-16:0/16:0)	RM0108354	C41H81O12P	796.5466	Glycerophospholipids	Glycerophosphoinositols	O-PI	52928497	CHEBI:188133		LMGP06020083		GWYSAUQZMMEQIW-HPHOUEEWSA-N	CCCCCCCCCCCCCCCCOC[C@H](COP(=O)(O)O[C@@H]1C([C@@H](C(C(C1O)O)O)O)O)OC(=O)CCCCCCCCCCCCCCC	PI O-16:0/16:0					CHEBI:188133	CHEBI:188133	CHEBI:188133	CHEBI:188133										CHEBI:188133							CHEBI:188133						CHEBI:37739	R-HSA-9845576	1
PE(20:2(11Z,14Z)/0:0)	RM0133427	C25H48NO7P	505.3168	Glycerophospholipids	Glycerophosphoethanolamines	LPE	52925140	CHEBI:145284	HMDB0011513	LMGP02050021		QJHRNPQXCMXOOH-XBJNFHHOSA-N	CCCCC/C=CC/C=CCCCCCCCCCC(=O)OC[C@H](COP(=O)(O)OCCN)O	LPE 20:2(11Z,14Z)/0:0					CHEBI:145284	CHEBI:145284,CHEBI:145284	CHEBI:145284	CHEBI:145284										CHEBI:145284							CHEBI:145284						CHEBI:36314	R-HSA-1482788	1
Maclurin	RM0021571	C13H10O6	262.0477	Benzenoids	Benzenes	Benzophenones	68213	CHEBI:6624	HMDB0032644		C09951	XNWPXDGRBWJIES-UHFFFAOYSA-N	c1cc(c(cc1C(=O)c1c(cc(cc1O)O)O)O)O	Maclurin					CHEBI:6624	CHEBI:6624	CHEBI:6624	CHEBI:6624	C09951	C09951	C09951	C09951						CHEBI:6624	C09951						CHEBI:6624	C09951							0
6-isopentyl-9-methyl-5-decenoic acid	-	-	-	-	-	-	-		-	-		-	-	-					CHEBI:179831	CHEBI:179831	CHEBI:179831	CHEBI:179831										CHEBI:179831							CHEBI:179831						CHEBI:59554	R-HSA-390247,R-HSA-77289	2
cimigenol	-	-	-	-	-	-	-		-	-		-	-	-					CHEBI:37777	CHEBI:37777	CHEBI:37777	CHEBI:37777	C17538	C17538	C17538	C17538						CHEBI:37777	C17538						CHEBI:37777	C17538					CHEBI:18059	R-HSA-1222556,R-HSA-1369062,R-HSA-5682294,R-HSA-804914,R-HSA-8941413	5
N-(4-acetamidophenyl)-Indomethacin amide	-	-	-	-	-	-	-		-	-		-	-	-					CHEBI:188140	CHEBI:188140	CHEBI:188140	CHEBI:188140										CHEBI:188140							CHEBI:188140								0
Borreline	RM0108723	C17H18N2O	266.1419	Alkaloids	Tryptophan alkaloids	Simple indole alkaloids	441996	CHEBI:3154			C09052	WQTYIKZACFUZJB-SJORKVTESA-N	C=C[C@@]1(C)CC(=N[C@@H]1C(=O)c1c[nH]c2ccccc12)C	Borreline					CHEBI:3154	CHEBI:3154	CHEBI:3154	CHEBI:3154	C09052	C09052	C09052	C09052						CHEBI:3154	C09052						CHEBI:3154	C09052							0
26-hydroxycholesterol 3-sulfate	-	-	-	-	-	-	-		-	-		-	-	-					CHEBI:35419	CHEBI:35419	CHEBI:35419	CHEBI:35419					CHEBI:35419	R-HSA-156584				CHEBI:35419		CHEBI:35419	R-HSA-156584				CHEBI:35419		CHEBI:35419	R-HSA-156584					0
Propionylcarnitine	RM0154041	C10H19NO4	217.1314	Fatty Acyls	Fatty esters	Acyl carnitines	188824	CHEBI:53210	HMDB0062514	LMFA07070005	C03017	UFAHZIUFPNSHSL-MRVPVSSYSA-N	CCC(=O)O[C@H](CC(=O)[O-])C[N+](C)(C)C	CAR 3:0	CHEBI:53210	R-HSA-389887			CHEBI:28867	CHEBI:28867	CHEBI:28867	CHEBI:28867,CHEBI:53210	C03017	C03017	C03017	C03017	CHEBI:53210	R-HSA-389887				CHEBI:28867,CHEBI:53210	C03017	CHEBI:53210	R-HSA-389887			CHEBI:192090	CHEBI:28867,CHEBI:53210,CHEBI:192090	C03017	CHEBI:53210	R-HSA-389887					0
Lyciumoside VII	-	-	-	-	-	-	-		-	-		-	-	-					CHEBI:188344	CHEBI:188344	CHEBI:188344	CHEBI:188344										CHEBI:188344							CHEBI:188344						CHEBI:18059	R-HSA-1222556,R-HSA-1369062,R-HSA-5682294,R-HSA-804914,R-HSA-8941413	5
3alpha,4beta-dihydroxy-5beta-cholan-24-oic Acid	RM0135801	C24H40O4	392.2927	Sterol Lipids	Bile acids	C24 bile acids	5283818	CHEBI:166710		LMST04010022		LKUNZSUKADSCME-MZWKDJGJSA-N	C[C@H](CCC(=O)O)[C@H]1CC[C@H]2[C@@H]3CC[C@@H]4[C@H]([C@@H](CC[C@]4(C)[C@H]3CC[C@]12C)O)O	3alpha,4beta-Dihydroxy-5beta-cholan-24-oic acid					CHEBI:166710	CHEBI:166710	CHEBI:166710	CHEBI:166710										CHEBI:166710							CHEBI:166710						CHEBI:35341	R-HSA-196071	1
14-O-(alpha-D-glucopyranosyl)-7S,14S-dihydroxy-7,9,13,17-tetramethyl-2E,4E,8E,10E,12E,16E-octadecahexaenoic acid	-	-	-	-	-	-	-		-	-		-	-	-					CHEBI:188343	CHEBI:188343	CHEBI:188343	CHEBI:188343										CHEBI:188343							CHEBI:188343						CHEBI:16412	R-HSA-1236974,R-HSA-140534,R-HSA-166016,R-HSA-166020,R-HSA-166058,R-HSA-166166,R-HSA-2562578,R-HSA-3000471,R-HSA-3000480,R-HSA-5602498,R-HSA-5603041,R-HSA-5686938,R-HSA-6803157,R-HSA-936964,R-HSA-937041,R-HSA-937072,R-HSA-975163,R-HSA-9824878,R-HSA-9948001,R-HSA-9948011,R-HSA-9953170,R-HSA-9956593	22
b-D-Glucopyranosiduronic acid, (3a,5b)-17-oxoestran-3-yl	-	-	-	-	-	-	-		-	-		-	-	-																																	0
(E,E)-3,7,11-Trimethyl-2,6,10-dodecatrienyl decanoate	-	-	-	-	-	-	-		-	-		-	-	-					CHEBI:187099	CHEBI:187099	CHEBI:187099	CHEBI:187099										CHEBI:187099							CHEBI:187099						CHEBI:18059	R-HSA-1222556,R-HSA-1369062,R-HSA-5682294,R-HSA-804914,R-HSA-8941413	5
10-hydroxy-2E,8E-Decadiene-4,6-diynoic acid	-	-	-	-	-	-	-		-	-		-	-	-					CHEBI:179284	CHEBI:179284	CHEBI:179284	CHEBI:179284										CHEBI:179284							CHEBI:179284						CHEBI:59554	R-HSA-390247,R-HSA-77289	2
Isosorbide 5-mononitrate glucuronide	-	-	-	-	-	-	-		-	-		-	-	-																																	0
Coenzyme Q4	RM0118406	C29H42O4	454.3083	Prenol Lipids	Quinones and hydroquinones	Ubiquinones	5283545	CHEBI:149479	HMDB0006710	LMPR02010003		XGCJRRDNIMSYNC-INVBOZNNSA-N	CC(=CCC/C(=C/CC/C(=C/CC/C(=C/CC1=C(C)C(=O)C(=C(C1=O)OC)OC)/C)/C)/C)C	Coenzyme Q4					CHEBI:149479	CHEBI:149479	CHEBI:149479	CHEBI:149479										CHEBI:149479							CHEBI:149479						CHEBI:132124	R-HSA-389661	1
Cryptocapsin	-	-	-	-	-	-	-		-	-		-	-	-					CHEBI:176096	CHEBI:176096	CHEBI:176096	CHEBI:176096										CHEBI:176096							CHEBI:176096						CHEBI:18059	R-HSA-1222556,R-HSA-1369062,R-HSA-5682294,R-HSA-804914,R-HSA-8941413	5
Homophytanic acid	RM0118440	C21H42O2	326.3185	Prenol Lipids	Isoprenoids	C20 isoprenoids	3080668	CHEBI:166678	HMDB0002337	LMPR0104010038		ORMFWDWAJNERRN-UHFFFAOYSA-N	CC(C)CCCC(C)CCCC(C)CCCC(C)CCC(=O)O	Homophytanic acid					CHEBI:166678	CHEBI:166678	CHEBI:166678	CHEBI:166678										CHEBI:166678							CHEBI:166678						CHEBI:18059	R-HSA-1222556,R-HSA-1369062,R-HSA-5682294,R-HSA-804914,R-HSA-8941413	5
Ribavirin 5'-diphosphate	-	-	-	-	-	-	-		-	-		-	-	-					CHEBI:180481	CHEBI:180481	CHEBI:180481	CHEBI:180481									CHEBI:189092	CHEBI:180481,CHEBI:189092		CHEBI:189092	R-HSA-9755088				CHEBI:180481,CHEBI:189092		CHEBI:189092	R-HSA-9755088					0
PS(21:0/0:0)	RM0161654	C27H54NO9P	567.3536	Glycerophospholipids	Glycerophosphoserines	LPS								LPS 21:0/0:0					CHEBI:187993	CHEBI:187993	CHEBI:187993	CHEBI:187993										CHEBI:187993							CHEBI:187993						CHEBI:52603	R-HSA-1482801	1
Alchorneine	-	-	-	-	-	-	-		-	-		-	-	-					CHEBI:2551	CHEBI:2551	CHEBI:2551	CHEBI:2551	C10566	C10566	C10566	C10566						CHEBI:2551	C10566						CHEBI:2551	C10566							0
Didrovaltratum	RM0135308	C22H32O8	424.2097	Prenol Lipids	Isoprenoids	C10 isoprenoids	65689	CHEBI:4517	HMDB0034492	LMPR0102070008	C09776	PHHROXLDZHUIGO-PNBTUHDLSA-N	CC(C)CC(=O)OCC1=CO[C@H]([C@H]2[C@@H]1C[C@@H]([C@@]12CO1)OC(=O)C)OC(=O)CC(C)C	Didrovaltratum					CHEBI:4517	CHEBI:4517	CHEBI:4517	CHEBI:4517	C09776	C09776	C09776	C09776						CHEBI:4517	C09776						CHEBI:4517	C09776					CHEBI:18059	R-HSA-1222556,R-HSA-1369062,R-HSA-5682294,R-HSA-804914,R-HSA-8941413	5
3alpha,7alpha,12alpha-Trihydroxy-24-methyl-5beta-cholest-23-en-26-oic acid	RM0128380	C28H46O5	462.3345	Sterol Lipids	Bile acids	C27 bile acids	5284297	CHEBI:166746		LMST04040005		OHNCMRIDBJLJKB-YWVMPULNSA-N	C/C(=C\C[C@@H](C)[C@H]1CC[C@H]2[C@H]3[C@H](C[C@@H]([C@]12C)O)[C@@]1(C)CC[C@H](C[C@H]1C[C@H]3O)O)/C(C)C(=O)O	3alpha,7alpha,12alpha-Trihydroxy-24-methyl-5beta-cholest-23-en-26-oic acid					CHEBI:166746	CHEBI:166746	CHEBI:166746	CHEBI:166746										CHEBI:166746							CHEBI:166746						CHEBI:33575,CHEBI:35341	R-HSA-196071,R-HSA-6809371	2
11Z-heptadecen-1-ol	-	-	-	-	-	-	-		-	-		-	-	-					CHEBI:188231	CHEBI:188231	CHEBI:188231	CHEBI:188231										CHEBI:188231							CHEBI:188231						CHEBI:30879	R-HSA-1483166,R-HSA-2022377,R-HSA-8935690	3
24-vinyloxy-cholest-5,23Z-dien-3beta-ol	-	-	-	-	-	-	-		-	-		-	-	-					CHEBI:137806	CHEBI:137806	CHEBI:137806	CHEBI:137806										CHEBI:137806							CHEBI:137806						CHEBI:33575,CHEBI:35341	R-HSA-196071,R-HSA-6809371	2
Firocoxib	-	-	-	-	-	-	-		-	-		-	-	-					CHEBI:76136	CHEBI:76136	CHEBI:76136	CHEBI:76136	C18363	C18363	C18363	C18363						CHEBI:76136	C18363						CHEBI:76136	C18363							0
SM(d18:2/24:1)	RM0134145	C47H91N2O6P	810.6615	Sphingolipids	Phosphosphingolipids	SM								SM 18:2;O2/24:1					CHEBI:136284,CHEBI:138578	CHEBI:136284,CHEBI:138578	CHEBI:136284,CHEBI:138578	CHEBI:136284,CHEBI:138578										CHEBI:136284,CHEBI:138578							CHEBI:136284,CHEBI:138578						CHEBI:64583	R-HSA-1660661	1
2-oxo-heneicosanoic acid	-	-	-	-	-	-	-		-	-		-	-	-					CHEBI:137229	CHEBI:137229	CHEBI:137229	CHEBI:137229										CHEBI:137229							CHEBI:137229						CHEBI:15904	R-HSA-1369062,R-HSA-192456,R-HSA-3000471,R-HSA-390247,R-HSA-5684045,R-HSA-77289,R-HSA-8963901,R-HSA-8964058,R-HSA-975634	9
20-oxo-heneicosanoic acid	RM0153246	C21H40O3	340.2977	Fatty Acyls	Fatty acids	Oxo FA	5312924	CHEBI:165430		LMFA01060136		MAGPQMMJCMNJQT-UHFFFAOYSA-N	CC(=O)CCCCCCCCCCCCCCCCCCC(=O)O	20-Oxoheneicosanoic acid					CHEBI:165430	CHEBI:165430	CHEBI:165430	CHEBI:165430										CHEBI:165430							CHEBI:165430						CHEBI:15904	R-HSA-1369062,R-HSA-192456,R-HSA-3000471,R-HSA-390247,R-HSA-5684045,R-HSA-77289,R-HSA-8963901,R-HSA-8964058,R-HSA-975634	9
DG(12:0/17:2(9Z,12Z)/0:0)[iso2]	-	-	-	-	-	-	-		-	-		-	-	-					CHEBI:187960	CHEBI:187960	CHEBI:187960	CHEBI:187960										CHEBI:187960							CHEBI:187960						CHEBI:18035	R-HSA-112043,R-HSA-1250196,R-HSA-192456,R-HSA-202424,R-HSA-202433,R-HSA-2029485,R-HSA-2871809,R-HSA-2871837,R-HSA-418890,R-HSA-5218921,R-HSA-5607764,R-HSA-6809371,R-HSA-8963889,R-HSA-8963901,R-HSA-8964058,R-HSA-9027277,R-HSA-9648002,R-HSA-9664323,R-HSA-9680350,R-HSA-975634	20
N-(3-oxododecanoyl) homoserine lactone	RM0202179	C16H27NO4	297.1940	Fatty Acyls	Fatty amides	Fatty acyl homoserine lactones	3246941	CHEBI:44534		LMFA08030001		PHSRRHGYXQCRPU-AWEZNQCLSA-N	CCCCCCCCCC(=O)CC(=O)N[C@H]1CCOC1=O	N-(3-Oxododecanoyl) homoserine lactone						CHEBI:29639,CHEBI:29639	CHEBI:29639,CHEBI:29639	CHEBI:29639,CHEBI:44534	C11840	C11840	C11840	C11840					CHEBI:56080	CHEBI:29639,CHEBI:44534,CHEBI:56080	C11840						CHEBI:29639,CHEBI:44534,CHEBI:56080	C11840							0
1-Heptadecene	RM0202336	C17H34	238.2661	Fatty Acyls	Hydrocarbons	Hydrocarbons	23217	CHEBI:64502	HMDB0302312	LMFA11000318		ADOBXTDBFNCOBN-UHFFFAOYSA-N	C=CCCCCCCCCCCCCCCC	1-Heptadecene					CHEBI:64502	CHEBI:64502	CHEBI:64502	CHEBI:64502										CHEBI:64502							CHEBI:64502								0
(23S)-3alpha,7alpha,23-Trihydroxy-5beta-cholan-24-oic Acid	-	-	-	-	-	-	-		-	-		-	-	-					CHEBI:181159	CHEBI:181159	CHEBI:181159	CHEBI:181159										CHEBI:181159							CHEBI:181159						CHEBI:33575,CHEBI:35341	R-HSA-196071,R-HSA-6809371	2
Antiarone J	-	-	-	-	-	-	-		-	-		-	-	-					CHEBI:186474	CHEBI:186474	CHEBI:186474	CHEBI:186474										CHEBI:186474							CHEBI:186474								0
Glucose	RM0135901	C6H12O6	180.0634	Carbohydrates	Monosaccharides	Hexoses	5793	CHEBI:4167	HMDB0304632		C00031	WQZGKKKJIJFFOK-GASJEMHNSA-N	C([C@@H]1[C@H]([C@@H]([C@H](C(O)O1)O)O)O)O	Glucose	CHEBI:4167	R-HSA-170822,R-HSA-189085,R-HSA-189085,R-HSA-189200,R-HSA-381771,R-HSA-418594,R-HSA-420499,R-HSA-422085,R-HSA-422356,R-HSA-532668,R-HSA-5619043,R-HSA-5619047,R-HSA-5619056,R-HSA-5619068,R-HSA-5619073,R-HSA-5619098,R-HSA-5652227,R-HSA-5653890,R-HSA-5656364,R-HSA-5658208,R-HSA-70171,R-HSA-70221,R-HSA-70263,R-HSA-8981373,R-HSA-901042,R-HSA-964739,R-HSA-9717207,R-HSA-9717207,R-HSA-9840310	C00031	map01100,map01110,map00010,map00030,map00052,map00500,map00566,map00074,map00520,map00901,map00521,map00524,map02010,map02060,map02020,map04066,map04068,map04152,map04148,map04113,map05111,map04911,map04910,map04922,map04917,map04976,map04973,map04978,map04742,map05230,map05415,map04930,map04932,map04931,map04933	CHEBI:17234,CHEBI:17234,CHEBI:4167,CHEBI:4167,CHEBI:42758	CHEBI:17234,CHEBI:17234,CHEBI:4167,CHEBI:4167,CHEBI:42758	CHEBI:17234,CHEBI:17234,CHEBI:4167,CHEBI:4167,CHEBI:42758	CHEBI:4167,CHEBI:17234,CHEBI:42758	C00031,C00293	C00031,C00293	C00031,C00293	C00031,C00293	CHEBI:4167,CHEBI:17234	R-HSA-170822,R-HSA-189085,R-HSA-189085,R-HSA-189200,R-HSA-381771,R-HSA-418594,R-HSA-420499,R-HSA-422085,R-HSA-422356,R-HSA-532668,R-HSA-5619043,R-HSA-5619047,R-HSA-5619056,R-HSA-5619068,R-HSA-5619073,R-HSA-5619098,R-HSA-5652227,R-HSA-5653890,R-HSA-5656364,R-HSA-5658208,R-HSA-70171,R-HSA-70221,R-HSA-70263,R-HSA-8981373,R-HSA-901042,R-HSA-964739,R-HSA-9717207,R-HSA-9717207,R-HSA-9840310,R-HSA-9931953	C00031	map01100,map01110,map00010,map00030,map00052,map00500,map00566,map00074,map00520,map00901,map00521,map00524,map02010,map02060,map02020,map04066,map04068,map04152,map04148,map04113,map05111,map04911,map04910,map04922,map04917,map04976,map04973,map04978,map04742,map05230,map05415,map04930,map04932,map04931,map04933	CHEBI:37626	CHEBI:4167,CHEBI:17234,CHEBI:37626,CHEBI:42758	C00031,C00293	CHEBI:4167,CHEBI:17234	R-HSA-170822,R-HSA-189085,R-HSA-189085,R-HSA-189200,R-HSA-381771,R-HSA-418594,R-HSA-420499,R-HSA-422085,R-HSA-422356,R-HSA-532668,R-HSA-5619043,R-HSA-5619047,R-HSA-5619056,R-HSA-5619068,R-HSA-5619073,R-HSA-5619098,R-HSA-5652227,R-HSA-5653890,R-HSA-5656364,R-HSA-5658208,R-HSA-70171,R-HSA-70221,R-HSA-70263,R-HSA-8981373,R-HSA-901042,R-HSA-964739,R-HSA-9717207,R-HSA-9717207,R-HSA-9840310,R-HSA-9931953	C00031	map01100,map01110,map00010,map00030,map00052,map00500,map00566,map00074,map00520,map00901,map00521,map00524,map02010,map02060,map02020,map04066,map04068,map04152,map04148,map04113,map05111,map04911,map04910,map04922,map04917,map04976,map04973,map04978,map04742,map05230,map05415,map04930,map04932,map04931,map04933	CHEBI:15903,CHEBI:17634,CHEBI:17925,CHEBI:37624,CHEBI:37627,CHEBI:37630,CHEBI:37631,CHEBI:37661,CHEBI:37663,CHEBI:88300,CHEBI:134625,CHEBI:145606,CHEBI:145664,CHEBI:147589,CHEBI:148749,CHEBI:149114,CHEBI:152105	CHEBI:4167,CHEBI:15903,CHEBI:17234,CHEBI:17634,CHEBI:17925,CHEBI:37624,CHEBI:37626,CHEBI:37627,CHEBI:37630,CHEBI:37631,CHEBI:37661,CHEBI:37663,CHEBI:42758,CHEBI:88300,CHEBI:134625,CHEBI:145606,CHEBI:145664,CHEBI:147589,CHEBI:148749,CHEBI:149114,CHEBI:152105	C00031,C00221,C00267,C00293	CHEBI:4167,CHEBI:15903,CHEBI:17234,CHEBI:17634	R-HSA-170822,R-HSA-189085,R-HSA-189085,R-HSA-189200,R-HSA-381771,R-HSA-418594,R-HSA-420499,R-HSA-422085,R-HSA-422356,R-HSA-532668,R-HSA-5619043,R-HSA-5619047,R-HSA-5619056,R-HSA-5619068,R-HSA-5619073,R-HSA-5619098,R-HSA-5652227,R-HSA-5653890,R-HSA-5656364,R-HSA-5658208,R-HSA-70171,R-HSA-70221,R-HSA-70263,R-HSA-8981373,R-HSA-901042,R-HSA-964739,R-HSA-9717207,R-HSA-9717207,R-HSA-9840310,R-HSA-9683686,R-HSA-9694548,R-HSA-9768727,R-HSA-9931953,R-HSA-9768919	C00031,C00221,C00267	map01100,map01110,map00010,map00030,map00052,map00500,map00566,map00074,map00520,map00901,map00521,map00524,map02010,map02060,map02020,map04066,map04068,map04152,map04148,map04113,map05111,map04911,map04910,map04922,map04917,map04976,map04973,map04978,map04742,map05230,map05415,map04930,map04932,map04931,map04933,map01100,map01110,map01120,map01200,map00010,map00030,map01100,map01110,map01120,map01200,map01250,map00010,map00051,map00052,map00520,map01060,map01061,map01062,map01063,map01064,map01065,map01066,map01070,map04964			0
Cer(d18:2/16:0)	RM0135501	C34H65NO3	535.4964	Sphingolipids	Ceramides	Cer	52931118	CHEBI:149633	HMDB0240686	LMSP02010024		XXWRZIYYFPIQHE-XPAOSYCESA-N	CCC/C=C\CCCCCCCC/C=C/[C@H]([C@H](CO)NC(=O)CCCCCCCCCCCCCCC)O	Cer 18:2(4E,15Z);O2/16:0					CHEBI:142381	CHEBI:142381	CHEBI:142381	CHEBI:142381,CHEBI:149633										CHEBI:142381,CHEBI:149633							CHEBI:142381,CHEBI:149633						CHEBI:17761,CHEBI:83273	R-HSA-1660661,R-HSA-193681,R-HSA-198933,R-HSA-6809371,R-HSA-9840309,R-HSA-9840310,R-HSA-9845576,R-HSA-9845614	8
Farfugin A	-	-	-	-	-	-	-		-	-		-	-	-					CHEBI:137841	CHEBI:137841	CHEBI:137841	CHEBI:137841										CHEBI:137841							CHEBI:137841								0
7-Hydroxypipotiazine glucuronide	-	-	-	-	-	-	-		-	-		-	-	-																																	0
Penicilloic acid V	-	-	-	-	-	-	-		-	-		-	-	-					CHEBI:190081	CHEBI:190081	CHEBI:190081	CHEBI:190081										CHEBI:190081							CHEBI:190081						CHEBI:33575	R-HSA-6809371	1
N-Acetylornithine	RM0136214	C7H14N2O3	174.1004	Organic acids	Amino acids and peptides	Amino acids	439232	CHEBI:16543	HMDB0003357		C00437	JRLGPAXAGHMNOL-LURJTMIESA-N	CC(=O)N[C@@H](CCCN)C(=O)O	N-Acetylornithine			C00437	map01100,map01110,map01210,map01230,map00220	CHEBI:16543	CHEBI:16543	CHEBI:16543	CHEBI:16543	C00437	C00437	C00437	C00437			C00437	map01100,map01110,map01210,map01230,map00220	CHEBI:57805	CHEBI:16543,CHEBI:57805	C00437			C00437	map01100,map01110,map01210,map01230,map00220		CHEBI:16543,CHEBI:57805	C00437			C00437	map01100,map01110,map01210,map01230,map00220	CHEBI:33575	R-HSA-6809371	1
PI(16:1(9Z)/18:1(11Z))	RM0172892	C43H79O13P	834.5258	Glycerophospholipids	Glycerophosphoinositols	PI								PI 16:1(9Z)/18:1(11Z)					CHEBI:88563	CHEBI:88563	CHEBI:88563	CHEBI:88563										CHEBI:88563							CHEBI:88563						CHEBI:28874	R-HSA-198933	1
MG(0:0/22:2(13Z,16Z)/0:0)	RM0174877	C25H46O4	410.3396	Glycerolipids	Monoradylglycerols	MAG								MG 0:0/22:2(13Z,16Z)/0:0					CHEBI:169365	CHEBI:169365	CHEBI:169365	CHEBI:169365										CHEBI:169365							CHEBI:169365						CHEBI:17389	R-HSA-1482883,R-HSA-163560,R-HSA-75109	3
N-(5-hydroxypentyl)-D-Glucuronide	-	-	-	-	-	-	-		-	-		-	-	-																																	0
Dinoseb	RM0038359	C10H12N2O5	240.0746	Benzenoids	Phenols	Other phenols	6950	CHEBI:83632	HMDB0032559		C14302	OWZPCEFYPSAJFR-UHFFFAOYSA-N	CCC(C)c1cc(cc(c1O)N(=O)=O)N(=O)=O	2-(1-Methylpropyl)-4,6-dinitrophenol					CHEBI:34719	CHEBI:34719	CHEBI:34719	CHEBI:34719,CHEBI:83632	C14302	C14302	C14302	C14302						CHEBI:34719,CHEBI:83632	C14302					CHEBI:83633,CHEBI:83636	CHEBI:34719,CHEBI:83632,CHEBI:83633,CHEBI:83636	C14302							0
12-hydroxy-9-octadecynoic acid	-	-	-	-	-	-	-		-	-		-	-	-					CHEBI:188199	CHEBI:188199	CHEBI:188199	CHEBI:188199										CHEBI:188199							CHEBI:188199						CHEBI:15904	R-HSA-1369062,R-HSA-192456,R-HSA-3000471,R-HSA-390247,R-HSA-5684045,R-HSA-77289,R-HSA-8963901,R-HSA-8964058,R-HSA-975634	9
Glycerophosphocholine	RM0110472	C8H20NO6P	257.1028	Organic acids	Organic phosphoric acids	Organic phosphoric acids	657272	CHEBI:16870	HMDB0000086			SUHOQUVVVLNYQR-MRVPVSSYSA-N	C[N+](C)(C)CCOP(=O)([O-])OC[C@@H](CO)O	sn-Glycero-3-phosphocholine	CHEBI:16870	R-HSA-1483115,R-HSA-1483115,R-HSA-6814848,R-HSA-6814848			CHEBI:16870,CHEBI:16870,CHEBI:135063,CHEBI:36313	CHEBI:16870,CHEBI:16870,CHEBI:135063,CHEBI:36313	CHEBI:16870,CHEBI:16870,CHEBI:135063,CHEBI:36313	CHEBI:16870,CHEBI:36313,CHEBI:135063	C00670	C00670	C00670	C00670	CHEBI:16870,CHEBI:36313	R-HSA-1483115,R-HSA-1483115,R-HSA-6814848,R-HSA-6814848,R-HSA-1482788	C00670	map00564,map00565,map05231		CHEBI:16870,CHEBI:36313,CHEBI:135063	C00670	CHEBI:16870,CHEBI:36313	R-HSA-1483115,R-HSA-1483115,R-HSA-6814848,R-HSA-6814848,R-HSA-1482788	C00670	map00564,map00565,map05231	CHEBI:30909,CHEBI:52589,CHEBI:60479,CHEBI:64590,CHEBI:68489,CHEBI:72805,CHEBI:72807,CHEBI:77610,CHEBI:78189,CHEBI:78193,CHEBI:78196,CHEBI:84465,CHEBI:194386,CHEBI:234527,CHEBI:234553,CHEBI:234565,CHEBI:234566	CHEBI:16870,CHEBI:30909,CHEBI:36313,CHEBI:52589,CHEBI:60479,CHEBI:64590,CHEBI:68489,CHEBI:72805,CHEBI:72807,CHEBI:77610,CHEBI:78189,CHEBI:78193,CHEBI:78196,CHEBI:84465,CHEBI:135063,CHEBI:194386,CHEBI:234527,CHEBI:234553,CHEBI:234565,CHEBI:234566	C00670,C04317	CHEBI:16870,CHEBI:36313,CHEBI:60479	R-HSA-1483115,R-HSA-1483115,R-HSA-6814848,R-HSA-6814848,R-HSA-1482788,R-HSA-1483115,R-HSA-3000471,R-HSA-3000471,R-HSA-3000480,R-HSA-3000480,R-HSA-3000484,R-HSA-3000484,R-HSA-5686938,R-HSA-6814848	C00670,C04317	map00564,map00565,map05231,map01100,map00565			0
Kaempferol 3-rhamnoside-7-galacturonide	-	-	-	-	-	-	-		-	-		-	-	-					CHEBI:185227	CHEBI:185227	CHEBI:185227	CHEBI:185227										CHEBI:185227							CHEBI:185227								0
Kaempferol 3-glucuronide	RM0186828	C21H18O12	462.0798	Polyketides	Flavonoids	Flavonols	44258914			LMPK12111843		FNTJVYCFNVUBOL-ZUGPOPFOSA-N	c1cc(ccc1c1c(c(=O)c2c(cc(cc2o1)O)O)O[C@H]1[C@@H]([C@H]([C@@H]([C@@H](C(=O)O)O1)O)O)O)O	Kaempferol 3-glucuronide					CHEBI:75721	CHEBI:75721	CHEBI:75721	CHEBI:75721										CHEBI:75721							CHEBI:75721								0
Protoporphyrinogen IX	RM0136058	C34H40N4O4	568.3050	Organoheterocyclic compounds	Porphyrins	Porphyrins	121893	CHEBI:15435	HMDB0001097		C01079	UHSGPDMIQQYNAX-UHFFFAOYSA-N	C=Cc1c(C)c2Cc3c(C)c(CCC(=O)O)c(Cc4c(CCC(=O)O)c(C)c(Cc5c(C=C)c(C)c(Cc1[nH]2)[nH]5)[nH]4)[nH]3	Protoporphyrinogen IX			C01079	map01100,map01110,map01240,map00860	CHEBI:15435,CHEBI:57307	CHEBI:15435,CHEBI:57307	CHEBI:15435,CHEBI:57307	CHEBI:15435,CHEBI:57307	C01079	C01079	C01079	C01079	CHEBI:57307	R-HSA-189451	C01079	map01100,map01110,map01240,map00860		CHEBI:15435,CHEBI:57307	C01079	CHEBI:57307	R-HSA-189451	C01079	map01100,map01110,map01240,map00860		CHEBI:15435,CHEBI:57307	C01079	CHEBI:57307	R-HSA-189451	C01079	map01100,map01110,map01240,map00860			0
(1R,2R)-3-oxo-2-pentyl-cyclopentanehexanoic acid	RM0153750	C16H28O3	268.2038	Fatty Acyls	Octadecanoids	12-oxophytodienoic acids	16061079	CHEBI:138420		LMFA02010014		MTWJEFNRVOYKJI-ZIAGYGMSSA-N	CCCCC[C@@H]1[C@H](CCCCCC(=O)O)CCC1=O	(1R,2R)-3-Oxo-2-pentyl-cyclopentanehexanoic acid					CHEBI:138420	CHEBI:138420	CHEBI:138420	CHEBI:138420										CHEBI:138420							CHEBI:138420						CHEBI:18059	R-HSA-1222556,R-HSA-1369062,R-HSA-5682294,R-HSA-804914,R-HSA-8941413	5
Sudan Red 7B	-	-	-	-	-	-	-		-	-		-	-	-					CHEBI:82537	CHEBI:82537	CHEBI:82537	CHEBI:82537	C19529	C19529	C19529	C19529						CHEBI:82537	C19529						CHEBI:82537	C19529							0
Saphenic acid methyl ester	RM0044402	C16H14N2O3	282.1004	Alkaloids	Anthranilic acid alkaloids	Phenazine alkaloids	443634	CHEBI:29677			C12118	CMJFOBNRYRSQGE-UHFFFAOYSA-N	CC(c1cccc2c1nc1cccc(c1n2)C(=O)OC)O	Saphenic acid methyl ester					CHEBI:29677	CHEBI:29677	CHEBI:29677	CHEBI:29677	C12118	C12118	C12118	C12118						CHEBI:29677	C12118						CHEBI:29677	C12118							0
Polysorbate 20	RM0150716	C38H70O4	590.5274	Fatty Acyls	Fatty esters	Wax monoesters	5378708	CHEBI:165721	HMDB0032475			NKSOSPOXQKNIKJ-CLFAGFIQSA-N	CCCCCCCC/C=C\CCCCCCCC(=O)OCCOC(=O)CCCCCCC/C=C\CCCCCCCC	Polyoxyethylene dioleate					CHEBI:165721,CHEBI:53424,CHEBI:53424	CHEBI:165721,CHEBI:53424,CHEBI:53424	CHEBI:165721,CHEBI:53424	CHEBI:53424,CHEBI:165721	C11624	C11624	C11624	C11624						CHEBI:53424,CHEBI:165721	C11624						CHEBI:53424,CHEBI:165721	C11624					CHEBI:18059,CHEBI:30879	R-HSA-1222556,R-HSA-1369062,R-HSA-1483166,R-HSA-2022377,R-HSA-5682294,R-HSA-804914,R-HSA-8935690,R-HSA-8941413	8
(23S)-3alpha,12alpha,23-Trihydroxy-5beta-cholan-24-oic Acid	-	-	-	-	-	-	-		-	-		-	-	-					CHEBI:181902	CHEBI:181902	CHEBI:181902	CHEBI:181902										CHEBI:181902							CHEBI:181902						CHEBI:33575,CHEBI:35341	R-HSA-196071,R-HSA-6809371	2
Quercetin 4'-galactoside	-	-	-	-	-	-	-		-	-		-	-	-					CHEBI:188256	CHEBI:188256	CHEBI:188256	CHEBI:188256										CHEBI:188256							CHEBI:188256								0
Capnine	RM0038829	C17H37NO4S	351.2443	Sphingolipids	Sphingoid bases	Sphingoid base analogs	11405452			LMSP01080041		XMTQSVIYISYLNK-DLBZAZTESA-N	CC(C)CCCCCCCCCCC[C@H]([C@H](CS(=O)(=O)O)N)O	Capnine					CHEBI:231953	CHEBI:231953	CHEBI:231953	CHEBI:231953										CHEBI:231953							CHEBI:231953						CHEBI:18059	R-HSA-1222556,R-HSA-1369062,R-HSA-5682294,R-HSA-804914,R-HSA-8941413	5
PI-Cer(t20:0/26:0)	-	-	-	-	-	-	-		-	-		-	-	-					CHEBI:188088	CHEBI:188088	CHEBI:188088	CHEBI:188088										CHEBI:188088							CHEBI:188088						CHEBI:16247	R-HSA-1483206,R-HSA-202733,R-HSA-2168880,R-HSA-3000471,R-HSA-3000480,R-HSA-3000484,R-HSA-3000497,R-HSA-432142,R-HSA-5686938,R-HSA-8856825,R-HSA-8856828,R-HSA-8866423,R-HSA-8963888,R-HSA-8963896,R-HSA-8963901,R-HSA-8964011,R-HSA-8964026,R-HSA-8964038,R-HSA-8964041,R-HSA-8964046,R-HSA-8964058,R-HSA-8964572,R-HSA-9615710,R-HSA-9707616,R-HSA-975634,R-HSA-9918432,R-HSA-9918481,R-HSA-9918487,R-HSA-9920588,R-HSA-9920951	30
Dexylosylbenanomicin A	-	-	-	-	-	-	-		-	-		-	-	-					CHEBI:4472	CHEBI:4472	CHEBI:4472	CHEBI:4472	C06787	C06787	C06787	C06787						CHEBI:4472	C06787						CHEBI:4472	C06787					CHEBI:36141	R-HSA-211945	1
Latanoprost ethyl amide	-	-	-	-	-	-	-		-	-		-	-	-					CHEBI:188077	CHEBI:188077	CHEBI:188077	CHEBI:188077										CHEBI:188077							CHEBI:188077						CHEBI:18059	R-HSA-1222556,R-HSA-1369062,R-HSA-5682294,R-HSA-804914,R-HSA-8941413	5
trans-selacholeic acid	-	-	-	-	-	-	-		-	-		-	-	-					CHEBI:187998	CHEBI:187998	CHEBI:187998	CHEBI:187998										CHEBI:187998							CHEBI:187998						CHEBI:35366	R-HSA-1482883,R-HSA-167826,R-HSA-422085,R-HSA-426048,R-HSA-6809371,R-HSA-6811436,R-HSA-8963889,R-HSA-8964038	8
16alpha,17-Dihydroxy-atisan-3-one	-	-	-	-	-	-	-		-	-		-	-	-																																	0
6-O-(Glcb)-(25R)-5alpha-spirostan-3beta,6alpha,23S-triol	-	-	-	-	-	-	-		-	-		-	-	-					CHEBI:187926	CHEBI:187926	CHEBI:187926	CHEBI:187926										CHEBI:187926							CHEBI:187926						CHEBI:35341	R-HSA-196071	1
2,6-Dimethoxy-4-(1-propenyl)phenol	-	-	-	-	-	-	-		-	-		-	-	-					CHEBI:173948	CHEBI:173948	CHEBI:173948	CHEBI:173948										CHEBI:173948							CHEBI:173948								0
8-HpODE	RM0073123	C18H32O4	312.2301	Fatty Acyls	Octadecanoids	HpODE	5282859			LMFA02000103		RGJSGXNKRWWCOQ-WXGDJGGUSA-N	CCCCC/C=C/C/C=C/C(CCCCCCC(=O)O)OO	8-HpODE																																	0
Methyl bisnorbiotinyl ketone	-	-	-	-	-	-	-		-	-		-	-	-					CHEBI:89480	CHEBI:89480	CHEBI:89480	CHEBI:89480										CHEBI:89480							CHEBI:89480								0
11-Oxo-androsterone glucuronide	RM0012285	C25H36O9	480.2359	Sterol Lipids	Steroids	C19 Steroids	44263359	CHEBI:88771	HMDB0010338	LMST05010032		QTXWOOLAHRQMGZ-KYRWCVLKSA-N	C[C@]12CC[C@H](C[C@H]1CC[C@H]1[C@@H]3CCC(=O)[C@@]3(C)CC(=O)[C@H]21)O[C@H]1[C@@H]([C@H]([C@@H]([C@@H](C(=O)O)O1)O)O)O	11-Oxo-androsterone glucuronide					CHEBI:88771	CHEBI:88771	CHEBI:88771	CHEBI:88771										CHEBI:88771							CHEBI:88771						CHEBI:35341	R-HSA-196071	1
(1R,2R)-3-oxo-2-pentyl-cyclopentaneoctanoic acid	-	-	-	-	-	-	-		-	-		-	-	-					CHEBI:187928	CHEBI:187928	CHEBI:187928	CHEBI:187928										CHEBI:187928							CHEBI:187928						CHEBI:18059	R-HSA-1222556,R-HSA-1369062,R-HSA-5682294,R-HSA-804914,R-HSA-8941413	5
tetracosanal	-	-	-	-	-	-	-		-	-		-	-	-					CHEBI:169310	CHEBI:169310	CHEBI:169310	CHEBI:169310										CHEBI:169310							CHEBI:169310						CHEBI:35746	R-HSA-1482788,R-HSA-75109	2
Campesteryl glucoside	-	-	-	-	-	-	-		-	-		-	-	-					CHEBI:145072	CHEBI:145072	CHEBI:145072	CHEBI:145072										CHEBI:145072							CHEBI:145072						CHEBI:35341	R-HSA-196071	1
N-(3S-hydroxy-butanoyl)-homoserine lactone	-	-	-	-	-	-	-		-	-		-	-	-																																	0
Patuletin 3-rhamnoside-7-(3''',4'''-diacetylrhamnoside)	-	-	-	-	-	-	-		-	-		-	-	-					CHEBI:188285	CHEBI:188285	CHEBI:188285	CHEBI:188285										CHEBI:188285							CHEBI:188285								0
L-valine	RM0136018	C5H11NO2	117.0790	Organic acids	Amino acids and peptides	Amino acids	6287	CHEBI:16414	HMDB0000883		C00183	KZSNJWFQEVHDMF-BYPYZUCNSA-N	CC(C)[C@@H](C(=O)O)N	Valine			C00183	map01100,map01110,map01210,map01230,map01240,map00280,map00290,map00460,map00770,map00966,map00311,map01060,map01063,map00970,map02010,map04974,map04978,map05230	CHEBI:16414,CHEBI:27266,CHEBI:30015,CHEBI:57762	CHEBI:16414,CHEBI:27266,CHEBI:30015,CHEBI:57762	CHEBI:16414,CHEBI:27266,CHEBI:30015,CHEBI:57762	CHEBI:16414,CHEBI:27266,CHEBI:30015,CHEBI:57762	C00183,C16436	C00183,C16436	C00183,C16436	C00183,C16436	CHEBI:57762	R-HSA-211945,R-HSA-352230,R-HSA-379716,R-HSA-379726,R-HSA-442660,R-HSA-5619044,R-HSA-5619094,R-HSA-5659735,R-HSA-70895,R-HSA-70895,R-HSA-71240	C00183	map01100,map01110,map01210,map01230,map01240,map00280,map00290,map00460,map00770,map00966,map00311,map01060,map01063,map00970,map02010,map04974,map04978,map05230	CHEBI:27477,CHEBI:32851,CHEBI:32852,CHEBI:32855,CHEBI:32856,CHEBI:32859,CHEBI:32860,CHEBI:50328,CHEBI:74338	CHEBI:16414,CHEBI:27266,CHEBI:27477,CHEBI:30015,CHEBI:32851,CHEBI:32852,CHEBI:32855,CHEBI:32856,CHEBI:32859,CHEBI:32860,CHEBI:50328,CHEBI:57762,CHEBI:74338	C00183,C06417,C16436	CHEBI:57762	R-HSA-211945,R-HSA-352230,R-HSA-379716,R-HSA-379726,R-HSA-442660,R-HSA-5619044,R-HSA-5619094,R-HSA-5659735,R-HSA-70895,R-HSA-70895,R-HSA-71240	C00183	map01100,map01110,map01210,map01230,map01240,map00280,map00290,map00460,map00770,map00966,map00311,map01060,map01063,map00970,map02010,map04974,map04978,map05230	CHEBI:87977,CHEBI:192086	CHEBI:16414,CHEBI:27266,CHEBI:27477,CHEBI:30015,CHEBI:32851,CHEBI:32852,CHEBI:32855,CHEBI:32856,CHEBI:32859,CHEBI:32860,CHEBI:50328,CHEBI:57762,CHEBI:74338,CHEBI:87977,CHEBI:192086	C00183,C06417,C16436	CHEBI:57762	R-HSA-211945,R-HSA-352230,R-HSA-379716,R-HSA-379726,R-HSA-442660,R-HSA-5619044,R-HSA-5619094,R-HSA-5659735,R-HSA-70895,R-HSA-70895,R-HSA-71240	C00183	map01100,map01110,map01210,map01230,map01240,map00280,map00290,map00460,map00770,map00966,map00311,map01060,map01063,map00970,map02010,map04974,map04978,map05230			0
PE(P-18:0/0:0)	RM0133224	C23H48NO6P	465.3219	Glycerophospholipids	Glycerophosphoethanolamines	O-LPE								LPE P-18:0					CHEBI:155821,CHEBI:133142,CHEBI:87823	CHEBI:155821,CHEBI:155821,CHEBI:133142,CHEBI:87823	CHEBI:155821,CHEBI:133142,CHEBI:87823	CHEBI:87823,CHEBI:133142,CHEBI:155821									CHEBI:133141	CHEBI:87823,CHEBI:133141,CHEBI:133142,CHEBI:155821							CHEBI:87823,CHEBI:133141,CHEBI:133142,CHEBI:155821						CHEBI:36314	R-HSA-1482788	1
7beta,12alpha-Dihydroxy-3-oxo-5beta-cholestan-26-oic acid	-	-	-	-	-	-	-		-	-		-	-	-					CHEBI:186620	CHEBI:186620	CHEBI:186620	CHEBI:186620										CHEBI:186620							CHEBI:186620						CHEBI:35341	R-HSA-196071	1
Ketodoxapram	-	-	-	-	-	-	-		-	-		-	-	-																																	0
7alpha,12alpha-Dihydroxy-3-oxo-5beta-cholan-24-oic Acid	RM0135823	C24H38O5	406.2719	Sterol Lipids	Bile acids	C24 bile acids	5283956	CHEBI:88108	HMDB0000502	LMST04010443		OEKUSRBIIZNLHZ-DJDNIQJZSA-N	C[C@H](CCC(=O)O)[C@H]1CC[C@H]2[C@H]3[C@H](C[C@@H]([C@]12C)O)[C@@]1(C)CCC(=O)C[C@H]1C[C@H]3O	3-Dehydrocholic acid					CHEBI:88108	CHEBI:88108	CHEBI:88108	CHEBI:88108									CHEBI:87736	CHEBI:87736,CHEBI:88108							CHEBI:87736,CHEBI:88108						CHEBI:35341	R-HSA-196071	1
Quercetin 3-glucuronide-7-sulfate	-	-	-	-	-	-	-		-	-		-	-	-					CHEBI:188101	CHEBI:188101	CHEBI:188101	CHEBI:188101										CHEBI:188101							CHEBI:188101								0
Deacetyl-N-monodemethyldiltiazem	-	-	-	-	-	-	-		-	-		-	-	-					CHEBI:188304	CHEBI:188304	CHEBI:188304	CHEBI:188304										CHEBI:188304							CHEBI:188304								0
Phenylpyruvic acid	RM0040766	C9H8O3	164.0473	Organic acids	Phenylpropanoids	Cinnamic acids	997	CHEBI:30851	HMDB0000205		C00166	BTNMPGBKDVTSJY-UHFFFAOYSA-N	c1ccc(cc1)CC(=O)C(=O)O	Phenylpyruvic acid			C00166	map01100,map01110,map01210,map01230,map00360,map00400,map00470,map00960,map01060	CHEBI:30851	CHEBI:30851	CHEBI:30851	CHEBI:30851	C00166	C00166	C00166	C00166			C00166	map01100,map01110,map01210,map01230,map00360,map00400,map00470,map00960,map01060	CHEBI:16815,CHEBI:18005,CHEBI:32815	CHEBI:16815,CHEBI:18005,CHEBI:30851,CHEBI:32815	C00166,C02763	CHEBI:18005	R-HSA-8964208	C00166,C02763	map01100,map01110,map01210,map01230,map00360,map00400,map00470,map00960,map01060,map01100,map00360		CHEBI:16815,CHEBI:18005,CHEBI:30851,CHEBI:32815	C00166,C02763	CHEBI:18005	R-HSA-8964208	C00166,C02763	map01100,map01110,map01210,map01230,map00360,map00400,map00470,map00960,map01060,map01100,map00360			0
Cer(d18:0/20:0)	RM0135508	C38H77NO3	595.5903	Sphingolipids	Ceramides	DHCer	5283574	CHEBI:67027	HMDB0011764	LMSP02020009		ZWAUSWHRQBSECP-PQQNNWGCSA-N	CCCCCCCCCCCCCCCCCCCC(=O)N[C@@H](CO)[C@@H](CCCCCCCCCCCCCCC)O	Cer 18:0;O2/20:0					CHEBI:67027	CHEBI:67027	CHEBI:67027	CHEBI:67027										CHEBI:67027							CHEBI:67027						CHEBI:139048	R-HSA-1660661	1
PE(20:5(5Z,8Z,11Z,14Z,17Z)/0:0)	RM0133432	C25H42NO7P	499.2699	Glycerophospholipids	Glycerophosphoethanolamines	LPE	52925146	CHEBI:145287	HMDB0011519	LMGP02050027		KCWGBXXAJHVZNN-KOYQJJOGSA-N	CC/C=CC/C=CC/C=CC/C=CC/C=CCCCC(=O)OC[C@H](COP(=O)(O)OCCN)O	LPE 20:5(5Z,8Z,11Z,14Z,17Z)/0:0					CHEBI:145287	CHEBI:145287,CHEBI:145287	CHEBI:145287	CHEBI:145287										CHEBI:145287							CHEBI:145287						CHEBI:36314	R-HSA-1482788	1
D-Urobilinogen	RM0030049	C33H42N4O6	590.3104	Organoheterocyclic compounds	Bilirubins	Bilirubins	440784	CHEBI:4260	HMDB0004158		C05791	KSQFFJKKJAEKTB-UHFFFAOYSA-N	CCC1=C(C)C(=O)NC1Cc1c(C)c(CCC(=O)O)c(Cc2c(CCC(=O)O)c(C)c(CC3C(=C(C=C)C(=O)N3)C)[nH]2)[nH]1	D-Urobilinogen	CHEBI:4260	R-HSA-189483	C05791	map01100,map01110,map00860	CHEBI:4260	CHEBI:4260	CHEBI:4260	CHEBI:4260	C05791	C05791	C05791	C05791	CHEBI:4260	R-HSA-189483	C05791	map01100,map01110,map00860		CHEBI:4260	C05791	CHEBI:4260	R-HSA-189483	C05791	map01100,map01110,map00860		CHEBI:4260	C05791	CHEBI:4260	R-HSA-189483	C05791	map01100,map01110,map00860			0
5-octadecynoic acid	-	-	-	-	-	-	-		-	-		-	-	-					CHEBI:170096	CHEBI:170096	CHEBI:170096	CHEBI:170096										CHEBI:170096							CHEBI:170096						CHEBI:15904	R-HSA-1369062,R-HSA-192456,R-HSA-3000471,R-HSA-390247,R-HSA-5684045,R-HSA-77289,R-HSA-8963901,R-HSA-8964058,R-HSA-975634	9
delta-tocotrienol	RM0188189	C27H40O2	396.3028	Prenol Lipids	Quinones and hydroquinones	Vitamin E	5282350	CHEBI:33276	HMDB0030008	LMPR02020056	C14156	ODADKLYLWWCHNB-LDYBVBFYSA-N	CC(=CCC/C(=C/CC/C(=C/CC[C@]1(C)CCc2cc(cc(C)c2O1)O)/C)/C)C	delta-Tocotrienol			C14156	map01100,map01110,map00130	CHEBI:33276	CHEBI:33276	CHEBI:33276	CHEBI:33276	C14156	C14156	C14156	C14156			C14156	map01100,map01110,map00130		CHEBI:33276	C14156			C14156	map01100,map01110,map00130		CHEBI:33276	C14156			C14156	map01100,map01110,map00130			0
4alpha-carboxy-4beta-methyl-5alpha-cholesta-8-en-3beta-ol	RM0126117	C29H48O3	444.3603	Sterol Lipids	Sterols	Cholesterols	44263317	CHEBI:87277	HMDB0062384	LMST01010227		GLCDBDRQLZKKOJ-LJAIZBFVSA-N	CC(C)CCC[C@@H](C)[C@H]1CC[C@H]2C3=C(CC[C@]12C)[C@@]1(C)CC[C@@H]([C@](C)([C@@H]1CC3)C(=O)O)O	4alpha-Carboxy-4beta-methyl-5alpha-cholesta-8-en-3beta-ol					CHEBI:87277	CHEBI:87277	CHEBI:87277	CHEBI:87277									CHEBI:87047	CHEBI:87047,CHEBI:87277		CHEBI:87047	R-HSA-6807062				CHEBI:87047,CHEBI:87277		CHEBI:87047	R-HSA-6807062					0
PS(20:4(5Z,8Z,11Z,14Z)/21:0)	-	-	-	-	-	-	-		-	-		-	-	-					CHEBI:187693	CHEBI:187693	CHEBI:187693	CHEBI:187693										CHEBI:187693							CHEBI:187693						CHEBI:16247	R-HSA-1483206,R-HSA-202733,R-HSA-2168880,R-HSA-3000471,R-HSA-3000480,R-HSA-3000484,R-HSA-3000497,R-HSA-432142,R-HSA-5686938,R-HSA-8856825,R-HSA-8856828,R-HSA-8866423,R-HSA-8963888,R-HSA-8963896,R-HSA-8963901,R-HSA-8964011,R-HSA-8964026,R-HSA-8964038,R-HSA-8964041,R-HSA-8964046,R-HSA-8964058,R-HSA-8964572,R-HSA-9615710,R-HSA-9707616,R-HSA-975634,R-HSA-9918432,R-HSA-9918481,R-HSA-9918487,R-HSA-9920588,R-HSA-9920951	30
3-oxo-heneicosanoic acid	-	-	-	-	-	-	-		-	-		-	-	-					CHEBI:187419	CHEBI:187419	CHEBI:187419	CHEBI:187419										CHEBI:187419							CHEBI:187419						CHEBI:15904	R-HSA-1369062,R-HSA-192456,R-HSA-3000471,R-HSA-390247,R-HSA-5684045,R-HSA-77289,R-HSA-8963901,R-HSA-8964058,R-HSA-975634	9
35-aminobacteriohopane-31,32,33,34-tetrol	-	-	-	-	-	-	-		-	-		-	-	-					CHEBI:87087	CHEBI:87087	CHEBI:87087	CHEBI:87087										CHEBI:87087							CHEBI:87087						CHEBI:18059	R-HSA-1222556,R-HSA-1369062,R-HSA-5682294,R-HSA-804914,R-HSA-8941413	5
DG(P-14:0/18:1(9Z))	RM0084785	C35H66O4	550.4961	Glycerolipids	Diradylglycerols	O-DG								DG P-14:0_18:1					CHEBI:34111	CHEBI:34111	CHEBI:34111	CHEBI:34111	C13864	C13864	C13864	C13864						CHEBI:34111	C13864						CHEBI:34111	C13864					CHEBI:18059,CHEBI:52575	R-HSA-1222556,R-HSA-1369062,R-HSA-5682294,R-HSA-75109,R-HSA-804914,R-HSA-8941413	6
Eremopetasin sulfoxide	-	-	-	-	-	-	-		-	-		-	-	-					CHEBI:169474	CHEBI:169474	CHEBI:169474	CHEBI:169474										CHEBI:169474							CHEBI:169474						CHEBI:18059	R-HSA-1222556,R-HSA-1369062,R-HSA-5682294,R-HSA-804914,R-HSA-8941413	5
Myxalamid B	RM0159127	C25H39NO3	401.2930	Prenol Lipids	Isoprenoids	C10 isoprenoids	5282085	CHEBI:31873			C12159	QQZJCNSHAVQKIC-DDKJXSSXSA-N	CC(C)/C=C(\C)/[C@@H]([C@H](C)/C=C(\C)/C=C/C=C\C=C\C=C(/C)\C(=O)N[C@@H](C)CO)O	Myxalamid B					CHEBI:31873	CHEBI:31873	CHEBI:31873	CHEBI:31873	C12159	C12159	C12159	C12159						CHEBI:31873	C12159						CHEBI:31873	C12159					CHEBI:18059	R-HSA-1222556,R-HSA-1369062,R-HSA-5682294,R-HSA-804914,R-HSA-8941413	5
PC(17:2(9Z,12Z)/16:0)	-	-	-	-	-	-	-		-	-		-	-	-					CHEBI:178751	CHEBI:178751	CHEBI:178751	CHEBI:178751										CHEBI:178751							CHEBI:178751						CHEBI:57643	R-HSA-111995,R-HSA-1369062,R-HSA-1482788,R-HSA-1482798,R-HSA-1482839,R-HSA-1483101,R-HSA-1483148,R-HSA-1483166,R-HSA-1483191,R-HSA-1483196,R-HSA-1660661,R-HSA-2029485,R-HSA-2142753,R-HSA-382556,R-HSA-5678771,R-HSA-5683678,R-HSA-5683826,R-HSA-5688399,R-HSA-6811436,R-HSA-8964058,R-HSA-9680350	21
3alpha-Hydroxy-5beta-cholestan-26-oic acid	-	-	-	-	-	-	-		-	-		-	-	-					CHEBI:187934	CHEBI:187934	CHEBI:187934	CHEBI:187934										CHEBI:187934							CHEBI:187934						CHEBI:33575,CHEBI:35341	R-HSA-196071,R-HSA-6809371	2
F-Amidine	-	-	-	-	-	-	-		-	-		-	-	-					CHEBI:188065	CHEBI:188065	CHEBI:188065	CHEBI:188065										CHEBI:188065							CHEBI:188065						CHEBI:33575	R-HSA-6809371	1
1-Palmitoyl-2-(5-hydroxy-8-oxo-6-octenedioyl)-sn-glycero-3-phosphatidylcholine	-	-	-	-	-	-	-		-	-		-	-	-					CHEBI:34119	CHEBI:34119	CHEBI:34119	CHEBI:34119	C13898	C13898	C13898	C13898						CHEBI:34119	C13898						CHEBI:34119	C13898					CHEBI:57643	R-HSA-111995,R-HSA-1369062,R-HSA-1482788,R-HSA-1482798,R-HSA-1482839,R-HSA-1483101,R-HSA-1483148,R-HSA-1483166,R-HSA-1483191,R-HSA-1483196,R-HSA-1660661,R-HSA-2029485,R-HSA-2142753,R-HSA-382556,R-HSA-5678771,R-HSA-5683678,R-HSA-5683826,R-HSA-5688399,R-HSA-6811436,R-HSA-8964058,R-HSA-9680350	21
Torvoside D	-	-	-	-	-	-	-		-	-		-	-	-					CHEBI:188258	CHEBI:188258	CHEBI:188258	CHEBI:188258										CHEBI:188258							CHEBI:188258						CHEBI:35341	R-HSA-196071	1
9Z,12Z,15Z-Octadecatrienal	-	-	-	-	-	-	-		-	-		-	-	-					CHEBI:186996	CHEBI:186996	CHEBI:186996	CHEBI:186996										CHEBI:186996							CHEBI:186996						CHEBI:35746	R-HSA-1482788,R-HSA-75109	2
3-oxo-4-pentenoic acid	RM0140650	C5H6O3	114.0317	Fatty Acyls	Fatty acids	Oxo FA	5312944	CHEBI:137761		LMFA01060166		KSSFGJUSMXZBDD-UHFFFAOYSA-N	C=CC(=O)CC(=O)O	3-Oxo-4-pentenoic acid					CHEBI:137761	CHEBI:137761	CHEBI:137761	CHEBI:137761										CHEBI:137761							CHEBI:137761						CHEBI:33575	R-HSA-6809371	1
4-Hydroxybenzaldehyde	RM0042689	C7H6O2	122.0368	Benzenoids	Benzaldehydes	Hydroxybenzaldehydes	126	CHEBI:17597	HMDB0011718		C00633	RGHHSNMVTDWUBI-UHFFFAOYSA-N	c1cc(ccc1C=O)O	4-Hydroxybenzaldehyde	CHEBI:17597	R-HSA-2142789,R-HSA-2142789	C00633	map01100,map01120,map00627,map00623,map00363,map01061	CHEBI:17597,CHEBI:17597	CHEBI:17597,CHEBI:17597	CHEBI:17597,CHEBI:17597	CHEBI:17597	C00633	C00633	C00633	C00633	CHEBI:17597	R-HSA-2142789,R-HSA-2142789	C00633	map01100,map01120,map00627,map00623,map00363,map01061		CHEBI:17597	C00633	CHEBI:17597	R-HSA-2142789,R-HSA-2142789	C00633	map01100,map01120,map00627,map00623,map00363,map01061		CHEBI:17597	C00633	CHEBI:17597	R-HSA-2142789,R-HSA-2142789	C00633	map01100,map01120,map00627,map00623,map00363,map01061			0
glycodeoxycholic acid	RM0125880	C26H43NO5	449.3141	Sterol Lipids	Bile acids	C24 bile acids	3035026	CHEBI:27471	HMDB0000631	LMST05030006	C05464	WVULKSPCQVQLCU-BUXLTGKBSA-N	C[C@H](CCC(=O)NCC(=O)O)[C@H]1CC[C@H]2[C@@H]3CC[C@@H]4C[C@@H](CC[C@]4(C)[C@H]3C[C@@H]([C@]12C)O)O	Glycodeoxycholic acid					CHEBI:27471	CHEBI:27471	CHEBI:27471	CHEBI:27471	C05464	C05464	C05464	C05464					CHEBI:82982	CHEBI:27471,CHEBI:82982	C05464					CHEBI:192784	CHEBI:27471,CHEBI:82982,CHEBI:192784	C05464					CHEBI:35341	R-HSA-196071	1
5beta-Cholestane-3alpha,7alpha-diol	RM0126120	C27H48O2	404.3654	Sterol Lipids	Sterols	Cholesterols	3080603	CHEBI:28047	HMDB0006893	LMST04030109	C05452	APYVEUGLZHAHDJ-TVRYRFOISA-N	CC(C)CCC[C@@H](C)[C@H]1CC[C@H]2[C@H]3[C@H](CC[C@]12C)[C@@]1(C)CC[C@H](C[C@H]1C[C@H]3O)O	3alpha,7alpha-Dihydroxy-5beta-cholestane	CHEBI:28047	R-HSA-193368	C05452	map01100,map00120	CHEBI:28047,CHEBI:28047	CHEBI:28047,CHEBI:28047	CHEBI:28047,CHEBI:28047	CHEBI:28047	C05452	C05452	C05452	C05452	CHEBI:28047	R-HSA-193368	C05452	map01100,map00120		CHEBI:28047	C05452	CHEBI:28047	R-HSA-193368	C05452	map01100,map00120		CHEBI:28047	C05452	CHEBI:28047	R-HSA-193368	C05452	map01100,map00120			0
IPSP	-	-	-	-	-	-	-		-	-		-	-	-					CHEBI:82134	CHEBI:82134	CHEBI:82134	CHEBI:82134	C19000	C19000	C19000	C19000						CHEBI:82134	C19000						CHEBI:82134	C19000							0
Chenodeoxycholic acid glycine conjugate	RM0135850	C26H43NO5	449.3141	Sterol Lipids	Bile acids	C24 bile acids	12544	CHEBI:36274	HMDB0000637	LMST05030008	C05466	GHCZAUBVMUEKKP-GYPHWSFCSA-N	C[C@H](CCC(=O)NCC(=O)O)[C@H]1CC[C@H]2[C@H]3[C@H](CC[C@]12C)[C@@]1(C)CC[C@H](C[C@H]1C[C@H]3O)O	Glycochenodeoxycholic acid			C05466	map00120,map00121,map04976,map04979	CHEBI:36274,CHEBI:36274,CHEBI:36274,CHEBI:190405	CHEBI:36274,CHEBI:36274,CHEBI:36274,CHEBI:190405	CHEBI:36274,CHEBI:36274,CHEBI:36274,CHEBI:190405	CHEBI:36274,CHEBI:190405	C05466	C05466	C05466	C05466			C05466	map00120,map00121,map04976,map04979	CHEBI:36252	CHEBI:36252,CHEBI:36274,CHEBI:190405	C05466	CHEBI:36252	R-HSA-159418,R-HSA-192456,R-HSA-193368,R-HSA-5678520,R-HSA-879518	C05466	map00120,map00121,map04976,map04979		CHEBI:36252,CHEBI:36274,CHEBI:190405	C05466	CHEBI:36252	R-HSA-159418,R-HSA-192456,R-HSA-193368,R-HSA-5678520,R-HSA-879518	C05466	map00120,map00121,map04976,map04979			0
Ethyladipic acid	-	-	-	-	-	-	-		-	-		-	-	-					CHEBI:173798	CHEBI:173798	CHEBI:173798	CHEBI:173798										CHEBI:173798							CHEBI:173798						CHEBI:59554	R-HSA-390247,R-HSA-77289	2
CDP-DG(16:0/18:2(9Z,12Z))	-	-	-	-	-	-	-		-	-		-	-	-					CHEBI:188143	CHEBI:188143	CHEBI:188143	CHEBI:188143										CHEBI:188143							CHEBI:188143						CHEBI:37739	R-HSA-9845576	1
22-Docosanolide	-	-	-	-	-	-	-		-	-		-	-	-					CHEBI:180030	CHEBI:180030	CHEBI:180030	CHEBI:180030										CHEBI:180030							CHEBI:180030								0
Caffeic acid 3-sulfate	RM0186604	C9H8O7S	259.9991	Organic acids	Phenylpropanoids	Cinnamic acids	102261219	CHEBI:90242	HMDB0041706			VWQNTRNACRFUCQ-DUXPYHPUSA-N	c1cc(c(cc1/C=C/C(=O)O)OS(=O)(=O)O)O	Caffeic acid 3-sulfate					CHEBI:90242	CHEBI:90242	CHEBI:90242	CHEBI:90242									CHEBI:133740	CHEBI:90242,CHEBI:133740							CHEBI:90242,CHEBI:133740						CHEBI:33575	R-HSA-6809371	1
PS(19:1(9Z)/22:6(4Z,7Z,10Z,13Z,16Z,19Z))	RM0184544	C47H78NO10P	847.5363	Glycerophospholipids	Glycerophosphoserines	PS	52925620			LMGP03010510		NVXGQVRJRSRPBJ-LNZANBHBSA-N	CC/C=CC/C=CC/C=CC/C=CC/C=CC/C=CCCC(=O)O[C@H](COC(=O)CCCCCCC/C=CCCCCCCCCC)COP(=O)(O)OC[C@@H](C(=O)O)N	PS 19:1(9Z)/22:6(4Z,7Z,10Z,13Z,16Z,19Z)					CHEBI:188323	CHEBI:188323	CHEBI:188323	CHEBI:188323										CHEBI:188323							CHEBI:188323						CHEBI:16247	R-HSA-1483206,R-HSA-202733,R-HSA-2168880,R-HSA-3000471,R-HSA-3000480,R-HSA-3000484,R-HSA-3000497,R-HSA-432142,R-HSA-5686938,R-HSA-8856825,R-HSA-8856828,R-HSA-8866423,R-HSA-8963888,R-HSA-8963896,R-HSA-8963901,R-HSA-8964011,R-HSA-8964026,R-HSA-8964038,R-HSA-8964041,R-HSA-8964046,R-HSA-8964058,R-HSA-8964572,R-HSA-9615710,R-HSA-9707616,R-HSA-975634,R-HSA-9918432,R-HSA-9918481,R-HSA-9918487,R-HSA-9920588,R-HSA-9920951	30
PC(O-16:0/3:1(2E))	RM0180406	C27H54NO7P	535.3638	Glycerophospholipids	Glycerophosphocholines	O-PC	195806			LMGP01020070		FZTHXYOLVRRAMJ-AREMUKBSSA-N	CCCCCCCCCCCCCCCCOC[C@H](COP(=O)([O-])OCC[N+](C)(C)C)OC(=O)C=C	PC O-16:0/3:1(2E)					CHEBI:177111	CHEBI:177111	CHEBI:177111	CHEBI:177111										CHEBI:177111							CHEBI:177111						CHEBI:36313	R-HSA-1482788	1
dodecanamide	RM0155792	C12H25NO	199.1936	Fatty Acyls	Fatty amides	Primary amides	14256	CHEBI:34726	HMDB0251566	LMFA08010001	C13831	ILRSCQWREDREME-UHFFFAOYSA-N	CCCCCCCCCCCC(=O)N	Dodecanamide					CHEBI:34726	CHEBI:34726	CHEBI:34726	CHEBI:34726	C13831	C13831	C13831	C13831						CHEBI:34726	C13831						CHEBI:34726	C13831					CHEBI:18059	R-HSA-1222556,R-HSA-1369062,R-HSA-5682294,R-HSA-804914,R-HSA-8941413	5
PS(P-20:0/17:0)	RM0102324	C43H84NO9P	789.5884	Glycerophospholipids	Glycerophosphoserines	O-PS	52926246			LMGP03030064		ZPEKOQXRNCSBFR-BXVFSVMNSA-N	CCCCCCCCCCCCCCCCCC/C=COC[C@H](COP(=O)(O)OC[C@@H](C(=O)O)N)OC(=O)CCCCCCCCCCCCCCCC	PS P-20:0/17:0					CHEBI:188169	CHEBI:188169	CHEBI:188169	CHEBI:188169										CHEBI:188169							CHEBI:188169						CHEBI:18059,CHEBI:37739,CHEBI:52575	R-HSA-1222556,R-HSA-1369062,R-HSA-5682294,R-HSA-75109,R-HSA-804914,R-HSA-8941413,R-HSA-9845576	7
PC(14:1(9Z)/20:1(11Z))	-	-	-	-	-	-	-		-	-		-	-	-					CHEBI:88919	CHEBI:88919	CHEBI:88919	CHEBI:88919										CHEBI:88919							CHEBI:88919						CHEBI:57643	R-HSA-111995,R-HSA-1369062,R-HSA-1482788,R-HSA-1482798,R-HSA-1482839,R-HSA-1483101,R-HSA-1483148,R-HSA-1483166,R-HSA-1483191,R-HSA-1483196,R-HSA-1660661,R-HSA-2029485,R-HSA-2142753,R-HSA-382556,R-HSA-5678771,R-HSA-5683678,R-HSA-5683826,R-HSA-5688399,R-HSA-6811436,R-HSA-8964058,R-HSA-9680350	21
Chrysoeriol 7,4'-diglucuronide	-	-	-	-	-	-	-		-	-		-	-	-					CHEBI:188110	CHEBI:188110	CHEBI:188110	CHEBI:188110										CHEBI:188110							CHEBI:188110								0
Benzofuran	RM0029658	C8H6O	118.0419	Organoheterocyclic compounds	Benzofurans	Benzofurans	9223	CHEBI:35260	HMDB0032929		C14512	IANQTJSKSUMEQM-UHFFFAOYSA-N	c1ccc2c(c1)cco2	Benzofuran					CHEBI:35260,CHEBI:35260,CHEBI:36790	CHEBI:35260,CHEBI:35260,CHEBI:36790	CHEBI:35260,CHEBI:35260,CHEBI:36790	CHEBI:35260,CHEBI:36790	C14512	C14512	C14512	C14512						CHEBI:35260,CHEBI:36790	C14512					CHEBI:35261	CHEBI:35260,CHEBI:35261,CHEBI:36790	C14512							0
4beta-(hydroxymethyl)-4alpha-methyl-5alpha-cholest-7-en-3beta-ol	-	-	-	-	-	-	-		-	-		-	-	-					CHEBI:15717	CHEBI:15717	CHEBI:15717	CHEBI:15717	C04814	C04814	C04814	C04814						CHEBI:15717	C04814						CHEBI:15717	C04814					CHEBI:30879,CHEBI:35341	R-HSA-1483166,R-HSA-196071,R-HSA-2022377,R-HSA-8935690	4
Lasonolide A	-	-	-	-	-	-	-		-	-		-	-	-					CHEBI:138871	CHEBI:138871	CHEBI:138871	CHEBI:138871	C19903	C19903	C19903	C19903						CHEBI:138871	C19903						CHEBI:138871	C19903							0
abrusoside A	-	-	-	-	-	-	-		-	-		-	-	-					CHEBI:2364,CHEBI:2364	CHEBI:2364,CHEBI:2364	CHEBI:2364	CHEBI:2364	C08920	C08920	C08920	C08920						CHEBI:2364	C08920						CHEBI:2364	C08920					CHEBI:35341	R-HSA-196071	1
3-carboxy-4-methyl-5-propyl-2-furanpropanoic acid	RM0134984	C12H16O5	240.0998	Fatty Acyls	Fatty acids	Heterocyclic FA	123979	CHEBI:41254	HMDB0061112	LMFA01150004		WMCQWXZMVIETAO-UHFFFAOYSA-N	CCCc1c(C)c(c(CCC(=O)O)o1)C(=O)O	3-Carboxy-4-methyl-5-propyl-2-furanpropanoic acid								CHEBI:41254									CHEBI:82986,CHEBI:194524	CHEBI:41254,CHEBI:82986,CHEBI:194524							CHEBI:41254,CHEBI:82986,CHEBI:194524						CHEBI:33575	R-HSA-6809371	1
3alpha,12alpha,16alpha-Trihydroxy-5beta-cholan-24-oic Acid	-	-	-	-	-	-	-		-	-		-	-	-					CHEBI:185748	CHEBI:185748	CHEBI:185748	CHEBI:185748										CHEBI:185748							CHEBI:185748						CHEBI:33575,CHEBI:35341	R-HSA-196071,R-HSA-6809371	2
7alpha,12alpha,25-Trihydroxycholest-4-en-3-one	-	-	-	-	-	-	-		-	-		-	-	-					CHEBI:187968	CHEBI:187968	CHEBI:187968	CHEBI:187968										CHEBI:187968							CHEBI:187968						CHEBI:35341	R-HSA-196071	1
PS(20:4(5Z,8Z,11Z,14Z)/22:6(4Z,7Z,10Z,13Z,16Z,19Z))	-	-	-	-	-	-	-		-	-		-	-	-					CHEBI:185876	CHEBI:185876	CHEBI:185876	CHEBI:185876										CHEBI:185876							CHEBI:185876						CHEBI:16247	R-HSA-1483206,R-HSA-202733,R-HSA-2168880,R-HSA-3000471,R-HSA-3000480,R-HSA-3000484,R-HSA-3000497,R-HSA-432142,R-HSA-5686938,R-HSA-8856825,R-HSA-8856828,R-HSA-8866423,R-HSA-8963888,R-HSA-8963896,R-HSA-8963901,R-HSA-8964011,R-HSA-8964026,R-HSA-8964038,R-HSA-8964041,R-HSA-8964046,R-HSA-8964058,R-HSA-8964572,R-HSA-9615710,R-HSA-9707616,R-HSA-975634,R-HSA-9918432,R-HSA-9918481,R-HSA-9918487,R-HSA-9920588,R-HSA-9920951	30
4,5-Dihydroxysulfadiazine	-	-	-	-	-	-	-		-	-		-	-	-																																	0
N-oxide gliclazide	-	-	-	-	-	-	-		-	-		-	-	-																																	0
a-N-Acetylneuraminyl-2,6-b-D-galactosyl-1,4-N-acetyl-b-D-glucosamine	-	-	-	-	-	-	-		-	-		-	-	-																																	0
Na-L-Glutamyl-L-aspartic acid	-	-	-	-	-	-	-		-	-		-	-	-					CHEBI:196240	CHEBI:196240	CHEBI:196240	CHEBI:196240										CHEBI:196240							CHEBI:196240						CHEBI:16670	R-HSA-1222556,R-HSA-1236977,R-HSA-1236978,R-HSA-3000480,R-HSA-3000497,R-HSA-445989,R-HSA-6803157,R-HSA-879415,R-HSA-8941413,R-HSA-933542	10
Ethyl 3-O-beta-D-glucopyranosyl-butanoate	-	-	-	-	-	-	-		-	-		-	-	-					CHEBI:137839	CHEBI:137839	CHEBI:137839	CHEBI:137839										CHEBI:137839							CHEBI:137839								0
Nebrosteroid M	RM0135726	C29H50O3	446.3760	Sterol Lipids	Sterols	Ergosterols	42604058	CHEBI:166795		LMST01031113		VFYHLCIHPSUCBD-RLMSMOSBSA-N	CC(C)C(=C)CC[C@@H](C)[C@H]1CC[C@@H]2[C@]1(C)C[C@@H]([C@@H]1[C@@]3(C)CC[C@@H]([C@@H](C)[C@@H]3CC[C@@]21O)O)O	Nebrosteroid M					CHEBI:166795	CHEBI:166795	CHEBI:166795	CHEBI:166795										CHEBI:166795							CHEBI:166795						CHEBI:35341	R-HSA-196071	1
6-Mercaptopurine ribonucleotide	-	-	-	-	-	-	-		-	-		-	-	-																																	0
Omeprazole sulfone	RM0029777	C17H19N3O4S	361.1096	Organoheterocyclic compounds	Benzimidazoles	Sulfinylbenzimidazoles	145900	CHEBI:166518	HMDB0014012			IXEQEYRTSRFZEO-UHFFFAOYSA-N	Cc1cnc(CS(=O)(=O)c2nc3ccc(cc3[nH]2)OC)c(C)c1OC	Omeprazole sulfone					CHEBI:166518	CHEBI:166518	CHEBI:166518	CHEBI:166518										CHEBI:166518							CHEBI:166518								0
Kaempferide 3-rhamnoside-7-(6''-succinylglucoside)	-	-	-	-	-	-	-		-	-		-	-	-					CHEBI:188341	CHEBI:188341	CHEBI:188341	CHEBI:188341										CHEBI:188341							CHEBI:188341								0
Quercetol B	-	-	-	-	-	-	-		-	-		-	-	-					CHEBI:185730	CHEBI:185730	CHEBI:185730	CHEBI:185730										CHEBI:185730							CHEBI:185730								0
PC(17:0/15:0)	-	-	-	-	-	-	-		-	-		-	-	-					CHEBI:188032	CHEBI:188032	CHEBI:188032	CHEBI:188032										CHEBI:188032							CHEBI:188032						CHEBI:57643	R-HSA-111995,R-HSA-1369062,R-HSA-1482788,R-HSA-1482798,R-HSA-1482839,R-HSA-1483101,R-HSA-1483148,R-HSA-1483166,R-HSA-1483191,R-HSA-1483196,R-HSA-1660661,R-HSA-2029485,R-HSA-2142753,R-HSA-382556,R-HSA-5678771,R-HSA-5683678,R-HSA-5683826,R-HSA-5688399,R-HSA-6811436,R-HSA-8964058,R-HSA-9680350	21
2,2,4,4,-Tetramethyl-6-(1-oxopropyl)-1,3,5-cyclohexanetrione	-	-	-	-	-	-	-		-	-		-	-	-					CHEBI:171929	CHEBI:171929	CHEBI:171929	CHEBI:171929										CHEBI:171929							CHEBI:171929						CHEBI:18059	R-HSA-1222556,R-HSA-1369062,R-HSA-5682294,R-HSA-804914,R-HSA-8941413	5
5beta-Chola-8(14),11-dien-24-oic Acid	-	-	-	-	-	-	-		-	-		-	-	-					CHEBI:188238	CHEBI:188238	CHEBI:188238	CHEBI:188238										CHEBI:188238							CHEBI:188238						CHEBI:33575,CHEBI:35341	R-HSA-196071,R-HSA-6809371	2
3b,16a-Dihydroxyandrostenone sulfate	RM0033576	C19H28O6S	384.1607	Sterol Lipids	Steroids	C19 Steroids	20848951	CHEBI:87774	HMDB0062544	LMST05020022		ALBNSVAJDFJRKQ-DNKQKWOHSA-N	C[C@]12CC[C@@H](CC1=CC[C@@H]1[C@@H]2CC[C@@]2(C)[C@H]1C[C@H](C2=O)O)OS(=O)(=O)O	3beta,16alpha-Dihydroxyandrostenone 3-sulfate					CHEBI:168611	CHEBI:168611	CHEBI:168611	CHEBI:87774,CHEBI:168611									CHEBI:87538	CHEBI:87538,CHEBI:87774,CHEBI:168611							CHEBI:87538,CHEBI:87774,CHEBI:168611						CHEBI:35341	R-HSA-196071	1
Tryptophyl-Alanine	RM0159977	C14H17N3O3	275.1270	Organic acids	Amino acids and peptides	Dipeptides	6993401	CHEBI:73710	HMDB0029076			OHGNSVACHBZKSS-KWQFWETISA-N	C[C@@H](C(=O)O)NC(=O)[C@H](Cc1c[nH]c2ccccc12)N	Trp-Ala					CHEBI:73710,CHEBI:177285	CHEBI:73710,CHEBI:177285	CHEBI:73710,CHEBI:177285	CHEBI:73710,CHEBI:177285										CHEBI:73710,CHEBI:177285							CHEBI:73710,CHEBI:177285						CHEBI:46761	R-HSA-427975	1
Proline betaine	RM0012987	C7H13NO2	143.0946	Organic acids	Amino acids and peptides	Amino acids	115244	CHEBI:35280	HMDB0004827		C10172	CMUNUTVVOOHQPW-LURJTMIESA-N	C[N+]1(C)CCC[C@H]1C(=O)[O-]	Proline betaine					CHEBI:35280	CHEBI:35280	CHEBI:35280	CHEBI:35280	C10172	C10172	C10172	C10172					CHEBI:44813,CHEBI:134398	CHEBI:35280,CHEBI:44813,CHEBI:134398	C10172						CHEBI:35280,CHEBI:44813,CHEBI:134398	C10172					CHEBI:33575	R-HSA-6809371	1
Dalfopristin	RM0138682	C34H50N4O9S	690.3299	Polyketides	Macrolides	Macrolactams	6323289	CHEBI:4309	HMDB0015566			SUYRLXYYZQTJHF-VMBLUXKRSA-N	CCN(CC)CCS(=O)(=O)[C@@H]1CCN2[C@H]1C(=O)O[C@H](C(C)C)[C@H](C)/C=C/C(=O)NC/C=C/C(=C/[C@H](CC(=O)Cc1nc(co1)C2=O)O)/C	Dalfopristin					CHEBI:4309	CHEBI:4309	CHEBI:4309	CHEBI:4309	C08033	C08033	C08033	C08033						CHEBI:4309	C08033						CHEBI:4309	C08033					CHEBI:30879	R-HSA-1483166,R-HSA-2022377,R-HSA-8935690	3
Peonidin acetyl 3,5-diglucoside	-	-	-	-	-	-	-		-	-		-	-	-					CHEBI:188132	CHEBI:188132	CHEBI:188132	CHEBI:188132										CHEBI:188132							CHEBI:188132						CHEBI:36916	R-HSA-936837	1
9-keto Fluprostenol	-	-	-	-	-	-	-		-	-		-	-	-																																	0
Rhamnocitrin 3-(6''-acetylglucoside)	-	-	-	-	-	-	-		-	-		-	-	-					CHEBI:168223	CHEBI:168223	CHEBI:168223	CHEBI:168223										CHEBI:168223							CHEBI:168223								0
2-Oxo-6-methylthiohexanoic acid	RM0224237	C7H12O3S	176.0507	Organic acids	Keto acids	Medium-chain keto acids	22266653	CHEBI:80965			C17216	GRUGZHAOXOPASC-UHFFFAOYSA-N	CSCCCCC(=O)C(=O)O	2-Oxo-6-methylthiohexanoic acid			C17216	map01110,map01210,map00966	CHEBI:80965	CHEBI:80965	CHEBI:80965	CHEBI:80965	C17216	C17216	C17216	C17216			C17216	map01110,map01210,map00966		CHEBI:80965	C17216			C17216	map01110,map01210,map00966		CHEBI:80965	C17216			C17216	map01110,map01210,map00966	CHEBI:33575	R-HSA-6809371	1
PE(20:5(5Z,8Z,11Z,14Z,17Z)/P-18:1(9Z))	-	-	-	-	-	-	-		-	-		-	-	-					CHEBI:188141	CHEBI:188141	CHEBI:188141	CHEBI:188141										CHEBI:188141							CHEBI:188141						CHEBI:36314	R-HSA-1482788	1
Stearamide	RM0153092	C18H37NO	283.2875	Fatty Acyls	Fatty amides	Primary amides	31292	CHEBI:34900	HMDB0034146	LMFA08010003	C13846	LYRFLYHAGKPMFH-UHFFFAOYSA-N	CCCCCCCCCCCCCCCCCC(=O)N	Stearamide					CHEBI:34900	CHEBI:34900	CHEBI:34900	CHEBI:34900	C13846	C13846	C13846	C13846						CHEBI:34900	C13846						CHEBI:34900	C13846					CHEBI:18059	R-HSA-1222556,R-HSA-1369062,R-HSA-5682294,R-HSA-804914,R-HSA-8941413	5
Rasagiline	RM0021452	C12H13N	171.1048	Benzenoids	Indanes	Indanes	3052776	CHEBI:63620	HMDB0015454			RUOKEQAAGRXIBM-GFCCVEGCSA-N	C#CCN[C@@H]1CCc2ccccc12	Rasagiline	CHEBI:63620	R-HSA-141333			CHEBI:63620	CHEBI:63620	CHEBI:63620	CHEBI:63620					CHEBI:63620	R-HSA-141333				CHEBI:63620		CHEBI:63620	R-HSA-141333				CHEBI:63620		CHEBI:63620	R-HSA-141333					0
Protobassic acid	-	-	-	-	-	-	-		-	-		-	-	-					CHEBI:73086	CHEBI:73086	CHEBI:73086	CHEBI:73086										CHEBI:73086							CHEBI:73086						CHEBI:33575	R-HSA-6809371	1
(2S)-5,7,3',4'-Tetrahydroxyflavanone 7-glucuronide	-	-	-	-	-	-	-		-	-		-	-	-					CHEBI:188165	CHEBI:188165	CHEBI:188165	CHEBI:188165										CHEBI:188165							CHEBI:188165								0
BIBF 1120	-	-	-	-	-	-	-		-	-		-	-	-					CHEBI:85164	CHEBI:85164	CHEBI:85164	CHEBI:85164					CHEBI:85164	R-HSA-186797,R-HSA-5655332,R-HSA-9674428			CHEBI:85172	CHEBI:85164,CHEBI:85172		CHEBI:85164	R-HSA-186797,R-HSA-5655332,R-HSA-9674428				CHEBI:85164,CHEBI:85172		CHEBI:85164	R-HSA-186797,R-HSA-5655332,R-HSA-9674428					0
PS(19:0/22:6(4Z,7Z,10Z,13Z,16Z,19Z))	RM0173580	C47H80NO10P	849.5520	Glycerophospholipids	Glycerophosphoserines	PS	52925589			LMGP03010479		KQUCBTRVYDUHMT-RKFXOYQJSA-N	CC/C=CC/C=CC/C=CC/C=CC/C=CC/C=CCCC(=O)O[C@H](COC(=O)CCCCCCCCCCCCCCCCCC)COP(=O)(O)OC[C@@H](C(=O)O)N	PS 19:0/22:6(4Z,7Z,10Z,13Z,16Z,19Z)					CHEBI:184241	CHEBI:184241	CHEBI:184241	CHEBI:184241										CHEBI:184241							CHEBI:184241						CHEBI:16247	R-HSA-1483206,R-HSA-202733,R-HSA-2168880,R-HSA-3000471,R-HSA-3000480,R-HSA-3000484,R-HSA-3000497,R-HSA-432142,R-HSA-5686938,R-HSA-8856825,R-HSA-8856828,R-HSA-8866423,R-HSA-8963888,R-HSA-8963896,R-HSA-8963901,R-HSA-8964011,R-HSA-8964026,R-HSA-8964038,R-HSA-8964041,R-HSA-8964046,R-HSA-8964058,R-HSA-8964572,R-HSA-9615710,R-HSA-9707616,R-HSA-975634,R-HSA-9918432,R-HSA-9918481,R-HSA-9918487,R-HSA-9920588,R-HSA-9920951	30
Bombykol	RM0153292	C16H30O	238.2297	Fatty Acyls	Fatty alcohols	Fatty alcohols	445128	CHEBI:41200		LMFA05000007	C16873	CIVIWCVVOFNUST-SCFJQAPRSA-N	CCC/C=C\C=C\CCCCCCCCCO	Bombykol					CHEBI:41200	CHEBI:41200	CHEBI:41200	CHEBI:41200	C16873	C16873	C16873	C16873						CHEBI:41200	C16873						CHEBI:41200	C16873					CHEBI:30879	R-HSA-1483166,R-HSA-2022377,R-HSA-8935690	3
3,4'-Dihydroxy-7,3',5'-trimethoxyflavone 3-galactosyl-(1->4)-xyloside	-	-	-	-	-	-	-		-	-		-	-	-					CHEBI:188118	CHEBI:188118	CHEBI:188118	CHEBI:188118										CHEBI:188118							CHEBI:188118								0
gamma-L-Glutamyl-gamma-L-glutamyl-L-methionine	-	-	-	-	-	-	-		-	-		-	-	-					CHEBI:169374	CHEBI:169374	CHEBI:169374	CHEBI:169374										CHEBI:169374							CHEBI:169374						CHEBI:25676	R-HSA-1236974,R-HSA-1236977,R-HSA-1236978,R-HSA-9705671,R-HSA-983168,R-HSA-983170,R-HSA-9912633	7
Esculentoside E	-	-	-	-	-	-	-		-	-		-	-	-					CHEBI:185919	CHEBI:185919	CHEBI:185919	CHEBI:185919										CHEBI:185919							CHEBI:185919						CHEBI:18059	R-HSA-1222556,R-HSA-1369062,R-HSA-5682294,R-HSA-804914,R-HSA-8941413	5
Zidovudine glucuronide	-	-	-	-	-	-	-		-	-		-	-	-					CHEBI:188290	CHEBI:188290	CHEBI:188290	CHEBI:188290										CHEBI:188290							CHEBI:188290								0
Ergosterol	RM0013441	C28H44O	396.3392	Sterol Lipids	Sterols	Ergosterols	444679	CHEBI:16933	HMDB0000878	LMST01030093	C01694	DNVPQKQSNYMLRS-APGDWVJJSA-N	CC(C)[C@@H](C)/C=C/[C@@H](C)[C@H]1CC[C@H]2C3=CC=C4C[C@H](CC[C@]4(C)[C@H]3CC[C@]12C)O	Ergosterol			C01694	map01100,map01110,map00100	CHEBI:16933,CHEBI:16933,CHEBI:16933	CHEBI:16933,CHEBI:16933,CHEBI:16933	CHEBI:16933,CHEBI:16933,CHEBI:16933	CHEBI:16933	C01694	C01694	C01694	C01694			C01694	map01100,map01110,map00100		CHEBI:16933	C01694			C01694	map01100,map01110,map00100		CHEBI:16933	C01694			C01694	map01100,map01110,map00100	CHEBI:26125	R-HSA-1369062,R-HSA-5679090,R-HSA-5679096,R-HSA-8963678	4
(22E)-3alpha,12alpha-Dihydroxy-5beta-chol-22-en-24-oic Acid	-	-	-	-	-	-	-		-	-		-	-	-					CHEBI:181178	CHEBI:181178	CHEBI:181178	CHEBI:181178										CHEBI:181178							CHEBI:181178						CHEBI:30879	R-HSA-1483166,R-HSA-2022377,R-HSA-8935690	3
Behenic acid	RM0153577	C22H44O2	340.3341	Fatty Acyls	Fatty acids	Saturated FA	8215	CHEBI:28941	HMDB0000944	LMFA01010022	C08281	UKMSUNONTOPOIO-UHFFFAOYSA-N	CCCCCCCCCCCCCCCCCCCCCC(=O)O	Behenic acid			C08281	map00073,map01040	CHEBI:28941	CHEBI:28941	CHEBI:28941	CHEBI:28941	C08281	C08281	C08281	C08281			C08281	map00073,map01040	CHEBI:23858	CHEBI:23858,CHEBI:28941	C08281			C08281	map00073,map01040		CHEBI:23858,CHEBI:28941	C08281			C08281	map00073,map01040	CHEBI:15904	R-HSA-1369062,R-HSA-192456,R-HSA-3000471,R-HSA-390247,R-HSA-5684045,R-HSA-77289,R-HSA-8963901,R-HSA-8964058,R-HSA-975634	9
Azorhodine 2G	-	-	-	-	-	-	-		-	-		-	-	-																																	0
Carboxyprimaquine	RM0157329	C15H18N2O3	274.1317	Organic acids	Amino acids and peptides	Amino acids	127542	CHEBI:165855	HMDB0247386			KIMKJIXTIWKABF-UHFFFAOYSA-N	CC(CCC(=O)O)Nc1cc(cc2cccnc12)OC	Carboxyprimaquine					CHEBI:165855	CHEBI:165855	CHEBI:165855	CHEBI:165855										CHEBI:165855							CHEBI:165855								0
(10S)-Juvenile hormone III acid diol	-	-	-	-	-	-	-		-	-		-	-	-					CHEBI:80538	CHEBI:80538	CHEBI:80538	CHEBI:80538	C16506	C16506	C16506	C16506			C16506	map00981		CHEBI:80538	C16506			C16506	map00981		CHEBI:80538	C16506			C16506	map00981	CHEBI:18059	R-HSA-1222556,R-HSA-1369062,R-HSA-5682294,R-HSA-804914,R-HSA-8941413	5
Lettowianthine	-	-	-	-	-	-	-		-	-		-	-	-					CHEBI:179640	CHEBI:179640	CHEBI:179640	CHEBI:179640										CHEBI:179640							CHEBI:179640								0
Pipecolic acid	RM0135981	C6H11NO2	129.0790	Organic acids	Amino acids and peptides	Amino acids	439227	CHEBI:30913	HMDB0000716		C00408	HXEACLLIILLPRG-YFKPBYRVSA-N	C1CCN[C@@H](C1)C(=O)O	Pipecolic acid			C00408	map01100,map01110,map01120,map00310,map00960,map01060,map01064	CHEBI:17964,CHEBI:30913	CHEBI:17964,CHEBI:30913	CHEBI:17964,CHEBI:30913	CHEBI:17964,CHEBI:30913	C00408	C00408	C00408	C00408			C00408	map01100,map01110,map01120,map00310,map00960,map01060,map01064	CHEBI:18703,CHEBI:30633,CHEBI:36110,CHEBI:41582,CHEBI:61185	CHEBI:17964,CHEBI:18703,CHEBI:30633,CHEBI:30913,CHEBI:36110,CHEBI:41582,CHEBI:61185	C00408	CHEBI:61185	R-HSA-71064	C00408	map01100,map01110,map01120,map00310,map00960,map01060,map01064		CHEBI:17964,CHEBI:18703,CHEBI:30633,CHEBI:30913,CHEBI:36110,CHEBI:41582,CHEBI:61185	C00408	CHEBI:61185	R-HSA-71064	C00408	map01100,map01110,map01120,map00310,map00960,map01060,map01064			0
Biochanin A	RM0161350	C16H12O5	284.0685	Polyketides	Flavonoids	Isoflavones	5280373	CHEBI:17574	HMDB0002338	LMPK12050229	C00814	WUADCCWRTIWANL-UHFFFAOYSA-N	COc1ccc(cc1)c1coc2cc(cc(c2c1=O)O)O	Biochanin A			C00814	map01100,map01110,map00943,map01061	CHEBI:17574,CHEBI:17574,CHEBI:58194	CHEBI:17574,CHEBI:17574,CHEBI:58194	CHEBI:17574,CHEBI:17574,CHEBI:58194	CHEBI:17574,CHEBI:58194	C00814	C00814	C00814	C00814			C00814	map01100,map01110,map00943,map01061		CHEBI:17574,CHEBI:58194	C00814			C00814	map01100,map01110,map00943,map01061		CHEBI:17574,CHEBI:58194	C00814			C00814	map01100,map01110,map00943,map01061	CHEBI:25696	R-HSA-382556,R-HSA-428643,R-HSA-5690338	3
6'-Sialyllactose	-	-	-	-	-	-	-		-	-		-	-	-					CHEBI:153372,CHEBI:85039,CHEBI:71943	CHEBI:153372,CHEBI:85039,CHEBI:71943	CHEBI:153372,CHEBI:85039,CHEBI:71943	CHEBI:71943,CHEBI:85039,CHEBI:153372										CHEBI:71943,CHEBI:85039,CHEBI:153372							CHEBI:71943,CHEBI:85039,CHEBI:153372						CHEBI:63563	R-HSA-162710,R-HSA-2160916,R-HSA-3656234,R-HSA-3656248,R-HSA-901042	5
Caohuoside D	-	-	-	-	-	-	-		-	-		-	-	-					CHEBI:140125	CHEBI:140125	CHEBI:140125	CHEBI:140125										CHEBI:140125							CHEBI:140125								0
11Z-Eicosenal	-	-	-	-	-	-	-		-	-		-	-	-					CHEBI:179666	CHEBI:179666	CHEBI:179666	CHEBI:179666										CHEBI:179666							CHEBI:179666						CHEBI:35746	R-HSA-1482788,R-HSA-75109	2
Serotonin	RM0050344	C10H12N2O	176.0950	Alkaloids	Tryptophan alkaloids	Tryptamines	5202	CHEBI:28790	HMDB0000259		C00780	QZAYGJVTTNCVMB-UHFFFAOYSA-N	c1cc2c(cc1O)c(CCN)c[nH]2	Serotonin			C00780	map01100,map01110,map00380,map01063,map04024,map04080,map04082,map04540,map04976,map04726,map04721,map04742,map04750,map04361,map05207,map07211	CHEBI:28790,CHEBI:28790,CHEBI:28790,CHEBI:350546	CHEBI:28790,CHEBI:28790,CHEBI:28790,CHEBI:350546	CHEBI:28790,CHEBI:28790,CHEBI:28790,CHEBI:350546	CHEBI:28790,CHEBI:350546	C00780	C00780	C00780	C00780	CHEBI:350546	R-HSA-112314,R-HSA-114608,R-HSA-141333,R-HSA-181429,R-HSA-209931,R-HSA-380612,R-HSA-380615,R-HSA-390666,R-HSA-416476,R-HSA-418555,R-HSA-418594,R-HSA-442660,R-HSA-549127,R-HSA-5579012,R-HSA-83936	C00780	map01100,map01110,map00380,map01063,map04024,map04080,map04082,map04540,map04976,map04726,map04721,map04742,map04750,map04361,map05207,map07211		CHEBI:28790,CHEBI:350546	C00780	CHEBI:350546	R-HSA-112314,R-HSA-114608,R-HSA-141333,R-HSA-181429,R-HSA-209931,R-HSA-380612,R-HSA-380615,R-HSA-390666,R-HSA-416476,R-HSA-418555,R-HSA-418594,R-HSA-442660,R-HSA-549127,R-HSA-5579012,R-HSA-83936	C00780	map01100,map01110,map00380,map01063,map04024,map04080,map04082,map04540,map04976,map04726,map04721,map04742,map04750,map04361,map05207,map07211		CHEBI:28790,CHEBI:350546	C00780	CHEBI:350546	R-HSA-112314,R-HSA-114608,R-HSA-141333,R-HSA-181429,R-HSA-209931,R-HSA-380612,R-HSA-380615,R-HSA-390666,R-HSA-416476,R-HSA-418555,R-HSA-418594,R-HSA-442660,R-HSA-549127,R-HSA-5579012,R-HSA-83936	C00780	map01100,map01110,map00380,map01063,map04024,map04080,map04082,map04540,map04976,map04726,map04721,map04742,map04750,map04361,map05207,map07211			0
Toxin T2 tetrol	-	-	-	-	-	-	-		-	-		-	-	-					CHEBI:172528	CHEBI:172528	CHEBI:172528	CHEBI:172528										CHEBI:172528							CHEBI:172528						CHEBI:18059	R-HSA-1222556,R-HSA-1369062,R-HSA-5682294,R-HSA-804914,R-HSA-8941413	5
4,8,12,15,19,21-tetracosahexaenoic acid	RM0153632	C24H36O2	356.2715	Fatty Acyls	Fatty acids	Unsaturated FA	5282851	CHEBI:165468		LMFA01030186		VIEVDWQLJOPJTP-FWMXRSOJSA-N	CC/C=C/C=C/CC/C=C/C/C=C/CC/C=C/CC/C=C/CCC(=O)O	4,8,12,15,19,21-Tetracosahexaenoic acid					CHEBI:165468	CHEBI:165468	CHEBI:165468	CHEBI:165468										CHEBI:165468							CHEBI:165468						CHEBI:35366	R-HSA-1482883,R-HSA-167826,R-HSA-422085,R-HSA-426048,R-HSA-6809371,R-HSA-6811436,R-HSA-8963889,R-HSA-8964038	8
Demethyl-desacetyl-rifamycin SV	-	-	-	-	-	-	-		-	-		-	-	-					CHEBI:34670	CHEBI:34670	CHEBI:34670	CHEBI:34670	C14725	C14725	C14725	C14725			C14725	map01110,map01051		CHEBI:34670	C14725			C14725	map01110,map01051		CHEBI:34670	C14725			C14725	map01110,map01051			0
13S-HpODE	RM0153715	C18H32O4	312.2301	Fatty Acyls	Octadecanoids	HpODE	5280720	CHEBI:15655	HMDB0003871	LMFA02000034	C04717	JDSRHVWSAMTSSN-IRQZEAMPSA-N	CCCCC[C@@H](/C=C/C=C\CCCCCCCC(=O)O)OO	13S-HpODE			C04717	map01100,map00591				CHEBI:15655	C04717	C04717	C04717	C04717			C04717	map01100,map00591	CHEBI:39573,CHEBI:57466,CHEBI:133985	CHEBI:15655,CHEBI:39573,CHEBI:57466,CHEBI:133985	C04717			C04717	map01100,map00591		CHEBI:15655,CHEBI:39573,CHEBI:57466,CHEBI:133985	C04717			C04717	map01100,map00591	CHEBI:15904	R-HSA-1369062,R-HSA-192456,R-HSA-3000471,R-HSA-390247,R-HSA-5684045,R-HSA-77289,R-HSA-8963901,R-HSA-8964058,R-HSA-975634	9
Austalide C	-	-	-	-	-	-	-		-	-		-	-	-					CHEBI:172748	CHEBI:172748	CHEBI:172748	CHEBI:172748										CHEBI:172748							CHEBI:172748								0
16Z-pentacosenoic acid	-	-	-	-	-	-	-		-	-		-	-	-					CHEBI:187923	CHEBI:187923	CHEBI:187923	CHEBI:187923										CHEBI:187923							CHEBI:187923						CHEBI:35366	R-HSA-1482883,R-HSA-167826,R-HSA-422085,R-HSA-426048,R-HSA-6809371,R-HSA-6811436,R-HSA-8963889,R-HSA-8964038	8
24-hydroxy-tetracosanoic acid	-	-	-	-	-	-	-		-	-		-	-	-																																	0
beta-D-Galactopyranosyl-(1->4)-2-amino-2-deoxy-beta-D-glucopyranosyl-(1->6)-D-mannose	-	-	-	-	-	-	-		-	-		-	-	-					CHEBI:188134	CHEBI:188134	CHEBI:188134	CHEBI:188134										CHEBI:188134							CHEBI:188134								0
Quinol glucuronide	-	-	-	-	-	-	-		-	-		-	-	-					CHEBI:188270	CHEBI:188270	CHEBI:188270	CHEBI:188270										CHEBI:188270							CHEBI:188270								0
Ritodrine glucuronide	-	-	-	-	-	-	-		-	-		-	-	-																																	0
(S)-HDAC-42	-	-	-	-	-	-	-		-	-		-	-	-					CHEBI:188197	CHEBI:188197	CHEBI:188197	CHEBI:188197										CHEBI:188197							CHEBI:188197								0
Batatasin IV	RM0135297	C15H16O3	244.1099	Polyketides	Aromatic polyketides	Stilbenes	181271	CHEBI:2997	HMDB0032641	LMPK13090032	C10247	IUMFLNFLJUUODE-UHFFFAOYSA-N	COc1cc(CCc2ccccc2O)cc(c1)O	Batatasin IV					CHEBI:2997	CHEBI:2997	CHEBI:2997	CHEBI:2997	C10247	C10247	C10247	C10247						CHEBI:2997	C10247						CHEBI:2997	C10247							0
Isomorellic acid	-	-	-	-	-	-	-		-	-		-	-	-					CHEBI:176053	CHEBI:176053	CHEBI:176053	CHEBI:176053										CHEBI:176053							CHEBI:176053								0
m-Tyramine	RM0021390	C8H11NO	137.0841	Alkaloids	Tyrosine alkaloids	Phenylethylamines	11492	CHEBI:89626	HMDB0004989			GHFGJTVYMNRGBY-UHFFFAOYSA-N	c1cc(CCN)cc(c1)O	m-Tyramine					CHEBI:89626	CHEBI:89626	CHEBI:89626	CHEBI:89626									CHEBI:144800	CHEBI:89626,CHEBI:144800							CHEBI:89626,CHEBI:144800								0
Frutinone A	RM0049673	C16H8O4	264.0423	Polyketides	Coumarins	Coumarins	441965	CHEBI:5179			C09008	RFWULRHBGYKEEZ-UHFFFAOYSA-N	c1ccc2c(c1)c(=O)c1c(c3ccccc3oc1=O)o2	Frutinone A					CHEBI:5179	CHEBI:5179	CHEBI:5179	CHEBI:5179	C09008	C09008	C09008	C09008						CHEBI:5179	C09008						CHEBI:5179	C09008							0
PE(18:0/18:2(9Z,12Z))	RM0133793	C41H78NO8P	743.5465	Glycerophospholipids	Glycerophosphoethanolamines	PE	9546749	CHEBI:133599	HMDB0008994	LMGP02010044		YDTWOEYVDRKKCR-KNERPIHHSA-N	CCCCCCCCCCCCCCCCCC(=O)OC[C@H](COP(=O)(O)OCCN)OC(=O)CCCCCCC/C=CC/C=CCCCCC	PE 18:0/18:2(9Z,12Z)					CHEBI:133599,CHEBI:133600	CHEBI:133599,CHEBI:133600	CHEBI:133599,CHEBI:133600	CHEBI:133599,CHEBI:133600										CHEBI:133599,CHEBI:133600							CHEBI:133599,CHEBI:133600						CHEBI:36314,CHEBI:64612	R-HSA-1482788,R-HSA-1660661	2
17Z-octadecenoic acid	-	-	-	-	-	-	-		-	-		-	-	-																																	0
Pandaroside D	-	-	-	-	-	-	-		-	-		-	-	-																																	0
Monomenthyl succinate	-	-	-	-	-	-	-		-	-		-	-	-					CHEBI:169181	CHEBI:169181	CHEBI:169181	CHEBI:169181										CHEBI:169181							CHEBI:169181						CHEBI:18059	R-HSA-1222556,R-HSA-1369062,R-HSA-5682294,R-HSA-804914,R-HSA-8941413	5
Lithocholic acid glycine conjugate	RM0135851	C26H43NO4	433.3192	Sterol Lipids	Bile acids	C24 bile acids	115245	CHEBI:37998	HMDB0000698	LMST05030009	C15557	XBSQTYHEGZTYJE-OETIFKLTSA-N	C[C@H](CCC(=O)NCC(=O)O)[C@H]1CC[C@H]2[C@@H]3CC[C@@H]4C[C@@H](CC[C@]4(C)[C@H]3CC[C@]12C)O	Glycolithocholic acid					CHEBI:37998,CHEBI:37998	CHEBI:37998,CHEBI:37998	CHEBI:37998,CHEBI:37998	CHEBI:37998	C15557	C15557	C15557	C15557					CHEBI:60008	CHEBI:37998,CHEBI:60008	C15557						CHEBI:37998,CHEBI:60008	C15557					CHEBI:33575	R-HSA-6809371	1
Galangin	RM0186729	C15H10O5	270.0528	Polyketides	Flavonoids	Flavonols	5281616	CHEBI:5262	HMDB0029521	LMPK12111653	C10044	VCCRNZQBSJXYJD-UHFFFAOYSA-N	c1ccc(cc1)c1c(c(=O)c2c(cc(cc2o1)O)O)O	Galangin			C10044	map00941	CHEBI:5262,CHEBI:5262	CHEBI:5262,CHEBI:5262	CHEBI:5262,CHEBI:5262	CHEBI:5262	C10044	C10044	C10044	C10044			C10044	map00941		CHEBI:5262	C10044			C10044	map00941		CHEBI:5262	C10044			C10044	map00941			0
N-Desethylquinagolide	-	-	-	-	-	-	-		-	-		-	-	-																																	0
Sugeonyl acetate	-	-	-	-	-	-	-		-	-		-	-	-					CHEBI:81142	CHEBI:81142	CHEBI:81142	CHEBI:81142	C17506	C17506	C17506	C17506						CHEBI:81142	C17506						CHEBI:81142	C17506					CHEBI:18059	R-HSA-1222556,R-HSA-1369062,R-HSA-5682294,R-HSA-804914,R-HSA-8941413	5
Lacinilene C 7-methyl ether	RM0158592	C16H20O3	260.1412	Prenol Lipids	Isoprenoids	C15 isoprenoids	108125	CHEBI:6348	HMDB0036456		C09695	VMEKKHYIQYOLHA-MRXNPFEDSA-N	CC(C)C1=CC(=O)[C@@](C)(c2cc(c(C)cc12)OC)O	Lacinilene C 7-methyl ether					CHEBI:6348	CHEBI:6348	CHEBI:6348	CHEBI:6348	C09695	C09695	C09695	C09695						CHEBI:6348	C09695						CHEBI:6348	C09695					CHEBI:18059	R-HSA-1222556,R-HSA-1369062,R-HSA-5682294,R-HSA-804914,R-HSA-8941413	5
(22E)-3alpha,7beta-Dihydroxy-5beta-chol-22-en-24-oic Acid	-	-	-	-	-	-	-		-	-		-	-	-					CHEBI:182153	CHEBI:182153	CHEBI:182153	CHEBI:182153										CHEBI:182153							CHEBI:182153						CHEBI:35341	R-HSA-196071	1
CAY10648	-	-	-	-	-	-	-		-	-		-	-	-					CHEBI:188083	CHEBI:188083	CHEBI:188083	CHEBI:188083										CHEBI:188083							CHEBI:188083						CHEBI:16670	R-HSA-1222556,R-HSA-1236977,R-HSA-1236978,R-HSA-3000480,R-HSA-3000497,R-HSA-445989,R-HSA-6803157,R-HSA-879415,R-HSA-8941413,R-HSA-933542	10
4-O-Methylmelleolide	-	-	-	-	-	-	-		-	-		-	-	-					CHEBI:175315	CHEBI:175315	CHEBI:175315	CHEBI:175315										CHEBI:175315							CHEBI:175315						CHEBI:18059	R-HSA-1222556,R-HSA-1369062,R-HSA-5682294,R-HSA-804914,R-HSA-8941413	5
Thidiazuron	RM0188697	C9H8N4OS	220.0419	Benzenoids	Benzenes	N-phenylureas	40087					HFCYZXMHUIHAQI-UHFFFAOYSA-N	c1ccc(cc1)NC(=O)Nc1cnns1	Thidiazuron					CHEBI:81977	CHEBI:81977	CHEBI:81977	CHEBI:81977	C18812	C18812	C18812	C18812						CHEBI:81977	C18812						CHEBI:81977	C18812							0
Tetrahydrocortisol	RM0018302	C21H34O5	366.2406	Sterol Lipids	Steroids	C21 Steroids	5864	CHEBI:28320	HMDB0000949	LMST02030143	C05472	AODPIQQILQLWGS-GXBDJPPSSA-N	C[C@]12CC[C@H](C[C@H]1CC[C@H]1[C@@H]3CC[C@](C(=O)CO)([C@@]3(C)C[C@@H]([C@H]21)O)O)O	Tetrahydrocortisol			C05472	map01100,map00140	CHEBI:28320,CHEBI:28320	CHEBI:28320,CHEBI:28320	CHEBI:28320,CHEBI:28320	CHEBI:28320	C05472	C05472	C05472	C05472			C05472	map01100,map00140		CHEBI:28320	C05472			C05472	map01100,map00140		CHEBI:28320	C05472			C05472	map01100,map00140	CHEBI:24261	R-HSA-9662834	1
Diethyl disulfide	-	-	-	-	-	-	-		-	-		-	-	-					CHEBI:179050	CHEBI:179050	CHEBI:179050	CHEBI:179050										CHEBI:179050							CHEBI:179050								0
1-tetradecanyl-2-(8-[3]-ladderane-octanyl)-sn-glycerophosphoethanolamine	-	-	-	-	-	-	-		-	-		-	-	-					CHEBI:187277	CHEBI:187277	CHEBI:187277	CHEBI:187277										CHEBI:187277							CHEBI:187277						CHEBI:36314	R-HSA-1482788	1
alpha-Bisabolol	RM0135342	C15H26O	222.1984	Prenol Lipids	Isoprenoids	C15 isoprenoids	442343	CHEBI:125	HMDB0036197	LMPR0103060001	C09621	RGZSQWQPBWRIAQ-CABCVRRESA-N	CC(=CCC[C@@](C)([C@@H]1CC=C(C)CC1)O)C	alpha-Bisabolol			C09621	map01100,map01062	CHEBI:167422	CHEBI:167422	CHEBI:167422	CHEBI:125,CHEBI:167422	C09621	C09621	C09621	C09621			C09621	map01100,map01062		CHEBI:125,CHEBI:167422	C09621			C09621	map01100,map01062		CHEBI:125,CHEBI:167422	C09621			C09621	map01100,map01062	CHEBI:18059	R-HSA-1222556,R-HSA-1369062,R-HSA-5682294,R-HSA-804914,R-HSA-8941413	5
Luteolin 3'-methyl ether 7-sulfate	RM0204762	C16H12O9S	380.0202	Polyketides	Flavonoids	Flavones	44258211			LMPK12110800		YIYDRDIIVCKVSU-UHFFFAOYSA-N	COc1cc(ccc1O)c1cc(=O)c2c(cc(cc2o1)OS(=O)(=O)O)O	Luteolin 3'-methyl ether 7-sulfate					CHEBI:188103	CHEBI:188103	CHEBI:188103	CHEBI:188103										CHEBI:188103							CHEBI:188103								0
N-[(3a,5b,7b)-7-hydroxy-24-oxo-3-(sulfoxy)cholan-24-yl]-Glycine	RM0135852	C26H43NO8S	529.2709	Sterol Lipids	Bile acids	C24 bile acids	21116917	CHEBI:89129	HMDB0002409	LMST05030012		DKXXSIJHWWVNMO-XROMFQGDSA-N	C[C@H](CCC(=O)NCC(=O)O)[C@H]1CC[C@H]2[C@H]3[C@H](CC[C@]12C)[C@@]1(C)CC[C@H](C[C@H]1C[C@@H]3O)OS(=O)(=O)O	Glycoursodeoxycholic acid 3-sulfate					CHEBI:89129	CHEBI:89129	CHEBI:89129	CHEBI:89129									CHEBI:234531	CHEBI:89129,CHEBI:234531							CHEBI:89129,CHEBI:234531						CHEBI:35341	R-HSA-196071	1
5,4'-Dihydroxy-3,6,3'-trimethoxy-7-prenyloxyflavone	-	-	-	-	-	-	-		-	-		-	-	-					CHEBI:188059	CHEBI:188059	CHEBI:188059	CHEBI:188059										CHEBI:188059							CHEBI:188059								0
3alpha,7alpha,12alpha-Trihydroxy-24-nor-5beta-cholan-23-al	-	-	-	-	-	-	-		-	-		-	-	-					CHEBI:185850	CHEBI:185850	CHEBI:185850	CHEBI:185850										CHEBI:185850							CHEBI:185850						CHEBI:33575,CHEBI:35341	R-HSA-196071,R-HSA-6809371	2
Persin	-	-	-	-	-	-	-		-	-		-	-	-					CHEBI:168336	CHEBI:168336	CHEBI:168336	CHEBI:168336										CHEBI:168336							CHEBI:168336						CHEBI:30879	R-HSA-1483166,R-HSA-2022377,R-HSA-8935690	3
alpha,alpha'-Trehalose 4,6-dioleate	-	-	-	-	-	-	-		-	-		-	-	-					CHEBI:188303	CHEBI:188303	CHEBI:188303	CHEBI:188303										CHEBI:188303							CHEBI:188303						CHEBI:16412	R-HSA-1236974,R-HSA-140534,R-HSA-166016,R-HSA-166020,R-HSA-166058,R-HSA-166166,R-HSA-2562578,R-HSA-3000471,R-HSA-3000480,R-HSA-5602498,R-HSA-5603041,R-HSA-5686938,R-HSA-6803157,R-HSA-936964,R-HSA-937041,R-HSA-937072,R-HSA-975163,R-HSA-9824878,R-HSA-9948001,R-HSA-9948011,R-HSA-9953170,R-HSA-9956593	22
5,8-tetradecadienal	RM0153497	C14H24O	208.1827	Fatty Acyls	Fatty aldehydes	Fatty aldehydes	5283369	CHEBI:73721		LMFA06000082		NGKCMQUFXPQZQW-AVQMFFATSA-N	CCCCC/C=C/C/C=C/CCCC=O	5,8-Tetradecadienal					CHEBI:73721	CHEBI:73721	CHEBI:73721	CHEBI:73721										CHEBI:73721							CHEBI:73721						CHEBI:35746	R-HSA-1482788,R-HSA-75109	2
3alpha,7alpha-Dihydroxy-22-oxo-5beta-cholan-24-oic Acid	-	-	-	-	-	-	-		-	-		-	-	-					CHEBI:188001	CHEBI:188001	CHEBI:188001	CHEBI:188001										CHEBI:188001							CHEBI:188001						CHEBI:35341	R-HSA-196071	1
Lopinavir	RM0187654	C37H48N4O5	628.3625	Organic acids	Amino acids and peptides	Oligopeptides	92727		HMDB0015539		C12871	KJHKTHWMRKYKJE-SUGCFTRWSA-N	CC(C)[C@@H](C(=O)N[C@@H](Cc1ccccc1)C[C@@H]([C@H](Cc1ccccc1)NC(=O)COc1c(C)cccc1C)O)N1CCCNC1=O	Lopinavir					CHEBI:31781,CHEBI:31781	CHEBI:31781,CHEBI:31781	CHEBI:31781,CHEBI:31781	CHEBI:31781	C12871	C12871	C12871	C12871						CHEBI:31781	C12871						CHEBI:31781	C12871							0
Hydroxyphenyllactic acid	RM0052813	C9H10O4	182.0579	Organic acids	Phenylpropanoids	Cinnamic acids	440177	CHEBI:16003	HMDB0000755			JVGVDSSUAVXRDY-MRVPVSSYSA-N	c1cc(ccc1C[C@H](C(=O)O)O)O	Hydroxyphenyllactic acid								CHEBI:16003	C03964	C03964	C03964	C03964			C03964	map01100,map01110,map00350,map00130	CHEBI:10980	CHEBI:10980,CHEBI:16003	C03964			C03964	map01100,map01110,map00350,map00130		CHEBI:10980,CHEBI:16003	C03964			C03964	map01100,map01110,map00350,map00130	CHEBI:33575	R-HSA-6809371	1
PS(18:2(9Z,12Z)/19:0)	-	-	-	-	-	-	-		-	-		-	-	-					CHEBI:187990	CHEBI:187990	CHEBI:187990	CHEBI:187990										CHEBI:187990							CHEBI:187990						CHEBI:16247	R-HSA-1483206,R-HSA-202733,R-HSA-2168880,R-HSA-3000471,R-HSA-3000480,R-HSA-3000484,R-HSA-3000497,R-HSA-432142,R-HSA-5686938,R-HSA-8856825,R-HSA-8856828,R-HSA-8866423,R-HSA-8963888,R-HSA-8963896,R-HSA-8963901,R-HSA-8964011,R-HSA-8964026,R-HSA-8964038,R-HSA-8964041,R-HSA-8964046,R-HSA-8964058,R-HSA-8964572,R-HSA-9615710,R-HSA-9707616,R-HSA-975634,R-HSA-9918432,R-HSA-9918481,R-HSA-9918487,R-HSA-9920588,R-HSA-9920951	30
Petunidin 3-glucoside-5-(6''-acetylglucoside)	-	-	-	-	-	-	-		-	-		-	-	-					CHEBI:169496	CHEBI:169496	CHEBI:169496	CHEBI:169496										CHEBI:169496							CHEBI:169496						CHEBI:36916	R-HSA-936837	1
Gaidic acid	RM0139446	C16H30O2	254.2246	Fatty Acyls	Fatty acids	Unsaturated FA	5282743	CHEBI:37252	HMDB0010735	LMFA01030054		ZVRMGCSSSYZGSM-CCEZHUSRSA-N	CCCCCCCCCCCCC/C=C/C(=O)O	Gaidic acid					CHEBI:37252	CHEBI:37252	CHEBI:37252	CHEBI:37252									CHEBI:72745	CHEBI:37252,CHEBI:72745							CHEBI:37252,CHEBI:72745						CHEBI:15904	R-HSA-1369062,R-HSA-192456,R-HSA-3000471,R-HSA-390247,R-HSA-5684045,R-HSA-77289,R-HSA-8963901,R-HSA-8964058,R-HSA-975634	9
Stearic acid	RM0153574	C18H36O2	284.2715	Fatty Acyls	Fatty acids	Saturated FA	5281	CHEBI:28842	HMDB0000827	LMFA01010018	C01530	QIQXTHQIDYTFRH-UHFFFAOYSA-N	CCCCCCCCCCCCCCCCCC(=O)O	Stearic acid			C01530	map01100,map00061,map01040,map01060,map04745	CHEBI:28842,CHEBI:28842	CHEBI:28842,CHEBI:28842	CHEBI:28842,CHEBI:28842	CHEBI:28842	C01530	C01530	C01530	C01530			C01530	map01100,map00061,map01040,map01060,map04745	CHEBI:25629	CHEBI:25629,CHEBI:28842	C01530			C01530	map01100,map00061,map01040,map01060,map04745		CHEBI:25629,CHEBI:28842	C01530			C01530	map01100,map00061,map01040,map01060,map04745	CHEBI:15904	R-HSA-1369062,R-HSA-192456,R-HSA-3000471,R-HSA-390247,R-HSA-5684045,R-HSA-77289,R-HSA-8963901,R-HSA-8964058,R-HSA-975634	9
cis-9,19-epoxy-3Z,6Z-heptadecadiene	-	-	-	-	-	-	-		-	-		-	-	-					CHEBI:187719	CHEBI:187719	CHEBI:187719	CHEBI:187719										CHEBI:187719							CHEBI:187719								0
JWH145	-	-	-	-	-	-	-		-	-		-	-	-																																	0
2Z-Dodecenedioic acid	-	-	-	-	-	-	-		-	-		-	-	-					CHEBI:169695	CHEBI:169695	CHEBI:169695	CHEBI:169695										CHEBI:169695							CHEBI:169695						CHEBI:59554	R-HSA-390247,R-HSA-77289	2
forskolin	RM0205074	C22H34O7	410.2305	Prenol Lipids	Isoprenoids	C20 isoprenoids	47936	CHEBI:42471		LMPR0104030004	C09076	OHCQJHSOBUTRHG-KGGHGJDLSA-N	C=C[C@@]1(C)CC(=O)[C@@]2([C@@]3(C)[C@H](CCC(C)(C)[C@@H]3[C@@H]([C@@H]([C@@]2(C)O1)OC(=O)C)O)O)O	Forskolin					CHEBI:42471,CHEBI:42471,CHEBI:42471	CHEBI:42471,CHEBI:42471,CHEBI:42471	CHEBI:42471,CHEBI:42471,CHEBI:42471	CHEBI:42471	C09076	C09076	C09076	C09076						CHEBI:42471	C09076						CHEBI:42471	C09076					CHEBI:30879	R-HSA-1483166,R-HSA-2022377,R-HSA-8935690	3
PG(19:0/22:2(13Z,16Z))	-	-	-	-	-	-	-		-	-		-	-	-					CHEBI:188311	CHEBI:188311	CHEBI:188311	CHEBI:188311										CHEBI:188311							CHEBI:188311						CHEBI:37739	R-HSA-9845576	1
Glycyrrhizin	RM0200536	C42H62O16	822.4038	Prenol Lipids	Isoprenoids	C30 isoprenoids	14982	CHEBI:15939				LPLVUJXQOOQHMX-QWBHMCJMSA-N	CC1(C)[C@@H]2CC[C@]3(C)[C@H](C(=O)C=C4[C@@H]5C[C@](C)(CC[C@]5(C)CC[C@@]34C)C(=O)O)[C@@]2(C)CC[C@@H]1O[C@@H]1[C@@H]([C@H]([C@@H]([C@@H](C(=O)O)O1)O)O)O[C@H]1[C@@H]([C@H]([C@@H]([C@@H](C(=O)O)O1)O)O)O	Glycyrrhizinic acid					CHEBI:15939,CHEBI:29807,CHEBI:29807	CHEBI:15939,CHEBI:29807,CHEBI:29807	CHEBI:15939,CHEBI:29807	CHEBI:15939,CHEBI:29807	C02284	C02284	C02284	C02284						CHEBI:15939,CHEBI:29807	C02284						CHEBI:15939,CHEBI:29807	C02284					CHEBI:25696,CHEBI:33575	R-HSA-382556,R-HSA-428643,R-HSA-5690338,R-HSA-6809371	4
clavirin I	RM0152290	C17H22O4	290.1518	Fatty Acyls	Eicosanoids	Clavulones	5283240	CHEBI:137834		LMFA03120025		GQEGEZIKMJIZMB-YSFYDQBUSA-N	CCCCC/C=C\C[C@@]1(C=CC(=O)/C/1=C\C=O)OC(=O)C	Clavirin I					CHEBI:137834	CHEBI:137834	CHEBI:137834	CHEBI:137834										CHEBI:137834							CHEBI:137834						CHEBI:18059	R-HSA-1222556,R-HSA-1369062,R-HSA-5682294,R-HSA-804914,R-HSA-8941413	5
Hexacosanoic acid	RM0152235	C26H52O2	396.3967	Fatty Acyls	Fatty acids	Saturated FA	10469	CHEBI:31009	HMDB0002356	LMFA01010026		XMHIUKTWLZUKEX-UHFFFAOYSA-N	CCCCCCCCCCCCCCCCCCCCCCCCCC(=O)O	Cerotic acid					CHEBI:31009	CHEBI:31009	CHEBI:31009	CHEBI:31009									CHEBI:31013	CHEBI:31009,CHEBI:31013							CHEBI:31009,CHEBI:31013						CHEBI:35366	R-HSA-1482883,R-HSA-167826,R-HSA-422085,R-HSA-426048,R-HSA-6809371,R-HSA-6811436,R-HSA-8963889,R-HSA-8964038	8
Prosafrinine	RM0138863	C17H33NO2	283.2511	Sphingolipids	Sphingoid bases	Sphingoid base analogs	42608373	CHEBI:137782		LMSP01080051		FNYMOMSUWLCHBY-UXLLHSPISA-N	CCC(=O)CCCCCCCC[C@@H]1CC[C@@H]([C@H](C)N1)O	Prosafrinine					CHEBI:137782	CHEBI:137782	CHEBI:137782	CHEBI:137782										CHEBI:137782							CHEBI:137782						CHEBI:22221	R-HSA-1482839	1
Cer(d18:0/16:0)	RM0135506	C34H69NO3	539.5277	Sphingolipids	Ceramides	DHCer	5283572	CHEBI:67042	HMDB0011760	LMSP02020001		GCGTXOVNNFGTPQ-JHOUSYSJSA-N	CCCCCCCCCCCCCCC[C@H]([C@H](CO)NC(=O)CCCCCCCCCCCCCCC)O	Cer 18:0;O2/16:0	CHEBI:67042	R-HSA-1660661			CHEBI:67042	CHEBI:67042	CHEBI:67042	CHEBI:67042					CHEBI:67042	R-HSA-1660661				CHEBI:67042		CHEBI:67042	R-HSA-1660661				CHEBI:67042		CHEBI:67042	R-HSA-1660661					0
Licorice glycoside E	-	-	-	-	-	-	-		-	-		-	-	-					CHEBI:188116	CHEBI:188116	CHEBI:188116	CHEBI:188116										CHEBI:188116							CHEBI:188116								0
Paramethasone acetate	-	-	-	-	-	-	-		-	-		-	-	-					CHEBI:31963	CHEBI:31963	CHEBI:31963	CHEBI:31963	C12656	C12656	C12656	C12656						CHEBI:31963	C12656						CHEBI:31963	C12656					CHEBI:35341	R-HSA-196071	1
1alpha,25-dihydroxy-2alpha-(3-hydroxypropoxy)vitamin D3	-	-	-	-	-	-	-		-	-		-	-	-					CHEBI:191276	CHEBI:191276	CHEBI:191276	CHEBI:191276										CHEBI:191276							CHEBI:191276						CHEBI:35341	R-HSA-196071	1
Suberic acid	RM0134985	C8H14O4	174.0892	Fatty Acyls	Fatty acids	Dicarboxylic acids	10457	CHEBI:9300	HMDB0000893	LMFA01170001	C08278	TYFQFVWCELRYAO-UHFFFAOYSA-N	C(CCCC(=O)O)CCC(=O)O	Suberic acid					CHEBI:9300,CHEBI:9300	CHEBI:9300,CHEBI:9300	CHEBI:9300,CHEBI:9300	CHEBI:9300	C08278	C08278	C08278	C08278					CHEBI:76282	CHEBI:9300,CHEBI:76282	C08278						CHEBI:9300,CHEBI:76282	C08278					CHEBI:18059,CHEBI:33575	R-HSA-1222556,R-HSA-1369062,R-HSA-5682294,R-HSA-6809371,R-HSA-804914,R-HSA-8941413	6
Prostaglandin E2 p-benzamidophenyl ester	-	-	-	-	-	-	-		-	-		-	-	-					CHEBI:188277	CHEBI:188277	CHEBI:188277	CHEBI:188277										CHEBI:188277							CHEBI:188277						CHEBI:18059	R-HSA-1222556,R-HSA-1369062,R-HSA-5682294,R-HSA-804914,R-HSA-8941413	5
Phenylacetylglycine	RM0012731	C10H11NO3	193.0739	Organic acids	Amino acids and peptides	Amino acids	68144	CHEBI:27480	HMDB0000821		C05598	UTYVDVLMYQPLQB-UHFFFAOYSA-N	c1ccc(cc1)CC(=O)NCC(=O)O	Phenylacetylglycine			C05598	map00360	CHEBI:27480,CHEBI:27480,CHEBI:60874	CHEBI:27480,CHEBI:27480,CHEBI:60874	CHEBI:27480,CHEBI:27480,CHEBI:60874	CHEBI:27480,CHEBI:60874	C05598	C05598	C05598	C05598			C05598	map00360		CHEBI:27480,CHEBI:60874	C05598			C05598	map00360		CHEBI:27480,CHEBI:60874	C05598			C05598	map00360	CHEBI:25696,CHEBI:33575	R-HSA-382556,R-HSA-428643,R-HSA-5690338,R-HSA-6809371	4
3,11-dihydroxy myristoic acid	-	-	-	-	-	-	-		-	-		-	-	-																																	0
pentacosanal	-	-	-	-	-	-	-		-	-		-	-	-					CHEBI:188048	CHEBI:188048	CHEBI:188048	CHEBI:188048										CHEBI:188048							CHEBI:188048						CHEBI:35746	R-HSA-1482788,R-HSA-75109	2
Ascladiol	-	-	-	-	-	-	-		-	-		-	-	-					CHEBI:145112	CHEBI:145112	CHEBI:145112	CHEBI:145112										CHEBI:145112							CHEBI:145112						CHEBI:30879	R-HSA-1483166,R-HSA-2022377,R-HSA-8935690	3
Sunitinib	RM0199139	C22H27FN4O2	398.2118	Alkaloids	Tryptophan alkaloids	Indolines	5329102	CHEBI:38940	HMDB0015397			WINHZLLDWRZWRT-ATVHPVEESA-N	CCN(CC)CCNC(=O)c1c(C)c(/C=C\2/c3cc(ccc3NC2=O)F)[nH]c1C	Sunitinib	CHEBI:38940	R-HSA-1433557,R-HSA-186797,R-HSA-9607240,R-HSA-9669921,R-HSA-9669934,R-HSA-9674401,R-HSA-9674428,R-HSA-9702509,R-HSA-9702632,R-HSA-9833482,R-HSA-9918485			CHEBI:38940,CHEBI:38940	CHEBI:38940,CHEBI:38940	CHEBI:38940,CHEBI:38940	CHEBI:38940					CHEBI:38940	R-HSA-1433557,R-HSA-186797,R-HSA-9607240,R-HSA-9669921,R-HSA-9669934,R-HSA-9674401,R-HSA-9674428,R-HSA-9702509,R-HSA-9702632,R-HSA-9833482,R-HSA-9918485				CHEBI:38940		CHEBI:38940	R-HSA-1433557,R-HSA-186797,R-HSA-9607240,R-HSA-9669921,R-HSA-9669934,R-HSA-9674401,R-HSA-9674428,R-HSA-9702509,R-HSA-9702632,R-HSA-9833482,R-HSA-9918485				CHEBI:38940		CHEBI:38940	R-HSA-1433557,R-HSA-186797,R-HSA-9607240,R-HSA-9669921,R-HSA-9669934,R-HSA-9674401,R-HSA-9674428,R-HSA-9702509,R-HSA-9702632,R-HSA-9833482,R-HSA-9918485					0
L-Carnitine	RM0008606	C7H15NO3	161.1052	Organic nitrogen compounds	Carnitines	Carnitines	10917	CHEBI:16347	HMDB0000062		C00487	PHIQHXFUZVPYII-ZCFIWIBFSA-N	C[N+](C)(C)C[C@@H](CC(=O)[O-])O	Carnitine	CHEBI:16347	R-HSA-200425,R-HSA-389887,R-HSA-549127,R-HSA-5619053,R-HSA-71262	C00487	map01100,map00310,map02010	CHEBI:16347,CHEBI:17126,CHEBI:3424,CHEBI:39547	CHEBI:16347,CHEBI:17126,CHEBI:3424,CHEBI:39547	CHEBI:16347,CHEBI:17126,CHEBI:3424,CHEBI:39547	CHEBI:3424,CHEBI:16347,CHEBI:17126,CHEBI:39547	C00318,C00487	C00318,C00487	C00318,C00487	C00318,C00487	CHEBI:16347	R-HSA-200425,R-HSA-389887,R-HSA-549127,R-HSA-5619053,R-HSA-71262	C00318,C00487	map04976,map04714,map05415,map01100,map00310,map02010	CHEBI:11060,CHEBI:51453	CHEBI:3424,CHEBI:11060,CHEBI:16347,CHEBI:17126,CHEBI:39547,CHEBI:51453	C00318,C00487,C15025	CHEBI:16347	R-HSA-200425,R-HSA-389887,R-HSA-549127,R-HSA-5619053,R-HSA-71262	C00318,C00487	map04976,map04714,map05415,map01100,map00310,map02010	CHEBI:191945	CHEBI:3424,CHEBI:11060,CHEBI:16347,CHEBI:17126,CHEBI:39547,CHEBI:51453,CHEBI:191945	C00318,C00487,C15025	CHEBI:16347	R-HSA-200425,R-HSA-389887,R-HSA-549127,R-HSA-5619053,R-HSA-71262	C00318,C00487	map04976,map04714,map05415,map01100,map00310,map02010			0
3,5,7-Trihydroxyflavone 3-glucoside-8-sulfate	-	-	-	-	-	-	-		-	-		-	-	-					CHEBI:188006	CHEBI:188006	CHEBI:188006	CHEBI:188006										CHEBI:188006							CHEBI:188006								0
Vitamin D3 butyrate	-	-	-	-	-	-	-		-	-		-	-	-					CHEBI:188018	CHEBI:188018	CHEBI:188018	CHEBI:188018										CHEBI:188018							CHEBI:188018						CHEBI:35341	R-HSA-196071	1
4'-Hydroxyflurbiprofen	-	-	-	-	-	-	-		-	-		-	-	-					CHEBI:174398	CHEBI:174398	CHEBI:174398	CHEBI:174398										CHEBI:174398							CHEBI:174398								0
PC(O-16:1(9Z)/0:0)	RM0180408	C24H48NO7P	493.3168	Glycerophospholipids	Glycerophosphocholines	O-LPC								LPC O-16:1(9Z)					CHEBI:188002	CHEBI:188002	CHEBI:188002	CHEBI:188002										CHEBI:188002							CHEBI:188002						CHEBI:36313	R-HSA-1482788	1
heptadecanal	-	-	-	-	-	-	-		-	-		-	-	-					CHEBI:138631	CHEBI:138631	CHEBI:138631	CHEBI:138631										CHEBI:138631							CHEBI:138631						CHEBI:35746	R-HSA-1482788,R-HSA-75109	2
5,6,7,3',4',5'-Hexamethoxyflavanone	-	-	-	-	-	-	-		-	-		-	-	-					CHEBI:188160	CHEBI:188160	CHEBI:188160	CHEBI:188160										CHEBI:188160							CHEBI:188160								0
CAY10633	-	-	-	-	-	-	-		-	-		-	-	-																																	0
Ammonium isovalerate	RM0153214	C5H10O2	102.0681	Fatty Acyls	Fatty acids	Branched FA	10430	CHEBI:28484	HMDB0000718	LMFA01020181	C08262	GWYFCOCPABKNJV-UHFFFAOYSA-N	CC(C)CC(=O)O	Isovaleric acid	CHEBI:28484	R-HSA-381753,R-HSA-381753	C08262	map01110,map01065,map04974	CHEBI:28484,CHEBI:28484,CHEBI:28484,CHEBI:188326	CHEBI:28484,CHEBI:28484,CHEBI:28484,CHEBI:188326	CHEBI:28484,CHEBI:28484,CHEBI:28484,CHEBI:188326	CHEBI:28484,CHEBI:188326	C08262	C08262	C08262	C08262	CHEBI:28484	R-HSA-381753,R-HSA-381753	C08262	map01110,map01065,map04974	CHEBI:48942	CHEBI:28484,CHEBI:48942,CHEBI:188326	C08262	CHEBI:28484	R-HSA-381753,R-HSA-381753	C08262	map01110,map01065,map04974		CHEBI:28484,CHEBI:48942,CHEBI:188326	C08262	CHEBI:28484	R-HSA-381753,R-HSA-381753	C08262	map01110,map01065,map04974			0
PC(17:0/0:0)	RM0048622	C25H52NO7P	509.3481	Glycerophospholipids	Glycerophosphocholines	LPC								LPC 17:0/0:0					CHEBI:74340	CHEBI:74340,CHEBI:74340,CHEBI:74340	CHEBI:74340	CHEBI:74340										CHEBI:74340							CHEBI:74340						CHEBI:60479	R-HSA-1483115,R-HSA-3000471,R-HSA-3000480,R-HSA-3000484,R-HSA-5686938,R-HSA-6814848	6
12-hydroxy-9,10-dihydrojasmonic acid	-	-	-	-	-	-	-		-	-		-	-	-																																	0
6-[3]-ladderane-1-hexanol	RM0150725	C18H30O	262.2297	Fatty Acyls	Fatty alcohols	Fatty alcohols	10244470	CHEBI:137126		LMFA05000065		OPEALXSBJSNYAZ-UHFFFAOYSA-N	C(CCCO)CCC1CCC2C(C1)C1C3CCC3C21	6-[3]-Ladderane-1-hexanol					CHEBI:137126	CHEBI:137126	CHEBI:137126	CHEBI:137126										CHEBI:137126							CHEBI:137126						CHEBI:30879	R-HSA-1483166,R-HSA-2022377,R-HSA-8935690	3
PC(18:1(15Z)/18:1(15Z))	-	-	-	-	-	-	-		-	-		-	-	-					CHEBI:187957	CHEBI:187957	CHEBI:187957	CHEBI:187957										CHEBI:187957							CHEBI:187957						CHEBI:57643	R-HSA-111995,R-HSA-1369062,R-HSA-1482788,R-HSA-1482798,R-HSA-1482839,R-HSA-1483101,R-HSA-1483148,R-HSA-1483166,R-HSA-1483191,R-HSA-1483196,R-HSA-1660661,R-HSA-2029485,R-HSA-2142753,R-HSA-382556,R-HSA-5678771,R-HSA-5683678,R-HSA-5683826,R-HSA-5688399,R-HSA-6811436,R-HSA-8964058,R-HSA-9680350	21
Mycolipanolic acid (C24)	-	-	-	-	-	-	-		-	-		-	-	-					CHEBI:139485	CHEBI:139485	CHEBI:139485	CHEBI:139485										CHEBI:139485							CHEBI:139485						CHEBI:15904	R-HSA-1369062,R-HSA-192456,R-HSA-3000471,R-HSA-390247,R-HSA-5684045,R-HSA-77289,R-HSA-8963901,R-HSA-8964058,R-HSA-975634	9
Apigenin 7-glucuronosyl-(1->2)-glucuronide	-	-	-	-	-	-	-		-	-		-	-	-					CHEBI:188163	CHEBI:188163	CHEBI:188163	CHEBI:188163										CHEBI:188163							CHEBI:188163								0
5-amino-pentanoic acid	RM0139552	C5H11NO2	117.0790	Fatty Acyls	Fatty acids	Amino FA	138	CHEBI:15887	HMDB0003355	LMFA01100040	C00431	JJMDCOVWQOJGCB-UHFFFAOYSA-N	C(CCN)CC(=O)O	5-Aminopentanoic acid			C00431	map01100,map01120,map00310,map00330,map00470	CHEBI:15887,CHEBI:15887	CHEBI:15887,CHEBI:15887	CHEBI:15887,CHEBI:15887	CHEBI:15887	C00431	C00431	C00431	C00431			C00431	map01100,map01120,map00310,map00330,map00470	CHEBI:86394,CHEBI:356010	CHEBI:15887,CHEBI:86394,CHEBI:356010	C00431			C00431	map01100,map01120,map00310,map00330,map00470		CHEBI:15887,CHEBI:86394,CHEBI:356010	C00431			C00431	map01100,map01120,map00310,map00330,map00470	CHEBI:33575,CHEBI:35366	R-HSA-1482883,R-HSA-167826,R-HSA-422085,R-HSA-426048,R-HSA-6809371,R-HSA-6811436,R-HSA-8963889,R-HSA-8964038	8
Afzelechin 3-O-alpha-L-rhamnopyranoside	-	-	-	-	-	-	-		-	-		-	-	-					CHEBI:177939	CHEBI:177939	CHEBI:177939	CHEBI:177939										CHEBI:177939							CHEBI:177939								0
Sorbic acid	RM0153626	C6H8O2	112.0524	Fatty Acyls	Fatty acids	Unsaturated FA	643460	CHEBI:38358	HMDB0029581	LMFA01030100		WSWCOQWTEOXDQX-MQQKCMAXSA-N	C/C=C/C=C/C(=O)O	Sorbic acid					CHEBI:35962	CHEBI:35962	CHEBI:35962	CHEBI:35962,CHEBI:38358									CHEBI:36550,CHEBI:77869	CHEBI:35962,CHEBI:36550,CHEBI:38358,CHEBI:77869						CHEBI:38359,CHEBI:38360,CHEBI:38361	CHEBI:35962,CHEBI:36550,CHEBI:38358,CHEBI:38359,CHEBI:38360,CHEBI:38361,CHEBI:77869						CHEBI:59554	R-HSA-390247,R-HSA-77289	2
Ceramide (d18:1/20:0)	RM0135487	C38H75NO3	593.5747	Sphingolipids	Ceramides	Cer	5283566	CHEBI:72962	HMDB0004951	LMSP02010007		XWBWIAOWSABHFI-NUKVNZTCSA-N	CCCCCCCCCCCCCCCCCCCC(=O)N[C@@H](CO)[C@@H](/C=C/CCCCCCCCCCCCC)O	Cer 18:1;O2/20:0								CHEBI:72962										CHEBI:72962							CHEBI:72962						CHEBI:52639	R-HSA-9840309	1
2-aminomuconic acid semialdehyde	RM0189011	C6H7NO3	141.0426	Fatty Acyls	Fatty acids	Amino FA	5280625	CHEBI:15745	HMDB0001280	LMFA01060191	C03824	QCGTZPZKJPTAEP-REDYYMJGSA-N	C(=CC=O)C=C(/C(=O)O)N	2-Aminomuconic acid semialdehyde			C03824	map01100,map01120,map00380,map00627				CHEBI:15745	C03824	C03824	C03824	C03824			C03824	map01100,map01120,map00380,map00627	CHEBI:57495,CHEBI:77634	CHEBI:15745,CHEBI:57495,CHEBI:77634	C03824	CHEBI:77634	R-HSA-71240	C03824	map01100,map01120,map00380,map00627		CHEBI:15745,CHEBI:57495,CHEBI:77634	C03824	CHEBI:77634	R-HSA-71240	C03824	map01100,map01120,map00380,map00627			0
PE(14:0/22:1(13Z))	-	-	-	-	-	-	-		-	-		-	-	-					CHEBI:170442	CHEBI:170442	CHEBI:170442	CHEBI:170442										CHEBI:170442							CHEBI:170442						CHEBI:36314	R-HSA-1482788	1
2-Methyl-1-hydroxypropyl-ThPP	-	-	-	-	-	-	-		-	-		-	-	-					CHEBI:48522	CHEBI:48522	CHEBI:48522	CHEBI:48522	C15976	C15976	C15976	C15976			C15976	map00280,map00785		CHEBI:48522	C15976			C15976	map00280,map00785		CHEBI:48522	C15976			C15976	map00280,map00785	CHEBI:36916	R-HSA-936837	1
PC(16:1(9Z)/19:1(9Z))	-	-	-	-	-	-	-		-	-		-	-	-					CHEBI:188181	CHEBI:188181	CHEBI:188181	CHEBI:188181										CHEBI:188181							CHEBI:188181						CHEBI:57643	R-HSA-111995,R-HSA-1369062,R-HSA-1482788,R-HSA-1482798,R-HSA-1482839,R-HSA-1483101,R-HSA-1483148,R-HSA-1483166,R-HSA-1483191,R-HSA-1483196,R-HSA-1660661,R-HSA-2029485,R-HSA-2142753,R-HSA-382556,R-HSA-5678771,R-HSA-5683678,R-HSA-5683826,R-HSA-5688399,R-HSA-6811436,R-HSA-8964058,R-HSA-9680350	21
Ricinelaidic acid	RM0153739	C18H34O3	298.2508	Fatty Acyls	Octadecanoids	HOME	5282943	CHEBI:85641		LMFA02000150		WBHHMMIMDMUBKC-FMIVXFBMSA-N	CCCCCCC(C/C=C/CCCCCCCC(=O)O)O	Ricinelaidic acid					CHEBI:45478	CHEBI:45478	CHEBI:45478	CHEBI:45478,CHEBI:85641									CHEBI:85152	CHEBI:45478,CHEBI:85152,CHEBI:85641							CHEBI:45478,CHEBI:85152,CHEBI:85641						CHEBI:15904,CHEBI:24654	R-HSA-1369062,R-HSA-192456,R-HSA-3000471,R-HSA-3000480,R-HSA-3000484,R-HSA-390247,R-HSA-5684045,R-HSA-5686938,R-HSA-77289,R-HSA-8963901,R-HSA-8964058,R-HSA-975634	12
5-oxo-7-decynoic acid	RM0153647	C10H14O3	182.0943	Fatty Acyls	Fatty acids	Oxo FA	5312701	CHEBI:165476		LMFA01030579		JYHUNGZMKMRIAT-UHFFFAOYSA-N	CCC#CCC(=O)CCCC(=O)O	5-Oxo-7-Decynoic acid					CHEBI:165476	CHEBI:165476	CHEBI:165476	CHEBI:165476										CHEBI:165476							CHEBI:165476						CHEBI:59554	R-HSA-390247,R-HSA-77289	2
Kanokoside C	-	-	-	-	-	-	-		-	-		-	-	-					CHEBI:81083	CHEBI:81083	CHEBI:81083	CHEBI:81083	C17430	C17430	C17430	C17430						CHEBI:81083	C17430						CHEBI:81083	C17430							0
3-hydroxy-cis,cis-muconic acid	-	-	-	-	-	-	-		-	-		-	-	-					CHEBI:17419	CHEBI:17419	CHEBI:17419	CHEBI:17419	C03676	C03676	C03676	C03676			C03676	map01100,map01120,map00362	CHEBI:58139	CHEBI:17419,CHEBI:58139	C03676			C03676	map01100,map01120,map00362		CHEBI:17419,CHEBI:58139	C03676			C03676	map01100,map01120,map00362	CHEBI:18059,CHEBI:33575	R-HSA-1222556,R-HSA-1369062,R-HSA-5682294,R-HSA-6809371,R-HSA-804914,R-HSA-8941413	6
PE(18:1(11Z)/20:1(11Z))	-	-	-	-	-	-	-		-	-		-	-	-					CHEBI:170682	CHEBI:170682	CHEBI:170682	CHEBI:170682										CHEBI:170682							CHEBI:170682						CHEBI:36314	R-HSA-1482788	1
Desmethylmianserin	-	-	-	-	-	-	-		-	-		-	-	-					CHEBI:188043	CHEBI:188043	CHEBI:188043	CHEBI:188043										CHEBI:188043							CHEBI:188043								0
MG(20:0/0:0/0:0)[rac]	-	-	-	-	-	-	-		-	-		-	-	-																																	0
Octadecyl fumarate	-	-	-	-	-	-	-		-	-		-	-	-					CHEBI:169222	CHEBI:169222	CHEBI:169222	CHEBI:169222										CHEBI:169222							CHEBI:169222						CHEBI:18059	R-HSA-1222556,R-HSA-1369062,R-HSA-5682294,R-HSA-804914,R-HSA-8941413	5
Streptidine	RM0113201	C8H18N6O4	262.1390	Organic oxygen compounds	Alcohols and polyols	Aminocyclitols	439323	CHEBI:27405	HMDB0258506		C00837	MSXMXWJPFIDEMT-FAEUDGQSSA-N	[C@@H]1([C@@H]([C@H]([C@@H]([C@H]([C@@H]1O)O)O)NC(=N)N)O)NC(=N)N	Streptidine					CHEBI:184376,CHEBI:27405,CHEBI:27405	CHEBI:184376,CHEBI:27405,CHEBI:27405	CHEBI:184376,CHEBI:27405,CHEBI:27405	CHEBI:27405,CHEBI:184376	C00837	C00837	C00837	C00837						CHEBI:27405,CHEBI:184376	C00837						CHEBI:27405,CHEBI:184376	C00837					CHEBI:36916	R-HSA-936837	1
Enigmol	-	-	-	-	-	-	-		-	-		-	-	-					CHEBI:179061	CHEBI:179061	CHEBI:179061	CHEBI:179061										CHEBI:179061							CHEBI:179061						CHEBI:30879	R-HSA-1483166,R-HSA-2022377,R-HSA-8935690	3
C14 sphingosine	RM0135427	C14H29NO2	243.2198	Sphingolipids	Sphingoid bases	Sphingosines	42608342	CHEBI:83706		LMSP01040006		VDRZDTXJMRRVMF-NXFSIWHZSA-N	CCCCCCCCC/C=C/[C@H]([C@H](CO)N)O	C14 Sphingosine								CHEBI:83706									CHEBI:82878	CHEBI:82878,CHEBI:83706							CHEBI:82878,CHEBI:83706						CHEBI:35785	R-HSA-1660661	1
2-Ethoxynaphthalene	-	-	-	-	-	-	-		-	-		-	-	-					CHEBI:173790,CHEBI:173790	CHEBI:173790,CHEBI:173790	CHEBI:173790	CHEBI:173790										CHEBI:173790							CHEBI:173790								0
PE(19:0/22:6(4Z,7Z,10Z,13Z,16Z,19Z))	RM0173578	C46H80NO8P	805.5622	Glycerophospholipids	Glycerophosphoethanolamines	PE	52924493			LMGP02010792		PITVJCPCBXGCHJ-JEYZBBLHSA-N	CC/C=CC/C=CC/C=CC/C=CC/C=CC/C=CCCC(=O)O[C@H](COC(=O)CCCCCCCCCCCCCCCCCC)COP(=O)(O)OCCN	PE 19:0/22:6(4Z,7Z,10Z,13Z,16Z,19Z)					CHEBI:188185	CHEBI:188185	CHEBI:188185	CHEBI:188185										CHEBI:188185							CHEBI:188185						CHEBI:36314	R-HSA-1482788	1
spinosic acid A	-	-	-	-	-	-	-		-	-		-	-	-					CHEBI:39212	CHEBI:39212	CHEBI:39212	CHEBI:39212										CHEBI:39212							CHEBI:39212						CHEBI:18059	R-HSA-1222556,R-HSA-1369062,R-HSA-5682294,R-HSA-804914,R-HSA-8941413	5
8-trans-[2-(6-Benzoyloxy-4-hydroxy-2-methoxy-3-methylphenyl)ethenyl]-5-methoxyflavan-7-ol	-	-	-	-	-	-	-		-	-		-	-	-					CHEBI:140132	CHEBI:140132	CHEBI:140132	CHEBI:140132										CHEBI:140132							CHEBI:140132								0
Bradykinin	RM0138958	C50H73N15O11	1059.5614	Organic acids	Amino acids and peptides	Oligopeptides	439201	CHEBI:3165	HMDB0004246		C00306	QXZGBUJJYSLZLT-FDISYFBBSA-N	c1ccc(cc1)C[C@@H](C(=O)N[C@@H](CO)C(=O)N1CCC[C@H]1C(=O)N[C@@H](Cc1ccccc1)C(=O)N[C@@H](CCCNC(=N)N)C(=O)O)NC(=O)CNC(=O)[C@@H]1CCCN1C(=O)[C@@H]1CCCN1C(=O)[C@H](CCCNC(=N)N)N	Bradykinin			C00306	map04610	CHEBI:132988,CHEBI:3165	CHEBI:132988,CHEBI:3165	CHEBI:132988,CHEBI:3165	CHEBI:3165,CHEBI:132988	C00306	C00306	C00306	C00306			C00306	map04610		CHEBI:3165,CHEBI:132988	C00306			C00306	map04610		CHEBI:3165,CHEBI:132988	C00306			C00306	map04610	CHEBI:25676,CHEBI:36916	R-HSA-1236974,R-HSA-1236977,R-HSA-1236978,R-HSA-936837,R-HSA-9705671,R-HSA-983168,R-HSA-983170,R-HSA-9912633	8
Axillarin 7-sulfate	-	-	-	-	-	-	-		-	-		-	-	-					CHEBI:188021	CHEBI:188021	CHEBI:188021	CHEBI:188021										CHEBI:188021							CHEBI:188021								0
PC(O-19:0/0:0)	RM0180267	C27H58NO6P	523.4002	Glycerophospholipids	Glycerophosphocholines	O-LPC								LPC O-19:0					CHEBI:179154	CHEBI:179154	CHEBI:179154	CHEBI:179154										CHEBI:179154							CHEBI:179154						CHEBI:36313	R-HSA-1482788	1
PC(20:1(11Z)/18:4(6Z,9Z,12Z,15Z))	-	-	-	-	-	-	-		-	-		-	-	-					CHEBI:89103	CHEBI:89103	CHEBI:89103	CHEBI:89103										CHEBI:89103							CHEBI:89103						CHEBI:57643	R-HSA-111995,R-HSA-1369062,R-HSA-1482788,R-HSA-1482798,R-HSA-1482839,R-HSA-1483101,R-HSA-1483148,R-HSA-1483166,R-HSA-1483191,R-HSA-1483196,R-HSA-1660661,R-HSA-2029485,R-HSA-2142753,R-HSA-382556,R-HSA-5678771,R-HSA-5683678,R-HSA-5683826,R-HSA-5688399,R-HSA-6811436,R-HSA-8964058,R-HSA-9680350	21
(1S,2S)-3-oxo-2-pentyl-cyclopentanehexanoic acid	-	-	-	-	-	-	-		-	-		-	-	-					CHEBI:186814	CHEBI:186814	CHEBI:186814	CHEBI:186814										CHEBI:186814							CHEBI:186814						CHEBI:18059	R-HSA-1222556,R-HSA-1369062,R-HSA-5682294,R-HSA-804914,R-HSA-8941413	5
Gravolenic acid	-	-	-	-	-	-	-		-	-		-	-	-					CHEBI:172516	CHEBI:172516	CHEBI:172516	CHEBI:172516										CHEBI:172516							CHEBI:172516						CHEBI:33575	R-HSA-6809371	1
PC(20:3(5Z,8Z,11Z)/16:1(9Z))	-	-	-	-	-	-	-		-	-		-	-	-					CHEBI:89125	CHEBI:89125	CHEBI:89125	CHEBI:89125										CHEBI:89125							CHEBI:89125						CHEBI:57643	R-HSA-111995,R-HSA-1369062,R-HSA-1482788,R-HSA-1482798,R-HSA-1482839,R-HSA-1483101,R-HSA-1483148,R-HSA-1483166,R-HSA-1483191,R-HSA-1483196,R-HSA-1660661,R-HSA-2029485,R-HSA-2142753,R-HSA-382556,R-HSA-5678771,R-HSA-5683678,R-HSA-5683826,R-HSA-5688399,R-HSA-6811436,R-HSA-8964058,R-HSA-9680350	21
1-monopalmitin	RM0075518	C19H38O4	330.2770	Glycerolipids	Monoradylglycerols	MAG	3084463	CHEBI:75542	HMDB0011564	LMGL01010009		QHZLMUACJMDIAE-SFHVURJKSA-N	CCCCCCCCCCCCCCCC(=O)OC[C@H](CO)O	MG 16:0/0:0/0:0						CHEBI:75542	CHEBI:75542	CHEBI:75542									CHEBI:64757	CHEBI:64757,CHEBI:75542							CHEBI:64757,CHEBI:75542						CHEBI:17408	R-HSA-1482883,R-HSA-1483206,R-HSA-192456,R-HSA-6814848	4
(20R)-24-Hydroxy-19-norgeminivitamin D3	-	-	-	-	-	-	-		-	-		-	-	-					CHEBI:188016	CHEBI:188016	CHEBI:188016	CHEBI:188016										CHEBI:188016							CHEBI:188016						CHEBI:35341	R-HSA-196071	1
Trabectedin	-	-	-	-	-	-	-		-	-		-	-	-					CHEBI:84050	CHEBI:84050	CHEBI:84050	CHEBI:84050	C16875	C16875	C16875	C16875						CHEBI:84050	C16875						CHEBI:84050	C16875							0
Ritonavir	RM0136452	C37H48N6O5S2	720.3128	Organic acids	Amino acids and peptides	Amino acids	392622	CHEBI:45409	HMDB0014646		C07240	NCDNCNXCDXHOMX-XGKFQTDJSA-N	CC(C)[C@@H](C(=O)N[C@@H](Cc1ccccc1)C[C@@H]([C@H](Cc1ccccc1)NC(=O)OCc1cncs1)O)NC(=O)N(C)Cc1csc(C(C)C)n1	Ritonavir	CHEBI:45409	R-HSA-211945	C07240	map04976	CHEBI:45409	CHEBI:45409	CHEBI:45409	CHEBI:45409	C07240	C07240	C07240	C07240	CHEBI:45409	R-HSA-211945	C07240	map04976		CHEBI:45409	C07240	CHEBI:45409	R-HSA-211945	C07240	map04976		CHEBI:45409	C07240	CHEBI:45409	R-HSA-211945	C07240	map04976			0
Etodolac glucuronide	-	-	-	-	-	-	-		-	-		-	-	-																																	0
trans-Carveol	RM0136758	C10H16O	152.1201	Prenol Lipids	Isoprenoids	C10 isoprenoids	443178	CHEBI:15388	HMDB0059608		C11409	BAVONGHXFVOKBV-VHSXEESVSA-N	C=C(C)[C@H]1CC=C(C)[C@@H](C1)O	trans-Carveol			C11409	map01120,map00902,map00903				CHEBI:15388	C11409	C11409	C11409	C11409			C11409	map01120,map00902,map00903	CHEBI:15389	CHEBI:15388,CHEBI:15389	C00964,C11409			C00964,C11409	map01120,map00902,map00903,map01120,map00902,map00903		CHEBI:15388,CHEBI:15389	C00964,C11409			C00964,C11409	map01120,map00902,map00903,map01120,map00902,map00903	CHEBI:18059	R-HSA-1222556,R-HSA-1369062,R-HSA-5682294,R-HSA-804914,R-HSA-8941413	5
Hordatine A	RM0128457	C28H38N8O4	550.3016	Polyketides	Flavonoids	Other flavonoids	45485025	CHEBI:5762	HMDB0030461		C08307	KVYNYRIOAYQBFK-AIIPJEMGSA-N	C(CCNC(=N)N)CNC(=O)/C=C/c1ccc2c(c1)[C@@H]([C@@H](c1ccc(cc1)O)O2)C(=O)NCCCCNC(=N)N	Hordatine A			C08307	map01100,map01110,map00999	CHEBI:5762	CHEBI:5762	CHEBI:5762	CHEBI:5762	C08307	C08307	C08307	C08307			C08307	map01100,map01110,map00999		CHEBI:5762	C08307			C08307	map01100,map01110,map00999		CHEBI:5762	C08307			C08307	map01100,map01110,map00999			0
Ro 18-5364	-	-	-	-	-	-	-		-	-		-	-	-					CHEBI:80012	CHEBI:80012	CHEBI:80012	CHEBI:80012	C15665	C15665	C15665	C15665						CHEBI:80012	C15665						CHEBI:80012	C15665							0
PC(16:0/16:0)	RM0135046	C40H80NO8P	733.5622	Glycerophospholipids	Glycerophosphocholines	PC	452110	CHEBI:72999	HMDB0000564	LMGP01010564	C00157	KILNVBDSWZSGLL-KXQOOQHDSA-N	CCCCCCCCCCCCCCCC(=O)OC[C@H](COP(=O)([O-])OCC[N+](C)(C)C)OC(=O)CCCCCCCCCCCCCCC	PC 16:0/16:0			C00157	map01100,map01110,map00564,map00590,map00591,map00592,map04981,map04723,map05231	CHEBI:72999,CHEBI:40265,CHEBI:89009	CHEBI:40265,CHEBI:89009,CHEBI:72999,CHEBI:72999	CHEBI:72999,CHEBI:40265,CHEBI:89009	CHEBI:40265,CHEBI:72999,CHEBI:89009	C00157	C00157	C00157	C00157			C00157	map01100,map01110,map00564,map00590,map00591,map00592,map04981,map04723,map05231		CHEBI:40265,CHEBI:72999,CHEBI:89009	C00157			C00157	map01100,map01110,map00564,map00590,map00591,map00592,map04981,map04723,map05231		CHEBI:40265,CHEBI:72999,CHEBI:89009	C00157			C00157	map01100,map01110,map00564,map00590,map00591,map00592,map04981,map04723,map05231	CHEBI:36313,CHEBI:36916,CHEBI:57643	R-HSA-111995,R-HSA-1369062,R-HSA-1482788,R-HSA-1482798,R-HSA-1482839,R-HSA-1483101,R-HSA-1483148,R-HSA-1483166,R-HSA-1483191,R-HSA-1483196,R-HSA-1660661,R-HSA-2029485,R-HSA-2142753,R-HSA-382556,R-HSA-5678771,R-HSA-5683678,R-HSA-5683826,R-HSA-5688399,R-HSA-6811436,R-HSA-8964058,R-HSA-936837,R-HSA-9680350	22
Sphingosine	RM0135443	C18H37NO2	299.2824	Sphingolipids	Sphingoid bases	Sphingosines	5280335	CHEBI:16393	HMDB0000252	LMSP01010001	C00319	WWUZIQQURGPMPG-KRWOKUGFSA-N	CCCCCCCCCCCCC/C=C/[C@H]([C@H](CO)N)O	Sphingosine			C00319	map01100,map00600,map04071,map04210,map04217	CHEBI:16393,CHEBI:16393,CHEBI:45719	CHEBI:16393,CHEBI:16393,CHEBI:45719	CHEBI:16393,CHEBI:16393,CHEBI:45719	CHEBI:16393,CHEBI:45719	C00319	C00319	C00319	C00319			C00319	map01100,map00600,map04071,map04210,map04217	CHEBI:46962,CHEBI:46967,CHEBI:57756,CHEBI:77956	CHEBI:16393,CHEBI:45719,CHEBI:46962,CHEBI:46967,CHEBI:57756,CHEBI:77956	C00319	CHEBI:57756	R-HSA-9845614	C00319	map01100,map00600,map04071,map04210,map04217		CHEBI:16393,CHEBI:45719,CHEBI:46962,CHEBI:46967,CHEBI:57756,CHEBI:77956	C00319	CHEBI:57756	R-HSA-9845614	C00319	map01100,map00600,map04071,map04210,map04217			0
5'-Hydroxy-7,4'-dimethoxy-5,2'-oxido-4-phenylcoumarin	-	-	-	-	-	-	-		-	-		-	-	-					CHEBI:188042	CHEBI:188042	CHEBI:188042	CHEBI:188042										CHEBI:188042							CHEBI:188042								0
4alpha-formyl-4beta-methyl-5alpha-cholesta-8,24-dien-3beta-ol	RM0135696	C29H46O2	426.3498	Sterol Lipids	Sterols	Cholesterols	22298937	CHEBI:87287	HMDB0062387	LMST01010229		GFGANDKVOKQAGH-WKYRUEGDSA-N	CC(=CCC[C@@H](C)[C@H]1CC[C@H]2C3=C(CC[C@]12C)[C@@]1(C)CC[C@@H]([C@@](C)(C=O)[C@@H]1CC3)O)C	4alpha-Formyl-4beta-methyl-5alpha-cholesta-8,24-dien-3beta-ol								CHEBI:87287										CHEBI:87287							CHEBI:87287						CHEBI:30879,CHEBI:35341	R-HSA-1483166,R-HSA-196071,R-HSA-2022377,R-HSA-8935690	4
16:3(2E,10E,12E)(3Me,5Me[R],7My,15Me)	-	-	-	-	-	-	-		-	-		-	-	-					CHEBI:187946	CHEBI:187946	CHEBI:187946	CHEBI:187946										CHEBI:187946							CHEBI:187946						CHEBI:15904	R-HSA-1369062,R-HSA-192456,R-HSA-3000471,R-HSA-390247,R-HSA-5684045,R-HSA-77289,R-HSA-8963901,R-HSA-8964058,R-HSA-975634	9
(5b,7a,12a)-(1,3-dihydro-5-nitro-1,3-dioxo-2H-isoindol-2-yl)methyl ester	-	-	-	-	-	-	-		-	-		-	-	-																																	0
Cholic acid	RM0135798	C24H40O5	408.2876	Sterol Lipids	Bile acids	C24 bile acids	221493	CHEBI:16359	HMDB0000619	LMST04010001	C00695	BHQCQFFYRZLCQQ-OELDTZBJSA-N	C[C@H](CCC(=O)O)[C@H]1CC[C@H]2[C@H]3[C@H](C[C@@H]([C@]12C)O)[C@@]1(C)CC[C@H](C[C@H]1C[C@H]3O)O	Cholic acid			C00695	map01100,map00120,map00121,map04976	CHEBI:16359,CHEBI:16359,CHEBI:16359	CHEBI:16359,CHEBI:16359,CHEBI:16359	CHEBI:16359,CHEBI:16359,CHEBI:16359	CHEBI:16359	C00695	C00695	C00695	C00695			C00695	map01100,map00120,map00121,map04976	CHEBI:29747	CHEBI:16359,CHEBI:29747	C00695	CHEBI:29747	R-HSA-159418,R-HSA-192456,R-HSA-193368,R-HSA-373076,R-HSA-418555,R-HSA-446210,R-HSA-879518	C00695	map01100,map00120,map00121,map04976		CHEBI:16359,CHEBI:29747	C00695	CHEBI:29747	R-HSA-159418,R-HSA-192456,R-HSA-193368,R-HSA-373076,R-HSA-418555,R-HSA-446210,R-HSA-879518	C00695	map01100,map00120,map00121,map04976			0
LUPANYL ACID	-	-	-	-	-	-	-		-	-		-	-	-																																	0
7-hydroxycoumarinyl--Linolenate	-	-	-	-	-	-	-		-	-		-	-	-																																	0
PC(18:0/2:0)	RM0031576	C28H56NO8P	565.3744	Glycerophospholipids	Glycerophosphocholines	Ox-PC	135340	CHEBI:75220		LMGP01010779		ILLILTKBYHPOIA-HHHXNRCGSA-N	CCCCCCCCCCCCCCCCCC(=O)OC[C@H](COP(=O)([O-])OCC[N+](C)(C)C)OC(=O)C	PC 18:0/2:0					CHEBI:75220	CHEBI:75220	CHEBI:75220	CHEBI:75220										CHEBI:75220							CHEBI:75220						CHEBI:57643	R-HSA-111995,R-HSA-1369062,R-HSA-1482788,R-HSA-1482798,R-HSA-1482839,R-HSA-1483101,R-HSA-1483148,R-HSA-1483166,R-HSA-1483191,R-HSA-1483196,R-HSA-1660661,R-HSA-2029485,R-HSA-2142753,R-HSA-382556,R-HSA-5678771,R-HSA-5683678,R-HSA-5683826,R-HSA-5688399,R-HSA-6811436,R-HSA-8964058,R-HSA-9680350	21
PG(19:0/0:0)	RM0134422	C25H51O9P	526.3271	Glycerophospholipids	Glycerophosphoglycerols	LPG								LPG 19:0/0:0					CHEBI:185827	CHEBI:185827	CHEBI:185827	CHEBI:185827										CHEBI:185827							CHEBI:185827						CHEBI:37739	R-HSA-9845576	1
3-Hydroxyomeprazole	-	-	-	-	-	-	-		-	-		-	-	-					CHEBI:188115	CHEBI:188115	CHEBI:188115	CHEBI:188115										CHEBI:188115							CHEBI:188115								0
Hypaphorine	RM0108718	C14H18N2O2	246.1368	Alkaloids	Tryptophan alkaloids	Tryptamines	442106	CHEBI:5832	HMDB0061115		C09213	AOHCBEAZXHZMOR-ZDUSSCGKSA-N	C[N+](C)(C)[C@@H](Cc1c[nH]c2ccccc12)C(=O)[O-]	Lenticin					CHEBI:5832	CHEBI:5832	CHEBI:5832	CHEBI:5832	C09213	C09213	C09213	C09213						CHEBI:5832	C09213						CHEBI:5832	C09213							0
7-oxo-11E,13-Tetradecadienoic acid	-	-	-	-	-	-	-		-	-		-	-	-					CHEBI:168724	CHEBI:168724	CHEBI:168724	CHEBI:168724										CHEBI:168724							CHEBI:168724						CHEBI:15904	R-HSA-1369062,R-HSA-192456,R-HSA-3000471,R-HSA-390247,R-HSA-5684045,R-HSA-77289,R-HSA-8963901,R-HSA-8964058,R-HSA-975634	9
Sphinganine	RM0135445	C18H39NO2	301.2981	Sphingolipids	Sphingoid bases	Sphinganines	91486	CHEBI:16566	HMDB0000269	LMSP01020001	C00836	OTKJDMGTUTTYMP-ZWKOTPCHSA-N	CCCCCCCCCCCCCCC[C@H]([C@H](CO)N)O	Sphinganine			C00836	map01100,map00600,map04071,map04382	CHEBI:16566,CHEBI:16566,CHEBI:57817	CHEBI:16566,CHEBI:16566,CHEBI:57817	CHEBI:16566,CHEBI:16566,CHEBI:57817	CHEBI:16566,CHEBI:57817	C00836	C00836	C00836	C00836			C00836	map01100,map00600,map04071,map04382		CHEBI:16566,CHEBI:57817	C00836			C00836	map01100,map00600,map04071,map04382		CHEBI:16566,CHEBI:57817	C00836			C00836	map01100,map00600,map04071,map04382	CHEBI:35785,CHEBI:84410	R-HSA-1660661,R-HSA-5218921,R-HSA-9009391,R-HSA-9840310,R-HSA-9845614	5
9,10,18-TriHOME(12)	-	-	-	-	-	-	-		-	-		-	-	-					CHEBI:185042	CHEBI:185042	CHEBI:185042	CHEBI:185042										CHEBI:185042							CHEBI:185042						CHEBI:15904	R-HSA-1369062,R-HSA-192456,R-HSA-3000471,R-HSA-390247,R-HSA-5684045,R-HSA-77289,R-HSA-8963901,R-HSA-8964058,R-HSA-975634	9
PC(O-16:0/20:3(8Z,11Z,14Z))	RM0133726	C44H84NO7P	769.5985	Glycerophospholipids	Glycerophosphocholines	O-PC	16759365	CHEBI:86436	HMDB0039527	LMGP01020053		VYKSGWCIVDQIQR-MEAIPJDCSA-N	CCCCC/C=CC/C=CC/C=CCCCCCCC(=O)O[C@H](COCCCCCCCCCCCCCCCC)COP(=O)([O-])OCC[N+](C)(C)C	PC O-16:0/20:3(8Z,11Z,14Z)					CHEBI:86436	CHEBI:86436	CHEBI:86436	CHEBI:86436										CHEBI:86436							CHEBI:86436						CHEBI:36313	R-HSA-1482788	1
Xanthoplanine	-	-	-	-	-	-	-		-	-		-	-	-					CHEBI:175585	CHEBI:175585	CHEBI:175585	CHEBI:175585										CHEBI:175585							CHEBI:175585								0
2,3-Butanediol apiosylglucoside	-	-	-	-	-	-	-		-	-		-	-	-					CHEBI:169193	CHEBI:169193	CHEBI:169193	CHEBI:169193										CHEBI:169193							CHEBI:169193								0
Met-Arg-Phe-Ala acetate salt	-	-	-	-	-	-	-		-	-		-	-	-					CHEBI:188119	CHEBI:188119	CHEBI:188119	CHEBI:188119										CHEBI:188119							CHEBI:188119						CHEBI:25676	R-HSA-1236974,R-HSA-1236977,R-HSA-1236978,R-HSA-9705671,R-HSA-983168,R-HSA-983170,R-HSA-9912633	7
6-Hydroxypentadecanedioic acid	-	-	-	-	-	-	-		-	-		-	-	-					CHEBI:168491,CHEBI:168491	CHEBI:168491,CHEBI:168491	CHEBI:168491	CHEBI:168491										CHEBI:168491							CHEBI:168491						CHEBI:15904	R-HSA-1369062,R-HSA-192456,R-HSA-3000471,R-HSA-390247,R-HSA-5684045,R-HSA-77289,R-HSA-8963901,R-HSA-8964058,R-HSA-975634	9
5alpha-Cholestane-3alpha,7alpha,16alpha,26-tetrol	-	-	-	-	-	-	-		-	-		-	-	-					CHEBI:186969	CHEBI:186969	CHEBI:186969	CHEBI:186969										CHEBI:186969							CHEBI:186969						CHEBI:33575,CHEBI:35341	R-HSA-196071,R-HSA-6809371	2
Fonofos	-	-	-	-	-	-	-		-	-		-	-	-					CHEBI:38689	CHEBI:38689	CHEBI:38689	CHEBI:38689	C18987	C18987	C18987	C18987						CHEBI:38689	C18987						CHEBI:38689	C18987							0
Allodeoxycholic acid	RM0135806	C24H40O4	392.2927	Sterol Lipids	Bile acids	C24 bile acids	5283833	CHEBI:81276	HMDB0000478	LMST04010044	C17687	KXGVEGMKQFWNSR-WFTUMUMQSA-N	C[C@H](CCC(=O)O)[C@H]1CC[C@H]2[C@@H]3CC[C@H]4C[C@@H](CC[C@]4(C)[C@H]3C[C@@H]([C@]12C)O)O	Allodeoxycholic acid			C17687	map00121	CHEBI:81276	CHEBI:81276	CHEBI:81276	CHEBI:81276	C17687	C17687	C17687	C17687			C17687	map00121	CHEBI:137662	CHEBI:81276,CHEBI:137662	C17687			C17687	map00121		CHEBI:81276,CHEBI:137662	C17687			C17687	map00121	CHEBI:30879,CHEBI:35341	R-HSA-1483166,R-HSA-196071,R-HSA-2022377,R-HSA-8935690	4
2-Methyl-1,4-naphthalenediol bis(dihydrogen phosphate)	-	-	-	-	-	-	-		-	-		-	-	-																																	0
Thyrotropin-releasing factor	-	-	-	-	-	-	-		-	-		-	-	-					CHEBI:35940	CHEBI:35940	CHEBI:35940	CHEBI:35940	C03958	C03958	C03958	C03958						CHEBI:35940	C03958						CHEBI:35940	C03958					CHEBI:47923	R-HSA-427975	1
5-(1-hydroxypropan-2-yl)isolongifol-5-ene	-	-	-	-	-	-	-		-	-		-	-	-					CHEBI:48321	CHEBI:48321	CHEBI:48321	CHEBI:48321										CHEBI:48321							CHEBI:48321						CHEBI:18059	R-HSA-1222556,R-HSA-1369062,R-HSA-5682294,R-HSA-804914,R-HSA-8941413	5
PC(O-18:1(9Z)/O-1:0)	-	-	-	-	-	-	-		-	-		-	-	-					CHEBI:187992	CHEBI:187992	CHEBI:187992	CHEBI:187992										CHEBI:187992							CHEBI:187992						CHEBI:36313	R-HSA-1482788	1
Cholesterol	RM0135639	C27H46O	386.3549	Sterol Lipids	Sterols	Cholesterols	5997	CHEBI:16113	HMDB0000067	LMST01010001	C00187	HVYWMOMLDIMFJA-DPAQBDIFSA-N	CC(C)CCC[C@@H](C)[C@H]1CC[C@H]2[C@@H]3CC=C4C[C@H](CC[C@]4(C)[C@H]3CC[C@]12C)O	Cholesterol	CHEBI:16113	R-HSA-1369062,R-HSA-156584,R-HSA-163560,R-HSA-1655829,R-HSA-191273,R-HSA-192105,R-HSA-192456,R-HSA-193368,R-HSA-193775,R-HSA-193807,R-HSA-196108,R-HSA-202733,R-HSA-211945,R-HSA-211976,R-HSA-2168880,R-HSA-3000471,R-HSA-3000471,R-HSA-3000480,R-HSA-3000480,R-HSA-3000484,R-HSA-3000484,R-HSA-3000497,R-HSA-432142,R-HSA-5358346,R-HSA-5362768,R-HSA-5679090,R-HSA-5679096,R-HSA-5682113,R-HSA-5686938,R-HSA-6807047,R-HSA-6809371,R-HSA-8856825,R-HSA-8856828,R-HSA-8866423,R-HSA-8963678,R-HSA-8963888,R-HSA-8963896,R-HSA-8963901,R-HSA-8964011,R-HSA-8964026,R-HSA-8964026,R-HSA-8964038,R-HSA-8964038,R-HSA-8964041,R-HSA-8964046,R-HSA-8964046,R-HSA-8964058,R-HSA-9707616,R-HSA-975634,R-HSA-975634,R-HSA-9918432,R-HSA-9918481,R-HSA-9920588,R-HSA-9969901	C00187	map01100,map01120,map00100,map00120,map00140,map00981,map00996,map00984,map01066,map04148,map04913,map04925,map04927,map04976,map04975,map04979,map04977,map04382,map05200,map05217,map05417,map04934	CHEBI:16113,CHEBI:16113,CHEBI:16113	CHEBI:16113,CHEBI:16113,CHEBI:16113	CHEBI:16113,CHEBI:16113,CHEBI:16113	CHEBI:16113	C00187	C00187	C00187	C00187	CHEBI:16113	R-HSA-1369062,R-HSA-156584,R-HSA-163560,R-HSA-1655829,R-HSA-191273,R-HSA-192105,R-HSA-192456,R-HSA-193368,R-HSA-193775,R-HSA-193807,R-HSA-196108,R-HSA-202733,R-HSA-211945,R-HSA-211976,R-HSA-2168880,R-HSA-3000471,R-HSA-3000471,R-HSA-3000480,R-HSA-3000480,R-HSA-3000484,R-HSA-3000484,R-HSA-3000497,R-HSA-432142,R-HSA-5358346,R-HSA-5362768,R-HSA-5679090,R-HSA-5679096,R-HSA-5682113,R-HSA-5686938,R-HSA-6807047,R-HSA-6809371,R-HSA-8856825,R-HSA-8856828,R-HSA-8866423,R-HSA-8963678,R-HSA-8963888,R-HSA-8963896,R-HSA-8963901,R-HSA-8964011,R-HSA-8964026,R-HSA-8964026,R-HSA-8964038,R-HSA-8964038,R-HSA-8964041,R-HSA-8964046,R-HSA-8964046,R-HSA-8964058,R-HSA-9707616,R-HSA-975634,R-HSA-975634,R-HSA-9918432,R-HSA-9918481,R-HSA-9920588,R-HSA-9969901	C00187	map01100,map01120,map00100,map00120,map00140,map00981,map00996,map00984,map01066,map04148,map04913,map04925,map04927,map04976,map04975,map04979,map04977,map04382,map05200,map05217,map05417,map04934		CHEBI:16113	C00187	CHEBI:16113	R-HSA-1369062,R-HSA-156584,R-HSA-163560,R-HSA-1655829,R-HSA-191273,R-HSA-192105,R-HSA-192456,R-HSA-193368,R-HSA-193775,R-HSA-193807,R-HSA-196108,R-HSA-202733,R-HSA-211945,R-HSA-211976,R-HSA-2168880,R-HSA-3000471,R-HSA-3000471,R-HSA-3000480,R-HSA-3000480,R-HSA-3000484,R-HSA-3000484,R-HSA-3000497,R-HSA-432142,R-HSA-5358346,R-HSA-5362768,R-HSA-5679090,R-HSA-5679096,R-HSA-5682113,R-HSA-5686938,R-HSA-6807047,R-HSA-6809371,R-HSA-8856825,R-HSA-8856828,R-HSA-8866423,R-HSA-8963678,R-HSA-8963888,R-HSA-8963896,R-HSA-8963901,R-HSA-8964011,R-HSA-8964026,R-HSA-8964026,R-HSA-8964038,R-HSA-8964038,R-HSA-8964041,R-HSA-8964046,R-HSA-8964046,R-HSA-8964058,R-HSA-9707616,R-HSA-975634,R-HSA-975634,R-HSA-9918432,R-HSA-9918481,R-HSA-9920588,R-HSA-9969901	C00187	map01100,map01120,map00100,map00120,map00140,map00981,map00996,map00984,map01066,map04148,map04913,map04925,map04927,map04976,map04975,map04979,map04977,map04382,map05200,map05217,map05417,map04934		CHEBI:16113	C00187	CHEBI:16113	R-HSA-1369062,R-HSA-156584,R-HSA-163560,R-HSA-1655829,R-HSA-191273,R-HSA-192105,R-HSA-192456,R-HSA-193368,R-HSA-193775,R-HSA-193807,R-HSA-196108,R-HSA-202733,R-HSA-211945,R-HSA-211976,R-HSA-2168880,R-HSA-3000471,R-HSA-3000471,R-HSA-3000480,R-HSA-3000480,R-HSA-3000484,R-HSA-3000484,R-HSA-3000497,R-HSA-432142,R-HSA-5358346,R-HSA-5362768,R-HSA-5679090,R-HSA-5679096,R-HSA-5682113,R-HSA-5686938,R-HSA-6807047,R-HSA-6809371,R-HSA-8856825,R-HSA-8856828,R-HSA-8866423,R-HSA-8963678,R-HSA-8963888,R-HSA-8963896,R-HSA-8963901,R-HSA-8964011,R-HSA-8964026,R-HSA-8964026,R-HSA-8964038,R-HSA-8964038,R-HSA-8964041,R-HSA-8964046,R-HSA-8964046,R-HSA-8964058,R-HSA-9707616,R-HSA-975634,R-HSA-975634,R-HSA-9918432,R-HSA-9918481,R-HSA-9920588,R-HSA-9969901	C00187	map01100,map01120,map00100,map00120,map00140,map00981,map00996,map00984,map01066,map04148,map04913,map04925,map04927,map04976,map04975,map04979,map04977,map04382,map05200,map05217,map05417,map04934			0
LysoPC(18:0)	RM0106163	C26H54NO7P	523.3638	Glycerophospholipids	Glycerophosphocholines	LPC								LPC 18:0					CHEBI:64561,CHEBI:73858	CHEBI:76076,CHEBI:64561,CHEBI:64561,CHEBI:73858	CHEBI:64561,CHEBI:76076,CHEBI:73858	CHEBI:64561,CHEBI:73858,CHEBI:76076										CHEBI:64561,CHEBI:73858,CHEBI:76076						CHEBI:91299,CHEBI:91313,CHEBI:132278,CHEBI:132280	CHEBI:64561,CHEBI:73858,CHEBI:76076,CHEBI:91299,CHEBI:91313,CHEBI:132278,CHEBI:132280						CHEBI:58168,CHEBI:60479	R-HSA-111995,R-HSA-1482839,R-HSA-1483115,R-HSA-2142753,R-HSA-3000471,R-HSA-3000480,R-HSA-3000484,R-HSA-5686938,R-HSA-6814848	9
Gliquidone	-	-	-	-	-	-	-		-	-		-	-	-																																	0
PE(20:3(8Z,11Z,14Z)/19:1(9Z))	-	-	-	-	-	-	-		-	-		-	-	-					CHEBI:188030	CHEBI:188030	CHEBI:188030	CHEBI:188030										CHEBI:188030							CHEBI:188030						CHEBI:36314	R-HSA-1482788	1
PA(17:2(9Z,12Z)/22:6(4Z,7Z,10Z,13Z,16Z,19Z))	RM0172798	C42H67O8P	730.4574	Glycerophospholipids	Glycerophosphates	PA	52928898			LMGP10010305		QRMFTHHOABKWOT-QZBLFBDFSA-N	CC/C=CC/C=CC/C=CC/C=CC/C=CC/C=CCCC(=O)O[C@H](COC(=O)CCCCCCC/C=CC/C=CCCCC)COP(=O)(O)O	PA 17:2(9Z,12Z)/22:6(4Z,7Z,10Z,13Z,16Z,19Z)					CHEBI:188271	CHEBI:188271	CHEBI:188271	CHEBI:188271										CHEBI:188271							CHEBI:188271						CHEBI:37739	R-HSA-9845576	1
Behenoyl-EA	RM0153085	C24H49NO2	383.3763	Fatty Acyls	Fatty amides	NAE	3023585	CHEBI:146186		LMFA08040052		XHFWUECSNJWBJU-UHFFFAOYSA-N	CCCCCCCCCCCCCCCCCCCCCC(=O)NCCO	Behenoyl-EA					CHEBI:146186	CHEBI:146186	CHEBI:146186	CHEBI:146186										CHEBI:146186							CHEBI:146186						CHEBI:30879	R-HSA-1483166,R-HSA-2022377,R-HSA-8935690	3
PI(20:0/0:0)	RM0173300	C29H57O12P	628.3588	Glycerophospholipids	Glycerophosphoinositols	LPI								LPI 20:0/0:0					CHEBI:185591	CHEBI:185591	CHEBI:185591	CHEBI:185591										CHEBI:185591							CHEBI:185591						CHEBI:37739	R-HSA-9845576	1
TrHA	-	-	-	-	-	-	-		-	-		-	-	-					CHEBI:173193	CHEBI:173193	CHEBI:173193	CHEBI:173193										CHEBI:173193							CHEBI:173193						CHEBI:35366	R-HSA-1482883,R-HSA-167826,R-HSA-422085,R-HSA-426048,R-HSA-6809371,R-HSA-6811436,R-HSA-8963889,R-HSA-8964038	8
10S-HpOME	RM0134992	C18H34O4	314.2457	Fatty Acyls	Octadecanoids	HpOME	56935841	CHEBI:75831		LMFA02000059		HTIQDCPWTUODDW-VMEIHUARSA-N	CCCCCCCC[C@@H](/C=C/CCCCCCC(=O)O)OO	10S-HpOME					CHEBI:75831	CHEBI:75831	CHEBI:75831	CHEBI:75831									CHEBI:75341	CHEBI:75341,CHEBI:75831							CHEBI:75341,CHEBI:75831						CHEBI:15904	R-HSA-1369062,R-HSA-192456,R-HSA-3000471,R-HSA-390247,R-HSA-5684045,R-HSA-77289,R-HSA-8963901,R-HSA-8964058,R-HSA-975634	9
PC(0:0/20:4(5Z,8Z,11Z,14Z))	-	-	-	-	-	-	-		-	-		-	-	-					CHEBI:76079	CHEBI:76079	CHEBI:76079	CHEBI:76079										CHEBI:76079							CHEBI:76079						CHEBI:60479	R-HSA-1483115,R-HSA-3000471,R-HSA-3000480,R-HSA-3000484,R-HSA-5686938,R-HSA-6814848	6
Avermectin B2b aglycone	RM0056169	C33H48O9	588.3298	Polyketides	Macrolides	Macrolides	118701676	CHEBI:29544			C11955	CZMBJLNTFCNLGQ-JEBKIHFCSA-N	CC(C)[C@@H]1[C@@H](C)[C@H](C[C@]2(C[C@@H]3C[C@@H](C/C=C(\C)/[C@H]([C@@H](C)/C=C/C=C/4\CO[C@@H]5[C@@H](C(=CC(C(=O)O3)[C@]45O)C)O)O)O2)O1)O	Avermectin B2b aglycone			C11955	map00522	CHEBI:29544	CHEBI:29544	CHEBI:29544	CHEBI:29544	C11955	C11955	C11955	C11955			C11955	map00522		CHEBI:29544	C11955			C11955	map00522		CHEBI:29544	C11955			C11955	map00522			0
3-Deoxy-D-glycero-D-galacto-2-nonulosonic acid	RM0186590	C9H16O9	268.0794	Carbohydrates	Monosaccharides	Sugar acids	13991616	CHEBI:71429	HMDB0000425			CLRLHXKNIYJWAW-QBTAGHCHSA-N	C1[C@@H]([C@H]([C@H]([C@@H]([C@@H](CO)O)O)OC1(C(=O)O)O)O)O	KDN					CHEBI:71429	CHEBI:71429	CHEBI:71429	CHEBI:71429										CHEBI:71429						CHEBI:71432,CHEBI:90988,CHEBI:131593,CHEBI:232096	CHEBI:71429,CHEBI:71432,CHEBI:90988,CHEBI:131593,CHEBI:232096						CHEBI:33575	R-HSA-6809371	1
(25R)-12alpha-hydroxy-24R,26R-dimethyl-26,27-cyclo-cholest-4-en-3,6-dione	-	-	-	-	-	-	-		-	-		-	-	-					CHEBI:168280	CHEBI:168280	CHEBI:168280	CHEBI:168280										CHEBI:168280							CHEBI:168280						CHEBI:35341	R-HSA-196071	1
Dinoflagellate luciferin	-	-	-	-	-	-	-		-	-		-	-	-					CHEBI:61702,CHEBI:61796	CHEBI:61702,CHEBI:61796	CHEBI:61702,CHEBI:61796	CHEBI:61702,CHEBI:61796									CHEBI:61706	CHEBI:61702,CHEBI:61706,CHEBI:61796							CHEBI:61702,CHEBI:61706,CHEBI:61796						CHEBI:25696,CHEBI:33575	R-HSA-382556,R-HSA-428643,R-HSA-5690338,R-HSA-6809371	4
Perfluorooctanoic acid	RM0033243	C8HF15O2	413.9737	Organohalogen compounds	Alkyl halides	Perfluoroalkyl carboxylic acids	9554	CHEBI:35549	HMDB0059587			SNGREZUHAYWORS-UHFFFAOYSA-N	C(=O)(C(C(C(C(C(C(C(F)(F)F)(F)F)(F)F)(F)F)(F)F)(F)F)(F)F)O	Perfluorooctanoic acid					CHEBI:35549	CHEBI:35549	CHEBI:35549	CHEBI:35549										CHEBI:35549							CHEBI:35549						CHEBI:33575	R-HSA-6809371	1
PI(O-16:0/20:5(5Z,8Z,11Z,14Z,17Z))	-	-	-	-	-	-	-		-	-		-	-	-					CHEBI:188233	CHEBI:188233	CHEBI:188233	CHEBI:188233										CHEBI:188233							CHEBI:188233						CHEBI:37739	R-HSA-9845576	1
Pristanic acid	RM0118411	C19H38O2	298.2872	Prenol Lipids	Isoprenoids	C20 isoprenoids	123929	CHEBI:51340	HMDB0000795	LMPR0104010022		PAHGJZDQXIOYTH-UHFFFAOYSA-N	CC(C)CCCC(C)CCCC(C)CCCC(C)C(=O)O	Pristanic acid					CHEBI:51340	CHEBI:51340	CHEBI:51340	CHEBI:51340									CHEBI:77268	CHEBI:51340,CHEBI:77268		CHEBI:77268	R-HSA-389599			CHEBI:143967	CHEBI:51340,CHEBI:77268,CHEBI:143967		CHEBI:77268	R-HSA-389599					0
Zizyphine A	-	-	-	-	-	-	-		-	-		-	-	-					CHEBI:10121	CHEBI:10121	CHEBI:10121	CHEBI:10121	C10015	C10015	C10015	C10015						CHEBI:10121	C10015						CHEBI:10121	C10015					CHEBI:16670	R-HSA-1222556,R-HSA-1236977,R-HSA-1236978,R-HSA-3000480,R-HSA-3000497,R-HSA-445989,R-HSA-6803157,R-HSA-879415,R-HSA-8941413,R-HSA-933542	10
PS(O-18:0/18:2(9Z,12Z))	RM0173732	C42H80NO9P	773.5571	Glycerophospholipids	Glycerophosphoserines	O-PS	52926117			LMGP03020028		WXRCHXMWBCRFEC-XUJMPRFSSA-N	CCCCCCCCCCCCCCCCCCOC[C@H](COP(=O)(O)OC[C@@H](C(=O)O)N)OC(=O)CCCCCCC/C=CC/C=CCCCCC	PS O-18:0/18:2(9Z,12Z)					CHEBI:188111	CHEBI:188111	CHEBI:188111	CHEBI:188111										CHEBI:188111							CHEBI:188111						CHEBI:18059,CHEBI:37739,CHEBI:52575	R-HSA-1222556,R-HSA-1369062,R-HSA-5682294,R-HSA-75109,R-HSA-804914,R-HSA-8941413,R-HSA-9845576	7
18-oxo-nonadecanoic acid	RM0153245	C19H36O3	312.2664	Fatty Acyls	Fatty acids	Oxo FA	5312917	CHEBI:165429		LMFA01060129		ZNFQHZMNVKPFIZ-UHFFFAOYSA-N	CC(=O)CCCCCCCCCCCCCCCCC(=O)O	18-Oxononadecanoic acid					CHEBI:165429,CHEBI:165429	CHEBI:165429,CHEBI:165429	CHEBI:165429,CHEBI:165429	CHEBI:165429										CHEBI:165429							CHEBI:165429						CHEBI:15904	R-HSA-1369062,R-HSA-192456,R-HSA-3000471,R-HSA-390247,R-HSA-5684045,R-HSA-77289,R-HSA-8963901,R-HSA-8964058,R-HSA-975634	9
3,9,15-Docosatriynoic acid	RM0153219	C22H32O2	328.2402	Fatty Acyls	Fatty acids	Unsaturated FA	9543598	CHEBI:165463		LMFA01030683		CMTSTCUCQFCZHU-UHFFFAOYSA-N	CCCCCCC#CCCCCC#CCCCCC#CCC(=O)O	3,9,15-Docosatriynoic acid					CHEBI:165463	CHEBI:165463	CHEBI:165463	CHEBI:165463										CHEBI:165463							CHEBI:165463						CHEBI:35366	R-HSA-1482883,R-HSA-167826,R-HSA-422085,R-HSA-426048,R-HSA-6809371,R-HSA-6811436,R-HSA-8963889,R-HSA-8964038	8
Chenodeoxyglycocholate	RM0135850	C26H43NO5	449.3141	Sterol Lipids	Bile acids	C24 bile acids	12544	CHEBI:36274	HMDB0000637	LMST05030008	C05466	GHCZAUBVMUEKKP-GYPHWSFCSA-N	C[C@H](CCC(=O)NCC(=O)O)[C@H]1CC[C@H]2[C@H]3[C@H](CC[C@]12C)[C@@]1(C)CC[C@H](C[C@H]1C[C@H]3O)O	Glycochenodeoxycholic acid			C05466	map00120,map00121,map04976,map04979	CHEBI:36274,CHEBI:36274,CHEBI:36274	CHEBI:36274,CHEBI:36274,CHEBI:36274	CHEBI:36274,CHEBI:36274,CHEBI:36274	CHEBI:36274	C05466	C05466	C05466	C05466			C05466	map00120,map00121,map04976,map04979	CHEBI:36252	CHEBI:36252,CHEBI:36274	C05466	CHEBI:36252	R-HSA-159418,R-HSA-192456,R-HSA-193368,R-HSA-5678520,R-HSA-879518	C05466	map00120,map00121,map04976,map04979		CHEBI:36252,CHEBI:36274	C05466	CHEBI:36252	R-HSA-159418,R-HSA-192456,R-HSA-193368,R-HSA-5678520,R-HSA-879518	C05466	map00120,map00121,map04976,map04979			0
3-Methoxytyrosine	RM0205095	C10H13NO4	211.0840	Organic acids	Amino acids and peptides	Amino acids	9307	CHEBI:133668	HMDB0060747			PFDUUKDQEHURQC-ZETCQYMHSA-N	COc1cc(ccc1O)C[C@@H](C(=O)O)N	3-O-Methyl-DOPA					CHEBI:172453	CHEBI:172453	CHEBI:172453	CHEBI:133668,CHEBI:172453									CHEBI:82913	CHEBI:82913,CHEBI:133668,CHEBI:172453							CHEBI:82913,CHEBI:133668,CHEBI:172453						CHEBI:59869	R-HSA-1222538,R-HSA-1236974,R-HSA-1236977,R-HSA-1236978,R-HSA-1237112,R-HSA-983168,R-HSA-983170	7
Cholesterol sulfate	RM0135845	C27H46O4S	466.3117	Sterol Lipids	Sterols	Cholesterols	65076	CHEBI:41321	HMDB0000653	LMST05020016	C18043	BHYOQNUELFTYRT-DPAQBDIFSA-N	CC(C)CCC[C@@H](C)[C@H]1CC[C@H]2[C@@H]3CC=C4C[C@H](CC[C@]4(C)[C@H]3CC[C@]12C)OS(=O)(=O)O	Cholesterol sulfate			C18043	map01100,map00140	CHEBI:136579,CHEBI:41321	CHEBI:136579,CHEBI:41321	CHEBI:136579,CHEBI:41321	CHEBI:41321,CHEBI:136579	C18043	C18043	C18043	C18043	CHEBI:136579	R-HSA-156584	C18043	map01100,map00140		CHEBI:41321,CHEBI:136579	C18043	CHEBI:136579	R-HSA-156584	C18043	map01100,map00140		CHEBI:41321,CHEBI:136579	C18043	CHEBI:136579	R-HSA-156584	C18043	map01100,map00140			0
Cer(d18:0/14:0)	RM0135511	C32H65NO3	511.4964	Sphingolipids	Ceramides	DHCer	10255824	CHEBI:67045	HMDB0011759	LMSP02020016		UDTSZXVRDXQARY-IOWSJCHKSA-N	CCCCCCCCCCCCCCC[C@H]([C@H](CO)NC(=O)CCCCCCCCCCCCC)O	Cer 18:0;O2/14:0					CHEBI:67045	CHEBI:67045	CHEBI:67045	CHEBI:67045										CHEBI:67045							CHEBI:67045						CHEBI:139048	R-HSA-1660661	1
8S-hydroxy-hexadecanoic acid	-	-	-	-	-	-	-		-	-		-	-	-					CHEBI:187997	CHEBI:187997	CHEBI:187997	CHEBI:187997										CHEBI:187997							CHEBI:187997						CHEBI:15904	R-HSA-1369062,R-HSA-192456,R-HSA-3000471,R-HSA-390247,R-HSA-5684045,R-HSA-77289,R-HSA-8963901,R-HSA-8964058,R-HSA-975634	9
MG(0:0/16:0/0:0)	RM0135021	C19H38O4	330.2770	Glycerolipids	Monoradylglycerols	MAG	123409	CHEBI:75455	HMDB0011533	LMGL01010025		BBNYCLAREVXOSG-UHFFFAOYSA-N	CCCCCCCCCCCCCCCC(=O)OC(CO)CO	MG 0:0/16:0/0:0						CHEBI:75455	CHEBI:75455	CHEBI:75455										CHEBI:75455							CHEBI:75455						CHEBI:17389	R-HSA-1482883,R-HSA-163560,R-HSA-75109	3
1-O-(2-Acetamido-2-deoxy-alpha-D-glucopyranosyl)-1D-myo-inositol 3-phosphate	-	-	-	-	-	-	-		-	-		-	-	-					CHEBI:58892	CHEBI:58892	CHEBI:58892	CHEBI:58892									CHEBI:52443	CHEBI:52443,CHEBI:58892							CHEBI:52443,CHEBI:58892						CHEBI:25696	R-HSA-382556,R-HSA-428643,R-HSA-5690338	3
PC(19:0/2:0)	-	-	-	-	-	-	-		-	-		-	-	-					CHEBI:188024	CHEBI:188024	CHEBI:188024	CHEBI:188024										CHEBI:188024							CHEBI:188024						CHEBI:57643	R-HSA-111995,R-HSA-1369062,R-HSA-1482788,R-HSA-1482798,R-HSA-1482839,R-HSA-1483101,R-HSA-1483148,R-HSA-1483166,R-HSA-1483191,R-HSA-1483196,R-HSA-1660661,R-HSA-2029485,R-HSA-2142753,R-HSA-382556,R-HSA-5678771,R-HSA-5683678,R-HSA-5683826,R-HSA-5688399,R-HSA-6811436,R-HSA-8964058,R-HSA-9680350	21
4-Butyl-5-ethylthiazole	-	-	-	-	-	-	-		-	-		-	-	-					CHEBI:188224	CHEBI:188224	CHEBI:188224	CHEBI:188224										CHEBI:188224							CHEBI:188224								0
Pancratistatin	-	-	-	-	-	-	-		-	-		-	-	-					CHEBI:7906	CHEBI:7906	CHEBI:7906	CHEBI:7906	C08535	C08535	C08535	C08535						CHEBI:7906	C08535						CHEBI:7906	C08535					CHEBI:22221	R-HSA-1482839	1
Zolpidem Metabolite X-1	-	-	-	-	-	-	-		-	-		-	-	-																																	0
LysoPC(20:3(5Z,8Z,11Z))	RM0133384	C28H52NO7P	545.3481	Glycerophospholipids	Glycerophosphocholines	LPC	53480467	CHEBI:74343	HMDB0010393	LMGP01050139	C04230	YHGXYYIGHBPDMX-BUTFDPNWSA-N	CCCCCCCC/C=CC/C=CC/C=CCCCC(=O)OC[C@H](COP(=O)([O-])OCC[N+](C)(C)C)O	LPC 20:3(5Z,8Z,11Z)/0:0			C04230	map00564,map04148,map05231	CHEBI:74343	CHEBI:74343,CHEBI:74343	CHEBI:74343	CHEBI:74343	C04230	C04230	C04230	C04230			C04230	map00564,map04148,map05231		CHEBI:74343	C04230			C04230	map00564,map04148,map05231		CHEBI:74343	C04230			C04230	map00564,map04148,map05231	CHEBI:58168	R-HSA-111995,R-HSA-1482839,R-HSA-2142753,R-HSA-6814848	4
Isoaustin	-	-	-	-	-	-	-		-	-		-	-	-					CHEBI:172717	CHEBI:172717	CHEBI:172717	CHEBI:172717										CHEBI:172717							CHEBI:172717								0
all-trans-pentaprenyl diphosphate	RM0157997	C25H44O7P2	518.2562	Prenol Lipids	Isoprenoids	C25 isoprenoids	5280659	CHEBI:16818	HMDB0012231	LMPR0105010014	C04217	JMVSBFJBMXQNJW-GIXZANJISA-N	CC(=CCC/C(=C/CC/C(=C/CC/C(=C/CC/C(=C/COP(=O)(O)OP(=O)(O)O)/C)/C)/C)/C)C	All-trans-pentaprenyl diphosphate			C04217	map01110,map00900	CHEBI:16818,CHEBI:16818	CHEBI:16818,CHEBI:16818	CHEBI:16818,CHEBI:16818	CHEBI:16818	C04217,C16689	C04217,C16689	C04217,C16689	C04217,C16689			C04217	map01110,map00900	CHEBI:57907	CHEBI:16818,CHEBI:57907	C04217,C16689			C04217	map01110,map00900		CHEBI:16818,CHEBI:57907	C04217,C16689			C04217	map01110,map00900	CHEBI:16247	R-HSA-1483206,R-HSA-202733,R-HSA-2168880,R-HSA-3000471,R-HSA-3000480,R-HSA-3000484,R-HSA-3000497,R-HSA-432142,R-HSA-5686938,R-HSA-8856825,R-HSA-8856828,R-HSA-8866423,R-HSA-8963888,R-HSA-8963896,R-HSA-8963901,R-HSA-8964011,R-HSA-8964026,R-HSA-8964038,R-HSA-8964041,R-HSA-8964046,R-HSA-8964058,R-HSA-8964572,R-HSA-9615710,R-HSA-9707616,R-HSA-975634,R-HSA-9918432,R-HSA-9918481,R-HSA-9918487,R-HSA-9920588,R-HSA-9920951	30
SM(d18:1/22:1)	RM0134114	C45H89N2O6P	784.6458	Sphingolipids	Phosphosphingolipids	SM								SM 18:1;O2/22:1																																	0
N-oleoyl histidine	-	-	-	-	-	-	-		-	-		-	-	-					CHEBI:165544	CHEBI:165544	CHEBI:165544	CHEBI:165544										CHEBI:165544							CHEBI:165544								0
Lumaflavanone C	-	-	-	-	-	-	-		-	-		-	-	-					CHEBI:140121	CHEBI:140121	CHEBI:140121	CHEBI:140121										CHEBI:140121							CHEBI:140121								0
3,7,11-Trimethyl-6E,10-dodecadien-1-ol	-	-	-	-	-	-	-		-	-		-	-	-					CHEBI:188055	CHEBI:188055	CHEBI:188055	CHEBI:188055										CHEBI:188055							CHEBI:188055						CHEBI:18059	R-HSA-1222556,R-HSA-1369062,R-HSA-5682294,R-HSA-804914,R-HSA-8941413	5
9,12-dioxo-dodecanoic acid	RM0152587	C12H20O4	228.1362	Fatty Acyls	Fatty acids	Oxo FA	5312888	CHEBI:165438		LMFA01060092		DRCRMCBLQUKXIB-UHFFFAOYSA-N	C(CCCC(=O)CCC=O)CCCC(=O)O	9,12-Dioxo-dodecanoic acid					CHEBI:165438	CHEBI:165438	CHEBI:165438	CHEBI:165438										CHEBI:165438							CHEBI:165438						CHEBI:59554	R-HSA-390247,R-HSA-77289	2
O-butanoyl-carnitine	RM0153847	C11H21NO4	231.1471	Fatty Acyls	Fatty esters	Acyl carnitines	213144	CHEBI:21949	HMDB0002013	LMFA07070003	C02862	QWYFHHGCZUCMBN-SECBINFHSA-N	CCCC(=O)O[C@H](CC(=O)[O-])C[N+](C)(C)C	CAR 4:0								CHEBI:21949	C02862	C02862	C02862	C02862						CHEBI:21949	C02862					CHEBI:192092	CHEBI:21949,CHEBI:192092	C02862					CHEBI:18059	R-HSA-1222556,R-HSA-1369062,R-HSA-5682294,R-HSA-804914,R-HSA-8941413	5
12-HETE-G	-	-	-	-	-	-	-		-	-		-	-	-					CHEBI:184901	CHEBI:184901	CHEBI:184901	CHEBI:184901										CHEBI:184901							CHEBI:184901						CHEBI:18059	R-HSA-1222556,R-HSA-1369062,R-HSA-5682294,R-HSA-804914,R-HSA-8941413	5
Leucyl-Phenylalanine	RM0039120	C15H22N2O3	278.1630	Organic acids	Amino acids and peptides	Dipeptides	6992310	CHEBI:73585	HMDB0013243		C11221	KFKWRHQBZQICHA-STQMWFEESA-N	CC(C)C[C@@H](C(=O)N[C@@H](Cc1ccccc1)C(=O)O)N	Leu-Phe			C11221	map04613	CHEBI:73585	CHEBI:73585	CHEBI:73585	CHEBI:73585	C11221	C11221	C11221	C11221			C11221	map04613	CHEBI:233080	CHEBI:73585,CHEBI:233080	C11221			C11221	map04613		CHEBI:73585,CHEBI:233080	C11221			C11221	map04613	CHEBI:46761	R-HSA-427975	1
1-hexadecylpyridinium	-	-	-	-	-	-	-		-	-		-	-	-					CHEBI:32914	CHEBI:32914	CHEBI:32914	CHEBI:32914					CHEBI:32914	R-HSA-9913143				CHEBI:32914		CHEBI:32914	R-HSA-9913143				CHEBI:32914		CHEBI:32914	R-HSA-9913143					0
Coumermycin D	RM0137428	C43H49N3O18	895.3011	Polyketides	Coumarins	Coumarins	54691353	CHEBI:31434			C12480	MDWKFXALIRELND-UYUGCTTCSA-N	Cc1c(c[nH]c1C(=O)Nc1c(c2ccc(c(C)c2oc1=O)O[C@H]1[C@@H]([C@@H]([C@H](C(C)(C)O1)OC)O)O)O)C(=O)Nc1c(c2ccc(c(C)c2oc1=O)O[C@H]1[C@@H]([C@@H]([C@H](C(C)(C)O1)OC)O)O)O	Coumermycin D			C12480	map01110,map00401	CHEBI:31434	CHEBI:31434	CHEBI:31434	CHEBI:31434	C12480	C12480	C12480	C12480			C12480	map01110,map00401		CHEBI:31434	C12480			C12480	map01110,map00401		CHEBI:31434	C12480			C12480	map01110,map00401			0
Sinapyl alcohol	RM0027534	C11H14O4	210.0892	Organic acids	Phenylpropanoids	Cinnamic acids	5280507	CHEBI:28813	HMDB0013070		C02325	LZFOPEXOUVTGJS-UHFFFAOYSA-N	COc1cc(C=CCO)cc(c1O)OC	Sinapyl alcohol			C02325	map01100,map01110,map00940,map01061	CHEBI:28813,CHEBI:28813	CHEBI:28813,CHEBI:28813	CHEBI:28813,CHEBI:28813	CHEBI:28813	C02325	C02325	C02325	C02325			C02325	map01100,map01110,map00940,map01061		CHEBI:28813	C02325			C02325	map01100,map01110,map00940,map01061	CHEBI:64557	CHEBI:28813,CHEBI:64557	C02325			C02325	map01100,map01110,map00940,map01061	CHEBI:30879	R-HSA-1483166,R-HSA-2022377,R-HSA-8935690	3
17-hydroxy-heptadecanoic acid	-	-	-	-	-	-	-		-	-		-	-	-					CHEBI:79177	CHEBI:79177	CHEBI:79177	CHEBI:79177										CHEBI:79177							CHEBI:79177						CHEBI:15904	R-HSA-1369062,R-HSA-192456,R-HSA-3000471,R-HSA-390247,R-HSA-5684045,R-HSA-77289,R-HSA-8963901,R-HSA-8964058,R-HSA-975634	9
SM(d18:2/22:0)	RM0059197	C45H89N2O6P	784.6458	Sphingolipids	Phosphosphingolipids	SM	52931237	CHEBI:136388	HMDB0240633	LMSP03010092		APNZBDYCMWLVNM-NWHASJFHSA-N	CCCCCCCCCCCCCCCCCCCCCC(=O)N[C@@H](COP(=O)([O-])OCC[N+](C)(C)C)[C@@H](/C=C/CCCCCCCC/C=C\CCC)O	SM 18:2;O2/22:0					CHEBI:136388	CHEBI:136388	CHEBI:136388	CHEBI:136388										CHEBI:136388							CHEBI:136388						CHEBI:64583	R-HSA-1660661	1
LysoPC(20:3(8Z,11Z,14Z))	-	-	-	-	-	-	-		-	-		-	-	-																																	0
L-lactic acid	RM0135904	C3H6O3	90.0317	Organic acids	Short-chain acids	Short-chain acids	107689	CHEBI:422	HMDB0000190		C00186	JVTAAEKCZFNVCJ-REOHCLBHSA-N	C[C@@H](C(=O)O)O	Lactic acid	CHEBI:422	R-HSA-196807,R-HSA-3296197,R-HSA-381753,R-HSA-381753,R-HSA-418594,R-HSA-428643,R-HSA-433692,R-HSA-561048,R-HSA-5619070,R-HSA-70268,R-HSA-9749641	C00186	map01100,map01110,map01120,map00010,map00051,map00620,map00640,map00643,map04066,map04024,map04148,map04922,map05230	CHEBI:28358,CHEBI:42111,CHEBI:78320,CHEBI:422	CHEBI:28358,CHEBI:42111,CHEBI:78320,CHEBI:422	CHEBI:28358,CHEBI:42111,CHEBI:78320,CHEBI:422	CHEBI:422,CHEBI:28358,CHEBI:42111,CHEBI:78320	C00186,C00256,C01432	C00186,C00256,C01432	C00186,C00256,C01432	C00186,C00256,C01432	CHEBI:422	R-HSA-196807,R-HSA-3296197,R-HSA-381753,R-HSA-381753,R-HSA-418594,R-HSA-428643,R-HSA-433692,R-HSA-561048,R-HSA-5619070,R-HSA-70268,R-HSA-9749641	C00186,C00256	map01100,map01110,map01120,map00010,map00051,map00620,map00640,map00643,map04066,map04024,map04148,map04922,map05230,map01100,map01120,map00620,map01502	CHEBI:16004,CHEBI:16651,CHEBI:24996	CHEBI:422,CHEBI:16004,CHEBI:16651,CHEBI:24996,CHEBI:28358,CHEBI:42111,CHEBI:78320	C00186,C00256,C01432	CHEBI:422,CHEBI:16004,CHEBI:16651	R-HSA-196807,R-HSA-3296197,R-HSA-381753,R-HSA-381753,R-HSA-418594,R-HSA-428643,R-HSA-433692,R-HSA-561048,R-HSA-5619070,R-HSA-70268,R-HSA-9749641,R-HSA-70268,R-HSA-196807,R-HSA-428643,R-HSA-433692,R-HSA-561048,R-HSA-5619071,R-HSA-70268,R-HSA-9749641	C00186,C00256	map01100,map01110,map01120,map00010,map00051,map00620,map00640,map00643,map04066,map04024,map04148,map04922,map05230,map01100,map01120,map00620,map01502		CHEBI:422,CHEBI:16004,CHEBI:16651,CHEBI:24996,CHEBI:28358,CHEBI:42111,CHEBI:78320	C00186,C00256,C01432	CHEBI:422,CHEBI:16004,CHEBI:16651	R-HSA-196807,R-HSA-3296197,R-HSA-381753,R-HSA-381753,R-HSA-418594,R-HSA-428643,R-HSA-433692,R-HSA-561048,R-HSA-5619070,R-HSA-70268,R-HSA-9749641,R-HSA-70268,R-HSA-196807,R-HSA-428643,R-HSA-433692,R-HSA-561048,R-HSA-5619071,R-HSA-70268,R-HSA-9749641	C00186,C00256	map01100,map01110,map01120,map00010,map00051,map00620,map00640,map00643,map04066,map04024,map04148,map04922,map05230,map01100,map01120,map00620,map01502			0
Glycoursodeoxycholic acid	RM0126064	C26H43NO5	449.3141	Sterol Lipids	Bile acids	C24 bile acids	12310288	CHEBI:89929	HMDB0000708	LMST05030016		GHCZAUBVMUEKKP-XROMFQGDSA-N	C[C@H](CCC(=O)NCC(=O)O)[C@H]1CC[C@H]2[C@H]3[C@H](CC[C@]12C)[C@@]1(C)CC[C@H](C[C@H]1C[C@@H]3O)O	Glycoursodeoxycholic acid					CHEBI:89929	CHEBI:89929	CHEBI:89929	CHEBI:89929									CHEBI:132030	CHEBI:89929,CHEBI:132030							CHEBI:89929,CHEBI:132030						CHEBI:33575	R-HSA-6809371	1
PE(O-16:0/20:5(5Z,8Z,11Z,14Z,17Z))	RM0173541	C41H74NO7P	723.5203	Glycerophospholipids	Glycerophosphoethanolamines	O-PE	52925030			LMGP02020095		NTBDNAWCQLUDHG-CEGBOXLASA-N	CC/C=CC/C=CC/C=CC/C=CC/C=CCCCC(=O)O[C@H](COCCCCCCCCCCCCCCCC)COP(=O)(O)OCCN	PE O-16:0/20:5(5Z,8Z,11Z,14Z,17Z)					CHEBI:188138	CHEBI:188138	CHEBI:188138	CHEBI:188138										CHEBI:188138							CHEBI:188138						CHEBI:36314	R-HSA-1482788	1
Shihunine	RM0137206	C12H13NO2	203.0946	Organoheterocyclic compounds	Benzofuranones	Benzofuranones	168974	CHEBI:9132			C10615	YWAAZZCPWLHJAN-UHFFFAOYSA-N	CN1CCCC21c1ccccc1C(=O)O2	Shihunine					CHEBI:9132	CHEBI:9132	CHEBI:9132	CHEBI:9132	C10615	C10615	C10615	C10615						CHEBI:9132	C10615						CHEBI:9132	C10615							0
1,5-anhydroglucitol	RM0028221	C6H12O5	164.0685	Carbohydrates	Monosaccharides	Hexoses	64960	CHEBI:16070	HMDB0002712		C07326	MPCAJMNYNOGXPB-SLPGGIOYSA-N	C([C@@H]1[C@H]([C@@H]([C@H](CO1)O)O)O)O	1,5-Anhydrosorbitol	CHEBI:16070	R-HSA-70221			CHEBI:16070	CHEBI:16070	CHEBI:16070	CHEBI:16070	C07326	C07326	C07326	C07326	CHEBI:16070	R-HSA-70221				CHEBI:16070	C07326	CHEBI:16070	R-HSA-70221				CHEBI:16070	C07326	CHEBI:16070	R-HSA-70221					0
2-Thiopheneacrylic acid	-	-	-	-	-	-	-		-	-		-	-	-					CHEBI:188283	CHEBI:188283	CHEBI:188283	CHEBI:188283										CHEBI:188283							CHEBI:188283								0
Arachidic acid	RM0137828	C20H40O2	312.3028	Fatty Acyls	Fatty acids	Saturated FA	10467	CHEBI:28822	HMDB0002212	LMFA01010020	C06425	VKOBVWXKNCXXDE-UHFFFAOYSA-N	CCCCCCCCCCCCCCCCCCCC(=O)O	Arachidic acid	CHEBI:28822	R-HSA-5619108,R-HSA-804914	C06425	map01040	CHEBI:28822,CHEBI:28822	CHEBI:28822,CHEBI:28822	CHEBI:28822,CHEBI:28822	CHEBI:28822	C06425	C06425	C06425	C06425	CHEBI:28822	R-HSA-5619108,R-HSA-804914	C06425	map01040	CHEBI:32360	CHEBI:28822,CHEBI:32360	C06425	CHEBI:28822	R-HSA-5619108,R-HSA-804914	C06425	map01040		CHEBI:28822,CHEBI:32360	C06425	CHEBI:28822	R-HSA-5619108,R-HSA-804914	C06425	map01040			0
SLBPA(42:0)	-	-	-	-	-	-	-		-	-		-	-	-					CHEBI:188257	CHEBI:188257	CHEBI:188257	CHEBI:188257										CHEBI:188257							CHEBI:188257						CHEBI:37739	R-HSA-9845576	1
Quinoline	RM0037513	C9H7N	129.0578	Alkaloids	Anthranilic acid alkaloids	Quinazoline alkaloids	7047	CHEBI:17362	HMDB0033731		C06413	SMWDFEZZVXVKRB-UHFFFAOYSA-N	c1ccc2c(c1)cccn2	Quinoline	CHEBI:17362	R-HSA-381753,R-HSA-381753			CHEBI:17362,CHEBI:17362	CHEBI:17362,CHEBI:17362	CHEBI:17362,CHEBI:17362	CHEBI:17362	C06413	C06413	C06413	C06413	CHEBI:17362	R-HSA-381753,R-HSA-381753				CHEBI:17362	C06413	CHEBI:17362	R-HSA-381753,R-HSA-381753				CHEBI:17362	C06413	CHEBI:17362	R-HSA-381753,R-HSA-381753					0
Retinoyl b-glucuronide	RM0156513	C26H36O8	476.2410	Prenol Lipids	Isoprenoids	Retinoids	5281877	CHEBI:28870	HMDB0003141	LMPR01090051	C11061	MTGFYEHKPMOVNE-NEFMKCFNSA-N	C/C(=C\C=C\C(=C\C(=O)O[C@H]1[C@@H]([C@H]([C@@H]([C@@H](C(=O)O)O1)O)O)O)\C)/C=C/C1=C(C)CCCC1(C)C	Retinoyl beta-glucuronide			C11061	map00830	CHEBI:177249	CHEBI:177249	CHEBI:177249	CHEBI:28870,CHEBI:177249	C11061	C11061	C11061	C11061			C11061	map00830	CHEBI:139181	CHEBI:28870,CHEBI:139181,CHEBI:177249	C11061			C11061	map00830		CHEBI:28870,CHEBI:139181,CHEBI:177249	C11061			C11061	map00830	CHEBI:18059,CHEBI:33575	R-HSA-1222556,R-HSA-1369062,R-HSA-5682294,R-HSA-6809371,R-HSA-804914,R-HSA-8941413	6
p-HydroxyPiroxicam	-	-	-	-	-	-	-		-	-		-	-	-																																	0
11-methoxy-12,13-epoxy-9-octadecenoic acid	-	-	-	-	-	-	-		-	-		-	-	-					CHEBI:187473	CHEBI:187473	CHEBI:187473	CHEBI:187473										CHEBI:187473							CHEBI:187473						CHEBI:15904	R-HSA-1369062,R-HSA-192456,R-HSA-3000471,R-HSA-390247,R-HSA-5684045,R-HSA-77289,R-HSA-8963901,R-HSA-8964058,R-HSA-975634	9
Myricetin 3-(2'',3'',4''-triacetylxyloside)	-	-	-	-	-	-	-		-	-		-	-	-					CHEBI:188085	CHEBI:188085	CHEBI:188085	CHEBI:188085										CHEBI:188085							CHEBI:188085								0
PE(O-20:0/0:0)	RM0098175	C25H54NO6P	495.3689	Glycerophospholipids	Glycerophosphoethanolamines	O-LPE								LPE O-20:0					CHEBI:138540,CHEBI:138541	CHEBI:138540,CHEBI:138540,CHEBI:138541	CHEBI:138540,CHEBI:138541	CHEBI:138540,CHEBI:138541										CHEBI:138540,CHEBI:138541							CHEBI:138540,CHEBI:138541						CHEBI:36314	R-HSA-1482788	1
Cer(d18:1/18:1(11Z))	RM0184975	C36H69NO3	563.5277	Sphingolipids	Ceramides	Cer								Cer 18:1;O2/18:1(11Z)					CHEBI:88426	CHEBI:88426	CHEBI:88426	CHEBI:88426										CHEBI:88426							CHEBI:88426						CHEBI:17761	R-HSA-6809371	1
Oxidihydroartocarpesin	-	-	-	-	-	-	-		-	-		-	-	-					CHEBI:175778	CHEBI:175778	CHEBI:175778	CHEBI:175778										CHEBI:175778							CHEBI:175778								0
PC(22:4(7Z,10Z,13Z,16Z)/0:0)	RM0133387	C30H54NO7P	571.3638	Glycerophospholipids	Glycerophosphocholines	LPC	52924039	CHEBI:133657	HMDB0010401	LMGP01050124		ZOJBSSVHFSBHMP-JJJSWPRASA-N	CCCCC/C=CC/C=CC/C=CC/C=CCCCCCC(=O)OC[C@H](COP(=O)([O-])OCC[N+](C)(C)C)O	LPC 22:4(7Z,10Z,13Z,16Z)/0:0					CHEBI:133657	CHEBI:133657	CHEBI:133657	CHEBI:133657										CHEBI:133657							CHEBI:133657						CHEBI:60479	R-HSA-1483115,R-HSA-3000471,R-HSA-3000480,R-HSA-3000484,R-HSA-5686938,R-HSA-6814848	6
Demethyloleuropein	RM0188908	C24H30O13	526.1686	Organic acids	Carboxylic acids	Carboxylic acids	6450302					HKVGJQVJNQRJPO-VTDDDATNSA-N	C/C=C/1\[C@H](CC(=O)OCCc2ccc(c(c2)O)O)C(=CO[C@H]1O[C@H]1[C@@H]([C@H]([C@@H]([C@@H](CO)O1)O)O)O)C(=O)O	Demethyloleuropein					CHEBI:180799	CHEBI:180799	CHEBI:180799	CHEBI:180799										CHEBI:180799							CHEBI:180799						CHEBI:18059	R-HSA-1222556,R-HSA-1369062,R-HSA-5682294,R-HSA-804914,R-HSA-8941413	5
Physalin L	-	-	-	-	-	-	-		-	-		-	-	-					CHEBI:166758	CHEBI:166758	CHEBI:166758	CHEBI:166758										CHEBI:166758							CHEBI:166758						CHEBI:35341	R-HSA-196071	1
7a-Hydroxy-cholestene-3-one	RM0128379	C27H44O2	400.3341	Sterol Lipids	Bile acids	C27 bile acids	123743	CHEBI:17899	HMDB0001993	LMST04030123	C05455	IOIZWEJGGCZDOL-RQDYSCIWSA-N	CC(C)CCC[C@@H](C)[C@H]1CC[C@H]2[C@H]3[C@H](CC[C@]12C)[C@@]1(C)CCC(=O)C=C1C[C@H]3O	7alpha-Hydroxy-4-cholesten-3-one	CHEBI:17899	R-HSA-193368,R-HSA-211994	C05455	map01100,map00120	CHEBI:17899	CHEBI:17899	CHEBI:17899	CHEBI:17899	C05455	C05455	C05455	C05455	CHEBI:17899	R-HSA-193368,R-HSA-211994	C05455	map01100,map00120		CHEBI:17899	C05455	CHEBI:17899	R-HSA-193368,R-HSA-211994	C05455	map01100,map00120		CHEBI:17899	C05455	CHEBI:17899	R-HSA-193368,R-HSA-211994	C05455	map01100,map00120			0
agavoside A	RM0160972	C33H52O9	592.3611	Prenol Lipids	Isoprenoids	C30 isoprenoids	441876	CHEBI:2513	HMDB0034391	LMST01080006	C08885	NVCUAFIUMZCPGV-RGIGLGGVSA-N	C[C@@H]1CC[C@@]2([C@@H](C)[C@H]3[C@H](C[C@H]4[C@@H]5CC[C@H]6C[C@H](CC[C@]6(C)[C@H]5CC(=O)[C@]34C)O[C@H]3[C@@H]([C@H]([C@H]([C@@H](CO)O3)O)O)O)O2)OC1	Agavoside A					CHEBI:2513,CHEBI:2513	CHEBI:2513,CHEBI:2513	CHEBI:2513,CHEBI:2513	CHEBI:2513	C08885	C08885	C08885	C08885						CHEBI:2513	C08885						CHEBI:2513	C08885					CHEBI:35341	R-HSA-196071	1
7-Sulfocholic acid	RM0033628	C24H40O8S	488.2444	Sterol Lipids	Bile acids	C24 bile acids	459070	CHEBI:166724	HMDB0002421	LMST05020039		RRVLNNMINXAIKC-OELDTZBJSA-N	C[C@H](CCC(=O)O)[C@H]1CC[C@H]2[C@H]3[C@H](C[C@@H]([C@]12C)O)[C@@]1(C)CC[C@H](C[C@H]1C[C@H]3OS(=O)(=O)O)O	7-Sulfocholic acid					CHEBI:166724	CHEBI:166724	CHEBI:166724	CHEBI:166724									CHEBI:172392	CHEBI:166724,CHEBI:172392							CHEBI:166724,CHEBI:172392						CHEBI:35341	R-HSA-196071	1
Celabenzine	-	-	-	-	-	-	-		-	-		-	-	-					CHEBI:132335	CHEBI:132335	CHEBI:132335	CHEBI:132335	C10578	C10578	C10578	C10578						CHEBI:132335	C10578						CHEBI:132335	C10578							0
Plastoquinone 3	-	-	-	-	-	-	-		-	-		-	-	-					CHEBI:172563	CHEBI:172563	CHEBI:172563	CHEBI:172563										CHEBI:172563							CHEBI:172563						CHEBI:18059	R-HSA-1222556,R-HSA-1369062,R-HSA-5682294,R-HSA-804914,R-HSA-8941413	5
5S-HETE di-endoperoxide	RM0150754	C20H34O8	402.2254	Fatty Acyls	Eicosanoids	Other Eicosanoids	52921873	CHEBI:138496		LMFA03000011		DOXGUXRZAOCYPM-IPIAXWAYSA-N	CCCCC[C@@H](CC[C@H]1[C@H]2C[C@@H]([C@H](/C=C/[C@H](CCCC(=O)O)O)OO1)OO2)O	5S-HETE di-endoperoxide					CHEBI:138496	CHEBI:138496	CHEBI:138496	CHEBI:138496										CHEBI:138496							CHEBI:138496								0
Lyso-PAF C-16-d4	-	-	-	-	-	-	-		-	-		-	-	-					CHEBI:188092	CHEBI:188092	CHEBI:188092	CHEBI:188092										CHEBI:188092							CHEBI:188092						CHEBI:36313	R-HSA-1482788	1
19-HOME(9Z)	RM0153329	C18H34O3	298.2508	Fatty Acyls	Octadecanoids	HOME	5312773	CHEBI:79312		LMFA02000181		LQUHZVLTTWMBTO-UPHRSURJSA-N	C(=C\CCCCCCCC(=O)O)\CCCCCCCCO	18-HOME(9Z)					CHEBI:79312	CHEBI:79312	CHEBI:79312	CHEBI:79312	C19616	C19616	C19616	C19616			C19616	map00073	CHEBI:78424	CHEBI:78424,CHEBI:79312	C19616			C19616	map00073		CHEBI:78424,CHEBI:79312	C19616			C19616	map00073	CHEBI:15904,CHEBI:24654,CHEBI:35366	R-HSA-1369062,R-HSA-1482883,R-HSA-167826,R-HSA-192456,R-HSA-3000471,R-HSA-3000480,R-HSA-3000484,R-HSA-390247,R-HSA-422085,R-HSA-426048,R-HSA-5684045,R-HSA-5686938,R-HSA-6809371,R-HSA-6811436,R-HSA-77289,R-HSA-8963889,R-HSA-8963901,R-HSA-8964038,R-HSA-8964058,R-HSA-975634	20
Northienamycin	-	-	-	-	-	-	-		-	-		-	-	-					CHEBI:81036	CHEBI:81036	CHEBI:81036	CHEBI:81036	C17369	C17369	C17369	C17369			C17369	map01110,map00332		CHEBI:81036	C17369			C17369	map01110,map00332		CHEBI:81036	C17369			C17369	map01110,map00332			0
Eschscholtzxanthin	RM0118382	C40H54O2	566.4124	Prenol Lipids	Isoprenoids	C40 isoprenoids	15559173	CHEBI:4851		LMPR01070023		DHHWDJUUTBWANN-DAFIWVHRSA-N	C/C(=C\C=C\C(=C\C=C\1/C(=C[C@H](CC1(C)C)O)C)\C)/C=C/C=C/C(=C/C=C/C(=C/C=C/1\C(=C[C@H](CC1(C)C)O)C)/C)/C	Eschscholtzxanthin					CHEBI:4851	CHEBI:4851	CHEBI:4851	CHEBI:4851	C08593	C08593	C08593	C08593						CHEBI:4851	C08593						CHEBI:4851	C08593					CHEBI:18059	R-HSA-1222556,R-HSA-1369062,R-HSA-5682294,R-HSA-804914,R-HSA-8941413	5
Steryl sulfate	-	-	-	-	-	-	-		-	-		-	-	-					CHEBI:9270	CHEBI:9270	CHEBI:9270	CHEBI:9270	C02195	C02195	C02195	C02195						CHEBI:9270	C02195						CHEBI:9270	C02195					CHEBI:35341	R-HSA-196071	1
11-acetoxy-3beta,6alpha-dihydroxy-24-methyl-27-nor-9,11-seco-5alpha-cholesta-7,22E-dien-9-one.	-	-	-	-	-	-	-		-	-		-	-	-					CHEBI:168087	CHEBI:168087	CHEBI:168087	CHEBI:168087										CHEBI:168087							CHEBI:168087						CHEBI:18059	R-HSA-1222556,R-HSA-1369062,R-HSA-5682294,R-HSA-804914,R-HSA-8941413	5
Scarlet Red	-	-	-	-	-	-	-		-	-		-	-	-					CHEBI:88014	CHEBI:88014	CHEBI:88014	CHEBI:88014	C19520	C19520	C19520	C19520						CHEBI:88014	C19520						CHEBI:88014	C19520							0
(3beta,6beta)-Furanoeremophilane-3,6-diol 6-acetate	-	-	-	-	-	-	-		-	-		-	-	-					CHEBI:168723	CHEBI:168723	CHEBI:168723	CHEBI:168723										CHEBI:168723							CHEBI:168723						CHEBI:18059	R-HSA-1222556,R-HSA-1369062,R-HSA-5682294,R-HSA-804914,R-HSA-8941413	5
Sulfolithocholylglycine	RM0028402	C26H42NO7S	512.2682	Sterol Lipids	Bile acids	C24 bile acids	72222	CHEBI:9347	HMDB0002639	LMST05030004		FHXBAFXQVZOILS-OETIFKLTSA-N	C[C@H](CCC(=O)NCC(=O)O)[C@H]1CC[C@H]2[C@@H]3CC[C@@H]4C[C@@H](CC[C@]4(C)[C@H]3CC[C@]12C)OS(=O)(=O)O	Glycolithocholic acid 3-sulfate					CHEBI:9347	CHEBI:9347	CHEBI:9347	CHEBI:9347	C11301	C11301	C11301	C11301					CHEBI:60007	CHEBI:9347,CHEBI:60007	C11301						CHEBI:9347,CHEBI:60007	C11301					CHEBI:35341	R-HSA-196071	1
PA(20:1(11Z)/0:0)	RM0160953	C23H43O8P	478.2696	Glycerophospholipids	Glycerophosphates	LPA	52929759	CHEBI:177388	HMDB0062305	LMGP10050026		OAYFHKCHTMNTLM-MZMPXXGTSA-N	CCCCCCCC/C=C\CCCCCCCCCC(=O)OC[C@H](COP(=O)(O)O)O	LPA 20:1(11Z)/0:0								CHEBI:177388										CHEBI:177388							CHEBI:177388						CHEBI:16975	R-HSA-1483166,R-HSA-75109	2
Pregnanolone sulfate	RM0050212	C21H34O5S	398.2127	Sterol Lipids	Steroids	C21 Steroids	44322229	CHEBI:166778	HMDB0240590			MENQCIVHHONJLU-YZRLXODZSA-N	CC(=O)[C@H]1CC[C@H]2[C@@H]3CC[C@@H]4C[C@@H](CC[C@]4(C)[C@H]3CC[C@]12C)OS(=O)(=O)O	3alpha-Hydroxy-5beta-pregnane-20-one sulfate					CHEBI:166778	CHEBI:166778	CHEBI:166778	CHEBI:166778										CHEBI:166778							CHEBI:166778						CHEBI:35341	R-HSA-196071	1
PA(16:0/0:0)	RM0134426	C19H39O7P	410.2433	Glycerophospholipids	Glycerophosphates	LPA								LPA 16:0/0:0						CHEBI:15799	CHEBI:15799	CHEBI:15799	C04036	C04036	C04036	C04036					CHEBI:57518	CHEBI:15799,CHEBI:57518	C04036						CHEBI:15799,CHEBI:57518	C04036					CHEBI:16975	R-HSA-1483166,R-HSA-75109	2
5'-O-Desmethyl omeprazole	-	-	-	-	-	-	-		-	-		-	-	-					CHEBI:169791	CHEBI:169791	CHEBI:169791	CHEBI:169791										CHEBI:169791							CHEBI:169791								0
L-alanine	RM0135898	C3H7NO2	89.0477	Organic acids	Amino acids and peptides	Amino acids	5950	CHEBI:16977	HMDB0000161		C00041	QNAYBMKLOCPYGJ-REOHCLBHSA-N	C[C@@H](C(=O)O)N	Alanine			C00041	map01100,map01110,map01120,map01200,map01210,map01230,map00710,map00250,map00270,map00430,map00450,map00470,map00997,map01060,map00970,map04122,map02010,map04974,map04978,map05230,map01502	CHEBI:16449,CHEBI:16449,CHEBI:16977,CHEBI:46217,CHEBI:57972	CHEBI:16449,CHEBI:16449,CHEBI:16977,CHEBI:46217,CHEBI:57972	CHEBI:16449,CHEBI:16449,CHEBI:16977,CHEBI:46217,CHEBI:57972	CHEBI:16449,CHEBI:16977,CHEBI:46217,CHEBI:57972	C00041,C01401	C00041,C01401	C00041,C01401	C00041,C01401	CHEBI:57972	R-HSA-1362409,R-HSA-209968,R-HSA-2408508,R-HSA-352230,R-HSA-379716,R-HSA-379726,R-HSA-389661,R-HSA-428559,R-HSA-442660,R-HSA-5619044,R-HSA-5619094,R-HSA-5659735,R-HSA-70268,R-HSA-71240,R-HSA-73621,R-HSA-8964208,R-HSA-8964539,R-HSA-8964540,R-HSA-947581	C00041,C01401	map01100,map01110,map01120,map01200,map01210,map01230,map00710,map00250,map00270,map00430,map00450,map00470,map00997,map01060,map00970,map04122,map02010,map04974,map04978,map05230,map01502,map01100,map00460	CHEBI:15570,CHEBI:29949,CHEBI:32431,CHEBI:32432,CHEBI:32435,CHEBI:32436,CHEBI:32439,CHEBI:32440,CHEBI:57416,CHEBI:66916	CHEBI:15570,CHEBI:16449,CHEBI:16977,CHEBI:29949,CHEBI:32431,CHEBI:32432,CHEBI:32435,CHEBI:32436,CHEBI:32439,CHEBI:32440,CHEBI:46217,CHEBI:57416,CHEBI:57972,CHEBI:66916	C00041,C00133,C01401	CHEBI:15570,CHEBI:57972	R-HSA-352230,R-HSA-1362409,R-HSA-209968,R-HSA-2408508,R-HSA-352230,R-HSA-379716,R-HSA-379726,R-HSA-389661,R-HSA-428559,R-HSA-442660,R-HSA-5619044,R-HSA-5619094,R-HSA-5659735,R-HSA-70268,R-HSA-71240,R-HSA-73621,R-HSA-8964208,R-HSA-8964539,R-HSA-8964540,R-HSA-947581	C00041,C00133,C01401	map01100,map01110,map01120,map01200,map01210,map01230,map00710,map00250,map00270,map00430,map00450,map00470,map00997,map01060,map00970,map04122,map02010,map04974,map04978,map05230,map01502,map01100,map00470,map00550,map00552,map04742,map01502,map01503,map01100,map00460	CHEBI:76050,CHEBI:132498,CHEBI:143534	CHEBI:15570,CHEBI:16449,CHEBI:16977,CHEBI:29949,CHEBI:32431,CHEBI:32432,CHEBI:32435,CHEBI:32436,CHEBI:32439,CHEBI:32440,CHEBI:46217,CHEBI:57416,CHEBI:57972,CHEBI:66916,CHEBI:76050,CHEBI:132498,CHEBI:143534	C00041,C00133,C01401	CHEBI:15570,CHEBI:57972	R-HSA-352230,R-HSA-1362409,R-HSA-209968,R-HSA-2408508,R-HSA-352230,R-HSA-379716,R-HSA-379726,R-HSA-389661,R-HSA-428559,R-HSA-442660,R-HSA-5619044,R-HSA-5619094,R-HSA-5659735,R-HSA-70268,R-HSA-71240,R-HSA-73621,R-HSA-8964208,R-HSA-8964539,R-HSA-8964540,R-HSA-947581	C00041,C00133,C01401	map01100,map01110,map01120,map01200,map01210,map01230,map00710,map00250,map00270,map00430,map00450,map00470,map00997,map01060,map00970,map04122,map02010,map04974,map04978,map05230,map01502,map01100,map00470,map00550,map00552,map04742,map01502,map01503,map01100,map00460			0
PC(18:2(9Z,12Z)/22:4(7Z,10Z,13Z,16Z))	-	-	-	-	-	-	-		-	-		-	-	-					CHEBI:188127	CHEBI:188127	CHEBI:188127	CHEBI:188127										CHEBI:188127							CHEBI:188127						CHEBI:57643	R-HSA-111995,R-HSA-1369062,R-HSA-1482788,R-HSA-1482798,R-HSA-1482839,R-HSA-1483101,R-HSA-1483148,R-HSA-1483166,R-HSA-1483191,R-HSA-1483196,R-HSA-1660661,R-HSA-2029485,R-HSA-2142753,R-HSA-382556,R-HSA-5678771,R-HSA-5683678,R-HSA-5683826,R-HSA-5688399,R-HSA-6811436,R-HSA-8964058,R-HSA-9680350	21
PC(14:0/20:2(11Z,14Z))	RM0173815	C42H80NO8P	757.5622	Glycerophospholipids	Glycerophosphocholines	PC	52922228	CHEBI:89518	HMDB0007880	LMGP01011373		IRYMXEVDAKMFIF-YBLKGUNISA-N	CCCCC/C=CC/C=CCCCCCCCCCC(=O)O[C@H](COC(=O)CCCCCCCCCCCCC)COP(=O)([O-])OCC[N+](C)(C)C	PC 14:0/20:2(11Z,14Z)					CHEBI:89518	CHEBI:89518	CHEBI:89518	CHEBI:89518										CHEBI:89518							CHEBI:89518						CHEBI:57643	R-HSA-111995,R-HSA-1369062,R-HSA-1482788,R-HSA-1482798,R-HSA-1482839,R-HSA-1483101,R-HSA-1483148,R-HSA-1483166,R-HSA-1483191,R-HSA-1483196,R-HSA-1660661,R-HSA-2029485,R-HSA-2142753,R-HSA-382556,R-HSA-5678771,R-HSA-5683678,R-HSA-5683826,R-HSA-5688399,R-HSA-6811436,R-HSA-8964058,R-HSA-9680350	21
PE(18:0/20:4(5Z,8Z,11Z,14Z))	RM0133796	C43H78NO8P	767.5465	Glycerophospholipids	Glycerophosphoethanolamines	PE	5289133	CHEBI:78268	HMDB0009003	LMGP02010118		ANRKEHNWXKCXDB-BHFWLYLHSA-N	CCCCC/C=CC/C=CC/C=CC/C=CCCCC(=O)O[C@H](COC(=O)CCCCCCCCCCCCCCCCC)COP(=O)(O)OCCN	PE 18:0/20:4(5Z,8Z,11Z,14Z)					CHEBI:78268,CHEBI:79110	CHEBI:78268,CHEBI:79110	CHEBI:78268,CHEBI:79110	CHEBI:78268,CHEBI:79110										CHEBI:78268,CHEBI:79110							CHEBI:78268,CHEBI:79110						CHEBI:36314,CHEBI:64612	R-HSA-1482788,R-HSA-1660661	2
Ustiloxin D	-	-	-	-	-	-	-		-	-		-	-	-					CHEBI:168103	CHEBI:168103	CHEBI:168103	CHEBI:168103										CHEBI:168103							CHEBI:168103						CHEBI:25676	R-HSA-1236974,R-HSA-1236977,R-HSA-1236978,R-HSA-9705671,R-HSA-983168,R-HSA-983170,R-HSA-9912633	7
Etidocaine	RM0136751	C17H28N2O	276.2202	Organic acids	Amino acids and peptides	Amino acids	37497	CHEBI:4904	HMDB0252097			VTUSIVBDOCDNHS-UHFFFAOYSA-N	CCCN(CC)C(CC)C(=O)Nc1c(C)cccc1C	Etidocaine					CHEBI:4904	CHEBI:4904	CHEBI:4904	CHEBI:4904	C07530	C07530	C07530	C07530						CHEBI:4904	C07530						CHEBI:4904	C07530							0
PC(17:1(9Z)/0:0)	-	-	-	-	-	-	-		-	-		-	-	-					CHEBI:176366	CHEBI:176366	CHEBI:176366	CHEBI:176366										CHEBI:176366							CHEBI:176366						CHEBI:58168	R-HSA-111995,R-HSA-1482839,R-HSA-2142753,R-HSA-6814848	4
LysoPC(20:4(8Z,11Z,14Z,17Z))	RM0133386	C28H50NO7P	543.3325	Glycerophospholipids	Glycerophosphocholines	LPC	53480469	CHEBI:86259	HMDB0010396	LMGP01050140	C04230	GOMVPVRDBLLHQC-VEJNOCSESA-N	CC/C=CC/C=CC/C=CC/C=CCCCCCCC(=O)OC[C@H](COP(=O)([O-])OCC[N+](C)(C)C)O	LPC 20:4(8Z,11Z,14Z,17Z)			C04230	map00564,map04148,map05231	CHEBI:86259	CHEBI:86259	CHEBI:86259	CHEBI:86259	C04230	C04230	C04230	C04230			C04230	map00564,map04148,map05231		CHEBI:86259	C04230			C04230	map00564,map04148,map05231		CHEBI:86259	C04230			C04230	map00564,map04148,map05231	CHEBI:58168	R-HSA-111995,R-HSA-1482839,R-HSA-2142753,R-HSA-6814848	4
Compound IV	RM0013274	C20H26N2O3	342.1943	Benzenoids	Phenols	Phenol ethers	55717	CHEBI:3846	HMDB0251480		C06496	FKLJPTJMIBLJAV-UHFFFAOYSA-N	Cc1cc(CCCCCCCOc2ccc(cc2)C2=NCCO2)on1	Disoxaril					CHEBI:3846	CHEBI:3846	CHEBI:3846	CHEBI:3846	C06496	C06496	C06496	C06496						CHEBI:3846	C06496						CHEBI:3846	C06496							0
Concanamycin A	RM0158033	C46H75NO14	865.5188	Polyketides	Macrolides	Macrolides	6438151	CHEBI:73167	HMDB0250430			DJZCTUVALDDONK-HQMSUKCRSA-N	C/C=C/[C@@H]1[C@@H](C)[C@@H](C[C@@]([C@@H](C)[C@@H]([C@H](C)[C@@H]2[C@H](/C=C/C=C(\C)/C[C@@H](C)[C@@H]([C@H](CC)[C@@H]([C@H](C)/C=C(\C)/C=C(/C(=O)O2)\OC)O)O)OC)O)(O)O1)O[C@H]1C[C@H]([C@@H]([C@@H](C)O1)OC(=O)N)O	Concanamycin A					CHEBI:73167	CHEBI:73167	CHEBI:73167	CHEBI:73167	C15761	C15761	C15761	C15761						CHEBI:73167	C15761						CHEBI:73167	C15761					CHEBI:33575	R-HSA-6809371	1
PS(18:0/15:0)	RM0173698	C39H76NO10P	749.5207	Glycerophospholipids	Glycerophosphoserines	PS	52925420		HMDB0112372	LMGP03010310		BURSBPUKIKFQEZ-XDSPJLLDSA-N	CCCCCCCCCCCCCCCCCC(=O)OC[C@H](COP(=O)(O)OC[C@@H](C(=O)O)N)OC(=O)CCCCCCCCCCCCCC	PS 18:0/15:0					CHEBI:188263	CHEBI:188263	CHEBI:188263	CHEBI:188263										CHEBI:188263							CHEBI:188263						CHEBI:16247	R-HSA-1483206,R-HSA-202733,R-HSA-2168880,R-HSA-3000471,R-HSA-3000480,R-HSA-3000484,R-HSA-3000497,R-HSA-432142,R-HSA-5686938,R-HSA-8856825,R-HSA-8856828,R-HSA-8866423,R-HSA-8963888,R-HSA-8963896,R-HSA-8963901,R-HSA-8964011,R-HSA-8964026,R-HSA-8964038,R-HSA-8964041,R-HSA-8964046,R-HSA-8964058,R-HSA-8964572,R-HSA-9615710,R-HSA-9707616,R-HSA-975634,R-HSA-9918432,R-HSA-9918481,R-HSA-9918487,R-HSA-9920588,R-HSA-9920951	30
PC(18:2(9Z,12Z)/17:0)	-	-	-	-	-	-	-		-	-		-	-	-					CHEBI:188162	CHEBI:188162	CHEBI:188162	CHEBI:188162										CHEBI:188162							CHEBI:188162						CHEBI:57643	R-HSA-111995,R-HSA-1369062,R-HSA-1482788,R-HSA-1482798,R-HSA-1482839,R-HSA-1483101,R-HSA-1483148,R-HSA-1483166,R-HSA-1483191,R-HSA-1483196,R-HSA-1660661,R-HSA-2029485,R-HSA-2142753,R-HSA-382556,R-HSA-5678771,R-HSA-5683678,R-HSA-5683826,R-HSA-5688399,R-HSA-6811436,R-HSA-8964058,R-HSA-9680350	21
PS(18:0/17:0)	RM0173692	C41H80NO10P	777.5520	Glycerophospholipids	Glycerophosphoserines	PS	52925422			LMGP03010312		ZWEJKPNJCSNAKM-AMAPPZPBSA-N	CCCCCCCCCCCCCCCCCC(=O)OC[C@H](COP(=O)(O)OC[C@@H](C(=O)O)N)OC(=O)CCCCCCCCCCCCCCCC	PS 18:0/17:0					CHEBI:187982	CHEBI:187982	CHEBI:187982	CHEBI:187982										CHEBI:187982							CHEBI:187982						CHEBI:16247	R-HSA-1483206,R-HSA-202733,R-HSA-2168880,R-HSA-3000471,R-HSA-3000480,R-HSA-3000484,R-HSA-3000497,R-HSA-432142,R-HSA-5686938,R-HSA-8856825,R-HSA-8856828,R-HSA-8866423,R-HSA-8963888,R-HSA-8963896,R-HSA-8963901,R-HSA-8964011,R-HSA-8964026,R-HSA-8964038,R-HSA-8964041,R-HSA-8964046,R-HSA-8964058,R-HSA-8964572,R-HSA-9615710,R-HSA-9707616,R-HSA-975634,R-HSA-9918432,R-HSA-9918481,R-HSA-9918487,R-HSA-9920588,R-HSA-9920951	30
(a-D-mannosyl)2-b-D-mannosyl-N-acetylglucosamine	-	-	-	-	-	-	-		-	-		-	-	-					CHEBI:188319	CHEBI:188319	CHEBI:188319	CHEBI:188319										CHEBI:188319							CHEBI:188319								0
L-Urobilinogen	RM0029564	C33H48N4O6	596.3574	Organoheterocyclic compounds	Bilirubins	Bilirubins	9548718	CHEBI:6320	HMDB0004157		C05789	VKGRRZVYCXLHII-OLFWPHQKSA-N	CC[C@@H]1[C@@H](C)C(=O)N[C@H]1Cc1c(C)c(CCC(=O)O)c(Cc2c(CCC(=O)O)c(C)c(C[C@H]3[C@H](C)[C@@H](CC)C(=O)N3)[nH]2)[nH]1	L-Urobilinogen			C05789	map00860				CHEBI:6320	C05789	C05789	C05789	C05789			C05789	map00860		CHEBI:6320	C05789			C05789	map00860		CHEBI:6320	C05789			C05789	map00860			0
N-docosahexaenoyl GABA	RM0153360	C26H39NO3	413.2930	Fatty Acyls	Fatty amides	N-acyl amines	16759346	CHEBI:141494	HMDB0062332	LMFA08020105		HZMSBMNSIHSLPJ-KUBAVDMBSA-N	CC/C=C\C/C=C\C/C=C\C/C=C\C/C=C\C/C=C\CCC(=O)NCCCC(=O)O	NA-GABA 22:6(4Z,7Z,10Z,12E,16Z,19Z)					CHEBI:141494	CHEBI:141494	CHEBI:141494	CHEBI:141494										CHEBI:141494							CHEBI:141494						CHEBI:33575	R-HSA-6809371	1
N-[[(hexahydrocyclopenta[c]pyrrol-2(1H)-yl)amino]carbonyl]-4-(hydroxymethyl)-Benzenesulfonamide	-	-	-	-	-	-	-		-	-		-	-	-					CHEBI:188229	CHEBI:188229	CHEBI:188229	CHEBI:188229										CHEBI:188229							CHEBI:188229								0
Sulfoxone	-	-	-	-	-	-	-		-	-		-	-	-					CHEBI:135651	CHEBI:135651	CHEBI:135651	CHEBI:135651										CHEBI:135651							CHEBI:135651								0
(11Z)-8,18-propano-retinal	-	-	-	-	-	-	-		-	-		-	-	-					CHEBI:188063	CHEBI:188063	CHEBI:188063	CHEBI:188063										CHEBI:188063							CHEBI:188063						CHEBI:18059	R-HSA-1222556,R-HSA-1369062,R-HSA-5682294,R-HSA-804914,R-HSA-8941413	5
streptothricin F acid	-	-	-	-	-	-	-		-	-		-	-	-					CHEBI:60823,CHEBI:60838	CHEBI:60823,CHEBI:60838	CHEBI:60823,CHEBI:60838	CHEBI:60823,CHEBI:60838										CHEBI:60823,CHEBI:60838							CHEBI:60823,CHEBI:60838						CHEBI:25696,CHEBI:33575	R-HSA-382556,R-HSA-428643,R-HSA-5690338,R-HSA-6809371	4
celecoxib carboxylic	-	-	-	-	-	-	-		-	-		-	-	-																																	0
Arachidonoyl-1-thio-Glycerol	-	-	-	-	-	-	-		-	-		-	-	-					CHEBI:186196	CHEBI:186196	CHEBI:186196	CHEBI:186196										CHEBI:186196							CHEBI:186196								0
9-hydroxy-hexadecan-1,16-dioic acid	RM0153704	C16H30O5	302.2093	Fatty Acyls	Fatty acids	Dicarboxylic acids	16061042	CHEBI:165390	HMDB0037831	LMFA01170057		GZQVGXLMHGPBET-UHFFFAOYSA-N	C(CCCC(CCCCCCC(=O)O)O)CCCC(=O)O	xi-8-Hydroxyhexadecanedioic acid					CHEBI:165390	CHEBI:165390	CHEBI:165390	CHEBI:165390										CHEBI:165390							CHEBI:165390						CHEBI:15904	R-HSA-1369062,R-HSA-192456,R-HSA-3000471,R-HSA-390247,R-HSA-5684045,R-HSA-77289,R-HSA-8963901,R-HSA-8964058,R-HSA-975634	9
Palmitoleamide	RM0153550	C16H31NO	253.2406	Fatty Acyls	Fatty amides	Primary amides	56936054	CHEBI:146162	HMDB0256086	LMFA08010010		YRPQTVNCCVPGFA-FPLPWBNLSA-N	CCCCCC/C=C\CCCCCCCC(=O)N	Palmitoleamide					CHEBI:146162	CHEBI:146162	CHEBI:146162	CHEBI:146162										CHEBI:146162							CHEBI:146162						CHEBI:18059	R-HSA-1222556,R-HSA-1369062,R-HSA-5682294,R-HSA-804914,R-HSA-8941413	5
4,12-dihydroxy-hexadecanoic acid	RM0139454	C16H32O4	288.2301	Fatty Acyls	Fatty acids	Hydroxy FA	5312760	CHEBI:165408		LMFA01050189		QXNNRMXGPQQIRN-UHFFFAOYSA-N	CCCCC(CCCCCCCC(CCC(=O)O)O)O	4,12-Dihydroxyhexadecanoic acid					CHEBI:165408,CHEBI:165408	CHEBI:165408,CHEBI:165408	CHEBI:165408,CHEBI:165408	CHEBI:165408										CHEBI:165408							CHEBI:165408						CHEBI:15904	R-HSA-1369062,R-HSA-192456,R-HSA-3000471,R-HSA-390247,R-HSA-5684045,R-HSA-77289,R-HSA-8963901,R-HSA-8964058,R-HSA-975634	9
9S,11R,15S-trihydroxy-2,3-dinor-13E-prostaenoic acid-cyclo[8S,12R]	-	-	-	-	-	-	-		-	-		-	-	-																																	0
Indoleacrylic acid	RM0135983	C11H9NO2	187.0633	Alkaloids	Tryptophan alkaloids	Simple indole alkaloids	15030923	CHEBI:90333	HMDB0000734		C21283	SXOUIMVOMIGLHO-AATRIKPKSA-N	c1ccc2c(c1)cc(/C=C/C(=O)O)[nH]2	Indoleacrylic acid					CHEBI:132244,CHEBI:90333	CHEBI:132244,CHEBI:90333	CHEBI:132244,CHEBI:90333	CHEBI:90333,CHEBI:132244	C21283	C21283	C21283	C21283					CHEBI:131929	CHEBI:90333,CHEBI:131929,CHEBI:132244	C21283						CHEBI:90333,CHEBI:131929,CHEBI:132244	C21283					CHEBI:33575	R-HSA-6809371	1
MG(18:1(9Z)/0:0/0:0)[rac]	-	-	-	-	-	-	-		-	-		-	-	-																																	0
2-Phenylacetamide	RM0041856	C8H9NO	135.0684	Organic nitrogen compounds	Amines	Aralkylamines	7680	CHEBI:16562	HMDB0010715		C02505	LSBDFXRDZJMBSC-UHFFFAOYSA-N	c1ccc(cc1)CC(=O)N	2-Phenylacetamide			C02505	map01100,map01120,map00360,map00643	CHEBI:16562,CHEBI:16562	CHEBI:16562,CHEBI:16562	CHEBI:16562,CHEBI:16562	CHEBI:16562	C02505	C02505	C02505	C02505			C02505	map01100,map01120,map00360,map00643		CHEBI:16562	C02505			C02505	map01100,map01120,map00360,map00643		CHEBI:16562	C02505			C02505	map01100,map01120,map00360,map00643			0
Oxoproline	RM0005301	C5H7NO3	129.0426	Organic acids	Amino acids and peptides	Amino acids								Oxoproline					CHEBI:25801	CHEBI:25801	CHEBI:25801	CHEBI:25801										CHEBI:25801						CHEBI:16010,CHEBI:16821,CHEBI:16924,CHEBI:18183,CHEBI:37011,CHEBI:57606,CHEBI:57948,CHEBI:58402,CHEBI:58670,CHEBI:77656,CHEBI:84813,CHEBI:139123	CHEBI:16010,CHEBI:16821,CHEBI:16924,CHEBI:18183,CHEBI:25801,CHEBI:37011,CHEBI:57606,CHEBI:57948,CHEBI:58402,CHEBI:58670,CHEBI:77656,CHEBI:84813,CHEBI:139123	C01877,C01879,C02237	CHEBI:58402	R-HSA-174403,R-HSA-5578998	C01879,C02237	map01100,map00480,map04382,map01100,map00470			0
5-Hydroxyindoleacetic acid	RM0135989	C10H9NO3	191.0582	Alkaloids	Tryptophan alkaloids	Indoleacetic acids	1826	CHEBI:27823	HMDB0000763		C05635	DUUGKQCEGZLZNO-UHFFFAOYSA-N	c1cc2c(cc1O)c(CC(=O)O)c[nH]2	5-Hydroxyindoleacetic acid	CHEBI:27823	R-HSA-380612	C05635	map01100,map00380,map04726	CHEBI:27823	CHEBI:27823	CHEBI:27823	CHEBI:27823	C05635	C05635	C05635	C05635	CHEBI:27823	R-HSA-380612	C05635	map01100,map00380,map04726	CHEBI:62622	CHEBI:27823,CHEBI:62622	C05635	CHEBI:27823	R-HSA-380612	C05635	map01100,map00380,map04726		CHEBI:27823,CHEBI:62622	C05635	CHEBI:27823	R-HSA-380612	C05635	map01100,map00380,map04726			0
Protorifamycin I	RM0139148	C35H45NO10	639.3043	Polyketides	Macrolides	Macrolactams	46173797	CHEBI:32068			C12246	DWSNNJANRGBGNU-SMGNAMCTSA-N	C[C@H]1/C=C/C=C(/C)\C(=O)NC2=CC(=O)c3c(cc(C)c(c3C(=O)/C(=C/[C@H](CO)[C@@H]([C@@H](C)[C@H]([C@H](C)[C@@H]([C@H](C)[C@H]1O)O)O)O)/C)O)C2=O	Protorifamycin I			C12246	map01051	CHEBI:32068	CHEBI:32068	CHEBI:32068	CHEBI:32068	C12246	C12246	C12246	C12246			C12246	map01051		CHEBI:32068	C12246			C12246	map01051		CHEBI:32068	C12246			C12246	map01051			0
4-[5]-ladderane-butanoic acid	-	-	-	-	-	-	-		-	-		-	-	-					CHEBI:187402	CHEBI:187402	CHEBI:187402	CHEBI:187402										CHEBI:187402							CHEBI:187402						CHEBI:18059	R-HSA-1222556,R-HSA-1369062,R-HSA-5682294,R-HSA-804914,R-HSA-8941413	5
PS(17:1(9Z)/22:2(13Z,16Z))	RM0172854	C45H82NO10P	827.5676	Glycerophospholipids	Glycerophosphoserines	PS	52925385			LMGP03010275		GGMVGUQYULQYCQ-GWJUYMRHSA-N	CCCCC/C=CC/C=CCCCCCCCCCCCC(=O)O[C@H](COC(=O)CCCCCCC/C=CCCCCCCC)COP(=O)(O)OC[C@@H](C(=O)O)N	PS 17:1(9Z)/22:2(13Z,16Z)					CHEBI:188028	CHEBI:188028	CHEBI:188028	CHEBI:188028										CHEBI:188028							CHEBI:188028						CHEBI:16247	R-HSA-1483206,R-HSA-202733,R-HSA-2168880,R-HSA-3000471,R-HSA-3000480,R-HSA-3000484,R-HSA-3000497,R-HSA-432142,R-HSA-5686938,R-HSA-8856825,R-HSA-8856828,R-HSA-8866423,R-HSA-8963888,R-HSA-8963896,R-HSA-8963901,R-HSA-8964011,R-HSA-8964026,R-HSA-8964038,R-HSA-8964041,R-HSA-8964046,R-HSA-8964058,R-HSA-8964572,R-HSA-9615710,R-HSA-9707616,R-HSA-975634,R-HSA-9918432,R-HSA-9918481,R-HSA-9918487,R-HSA-9920588,R-HSA-9920951	30
PC(18:0/22:5(7Z,10Z,13Z,16Z,19Z))	RM0133614	C48H86NO8P	835.6091	Glycerophospholipids	Glycerophosphocholines	PC	24778873	CHEBI:86203	HMDB0008056	LMGP01010818		MAAMGQXOTCBPFS-JPGWWKBXSA-N	CC/C=CC/C=CC/C=CC/C=CC/C=CCCCCCC(=O)O[C@H](COC(=O)CCCCCCCCCCCCCCCCC)COP(=O)([O-])OCC[N+](C)(C)C	PC 18:0/22:5(7Z,10Z,13Z,16Z,19Z)					CHEBI:86203	CHEBI:86203	CHEBI:86203	CHEBI:86203										CHEBI:86203							CHEBI:86203						CHEBI:57643	R-HSA-111995,R-HSA-1369062,R-HSA-1482788,R-HSA-1482798,R-HSA-1482839,R-HSA-1483101,R-HSA-1483148,R-HSA-1483166,R-HSA-1483191,R-HSA-1483196,R-HSA-1660661,R-HSA-2029485,R-HSA-2142753,R-HSA-382556,R-HSA-5678771,R-HSA-5683678,R-HSA-5683826,R-HSA-5688399,R-HSA-6811436,R-HSA-8964058,R-HSA-9680350	21
JWH 398	-	-	-	-	-	-	-		-	-		-	-	-					CHEBI:188081	CHEBI:188081	CHEBI:188081	CHEBI:188081										CHEBI:188081							CHEBI:188081								0
Sphingofungin A	RM0119046	C21H41N3O6	431.2995	Sphingolipids	Sphingoid bases	Sphingoid base analogs	42608378	CHEBI:187204		LMSP01080061		FFZVMOYYSHXZHW-MXSQXUFFSA-N	CCCCCC[C@H](CCCCCC/C=C/[C@@H]([C@H]([C@@H]([C@@H](C(=O)O)NC(=N)N)O)O)O)O	Sphingofungin A					CHEBI:187204	CHEBI:187204	CHEBI:187204	CHEBI:187204										CHEBI:187204							CHEBI:187204						CHEBI:15904	R-HSA-1369062,R-HSA-192456,R-HSA-3000471,R-HSA-390247,R-HSA-5684045,R-HSA-77289,R-HSA-8963901,R-HSA-8964058,R-HSA-975634	9
Epsilon-(gamma-Glutamyl)-lysine	RM0136244	C11H21N3O5	275.1481	Organic acids	Amino acids and peptides	Dipeptides	7015685	CHEBI:88494	HMDB0003869			JPKNLFVGUZRHOB-YUMQZZPRSA-N	C(CCNC(=O)CC[C@@H](C(=O)O)N)C[C@@H](C(=O)O)N	Epsilon-(gamma-Glutamyl)-lysine								CHEBI:88494									CHEBI:133752	CHEBI:88494,CHEBI:133752							CHEBI:88494,CHEBI:133752						CHEBI:33575	R-HSA-6809371	1
PE(P-19:1(12Z)/0:0)	-	-	-	-	-	-	-		-	-		-	-	-					CHEBI:188200	CHEBI:188200	CHEBI:188200	CHEBI:188200										CHEBI:188200							CHEBI:188200						CHEBI:36314	R-HSA-1482788	1
Dihydropteroic acid	-	-	-	-	-	-	-		-	-		-	-	-																																	0
3-Ethylpyridine	RM0204146	C7H9N	107.0735	Alkaloids	Pyridine alkaloids	Pyridine alkaloids	10823	CHEBI:127904	HMDB0029734			MFEIKQPHQINPRI-UHFFFAOYSA-N	CCc1cccnc1	3-Ethylpyridine					CHEBI:169025,CHEBI:169025	CHEBI:169025,CHEBI:169025	CHEBI:169025,CHEBI:169025	CHEBI:127904,CHEBI:169025										CHEBI:127904,CHEBI:169025							CHEBI:127904,CHEBI:169025								0
Apigenin 7-glucuronide	RM0186817	C21H18O11	446.0849	Polyketides	Flavonoids	Flavones	44257800		HMDB0240480	LMPK12110344		JBFOLLJCGUCDQP-ZFORQUDYSA-N	c1cc(ccc1c1cc(=O)c2c(cc(cc2o1)O[C@H]1[C@@H]([C@H]([C@@H]([C@@H](C(=O)O)O1)O)O)O)O)O	Apigenin 7-glucuronide					CHEBI:181620	CHEBI:181620	CHEBI:181620	CHEBI:181620										CHEBI:181620							CHEBI:181620								0
1H-Indole-3-carboxylic acid, octahydro-3-hydroxy-2,6-methano-2H-quinolizin-8-yl ester, N-oxide	-	-	-	-	-	-	-		-	-		-	-	-																																	0
PC(18:3(9Z,12Z,15Z)/20:1(11Z))	-	-	-	-	-	-	-		-	-		-	-	-					CHEBI:89444	CHEBI:89444	CHEBI:89444	CHEBI:89444										CHEBI:89444							CHEBI:89444						CHEBI:57643	R-HSA-111995,R-HSA-1369062,R-HSA-1482788,R-HSA-1482798,R-HSA-1482839,R-HSA-1483101,R-HSA-1483148,R-HSA-1483166,R-HSA-1483191,R-HSA-1483196,R-HSA-1660661,R-HSA-2029485,R-HSA-2142753,R-HSA-382556,R-HSA-5678771,R-HSA-5683678,R-HSA-5683826,R-HSA-5688399,R-HSA-6811436,R-HSA-8964058,R-HSA-9680350	21
L-Alloisoleucine	RM0135966	C6H13NO2	131.0946	Organic acids	Amino acids and peptides	Amino acids	99288	CHEBI:43433	HMDB0000557			AGPKZVBTJJNPAG-UHNVWZDZSA-N	CC[C@@H](C)[C@@H](C(=O)O)N	Alloisoleucine					CHEBI:22359,CHEBI:43433,CHEBI:85338	CHEBI:22359,CHEBI:43433,CHEBI:85338	CHEBI:22359,CHEBI:43433,CHEBI:85338	CHEBI:22359,CHEBI:43433,CHEBI:85338									CHEBI:20899,CHEBI:85306	CHEBI:20899,CHEBI:22359,CHEBI:43433,CHEBI:85306,CHEBI:85338							CHEBI:20899,CHEBI:22359,CHEBI:43433,CHEBI:85306,CHEBI:85338						CHEBI:33575	R-HSA-6809371	1
Palmitaldehyde	RM0152790	C16H32O	240.2453	Fatty Acyls	Fatty aldehydes	Fatty aldehydes	984	CHEBI:17600	HMDB0001551	LMFA06000088	C00517	NIOYUNMRJMEDGI-UHFFFAOYSA-N	CCCCCCCCCCCCCCCC=O	Palmitaldehyde	CHEBI:17600	R-HSA-9845614	C00517	map00071	CHEBI:17600	CHEBI:17600	CHEBI:17600	CHEBI:17600	C00517	C00517	C00517	C00517	CHEBI:17600	R-HSA-9845614	C00517	map00071		CHEBI:17600	C00517	CHEBI:17600	R-HSA-9845614	C00517	map00071		CHEBI:17600	C00517	CHEBI:17600	R-HSA-9845614	C00517	map00071			0
MG(0:0/20:4(5Z,8Z,11Z,14Z)/0:0)	RM0156494	C23H40O3	364.2977	Glycerolipids	Monoradylglycerols	MAG	6483057	CHEBI:75913	HMDB0013657	LMGL01020034		CUJUUWXZAQHCNC-DOFZRALJSA-N	CCCCC/C=C\C/C=C\C/C=C\C/C=C\CCCCOC(CO)CO	MG 0:0/20:4(5Z,8Z,11Z,14Z)/0:0								CHEBI:75913										CHEBI:75913							CHEBI:75913						CHEBI:18059	R-HSA-1222556,R-HSA-1369062,R-HSA-5682294,R-HSA-804914,R-HSA-8941413	5
2-ethyl-3E-hexenoic acid	-	-	-	-	-	-	-		-	-		-	-	-					CHEBI:180319	CHEBI:180319	CHEBI:180319	CHEBI:180319										CHEBI:180319							CHEBI:180319						CHEBI:59554	R-HSA-390247,R-HSA-77289	2
2,3-dihydroxy stearic acid	-	-	-	-	-	-	-		-	-		-	-	-					CHEBI:188217	CHEBI:188217	CHEBI:188217	CHEBI:188217										CHEBI:188217							CHEBI:188217						CHEBI:15904	R-HSA-1369062,R-HSA-192456,R-HSA-3000471,R-HSA-390247,R-HSA-5684045,R-HSA-77289,R-HSA-8963901,R-HSA-8964058,R-HSA-975634	9
PC(0:0/5:0)	RM0180191	C13H28NO7P	341.1603	Glycerophospholipids	Glycerophosphocholines	LPC								LPC 0:0/5:0					CHEBI:187673	CHEBI:187673	CHEBI:187673	CHEBI:187673										CHEBI:187673							CHEBI:187673						CHEBI:16728	R-HSA-1482788,R-HSA-1483115	2
1-(8-[5]-ladderane-octanoyl)-2-(8-[3]-ladderane-octanyl)-sn-glycero-3-phospho-(1'-sn-glycerol)	-	-	-	-	-	-	-		-	-		-	-	-						CHEBI:183189	CHEBI:183189	CHEBI:183189										CHEBI:183189							CHEBI:183189						CHEBI:18059,CHEBI:37739,CHEBI:52575	R-HSA-1222556,R-HSA-1369062,R-HSA-5682294,R-HSA-75109,R-HSA-804914,R-HSA-8941413,R-HSA-9845576	7
Alliospiroside D	-	-	-	-	-	-	-		-	-		-	-	-					CHEBI:169837	CHEBI:169837	CHEBI:169837	CHEBI:169837										CHEBI:169837							CHEBI:169837						CHEBI:35341	R-HSA-196071	1
7,12-Dioxo-5beta-cholan-24-oic Acid	RM0126034	C24H36O4	388.2614	Sterol Lipids	Bile acids	C24 bile acids	5283916	CHEBI:166721		LMST04010140		WHQYZHCEDYYAAN-CFXISUNGSA-N	C[C@H](CCC(=O)O)[C@H]1CC[C@H]2[C@H]3[C@H](CC(=O)[C@]12C)[C@@]1(C)CCCC[C@H]1CC3=O	7,12-Dioxo-5beta-cholan-24-oic acid					CHEBI:166721	CHEBI:166721	CHEBI:166721	CHEBI:166721										CHEBI:166721							CHEBI:166721						CHEBI:33575,CHEBI:35341	R-HSA-196071,R-HSA-6809371	2
5-(2-Methylpropyl)tetrahydro-2-oxo-3-furancarboxylic acid	-	-	-	-	-	-	-		-	-		-	-	-					CHEBI:168964	CHEBI:168964	CHEBI:168964	CHEBI:168964										CHEBI:168964							CHEBI:168964								0
neriifolin	-	-	-	-	-	-	-		-	-		-	-	-					CHEBI:7522,CHEBI:7522	CHEBI:7522,CHEBI:7522	CHEBI:7522	CHEBI:7522	C08876	C08876	C08876	C08876						CHEBI:7522	C08876						CHEBI:7522	C08876					CHEBI:35341	R-HSA-196071	1
Denticulaflavonol	-	-	-	-	-	-	-		-	-		-	-	-					CHEBI:185217	CHEBI:185217	CHEBI:185217	CHEBI:185217										CHEBI:185217							CHEBI:185217								0
Typhasterol	-	-	-	-	-	-	-		-	-		-	-	-					CHEBI:27173	CHEBI:27173	CHEBI:27173	CHEBI:27173	C15793	C15793	C15793	C15793			C15793	map01100,map01110,map00905		CHEBI:27173	C15793			C15793	map01100,map01110,map00905		CHEBI:27173	C15793			C15793	map01100,map01110,map00905	CHEBI:35341	R-HSA-196071	1
7-methyl-cis-8,9-Epoxy-tricosane	-	-	-	-	-	-	-		-	-		-	-	-					CHEBI:187961	CHEBI:187961	CHEBI:187961	CHEBI:187961										CHEBI:187961							CHEBI:187961								0
2-Aminoethylarsonate	-	-	-	-	-	-	-		-	-		-	-	-					CHEBI:1018	CHEBI:1018	CHEBI:1018	CHEBI:1018	C07279	C07279	C07279	C07279						CHEBI:1018	C07279						CHEBI:1018	C07279							0
PC(20:5(5Z,8Z,11Z,14Z,17Z)/20:4(5Z,8Z,11Z,14Z))	RM0172492	C48H78NO8P	827.5465	Glycerophospholipids	Glycerophosphocholines	PC	52923373		HMDB0008509	LMGP01011948		JYWXVFXGOBTFQZ-RHOQSXGDSA-N	CC/C=CC/C=CC/C=CC/C=CC/C=CCCCC(=O)OC[C@H](COP(=O)([O-])OCC[N+](C)(C)C)OC(=O)CCC/C=CC/C=CC/C=CC/C=CCCCCC	PC 20:5(5Z,8Z,11Z,14Z,17Z)/20:4(5Z,8Z,11Z,14Z)					CHEBI:188273	CHEBI:188273	CHEBI:188273	CHEBI:188273										CHEBI:188273							CHEBI:188273						CHEBI:57643	R-HSA-111995,R-HSA-1369062,R-HSA-1482788,R-HSA-1482798,R-HSA-1482839,R-HSA-1483101,R-HSA-1483148,R-HSA-1483166,R-HSA-1483191,R-HSA-1483196,R-HSA-1660661,R-HSA-2029485,R-HSA-2142753,R-HSA-382556,R-HSA-5678771,R-HSA-5683678,R-HSA-5683826,R-HSA-5688399,R-HSA-6811436,R-HSA-8964058,R-HSA-9680350	21
12S-hydroxy-9-octadecynoic acid	-	-	-	-	-	-	-		-	-		-	-	-					CHEBI:188207	CHEBI:188207	CHEBI:188207	CHEBI:188207										CHEBI:188207							CHEBI:188207						CHEBI:15904	R-HSA-1369062,R-HSA-192456,R-HSA-3000471,R-HSA-390247,R-HSA-5684045,R-HSA-77289,R-HSA-8963901,R-HSA-8964058,R-HSA-975634	9
Luteolin 7-sulfate-3'-glucoside	-	-	-	-	-	-	-		-	-		-	-	-					CHEBI:188114	CHEBI:188114	CHEBI:188114	CHEBI:188114										CHEBI:188114							CHEBI:188114								0
PA(20:1(11Z)/20:3(8Z,11Z,14Z))	-	-	-	-	-	-	-		-	-		-	-	-					CHEBI:188142	CHEBI:188142	CHEBI:188142	CHEBI:188142										CHEBI:188142							CHEBI:188142						CHEBI:37739	R-HSA-9845576	1
6-(alpha-D-Glucosaminyl)-1D-myo-inositol	-	-	-	-	-	-	-		-	-		-	-	-					CHEBI:44230,CHEBI:58700	CHEBI:44230,CHEBI:58700	CHEBI:44230,CHEBI:58700	CHEBI:44230,CHEBI:58700	C15658	C15658	C15658	C15658						CHEBI:44230,CHEBI:58700	C15658						CHEBI:44230,CHEBI:58700	C15658					CHEBI:36916	R-HSA-936837	1
PC(18:3(9Z,12Z,15Z)/18:0)	-	-	-	-	-	-	-		-	-		-	-	-					CHEBI:89438	CHEBI:89438	CHEBI:89438	CHEBI:89438										CHEBI:89438							CHEBI:89438						CHEBI:57643	R-HSA-111995,R-HSA-1369062,R-HSA-1482788,R-HSA-1482798,R-HSA-1482839,R-HSA-1483101,R-HSA-1483148,R-HSA-1483166,R-HSA-1483191,R-HSA-1483196,R-HSA-1660661,R-HSA-2029485,R-HSA-2142753,R-HSA-382556,R-HSA-5678771,R-HSA-5683678,R-HSA-5683826,R-HSA-5688399,R-HSA-6811436,R-HSA-8964058,R-HSA-9680350	21
PG(20:5(5Z,8Z,11Z,14Z,17Z)/0:0)	RM0183643	C26H41O10P	544.2437	Glycerophospholipids	Glycerophosphoglycerols	LPG								LPG 20:5(5Z,8Z,11Z,14Z,17Z)/0:0					CHEBI:186656	CHEBI:186656	CHEBI:186656	CHEBI:186656										CHEBI:186656							CHEBI:186656						CHEBI:37739	R-HSA-9845576	1
Desoxyscalarin	-	-	-	-	-	-	-		-	-		-	-	-																																	0
2E-Octadecenal	RM0139505	C18H34O	266.2610	Fatty Acyls	Fatty aldehydes	Fatty aldehydes	5463317	CHEBI:165518		LMFA06000232		AHQSSWHOKBCJFA-WUKNDPDISA-N	CCCCCCCCCCCCCCC/C=C/C=O	2E-Octadecenal					CHEBI:165518	CHEBI:165518	CHEBI:165518	CHEBI:165518										CHEBI:165518							CHEBI:165518						CHEBI:35746	R-HSA-1482788,R-HSA-75109	2
Hodgkinsine	RM0137273	C33H38N6	518.3158	Alkaloids	Tryptophan alkaloids	Pyrroloindole alkaloids	118701325	CHEBI:5741			C09211	DPVWJPVYOXKFRQ-SFUHVFQBSA-N	CN1CC[C@@]2(c3ccccc3NC12)c1cccc2c1NC1[C@@]2(CCN1C)[C@]12CCN(C)[C@@H]2Nc2ccccc12	Hodgkinsine					CHEBI:5741	CHEBI:5741	CHEBI:5741	CHEBI:5741	C09211	C09211	C09211	C09211						CHEBI:5741	C09211						CHEBI:5741	C09211							0
Hydroxystilbamidine Isethionate	-	-	-	-	-	-	-		-	-		-	-	-					CHEBI:135161	CHEBI:135161	CHEBI:135161	CHEBI:135161										CHEBI:135161							CHEBI:135161								0
Geranyl diphosphate	RM0158253	C10H20O7P2	314.0684	Prenol Lipids	Isoprenoids	C10 isoprenoids	445995	CHEBI:17211	HMDB0001285	LMPR0102010001	C00341	GVVPGTZRZFNKDS-JXMROGBWSA-N	CC(=CCC/C(=C/COP(=O)(O)OP(=O)(O)O)/C)C	Geranyl diphosphate			C00341	map01100,map01110,map01240,map00130,map00900,map00902,map01060,map01062,map01066,map01070	CHEBI:17211,CHEBI:17211,CHEBI:17211,CHEBI:58057	CHEBI:17211,CHEBI:17211,CHEBI:17211,CHEBI:58057	CHEBI:17211,CHEBI:17211,CHEBI:17211,CHEBI:58057	CHEBI:17211,CHEBI:58057	C00341	C00341	C00341	C00341	CHEBI:58057	R-HSA-9969896	C00341	map01100,map01110,map01240,map00130,map00900,map00902,map01060,map01062,map01066,map01070		CHEBI:17211,CHEBI:58057	C00341	CHEBI:58057	R-HSA-9969896	C00341	map01100,map01110,map01240,map00130,map00900,map00902,map01060,map01062,map01066,map01070		CHEBI:17211,CHEBI:58057	C00341	CHEBI:58057	R-HSA-9969896	C00341	map01100,map01110,map01240,map00130,map00900,map00902,map01060,map01062,map01066,map01070			0
Cer(d18:0/22:0)	RM0135509	C40H81NO3	623.6216	Sphingolipids	Ceramides	DHCer	5283575	CHEBI:67021	HMDB0011765	LMSP02020010		SXPRAKSDHOEHIG-ZESVVUHVSA-N	CCCCCCCCCCCCCCCCCCCCCC(=O)N[C@@H](CO)[C@@H](CCCCCCCCCCCCCCC)O	Cer 18:0;O2/22:0					CHEBI:67021	CHEBI:67021	CHEBI:67021	CHEBI:67021										CHEBI:67021							CHEBI:67021						CHEBI:139048	R-HSA-1660661	1
Heneicosanedioic acid	RM0153697	C21H40O4	356.2927	Fatty Acyls	Fatty acids	Dicarboxylic acids	9543668	CHEBI:165385		LMFA01170036		PWLXTFFHCFWCGG-UHFFFAOYSA-N	C(CCCCCCCCCC(=O)O)CCCCCCCCCC(=O)O	Heneicosanedioic acid					CHEBI:165385	CHEBI:165385	CHEBI:165385	CHEBI:165385										CHEBI:165385							CHEBI:165385						CHEBI:15904	R-HSA-1369062,R-HSA-192456,R-HSA-3000471,R-HSA-390247,R-HSA-5684045,R-HSA-77289,R-HSA-8963901,R-HSA-8964058,R-HSA-975634	9
Dihydrodeoxystreptomycin	-	-	-	-	-	-	-		-	-		-	-	-					CHEBI:135831	CHEBI:135831	CHEBI:135831	CHEBI:135831										CHEBI:135831							CHEBI:135831								0
PE(6:0/6:0)	RM0133840	C17H34NO8P	411.2022	Glycerophospholipids	Glycerophosphoethanolamines	PE	9546806	CHEBI:138216	HMDB0244074	LMGP02010104		PELYUHWUVHDSSU-OAHLLOKOSA-N	CCCCCC(=O)OC[C@H](COP(=O)(O)OCCN)OC(=O)CCCCC	PE 6:0/6:0					CHEBI:138216,CHEBI:138922	CHEBI:138216,CHEBI:138922	CHEBI:138216,CHEBI:138922	CHEBI:138216,CHEBI:138922										CHEBI:138216,CHEBI:138922							CHEBI:138216,CHEBI:138922						CHEBI:36314,CHEBI:64612	R-HSA-1482788,R-HSA-1660661	2
17-Hydroxypregnenolone sulfate	RM0033789	C21H32O6S	412.1920	Sterol Lipids	Steroids	C21 Steroids	152971	CHEBI:89454	HMDB0000416	LMST05020021		OMOKWYAQVYBHMG-TVWVXWENSA-N	CC(=O)[C@]1(CC[C@H]2[C@@H]3CC=C4C[C@H](CC[C@]4(C)[C@H]3CC[C@]12C)OS(=O)(=O)O)O	17-Hydroxypregnenolone sulfate					CHEBI:89454	CHEBI:89454	CHEBI:89454	CHEBI:89454									CHEBI:133742	CHEBI:89454,CHEBI:133742							CHEBI:89454,CHEBI:133742						CHEBI:30879,CHEBI:35341	R-HSA-1483166,R-HSA-196071,R-HSA-2022377,R-HSA-8935690	4
Herbasterol	RM0200790	C27H48O6	468.3451	Sterol Lipids	Sterols	Cholesterols	21671289			LMST01010292		UWPWCNUBZQKCGV-YJJKLKRJSA-N	CC(C)CCC[C@@H](C)[C@H]1CC[C@@H]([C@@H]2C[C@H]([C@@H]3C[C@@H]([C@H](C[C@]3(CO)C2=O)O)O)O)[C@]1(C)CCO	Herbasterol					CHEBI:185687	CHEBI:185687	CHEBI:185687	CHEBI:185687										CHEBI:185687							CHEBI:185687						CHEBI:18059	R-HSA-1222556,R-HSA-1369062,R-HSA-5682294,R-HSA-804914,R-HSA-8941413	5
pregnan-21-al	RM0126045	C21H34O	302.2610	Sterol Lipids	Steroids	C21 Steroids	5459943	CHEBI:17934		LMST02030162	C00891	UJWPMRYSXHLYMB-XFNFOBRPSA-N	C[C@]12CCCCC1CC[C@H]1[C@@H]3CC[C@H](CC=O)[C@@]3(C)CC[C@H]21	Pregnan-21-al					CHEBI:17934,CHEBI:17934	CHEBI:17934,CHEBI:17934	CHEBI:17934,CHEBI:17934	CHEBI:17934	C00891	C00891	C00891	C00891						CHEBI:17934	C00891						CHEBI:17934	C00891					CHEBI:35341	R-HSA-196071	1
4-O-Methyl-a-D-glucosyl-(1->2)-b-D-xylosyl-(1->4)-D-xylose	-	-	-	-	-	-	-		-	-		-	-	-					CHEBI:168540	CHEBI:168540	CHEBI:168540	CHEBI:168540										CHEBI:168540							CHEBI:168540								0
18Z-pentacosenoic acid	-	-	-	-	-	-	-		-	-		-	-	-					CHEBI:187952	CHEBI:187952	CHEBI:187952	CHEBI:187952										CHEBI:187952							CHEBI:187952						CHEBI:35366	R-HSA-1482883,R-HSA-167826,R-HSA-422085,R-HSA-426048,R-HSA-6809371,R-HSA-6811436,R-HSA-8963889,R-HSA-8964038	8
27-Norcholestanehexol	RM0224342	C26H46O6	454.3294	Sterol Lipids	Bile acids	C26 bile acids	196302		HMDB0002157	LMST04020029		PYLPANOYZCSFOX-UCIVWCSPSA-N	C[C@H](CCC(C(CO)O)O)[C@H]1CC[C@H]2[C@H]3[C@H](C[C@@H]([C@]12C)O)[C@@]1(C)CC[C@H](C[C@H]1C[C@H]3O)O	27-Norcholestanehexol					CHEBI:172134	CHEBI:172134	CHEBI:172134	CHEBI:172134										CHEBI:172134							CHEBI:172134						CHEBI:35341	R-HSA-196071	1
Aragusteroketal	-	-	-	-	-	-	-		-	-		-	-	-					CHEBI:187381	CHEBI:187381	CHEBI:187381	CHEBI:187381										CHEBI:187381							CHEBI:187381						CHEBI:35341	R-HSA-196071	1
5Z-Tetradecenoic acid	RM0153634	C14H26O2	226.1933	Fatty Acyls	Fatty acids	Unsaturated FA	5312400	CHEBI:70716	HMDB0000521	LMFA01030248		AFGUVBVUFZMJMX-KTKRTIGZSA-N	CCCCCCCC/C=C\CCCC(=O)O	Physeteric acid					CHEBI:89393	CHEBI:89393	CHEBI:89393	CHEBI:70716,CHEBI:89393										CHEBI:70716,CHEBI:89393							CHEBI:70716,CHEBI:89393						CHEBI:15904,CHEBI:35366	R-HSA-1369062,R-HSA-1482883,R-HSA-167826,R-HSA-192456,R-HSA-3000471,R-HSA-390247,R-HSA-422085,R-HSA-426048,R-HSA-5684045,R-HSA-6809371,R-HSA-6811436,R-HSA-77289,R-HSA-8963889,R-HSA-8963901,R-HSA-8964038,R-HSA-8964058,R-HSA-975634	17
Perfluorooctanesulfonic acid	RM0060092	C8HF17O3S	499.9375	Organohalogen compounds	Alkyl halides	Perfluorooctane sulfonic acids	74483	CHEBI:39421	HMDB0059586			YFSUTJLHUFNCNZ-UHFFFAOYSA-N	C(C(C(C(C(F)(F)S(=O)(=O)O)(F)F)(F)F)(F)F)(C(C(C(F)(F)F)(F)F)(F)F)(F)F	Perfluorooctanesulfonic acid					CHEBI:39421	CHEBI:39421	CHEBI:39421	CHEBI:39421	C18142	C18142	C18142	C18142						CHEBI:39421	C18142						CHEBI:39421	C18142							0
Ipecac (Psychotrine)	RM0137384	C28H36N2O4	464.2675	Organoheterocyclic compounds	Isoquinolones	Isoquinolones	65380	CHEBI:8622			C09612	CLNILJPYOXIKRO-REIDKSKDSA-N	CC[C@H]1CN2CCc3cc(c(cc3[C@@H]2C[C@@H]1CC1=C2C=C(C(=O)C=C2CCN1)OC)OC)OC	Psychotrine					CHEBI:8622	CHEBI:8622	CHEBI:8622	CHEBI:8622	C09612	C09612	C09612	C09612						CHEBI:8622	C09612						CHEBI:8622	C09612							0
PC(3:0/0:0)	-	-	-	-	-	-	-		-	-		-	-	-					CHEBI:179167	CHEBI:179167	CHEBI:179167	CHEBI:179167										CHEBI:179167							CHEBI:179167						CHEBI:58168	R-HSA-111995,R-HSA-1482839,R-HSA-2142753,R-HSA-6814848	4
Isovaleric acid	RM0153214	C5H10O2	102.0681	Fatty Acyls	Fatty acids	Branched FA	10430	CHEBI:28484	HMDB0000718	LMFA01020181	C08262	GWYFCOCPABKNJV-UHFFFAOYSA-N	CC(C)CC(=O)O	Isovaleric acid	CHEBI:28484	R-HSA-381753,R-HSA-381753	C08262	map01110,map01065,map04974	CHEBI:28484,CHEBI:28484,CHEBI:28484	CHEBI:28484,CHEBI:28484,CHEBI:28484	CHEBI:28484,CHEBI:28484,CHEBI:28484	CHEBI:28484	C08262	C08262	C08262	C08262	CHEBI:28484	R-HSA-381753,R-HSA-381753	C08262	map01110,map01065,map04974	CHEBI:48942	CHEBI:28484,CHEBI:48942	C08262	CHEBI:28484	R-HSA-381753,R-HSA-381753	C08262	map01110,map01065,map04974		CHEBI:28484,CHEBI:48942	C08262	CHEBI:28484	R-HSA-381753,R-HSA-381753	C08262	map01110,map01065,map04974			0
2-methoxy-6Z-hexadecenoic acid	-	-	-	-	-	-	-		-	-		-	-	-					CHEBI:34294	CHEBI:34294	CHEBI:34294	CHEBI:34294	C13946	C13946	C13946	C13946						CHEBI:34294	C13946						CHEBI:34294	C13946					CHEBI:15904	R-HSA-1369062,R-HSA-192456,R-HSA-3000471,R-HSA-390247,R-HSA-5684045,R-HSA-77289,R-HSA-8963901,R-HSA-8964058,R-HSA-975634	9
ethyl tetradecanoate	RM0150307	C16H32O2	256.2402	Fatty Acyls	Fatty esters	Wax monoesters	31283	CHEBI:84849	HMDB0034153	LMFA07010468		MMKRHZKQPFCLLS-UHFFFAOYSA-N	CCCCCCCCCCCCCC(=O)OCC	Ethyl tetradecanoate					CHEBI:84849	CHEBI:84849	CHEBI:84849	CHEBI:84849										CHEBI:84849							CHEBI:84849						CHEBI:18059	R-HSA-1222556,R-HSA-1369062,R-HSA-5682294,R-HSA-804914,R-HSA-8941413	5
5-O-a-L-Arabinofuranosyl-L-arabinose	-	-	-	-	-	-	-		-	-		-	-	-					CHEBI:174692	CHEBI:174692	CHEBI:174692	CHEBI:174692										CHEBI:174692							CHEBI:174692								0
N-oleoyl glutamine	RM0140129	C23H42N2O4	410.3145	Fatty Acyls	Fatty amides	N-acyl amines	52922072	CHEBI:136615	HMDB0241958	LMFA08020128		ZHVSXWCIYWYBQP-QJRAZLAKSA-N	CCCCCCCC/C=C\CCCCCCCC(=O)N[C@@H](CCC(=O)N)C(=O)O	NA-Gln 18:1(9Z)					CHEBI:136615	CHEBI:136615	CHEBI:136615	CHEBI:136615									CHEBI:134033	CHEBI:134033,CHEBI:136615							CHEBI:134033,CHEBI:136615						CHEBI:18059	R-HSA-1222556,R-HSA-1369062,R-HSA-5682294,R-HSA-804914,R-HSA-8941413	5
JWH 369	-	-	-	-	-	-	-		-	-		-	-	-					CHEBI:188075	CHEBI:188075	CHEBI:188075	CHEBI:188075										CHEBI:188075							CHEBI:188075								0
N-palmitoyl glycine	RM0154257	C18H35NO3	313.2617	Fatty Acyls	Fatty amides	N-acyl amines	151008	CHEBI:39540	HMDB0013034	LMFA08020079		KVTFEOAKFFQCCX-UHFFFAOYSA-N	CCCCCCCCCCCCCCCC(=O)NCC(=O)O	NA-Gly 16:0								CHEBI:39540									CHEBI:142655	CHEBI:39540,CHEBI:142655							CHEBI:39540,CHEBI:142655						CHEBI:18059	R-HSA-1222556,R-HSA-1369062,R-HSA-5682294,R-HSA-804914,R-HSA-8941413	5
Tenovin-1	-	-	-	-	-	-	-		-	-		-	-	-																																	0
Archaetidylglycerol-(glycosyl)-myo-inositol	-	-	-	-	-	-	-		-	-		-	-	-					CHEBI:188317	CHEBI:188317	CHEBI:188317	CHEBI:188317										CHEBI:188317							CHEBI:188317						CHEBI:37739	R-HSA-9845576	1
Heptadecan-2-one	-	-	-	-	-	-	-		-	-		-	-	-					CHEBI:188010,CHEBI:188010	CHEBI:188010,CHEBI:188010	CHEBI:188010	CHEBI:188010										CHEBI:188010							CHEBI:188010								0
(3b,9R)-5-Megastigmene-3,9-diol 9-[apiosyl-(1->6)-glucoside]	-	-	-	-	-	-	-		-	-		-	-	-					CHEBI:168199	CHEBI:168199	CHEBI:168199	CHEBI:168199										CHEBI:168199							CHEBI:168199								0
14R-Methyl-8E-hexadecenal	-	-	-	-	-	-	-		-	-		-	-	-					CHEBI:188027	CHEBI:188027	CHEBI:188027	CHEBI:188027										CHEBI:188027							CHEBI:188027						CHEBI:35746	R-HSA-1482788,R-HSA-75109	2
PI(15:1(9Z)/0:0)	RM0184026	C24H43O13P	570.2441	Glycerophospholipids	Glycerophosphoinositols	LPI								LPI 15:1(9Z)/0:0					CHEBI:169283	CHEBI:169283	CHEBI:169283	CHEBI:169283										CHEBI:169283							CHEBI:169283						CHEBI:37739	R-HSA-9845576	1
Genipinic acid	-	-	-	-	-	-	-		-	-		-	-	-					CHEBI:172481	CHEBI:172481	CHEBI:172481	CHEBI:172481										CHEBI:172481							CHEBI:172481						CHEBI:33575	R-HSA-6809371	1
ponasterone A	-	-	-	-	-	-	-		-	-		-	-	-					CHEBI:28135,CHEBI:28135	CHEBI:28135,CHEBI:28135	CHEBI:28135	CHEBI:28135	C08835	C08835	C08835	C08835						CHEBI:28135	C08835						CHEBI:28135	C08835					CHEBI:30879,CHEBI:35341	R-HSA-1483166,R-HSA-196071,R-HSA-2022377,R-HSA-8935690	4
Taxa-4(20),11(12)-dien-5alpha-acetoxy-10beta-ol	-	-	-	-	-	-	-		-	-		-	-	-																																	0
N3'-Acetylgentamicin	-	-	-	-	-	-	-		-	-		-	-	-																																	0
N2-Maltulosylarginine	-	-	-	-	-	-	-		-	-		-	-	-					CHEBI:186630	CHEBI:186630	CHEBI:186630	CHEBI:186630										CHEBI:186630							CHEBI:186630						CHEBI:16412	R-HSA-1236974,R-HSA-140534,R-HSA-166016,R-HSA-166020,R-HSA-166058,R-HSA-166166,R-HSA-2562578,R-HSA-3000471,R-HSA-3000480,R-HSA-5602498,R-HSA-5603041,R-HSA-5686938,R-HSA-6803157,R-HSA-936964,R-HSA-937041,R-HSA-937072,R-HSA-975163,R-HSA-9824878,R-HSA-9948001,R-HSA-9948011,R-HSA-9953170,R-HSA-9956593	22
6alpha,7alpha-Dihydroxy-3-oxo-5beta-cholan-24-oic Acid	-	-	-	-	-	-	-		-	-		-	-	-					CHEBI:184206	CHEBI:184206	CHEBI:184206	CHEBI:184206										CHEBI:184206							CHEBI:184206						CHEBI:35341	R-HSA-196071	1
Sodium lauryl sulfate	-	-	-	-	-	-	-		-	-		-	-	-					CHEBI:8984	CHEBI:8984	CHEBI:8984	CHEBI:8984	C11166	C11166	C11166	C11166						CHEBI:8984	C11166						CHEBI:8984	C11166							0
N-Desmethyldiazepam	-	-	-	-	-	-	-		-	-		-	-	-					CHEBI:111762	CHEBI:111762	CHEBI:111762	CHEBI:111762	C07486	C07486	C07486	C07486						CHEBI:111762	C07486						CHEBI:111762	C07486							0
3alpha-Hydroxy-6-oxo-5beta-cholan-24-oic Acid	-	-	-	-	-	-	-		-	-		-	-	-																																	0
CPA(18:0)	-	-	-	-	-	-	-		-	-		-	-	-					CHEBI:187408	CHEBI:187408	CHEBI:187408	CHEBI:187408										CHEBI:187408							CHEBI:187408						CHEBI:37739	R-HSA-9845576	1
Quercetin 3-(3'',4''-diacetylrhamnosyl)-(1->6)-glucoside	-	-	-	-	-	-	-		-	-		-	-	-					CHEBI:188254	CHEBI:188254	CHEBI:188254	CHEBI:188254										CHEBI:188254							CHEBI:188254								0
Dihydromaleimide beta-D-glucoside	-	-	-	-	-	-	-		-	-		-	-	-																																	0
Propanoic acid, 2-hydroxy-3-[2-(2-propenyloxy)phenoxy]-	-	-	-	-	-	-	-		-	-		-	-	-					CHEBI:188296	CHEBI:188296	CHEBI:188296	CHEBI:188296										CHEBI:188296							CHEBI:188296								0
Cortisone acetate	RM0128177	C23H30O6	402.2042	Sterol Lipids	Steroids	C21 Steroids	5745	CHEBI:3897	HMDB0015459	LMST02030120	C08173	ITRJWOMZKQRYTA-RFZYENFJSA-N	CC(=O)OCC(=O)[C@]1(CC[C@H]2[C@@H]3CCC4=CC(=O)CC[C@]4(C)[C@H]3C(=O)C[C@]12C)O	Cortisone acetate					CHEBI:3897	CHEBI:3897	CHEBI:3897	CHEBI:3897	C08173	C08173	C08173	C08173						CHEBI:3897	C08173						CHEBI:3897	C08173					CHEBI:35341	R-HSA-196071	1
7??-(Thiomethyl)spironolactone	-	-	-	-	-	-	-		-	-		-	-	-																																	0
PE(18:4(6Z,9Z,12Z,15Z)/P-18:1(11Z))	-	-	-	-	-	-	-		-	-		-	-	-					CHEBI:172808	CHEBI:172808	CHEBI:172808	CHEBI:172808										CHEBI:172808							CHEBI:172808						CHEBI:36314	R-HSA-1482788	1
2-nonene-4,6,8-triynal	-	-	-	-	-	-	-		-	-		-	-	-					CHEBI:73737	CHEBI:73737	CHEBI:73737	CHEBI:73737										CHEBI:73737							CHEBI:73737								0
17-hydroxy stearic acid	-	-	-	-	-	-	-		-	-		-	-	-					CHEBI:168647	CHEBI:168647	CHEBI:168647	CHEBI:168647										CHEBI:168647							CHEBI:168647						CHEBI:15904	R-HSA-1369062,R-HSA-192456,R-HSA-3000471,R-HSA-390247,R-HSA-5684045,R-HSA-77289,R-HSA-8963901,R-HSA-8964058,R-HSA-975634	9
11-Hydroxyprogesterone 11-glucuronide	-	-	-	-	-	-	-		-	-		-	-	-					CHEBI:62672	CHEBI:62672	CHEBI:62672	CHEBI:62672										CHEBI:62672							CHEBI:62672						CHEBI:35341	R-HSA-196071	1
Solanocapsine	RM0137177	C27H46N2O2	430.3559	Alkaloids	Alkaloids	Other alkaloids	118701057	CHEBI:9189			C10821	ZPTJKUUQUDRHTL-USVRBAEFSA-N	C[C@@H]1C[C@]2(C([C@@H](C)C3[C@@H](CC4[C@@H]5CCC6C[C@H](CC[C@]6(C)C5CC[C@]34C)N)O2)NC1)O	Solanocapsine					CHEBI:9189	CHEBI:9189	CHEBI:9189	CHEBI:9189	C10821	C10821	C10821	C10821						CHEBI:9189	C10821						CHEBI:9189	C10821					CHEBI:35341	R-HSA-196071	1
Filipin III	-	-	-	-	-	-	-		-	-		-	-	-					CHEBI:83267	CHEBI:83267	CHEBI:83267	CHEBI:83267										CHEBI:83267							CHEBI:83267								0
4'-O-Methyl-(-)-epicatechin-5-O-sulphate	RM0188175	C16H16O9S	384.0515	Polyketides	Flavonoids	Flavanols						JSNCQMRECHVQQQ-MLGOLLRUSA-N	COc1ccc(cc1O)[C@@H]1[C@@H](Cc2c(cc(cc2OS(=O)(=O)O)O)O1)O	4'-Methylepicatechin 5-sulfate					CHEBI:175492	CHEBI:175492	CHEBI:175492	CHEBI:175492										CHEBI:175492							CHEBI:175492								0
Taurochenodeoxycholic acid	RM0128369	C26H45NO6S	499.2968	Sterol Lipids	Bile acids	C24 bile acids	387316	CHEBI:16525	HMDB0000951	LMST05040005	C05465	BHTRKEVKTKCXOH-BJLOMENOSA-N	C[C@H](CCC(=O)NCCS(=O)(=O)O)[C@H]1CC[C@H]2[C@H]3[C@H](CC[C@]12C)[C@@]1(C)CC[C@H](C[C@H]1C[C@H]3O)O	Taurochenodeoxycholic acid	CHEBI:16525	R-HSA-159418,R-HSA-193368,R-HSA-5678520,R-HSA-879518	C05465	map00120,map00121,map04976,map04979	CHEBI:16525,CHEBI:16525	CHEBI:16525,CHEBI:16525	CHEBI:16525,CHEBI:16525	CHEBI:16525	C05465	C05465	C05465	C05465	CHEBI:16525	R-HSA-159418,R-HSA-193368,R-HSA-5678520,R-HSA-879518	C05465	map00120,map00121,map04976,map04979	CHEBI:9407	CHEBI:9407,CHEBI:16525	C05465	CHEBI:9407,CHEBI:16525	R-HSA-159418,R-HSA-192456,R-HSA-193368,R-HSA-879518,R-HSA-159418,R-HSA-193368,R-HSA-5678520,R-HSA-879518	C05465	map00120,map00121,map04976,map04979	CHEBI:192786	CHEBI:9407,CHEBI:16525,CHEBI:192786	C05465	CHEBI:9407,CHEBI:16525	R-HSA-159418,R-HSA-192456,R-HSA-193368,R-HSA-879518,R-HSA-159418,R-HSA-193368,R-HSA-5678520,R-HSA-879518	C05465	map00120,map00121,map04976,map04979			0
Yellow AB	-	-	-	-	-	-	-		-	-		-	-	-					CHEBI:82554	CHEBI:82554	CHEBI:82554	CHEBI:82554	C19552	C19552	C19552	C19552						CHEBI:82554	C19552						CHEBI:82554	C19552							0
Avermectin A2b aglycone	RM0056182	C34H50O9	602.3455	Polyketides	Macrolides	Macrolides	118701677	CHEBI:29532			C11956	COVVXXPWZYVADP-UWJWWMQQSA-N	CC(C)[C@@H]1[C@@H](C)[C@H](C[C@]2(C[C@@H]3C[C@@H](C/C=C(\C)/[C@H]([C@@H](C)/C=C/C=C/4\CO[C@@H]5[C@@H](C(=CC(C(=O)O3)[C@]45O)C)OC)O)O2)O1)O	Avermectin A2b aglycone			C11956	map00522	CHEBI:29532	CHEBI:29532	CHEBI:29532	CHEBI:29532	C11956	C11956	C11956	C11956			C11956	map00522		CHEBI:29532	C11956			C11956	map00522		CHEBI:29532	C11956			C11956	map00522			0
PE(17:0/20:4(5Z,8Z,11Z,14Z))	RM0133790	C42H76NO8P	753.5309	Glycerophospholipids	Glycerophosphoethanolamines	PE	5283493	CHEBI:84489		LMGP02010003		PWFGSGJBCRORHV-DVHMRFIGSA-N	CCCCC/C=CC/C=CC/C=CC/C=CCCCC(=O)O[C@H](COC(=O)CCCCCCCCCCCCCCCC)COP(=O)(O)OCCN	PE 17:0/20:4(5Z,8Z,11Z,14Z)					CHEBI:84489,CHEBI:85408	CHEBI:84489,CHEBI:85408	CHEBI:84489,CHEBI:85408	CHEBI:84489,CHEBI:85408										CHEBI:84489,CHEBI:85408							CHEBI:84489,CHEBI:85408						CHEBI:36314,CHEBI:64612	R-HSA-1482788,R-HSA-1660661	2
Cysteinyl-Methionine	RM0039245	C8H16N2O3S2	252.0602	Organic acids	Amino acids and peptides	Dipeptides	10214628	CHEBI:157812	HMDB0028781			OOULJWDSSVOMHX-WDSKDSINSA-N	CSCC[C@@H](C(=O)O)NC(=O)[C@H](CS)N	Cys-Met					CHEBI:157812,CHEBI:174318	CHEBI:157812,CHEBI:174318	CHEBI:157812,CHEBI:174318	CHEBI:157812,CHEBI:174318										CHEBI:157812,CHEBI:174318							CHEBI:157812,CHEBI:174318						CHEBI:46761	R-HSA-427975	1
Sulfolithocholic acid	RM0001781	C24H40O6S	456.2546	Sterol Lipids	Bile acids	C24 bile acids	451489	CHEBI:35421	HMDB0000907	LMST05020015		AXDXVEYHEODSPN-HVATVPOCSA-N	C[C@H](CCC(=O)O)[C@H]1CC[C@H]2[C@@H]3CC[C@@H]4C[C@@H](CC[C@]4(C)[C@H]3CC[C@]12C)OS(=O)(=O)O	Lithocholic acid 3-sulfate					CHEBI:35421	CHEBI:35421	CHEBI:35421	CHEBI:35421									CHEBI:133940	CHEBI:35421,CHEBI:133940		CHEBI:133940	R-HSA-156584				CHEBI:35421,CHEBI:133940		CHEBI:133940	R-HSA-156584					0
Indinavir	RM0138983	C36H47N5O4	613.3628	Organic acids	Amino acids and peptides	Amino acids	5362440	CHEBI:44032	HMDB0014369		C07051	CBVCZFGXHXORBI-PXQQMZJSSA-N	CC(C)(C)NC(=O)[C@@H]1CN(CCN1C[C@H](C[C@@H](Cc1ccccc1)C(=O)N[C@H]1c2ccccc2C[C@H]1O)O)Cc1cccnc1	Indinavir			C07051	map04976,map07218	CHEBI:44032,CHEBI:44032	CHEBI:44032,CHEBI:44032	CHEBI:44032,CHEBI:44032	CHEBI:44032	C07051	C07051	C07051	C07051			C07051	map04976,map07218		CHEBI:44032	C07051			C07051	map04976,map07218		CHEBI:44032	C07051			C07051	map04976,map07218	CHEBI:30879	R-HSA-1483166,R-HSA-2022377,R-HSA-8935690	3
Oleic acid	RM0151650	C18H34O2	282.2559	Fatty Acyls	Fatty acids	Unsaturated FA	445639	CHEBI:16196	HMDB0000207	LMFA01030002	C00712	ZQPPMHVWECSIRJ-KTKRTIGZSA-N	CCCCCCCC/C=C\CCCCCCCC(=O)O	Oleic acid			C00712	map00061,map00073,map01040,map01060,map04212	CHEBI:16196,CHEBI:16196,CHEBI:16196	CHEBI:16196,CHEBI:16196,CHEBI:16196	CHEBI:16196,CHEBI:16196,CHEBI:16196	CHEBI:16196	C00712	C00712	C00712	C00712			C00712	map00061,map00073,map01040,map01060,map04212	CHEBI:30823	CHEBI:16196,CHEBI:30823	C00712	CHEBI:30823	R-HSA-112310,R-HSA-2453902,R-HSA-381771,R-HSA-400511,R-HSA-416476,R-HSA-434316,R-HSA-444209,R-HSA-444209,R-HSA-5619108,R-HSA-804914,R-HSA-9673163,R-HSA-975634	C00712	map00061,map00073,map01040,map01060,map04212		CHEBI:16196,CHEBI:30823	C00712	CHEBI:30823	R-HSA-112310,R-HSA-2453902,R-HSA-381771,R-HSA-400511,R-HSA-416476,R-HSA-434316,R-HSA-444209,R-HSA-444209,R-HSA-5619108,R-HSA-804914,R-HSA-9673163,R-HSA-975634	C00712	map00061,map00073,map01040,map01060,map04212			0
Lipoxin D4	RM0135004	C25H40N2O7S	512.2556	Fatty Acyls	Eicosanoids	Lipoxins	9548804	CHEBI:36221		LMFA03040005		UBZUEDFBRKNTOQ-VPZYMNCUSA-N	CCCCC[C@@H](/C=C/C=C\C=C\C=C\[C@H]([C@H](CCCC(=O)O)O)SC[C@@H](C(=O)NCC(=O)O)N)O	Lipoxin D4					CHEBI:36221	CHEBI:36221	CHEBI:36221	CHEBI:36221										CHEBI:36221							CHEBI:36221						CHEBI:18059	R-HSA-1222556,R-HSA-1369062,R-HSA-5682294,R-HSA-804914,R-HSA-8941413	5
Apigenin 7-galacturonide	RM0204747	C21H18O11	446.0849	Polyketides	Flavonoids	Flavones	44257801			LMPK12110345		JBFOLLJCGUCDQP-KWLWEVDOSA-N	c1cc(ccc1c1cc(=O)c2c(cc(cc2o1)O[C@H]1[C@@H]([C@H]([C@H]([C@@H](C(=O)O)O1)O)O)O)O)O	Apigenin 7-galacturonide					CHEBI:188004	CHEBI:188004	CHEBI:188004	CHEBI:188004										CHEBI:188004							CHEBI:188004								0
cefoperazone	RM0159966	C25H27N9O8S2	645.1424	Organoheterocyclic compounds	Beta lactams	Cephalosporins	44187	CHEBI:3493	HMDB0015424			GCFBRXLSHGKWDP-XCGNWRKASA-N	CCN1CCN(C(=O)C1=O)C(=O)N[C@H](c1ccc(cc1)O)C(=O)N[C@@H]1C(=O)N2C(=C(CS[C@H]12)CSc1nnnn1C)C(=O)O	Cefoperazone					CHEBI:3493,CHEBI:3493	CHEBI:3493,CHEBI:3493	CHEBI:3493,CHEBI:3493	CHEBI:3493	C06883	C06883	C06883	C06883						CHEBI:3493	C06883						CHEBI:3493	C06883							0
N-(4-hydroxyphenyl)ethoxycarbothioamide	-	-	-	-	-	-	-		-	-		-	-	-					CHEBI:180822	CHEBI:180822	CHEBI:180822	CHEBI:180822										CHEBI:180822							CHEBI:180822								0
Pseudoecgonine	RM0136307	C9H15NO3	185.1052	Alkaloids	Ornithine alkaloids	Tropane alkaloids	443845	CHEBI:32072	HMDB0006348		C12449	PHMBVCPLDPDESM-GHNGIAPOSA-N	CN1C2CCC1[C@@H]([C@H](C2)O)C(=O)O	Pseudoecgonine			C12449	map00960	CHEBI:32072	CHEBI:32072	CHEBI:32072	CHEBI:32072	C12449	C12449	C12449	C12449			C12449	map00960		CHEBI:32072	C12449			C12449	map00960		CHEBI:32072	C12449			C12449	map00960			0
PC(18:3(9Z,12Z,15Z)/0:0)	RM0181409	C26H46NO8P	531.2961	Glycerophospholipids	Glycerophosphocholines	LPC								LPC 18:3(9Z,12Z,15Z)/0:0					CHEBI:133456	CHEBI:133456	CHEBI:133456	CHEBI:133456										CHEBI:133456							CHEBI:133456						CHEBI:58168	R-HSA-111995,R-HSA-1482839,R-HSA-2142753,R-HSA-6814848	4
2E,4Z-Heptadien-1-ol	-	-	-	-	-	-	-		-	-		-	-	-					CHEBI:188201	CHEBI:188201	CHEBI:188201	CHEBI:188201										CHEBI:188201							CHEBI:188201						CHEBI:30879	R-HSA-1483166,R-HSA-2022377,R-HSA-8935690	3
1-Tetradecene	RM0149893	C14H28	196.2191	Fatty Acyls	Hydrocarbons	Hydrocarbons	14260	CHEBI:77505	HMDB0061834	LMFA11000329		HFDVRLIODXPAHB-UHFFFAOYSA-N	C=CCCCCCCCCCCCC	1-Tetradecene					CHEBI:77505	CHEBI:77505	CHEBI:77505	CHEBI:77505										CHEBI:77505							CHEBI:77505								0
1(3)-glyceryl-PGF2alpha	RM0153937	C23H40O7	428.2774	Fatty Acyls	Eicosanoids	Prostaglandins	24778485	CHEBI:90233		LMFA03010181		NWKPOVHSHWJQNI-OMVDPNNKSA-N	CCCCC[C@@H](/C=C/[C@@H]1[C@@H](C/C=C\CCCC(=O)OCC(CO)O)[C@H](C[C@H]1O)O)O	1(3)-Glyceryl-PGF2alpha								CHEBI:90233										CHEBI:90233							CHEBI:90233						CHEBI:17408,CHEBI:30879	R-HSA-1482883,R-HSA-1483166,R-HSA-1483206,R-HSA-192456,R-HSA-2022377,R-HSA-6814848,R-HSA-8935690	7
Momorcharaside B	-	-	-	-	-	-	-		-	-		-	-	-					CHEBI:188039	CHEBI:188039	CHEBI:188039	CHEBI:188039										CHEBI:188039							CHEBI:188039						CHEBI:18059	R-HSA-1222556,R-HSA-1369062,R-HSA-5682294,R-HSA-804914,R-HSA-8941413	5
Vitexin 2''-O-rhamnoside-4'''-acetate	-	-	-	-	-	-	-		-	-		-	-	-					CHEBI:185800	CHEBI:185800	CHEBI:185800	CHEBI:185800										CHEBI:185800							CHEBI:185800								0
Neostigmine methylsulfate	-	-	-	-	-	-	-		-	-		-	-	-					CHEBI:7516	CHEBI:7516	CHEBI:7516	CHEBI:7516	C08200	C08200	C08200	C08200						CHEBI:7516	C08200						CHEBI:7516	C08200							0
Crinasiatine	-	-	-	-	-	-	-		-	-		-	-	-					CHEBI:3916	CHEBI:3916	CHEBI:3916	CHEBI:3916	C10584	C10584	C10584	C10584						CHEBI:3916	C10584						CHEBI:3916	C10584							0
6-Methylquinoline	RM0003271	C10H9N	143.0735	Alkaloids	Anthranilic acid alkaloids	Quinazoline alkaloids	7059	CHEBI:140761	HMDB0033115			LUYISICIYVKBTA-UHFFFAOYSA-N	Cc1ccc2c(cccn2)c1	6-Methylquinoline					CHEBI:140761	CHEBI:140761	CHEBI:140761	CHEBI:140761										CHEBI:140761							CHEBI:140761								0
N-ethyl arachidonoyl amine	-	-	-	-	-	-	-		-	-		-	-	-					CHEBI:137715	CHEBI:137715	CHEBI:137715	CHEBI:137715										CHEBI:137715							CHEBI:137715						CHEBI:18059	R-HSA-1222556,R-HSA-1369062,R-HSA-5682294,R-HSA-804914,R-HSA-8941413	5
Quinagolide	-	-	-	-	-	-	-		-	-		-	-	-					CHEBI:135627	CHEBI:135627	CHEBI:135627	CHEBI:135627										CHEBI:135627							CHEBI:135627								0
Hoduloside VI	-	-	-	-	-	-	-		-	-		-	-	-					CHEBI:185164	CHEBI:185164	CHEBI:185164	CHEBI:185164										CHEBI:185164							CHEBI:185164						CHEBI:18059	R-HSA-1222556,R-HSA-1369062,R-HSA-5682294,R-HSA-804914,R-HSA-8941413	5
Tafluprost (free acid)	-	-	-	-	-	-	-		-	-		-	-	-						CHEBI:176015	CHEBI:176015	CHEBI:176015					CHEBI:176015	R-HSA-391908				CHEBI:176015		CHEBI:176015	R-HSA-391908				CHEBI:176015		CHEBI:176015	R-HSA-391908					0
PC(16:0/2:0)	RM0134870	C26H52NO8P	537.3431	Glycerophospholipids	Glycerophosphocholines	Ox-PC	16759367	CHEBI:75219		LMGP01010612		XPAXRSJGGFVTFM-RUZDIDTESA-N	CCCCCCCCCCCCCCCC(=O)OC[C@H](COP(=O)([O-])OCC[N+](C)(C)C)OC(=O)C	PC 16:0/2:0					CHEBI:75219	CHEBI:75219	CHEBI:75219	CHEBI:75219										CHEBI:75219							CHEBI:75219						CHEBI:57643	R-HSA-111995,R-HSA-1369062,R-HSA-1482788,R-HSA-1482798,R-HSA-1482839,R-HSA-1483101,R-HSA-1483148,R-HSA-1483166,R-HSA-1483191,R-HSA-1483196,R-HSA-1660661,R-HSA-2029485,R-HSA-2142753,R-HSA-382556,R-HSA-5678771,R-HSA-5683678,R-HSA-5683826,R-HSA-5688399,R-HSA-6811436,R-HSA-8964058,R-HSA-9680350	21
5-methoxytryptamine	RM0136257	C11H14N2O	190.1106	Alkaloids	Tryptophan alkaloids	Tryptamines	1833	CHEBI:2089	HMDB0004095		C05659	JTEJPPKMYBDEMY-UHFFFAOYSA-N	COc1ccc2c(c1)c(CCN)c[nH]2	5-Methoxytryptamine			C05659	map00380	CHEBI:166874,CHEBI:2089,CHEBI:2089	CHEBI:166874,CHEBI:2089,CHEBI:2089	CHEBI:166874,CHEBI:2089,CHEBI:2089	CHEBI:2089,CHEBI:166874	C05659	C05659	C05659	C05659			C05659	map00380		CHEBI:2089,CHEBI:166874	C05659			C05659	map00380		CHEBI:2089,CHEBI:166874	C05659			C05659	map00380	CHEBI:36916	R-HSA-936837	1
Spinoside A	-	-	-	-	-	-	-		-	-		-	-	-					CHEBI:9229	CHEBI:9229	CHEBI:9229	CHEBI:9229	C08809	C08809	C08809	C08809						CHEBI:9229	C08809						CHEBI:9229	C08809					CHEBI:18059	R-HSA-1222556,R-HSA-1369062,R-HSA-5682294,R-HSA-804914,R-HSA-8941413	5
7-Hydroxyticlopidine	-	-	-	-	-	-	-		-	-		-	-	-					CHEBI:145218	CHEBI:145218	CHEBI:145218	CHEBI:145218										CHEBI:145218							CHEBI:145218								0
Mahaleboside	-	-	-	-	-	-	-		-	-		-	-	-					CHEBI:175126	CHEBI:175126	CHEBI:175126	CHEBI:175126										CHEBI:175126							CHEBI:175126								0
MG(24:1(15Z)/0:0/0:0)	RM0174903	C27H52O4	440.3866	Glycerolipids	Monoradylglycerols	MAG								MG 24:1(15Z)/0:0/0:0					CHEBI:171950	CHEBI:171950	CHEBI:171950	CHEBI:171950										CHEBI:171950							CHEBI:171950						CHEBI:17408	R-HSA-1482883,R-HSA-1483206,R-HSA-192456,R-HSA-6814848	4
Indole	RM0135985	C8H7N	117.0578	Alkaloids	Tryptophan alkaloids	Simple indole alkaloids	798	CHEBI:16881	HMDB0000738		C00463	SIKJAQJRHWYJAI-UHFFFAOYSA-N	c1ccc2c(c1)cc[nH]2	Indole	CHEBI:16881	R-HSA-211958	C00463	map01100,map01110,map00380,map00400,map00402,map00999,map04974	CHEBI:16881,CHEBI:16881,CHEBI:16881,CHEBI:35581	CHEBI:16881,CHEBI:16881,CHEBI:16881,CHEBI:35581	CHEBI:16881,CHEBI:16881,CHEBI:16881,CHEBI:35581	CHEBI:16881,CHEBI:35581	C00463	C00463	C00463	C00463	CHEBI:16881	R-HSA-211958	C00463	map01100,map01110,map00380,map00400,map00402,map00999,map04974	CHEBI:35579	CHEBI:16881,CHEBI:35579,CHEBI:35581	C00463	CHEBI:16881	R-HSA-211958	C00463	map01100,map01110,map00380,map00400,map00402,map00999,map04974		CHEBI:16881,CHEBI:35579,CHEBI:35581	C00463	CHEBI:16881	R-HSA-211958	C00463	map01100,map01110,map00380,map00400,map00402,map00999,map04974			0
Malyngamide C acetate	-	-	-	-	-	-	-		-	-		-	-	-																																	0
Nafcillin sodium	-	-	-	-	-	-	-		-	-		-	-	-					CHEBI:7448,CHEBI:7448	CHEBI:7448,CHEBI:7448	CHEBI:7448	CHEBI:7448	C08124	C08124	C08124	C08124						CHEBI:7448	C08124						CHEBI:7448	C08124							0
Noladin Ether	RM0156494	C23H40O3	364.2977	Glycerolipids	Monoradylglycerols	MAG	6483057	CHEBI:75913	HMDB0013657	LMGL01020034		CUJUUWXZAQHCNC-DOFZRALJSA-N	CCCCC/C=C\C/C=C\C/C=C\C/C=C\CCCCOC(CO)CO	MG 0:0/20:4(5Z,8Z,11Z,14Z)/0:0					CHEBI:75913	CHEBI:75913	CHEBI:75913	CHEBI:75913										CHEBI:75913							CHEBI:75913						CHEBI:18059	R-HSA-1222556,R-HSA-1369062,R-HSA-5682294,R-HSA-804914,R-HSA-8941413	5
trans,trans-hepta-2,4,6-trienoic acid	-	-	-	-	-	-	-		-	-		-	-	-					CHEBI:50483	CHEBI:50483	CHEBI:50483	CHEBI:50483										CHEBI:50483							CHEBI:50483						CHEBI:59554	R-HSA-390247,R-HSA-77289	2
Morphiceptin	RM0224593	C28H35N5O5	521.2638	Organic acids	Amino acids and peptides	Oligopeptides	119303	CHEBI:422134	HMDB0005777			LSQXZIUREIDSHZ-ZJZGAYNASA-N	c1ccc(cc1)C[C@@H](C(=O)N1CCC[C@H]1C(=O)N)NC(=O)[C@@H]1CCCN1C(=O)[C@H](Cc1ccc(cc1)O)N	Morphiceptin					CHEBI:177741	CHEBI:177741	CHEBI:177741	CHEBI:177741,CHEBI:422134										CHEBI:177741,CHEBI:422134							CHEBI:177741,CHEBI:422134						CHEBI:25676	R-HSA-1236974,R-HSA-1236977,R-HSA-1236978,R-HSA-9705671,R-HSA-983168,R-HSA-983170,R-HSA-9912633	7
N-palmitoyl phenylalanine	RM0154265	C25H41NO3	403.3086	Fatty Acyls	Fatty amides	N-acyl amines	181534	CHEBI:165556	HMDB0062339	LMFA08020091		BAHIJPSQSKWCJX-QHCPKHFHSA-N	CCCCCCCCCCCCCCCC(=O)N[C@@H](Cc1ccccc1)C(=O)O	NA-Phe 16:0					CHEBI:165556	CHEBI:165556	CHEBI:165556	CHEBI:165556										CHEBI:165556							CHEBI:165556								0
Glycocholic acid	RM0135849	C26H43NO6	465.3090	Sterol Lipids	Bile acids	C24 bile acids	10140	CHEBI:17687	HMDB0000138	LMST05030001	C01921	RFDAIACWWDREDC-FRVQLJSFSA-N	C[C@H](CCC(=O)NCC(=O)O)[C@H]1CC[C@H]2[C@H]3[C@H](C[C@@H]([C@]12C)O)[C@@]1(C)CC[C@H](C[C@H]1C[C@H]3O)O	Glycocholic acid			C01921	map01100,map00120,map00121,map04976,map04979	CHEBI:17687,CHEBI:17687,CHEBI:17687	CHEBI:17687,CHEBI:17687,CHEBI:17687	CHEBI:17687,CHEBI:17687,CHEBI:17687	CHEBI:17687	C01921	C01921	C01921	C01921			C01921	map01100,map00120,map00121,map04976,map04979	CHEBI:29746	CHEBI:17687,CHEBI:29746	C01921	CHEBI:29746	R-HSA-159418,R-HSA-192456,R-HSA-193368,R-HSA-5678520,R-HSA-879518	C01921	map01100,map00120,map00121,map04976,map04979	CHEBI:192783	CHEBI:17687,CHEBI:29746,CHEBI:192783	C01921	CHEBI:29746	R-HSA-159418,R-HSA-192456,R-HSA-193368,R-HSA-5678520,R-HSA-879518	C01921	map01100,map00120,map00121,map04976,map04979			0
Malyngamide H	RM0204967	C26H41NO4	431.3036	Organic acids	Amino acids and peptides	Lipopeptides	10025771					MNBBBIJBVPWYSD-AIIVTHQSSA-N	CCCCCCC[C@@H](C/C=C/CCC(=O)NCCC(=C)[C@@]12[C@@H](CC=C(C)C1=O)O2)OC	Malyngamide H					CHEBI:188044	CHEBI:188044	CHEBI:188044	CHEBI:188044										CHEBI:188044							CHEBI:188044						CHEBI:18059	R-HSA-1222556,R-HSA-1369062,R-HSA-5682294,R-HSA-804914,R-HSA-8941413	5
Niacinamide	RM0156450	C6H6N2O	122.0480	Alkaloids	Pyridine alkaloids	Nicotinic acid alkaloids	936	CHEBI:17154	HMDB0001406		C00153	DFPAKSUCGFBDDF-UHFFFAOYSA-N	c1cc(cnc1)C(=O)N	Niacinamide	CHEBI:17154	R-HSA-110362,R-HSA-196807,R-HSA-204174,R-HSA-2151201,R-HSA-2173795,R-HSA-2408508,R-HSA-2995383,R-HSA-3371453,R-HSA-427359,R-HSA-427359,R-HSA-4641257,R-HSA-5336415,R-HSA-5685939,R-HSA-5693607,R-HSA-5696394,R-HSA-70635,R-HSA-70635,R-HSA-8948751,R-HSA-9617629,R-HSA-9617629,R-HSA-9637698,R-HSA-9683610,R-HSA-9694631,R-HSA-9854311,R-HSA-9856649,R-HSA-9956593	C00153	map01100,map01240,map00760,map04977,map04212	CHEBI:17154	CHEBI:17154	CHEBI:17154	CHEBI:17154	C00153	C00153	C00153	C00153	CHEBI:17154	R-HSA-110362,R-HSA-196807,R-HSA-204174,R-HSA-2151201,R-HSA-2173795,R-HSA-2408508,R-HSA-2995383,R-HSA-3371453,R-HSA-427359,R-HSA-427359,R-HSA-4641257,R-HSA-5336415,R-HSA-5685939,R-HSA-5693607,R-HSA-5696394,R-HSA-70635,R-HSA-70635,R-HSA-8948751,R-HSA-9617629,R-HSA-9617629,R-HSA-9637698,R-HSA-9683610,R-HSA-9694631,R-HSA-9854311,R-HSA-9856649,R-HSA-9956593	C00153	map01100,map01240,map00760,map04977,map04212		CHEBI:17154	C00153	CHEBI:17154	R-HSA-110362,R-HSA-196807,R-HSA-204174,R-HSA-2151201,R-HSA-2173795,R-HSA-2408508,R-HSA-2995383,R-HSA-3371453,R-HSA-427359,R-HSA-427359,R-HSA-4641257,R-HSA-5336415,R-HSA-5685939,R-HSA-5693607,R-HSA-5696394,R-HSA-70635,R-HSA-70635,R-HSA-8948751,R-HSA-9617629,R-HSA-9617629,R-HSA-9637698,R-HSA-9683610,R-HSA-9694631,R-HSA-9854311,R-HSA-9856649,R-HSA-9956593	C00153	map01100,map01240,map00760,map04977,map04212		CHEBI:17154	C00153	CHEBI:17154	R-HSA-110362,R-HSA-196807,R-HSA-204174,R-HSA-2151201,R-HSA-2173795,R-HSA-2408508,R-HSA-2995383,R-HSA-3371453,R-HSA-427359,R-HSA-427359,R-HSA-4641257,R-HSA-5336415,R-HSA-5685939,R-HSA-5693607,R-HSA-5696394,R-HSA-70635,R-HSA-70635,R-HSA-8948751,R-HSA-9617629,R-HSA-9617629,R-HSA-9637698,R-HSA-9683610,R-HSA-9694631,R-HSA-9854311,R-HSA-9856649,R-HSA-9956593	C00153	map01100,map01240,map00760,map04977,map04212			0
LysoPC(22:4(7Z,10Z,13Z,16Z))	RM0103826	C30H54NO7P	571.3638	Glycerophospholipids	Glycerophosphocholines	LPC								LPC 22:4(7Z,10Z,13Z,16Z)																																	0
SM(d18:0/18:1(9Z))	RM0189241	C41H83N2O6P	730.5989	Sphingolipids	Phosphosphingolipids	SM	44260139	CHEBI:134074	HMDB0012089	LMSP03010031		XYLWKHKCYHMVMA-RVPJYPCXSA-N	CCCCCCCC/C=CCCCCCCCC(=O)N[C@@H](COP(=O)([O-])OCC[N+](C)(C)C)[C@@H](CCCCCCCCCCCCCCC)O	SM 18:0;O2/18:1(9Z)					CHEBI:134074	CHEBI:134074	CHEBI:134074	CHEBI:134074										CHEBI:134074							CHEBI:134074						CHEBI:64583	R-HSA-1660661	1
Hypoxanthine	RM0135895	C5H4N4O	136.0385	Nucleic acids	Purines	Hypoxanthines	135398638	CHEBI:17368	HMDB0000157		C00262	FDGQSTZJBFJUBT-UHFFFAOYSA-N	c1[nH]c2c(n1)nc[nH]c2=O	Hypoxanthine	CHEBI:17368	R-HSA-110331,R-HSA-74217,R-HSA-74259,R-HSA-83936,R-HSA-9734281	C00262	map01100,map01232,map00230	CHEBI:17368,CHEBI:17368,CHEBI:17368	CHEBI:17368,CHEBI:17368,CHEBI:17368	CHEBI:17368,CHEBI:17368,CHEBI:17368	CHEBI:17368	C00262	C00262	C00262	C00262	CHEBI:17368	R-HSA-110331,R-HSA-74217,R-HSA-74259,R-HSA-83936,R-HSA-9734281	C00262	map01100,map01232,map00230		CHEBI:17368	C00262	CHEBI:17368	R-HSA-110331,R-HSA-74217,R-HSA-74259,R-HSA-83936,R-HSA-9734281	C00262	map01100,map01232,map00230		CHEBI:17368	C00262	CHEBI:17368	R-HSA-110331,R-HSA-74217,R-HSA-74259,R-HSA-83936,R-HSA-9734281	C00262	map01100,map01232,map00230			0
JWH 073 N-butanoic acid metabolite	-	-	-	-	-	-	-		-	-		-	-	-					CHEBI:188295	CHEBI:188295	CHEBI:188295	CHEBI:188295										CHEBI:188295							CHEBI:188295								0
Lucidenic acid K	-	-	-	-	-	-	-		-	-		-	-	-					CHEBI:171708	CHEBI:171708	CHEBI:171708	CHEBI:171708										CHEBI:171708							CHEBI:171708						CHEBI:18059	R-HSA-1222556,R-HSA-1369062,R-HSA-5682294,R-HSA-804914,R-HSA-8941413	5
Tauroursodeoxycholic acid	RM0135856	C26H45NO6S	499.2968	Sterol Lipids	Bile acids	C24 bile acids	9848818	CHEBI:80774	HMDB0000874	LMST05040015	C16868	BHTRKEVKTKCXOH-LBSADWJPSA-N	C[C@H](CCC(=O)NCCS(=O)(=O)O)[C@H]1CC[C@H]2[C@H]3[C@H](CC[C@]12C)[C@@]1(C)CC[C@H](C[C@H]1C[C@@H]3O)O	Tauroursodeoxycholic acid					CHEBI:80774	CHEBI:80774	CHEBI:80774	CHEBI:80774	C16868	C16868	C16868	C16868					CHEBI:132028	CHEBI:80774,CHEBI:132028	C16868						CHEBI:80774,CHEBI:132028	C16868					CHEBI:35341	R-HSA-196071	1
Melezitose	RM0136368	C18H32O16	504.1690	Carbohydrates	Oligosaccharides	Oligosaccharides	92817	CHEBI:6731	HMDB0011730		C08243	QWIZNVHXZXRPDR-WSCXOGSTSA-N	C([C@@H]1[C@H]([C@@H]([C@H]([C@H](O1)O[C@H]1[C@@H]([C@@H](CO)O[C@@]1(CO)O[C@@H]1[C@@H]([C@H]([C@@H]([C@@H](CO)O1)O)O)O)O)O)O)O)O	Melezitose					CHEBI:6731,CHEBI:6731	CHEBI:6731,CHEBI:6731	CHEBI:6731,CHEBI:6731	CHEBI:6731	C08243	C08243	C08243	C08243						CHEBI:6731	C08243						CHEBI:6731	C08243							0
Demethylphylloquinone	RM0050488	C30H44O2	436.3341	Prenol Lipids	Isoprenoids	C20 isoprenoids	11954010	CHEBI:31087	HMDB0004649		C13309	UDYIPZFWVJJQJF-NCELDCMTSA-N	CC(C)CCCC(C)CCCC(C)CCC/C(=C/CC1=CC(=O)c2ccccc2C1=O)/C	Demethylphylloquinone			C13309	map01100,map01110,map01240,map00130	CHEBI:31087,CHEBI:31087	CHEBI:31087,CHEBI:31087	CHEBI:31087,CHEBI:31087	CHEBI:31087	C13309	C13309	C13309	C13309			C13309	map01100,map01110,map01240,map00130		CHEBI:31087	C13309			C13309	map01100,map01110,map01240,map00130		CHEBI:31087	C13309			C13309	map01100,map01110,map01240,map00130	CHEBI:36141	R-HSA-211945	1
DG(22:4(7Z,10Z,13Z,16Z)/22:5(4Z,7Z,10Z,13Z,16Z)/0:0)	RM0174546	C47H74O5	718.5536	Glycerolipids	Diradylglycerols	DAG								DG 22:4(7Z,10Z,13Z,16Z)/22:5(4Z,7Z,10Z,13Z,16Z)/0:0					CHEBI:188321	CHEBI:188321	CHEBI:188321	CHEBI:188321										CHEBI:188321							CHEBI:188321						CHEBI:18035	R-HSA-112043,R-HSA-1250196,R-HSA-192456,R-HSA-202424,R-HSA-202433,R-HSA-2029485,R-HSA-2871809,R-HSA-2871837,R-HSA-418890,R-HSA-5218921,R-HSA-5607764,R-HSA-6809371,R-HSA-8963889,R-HSA-8963901,R-HSA-8964058,R-HSA-9027277,R-HSA-9648002,R-HSA-9664323,R-HSA-9680350,R-HSA-975634	20
PC(18:1(9E)/2:0)	RM0172772	C28H54NO8P	563.3587	Glycerophospholipids	Glycerophosphocholines	PC	24778927			LMGP01010878		WHHNGIKQIRHPSY-FQFCXHBISA-N	CCCCCCCC/C=C/CCCCCCCC(=O)OC[C@H](COP(=O)([O-])OCC[N+](C)(C)C)OC(=O)C	PC 18:1(9E)/2:0					CHEBI:187650	CHEBI:187650	CHEBI:187650	CHEBI:187650										CHEBI:187650							CHEBI:187650						CHEBI:57643	R-HSA-111995,R-HSA-1369062,R-HSA-1482788,R-HSA-1482798,R-HSA-1482839,R-HSA-1483101,R-HSA-1483148,R-HSA-1483166,R-HSA-1483191,R-HSA-1483196,R-HSA-1660661,R-HSA-2029485,R-HSA-2142753,R-HSA-382556,R-HSA-5678771,R-HSA-5683678,R-HSA-5683826,R-HSA-5688399,R-HSA-6811436,R-HSA-8964058,R-HSA-9680350	21
EPA	RM0153919	C20H30O2	302.2246	Fatty Acyls	Fatty acids	Unsaturated FA	446284	CHEBI:28364	HMDB0001999	LMFA01030759	C06428	JAZBEHYOTPTENJ-JLNKQSITSA-N	CC/C=C\C/C=C\C/C=C\C/C=C\C/C=C\CCCC(=O)O	EPA			C06428	map01040	CHEBI:28364	CHEBI:28364	CHEBI:28364	CHEBI:28364	C06428	C06428	C06428	C06428			C06428	map01040	CHEBI:58562	CHEBI:28364,CHEBI:58562	C06428	CHEBI:58562	R-HSA-1368108,R-HSA-1989781,R-HSA-1989781,R-HSA-2151201,R-HSA-2426168,R-HSA-381340,R-HSA-381771,R-HSA-400206,R-HSA-416476,R-HSA-444209,R-HSA-9018679,R-HSA-9018896,R-HSA-9027604,R-HSA-9707564,R-HSA-9707616,R-HSA-9931509,R-HSA-9933387	C06428	map01040		CHEBI:28364,CHEBI:58562	C06428	CHEBI:58562	R-HSA-1368108,R-HSA-1989781,R-HSA-1989781,R-HSA-2151201,R-HSA-2426168,R-HSA-381340,R-HSA-381771,R-HSA-400206,R-HSA-416476,R-HSA-444209,R-HSA-9018679,R-HSA-9018896,R-HSA-9027604,R-HSA-9707564,R-HSA-9707616,R-HSA-9931509,R-HSA-9933387	C06428	map01040			0
Ethyl phenylglycidate	RM0200073	C11H12O3	192.0786	Organic oxygen compounds	Epoxides	Epoxides	8469		HMDB0031623			GOMAKLPNAAZVCJ-UHFFFAOYSA-N	CCOC(=O)C1C(c2ccccc2)O1	Ethyl phenylglycidate					CHEBI:173922	CHEBI:173922	CHEBI:173922	CHEBI:173922										CHEBI:173922							CHEBI:173922						CHEBI:33575	R-HSA-6809371	1
21-oxo-docosanoic acid	-	-	-	-	-	-	-		-	-		-	-	-					CHEBI:183555	CHEBI:183555	CHEBI:183555	CHEBI:183555										CHEBI:183555							CHEBI:183555						CHEBI:35366	R-HSA-1482883,R-HSA-167826,R-HSA-422085,R-HSA-426048,R-HSA-6809371,R-HSA-6811436,R-HSA-8963889,R-HSA-8964038	8
PE(20:4(5Z,8Z,11Z,14Z)/0:0)	RM0133430	C25H42NO8P	515.2648	Glycerophospholipids	Glycerophosphoethanolamines	LPE	42607465	CHEBI:64395	HMDB0011517	LMGP02050009		ROPRRXYVXLDXQO-XSQXPFHXSA-N	CCCCC/C=CC/C=CC/C=CC/C=CCCCC(=O)OC[C@H](COP(=O)(O)OCCN)O	LPE 20:4(5Z,8Z,11Z,14Z)/0:0					CHEBI:64395	CHEBI:64395	CHEBI:64395	CHEBI:64395										CHEBI:64395							CHEBI:64395						CHEBI:29017	R-HSA-1482798,R-HSA-1482839,R-HSA-1483152	3
Stigmatellin Y	RM0009830	C29H40O6	484.2825	Polyketides	Aromatic polyketides	Chromones	5282078	CHEBI:32157			C12150	BXPDHYNAAYOQOQ-XBBODHJJSA-N	C/C=C(\C)/C=C/C=C/[C@@H]([C@@H](C)[C@H]([C@@H](C)CCc1c(C)c(=O)c2c(cc(cc2o1)O)OC)OC)OC	Stigmatellin Y					CHEBI:32157	CHEBI:32157	CHEBI:32157	CHEBI:32157	C12150	C12150	C12150	C12150						CHEBI:32157	C12150						CHEBI:32157	C12150							0
5,8,11-dodecatriynoic acid	-	-	-	-	-	-	-		-	-		-	-	-					CHEBI:137711	CHEBI:137711	CHEBI:137711	CHEBI:137711										CHEBI:137711							CHEBI:137711						CHEBI:59554	R-HSA-390247,R-HSA-77289	2
omega-hydroxy myristic acid	-	-	-	-	-	-	-		-	-		-	-	-																																	0
1b,3a,12a-Trihydroxy-5b-cholanoic acid	-	-	-	-	-	-	-		-	-		-	-	-					CHEBI:89219	CHEBI:89219	CHEBI:89219	CHEBI:89219										CHEBI:89219							CHEBI:89219						CHEBI:35341	R-HSA-196071	1
SM(d16:1/17:0)	RM0138871	C38H77N2O6P	688.5519	Sphingolipids	Phosphosphingolipids	SM	52931137	CHEBI:136272	HMDB0240617	LMSP03010037		CGMZWBZSOINWHL-YPDYIYJKSA-N	CCCCCCCCCCCCCCCCC(=O)N[C@@H](COP(=O)([O-])OCC[N+](C)(C)C)[C@@H](/C=C/CCCCCCCCCCC)O	SM 16:1;O2/17:0					CHEBI:136272	CHEBI:136272	CHEBI:136272	CHEBI:136272										CHEBI:136272							CHEBI:136272						CHEBI:64583	R-HSA-1660661	1
5-Sulfosalicylic acid	RM0037281	C7H6O6S	217.9885	Benzenoids	Benzenes	Benzenesulfonyl compounds	7322	CHEBI:68555	HMDB0011725		C16199	YCPXWRQRBFJBPZ-UHFFFAOYSA-N	c1cc(c(cc1S(=O)(=O)O)C(=O)O)O	5-Sulfosalicylic acid			C16199	map00626	CHEBI:68555	CHEBI:68555	CHEBI:68555	CHEBI:68555	C16199	C16199	C16199	C16199			C16199	map00626		CHEBI:68555	C16199			C16199	map00626		CHEBI:68555	C16199			C16199	map00626	CHEBI:33575	R-HSA-6809371	1
17-phenyl-trinor-PGF2alpha isopropyl ester	-	-	-	-	-	-	-		-	-		-	-	-					CHEBI:137717	CHEBI:137717	CHEBI:137717	CHEBI:137717										CHEBI:137717							CHEBI:137717						CHEBI:18059	R-HSA-1222556,R-HSA-1369062,R-HSA-5682294,R-HSA-804914,R-HSA-8941413	5
PE(17:0/20:3(8Z,11Z,14Z))	-	-	-	-	-	-	-		-	-		-	-	-																																	0
gamma-L-Glutamyl-butirosin B	-	-	-	-	-	-	-		-	-		-	-	-					CHEBI:65086,CHEBI:65108	CHEBI:65086,CHEBI:65108	CHEBI:65086,CHEBI:65108	CHEBI:65086,CHEBI:65108	C18005	C18005	C18005	C18005			C18005	map01110,map00524		CHEBI:65086,CHEBI:65108	C18005			C18005	map01110,map00524		CHEBI:65086,CHEBI:65108	C18005			C18005	map01110,map00524	CHEBI:36916	R-HSA-936837	1
Apionic acid	-	-	-	-	-	-	-		-	-		-	-	-					CHEBI:188292	CHEBI:188292	CHEBI:188292	CHEBI:188292	C22219	C22219	C22219	C22219						CHEBI:188292	C22219						CHEBI:188292	C22219					CHEBI:24654	R-HSA-3000471,R-HSA-3000480,R-HSA-3000484,R-HSA-5686938	4
PE(22:6(4Z,7Z,10Z,13Z,16Z,19Z)/0:0)	RM0133437	C27H44NO7P	525.2855	Glycerophospholipids	Glycerophosphoethanolamines	LPE	52925132	CHEBI:72747	HMDB0011526	LMGP02050013		XEVRBOQZSXWGQO-PAUXXPOVSA-N	CC/C=CC/C=CC/C=CC/C=CC/C=CC/C=CCCC(=O)OC[C@H](COP(=O)(O)OCCN)O	LPE 22:6(4Z,7Z,10Z,13Z,16Z,19Z)/0:0					CHEBI:72747	CHEBI:72747,CHEBI:72747	CHEBI:72747	CHEBI:72747										CHEBI:72747							CHEBI:72747						CHEBI:29017	R-HSA-1482798,R-HSA-1482839,R-HSA-1483152	3
2-oxo-heptadecanoic acid	-	-	-	-	-	-	-		-	-		-	-	-					CHEBI:188013	CHEBI:188013	CHEBI:188013	CHEBI:188013										CHEBI:188013							CHEBI:188013						CHEBI:15904	R-HSA-1369062,R-HSA-192456,R-HSA-3000471,R-HSA-390247,R-HSA-5684045,R-HSA-77289,R-HSA-8963901,R-HSA-8964058,R-HSA-975634	9
Halaminol A	RM0024848	C14H29NO	227.2249	Sphingolipids	Sphingoid bases	Sphingoid base analogs	10059639	CHEBI:137092		LMSP01080034		KLWPMNOQFSPVII-UONOGXRCSA-N	C=CCCCCCCCCC[C@H]([C@H](C)N)O	Halaminol A					CHEBI:137092	CHEBI:137092	CHEBI:137092	CHEBI:137092										CHEBI:137092							CHEBI:137092						CHEBI:30879	R-HSA-1483166,R-HSA-2022377,R-HSA-8935690	3
PI(16:0/0:0)	RM0007322	C25H49O12P	572.2962	Glycerophospholipids	Glycerophosphoinositols	LPI								LPI 16:0/0:0					CHEBI:72833,CHEBI:73218	CHEBI:72833,CHEBI:73218	CHEBI:72833,CHEBI:73218	CHEBI:72833,CHEBI:73218										CHEBI:72833,CHEBI:73218							CHEBI:72833,CHEBI:73218						CHEBI:28914,CHEBI:62643	R-HSA-1461957,R-HSA-1462054,R-HSA-1482922,R-HSA-6803157	4
3-[(5-Methyl-2-furanyl)methyl]-1H-pyrrole	-	-	-	-	-	-	-		-	-		-	-	-																																	0
5-Tetradecenoic acid	RM0224419	C14H26O2	226.1933	Fatty Acyls	Fatty acids	Unsaturated FA	5282740	CHEBI:89393	HMDB0000499	LMFA01030913		AFGUVBVUFZMJMX-MDZDMXLPSA-N	CCCCCCCC/C=C/CCCC(=O)O	5E-Tetradecenoic acid					CHEBI:89393	CHEBI:89393	CHEBI:89393	CHEBI:89393										CHEBI:89393							CHEBI:89393						CHEBI:35366	R-HSA-1482883,R-HSA-167826,R-HSA-422085,R-HSA-426048,R-HSA-6809371,R-HSA-6811436,R-HSA-8963889,R-HSA-8964038	8
PC(16:0/9:0(CHO))	RM0200924	C33H64NO9P	649.4319	Glycerophospholipids	Glycerophosphocholines	PC	46907874	CHEBI:61042		LMGP20010008		PPTNNIINSOQWCE-WJOKGBTCSA-N	CCCCCCCCCCCCCCCC(=O)OC[C@H](COP(=O)([O-])OCC[N+](C)(C)C)OC(=O)CCCCCCCC=O	PC 16:0/9:0(CHO)					CHEBI:61042	CHEBI:61042	CHEBI:61042	CHEBI:61042										CHEBI:61042							CHEBI:61042						CHEBI:57643	R-HSA-111995,R-HSA-1369062,R-HSA-1482788,R-HSA-1482798,R-HSA-1482839,R-HSA-1483101,R-HSA-1483148,R-HSA-1483166,R-HSA-1483191,R-HSA-1483196,R-HSA-1660661,R-HSA-2029485,R-HSA-2142753,R-HSA-382556,R-HSA-5678771,R-HSA-5683678,R-HSA-5683826,R-HSA-5688399,R-HSA-6811436,R-HSA-8964058,R-HSA-9680350	21
Kaempferol 3-(2''-(E)-p-coumaroyl-alpha-L-arabinofuranoside)-7-rhamnoside	-	-	-	-	-	-	-		-	-		-	-	-					CHEBI:188342	CHEBI:188342	CHEBI:188342	CHEBI:188342										CHEBI:188342							CHEBI:188342								0
VD 2728	-	-	-	-	-	-	-		-	-		-	-	-					CHEBI:183542	CHEBI:183542	CHEBI:183542	CHEBI:183542										CHEBI:183542							CHEBI:183542						CHEBI:35341	R-HSA-196071	1
Luteolin 4'-methyl ether 7-sulfate	-	-	-	-	-	-	-		-	-		-	-	-					CHEBI:188126	CHEBI:188126	CHEBI:188126	CHEBI:188126										CHEBI:188126							CHEBI:188126								0
PE(18:0/0:0)	RM0134457	C23H48NO7P	481.3168	Glycerophospholipids	Glycerophosphoethanolamines	LPE								LPE 18:0/0:0					CHEBI:83047	CHEBI:83047	CHEBI:83047	CHEBI:83047									CHEBI:75036	CHEBI:75036,CHEBI:83047							CHEBI:75036,CHEBI:83047						CHEBI:29017	R-HSA-1482798,R-HSA-1482839,R-HSA-1483152	3
PC(16:1(9Z)/2:0)	RM0135051	C26H50NO8P	535.3274	Glycerophospholipids	Glycerophosphocholines	PC	24778770	CHEBI:131659		LMGP01010693		QALLXIUHRUVULB-OKFWSBNLSA-N	CCCCCC/C=C\CCCCCCCC(=O)OC[C@H](COP(=O)([O-])OCC[N+](C)(C)C)OC(=O)C	PC 16:1(9Z)/2:0					CHEBI:131659	CHEBI:131659	CHEBI:131659	CHEBI:131659										CHEBI:131659							CHEBI:131659						CHEBI:57643	R-HSA-111995,R-HSA-1369062,R-HSA-1482788,R-HSA-1482798,R-HSA-1482839,R-HSA-1483101,R-HSA-1483148,R-HSA-1483166,R-HSA-1483191,R-HSA-1483196,R-HSA-1660661,R-HSA-2029485,R-HSA-2142753,R-HSA-382556,R-HSA-5678771,R-HSA-5683678,R-HSA-5683826,R-HSA-5688399,R-HSA-6811436,R-HSA-8964058,R-HSA-9680350	21
alpha-heptenoic acid	-	-	-	-	-	-	-		-	-		-	-	-					CHEBI:36152	CHEBI:36152	CHEBI:36152	CHEBI:36152										CHEBI:36152						CHEBI:38364,CHEBI:38365,CHEBI:143913	CHEBI:36152,CHEBI:38364,CHEBI:38365,CHEBI:143913						CHEBI:59554	R-HSA-390247,R-HSA-77289	2
3-keto stearic acid	RM0190003	C18H34O3	298.2508	Fatty Acyls	Fatty acids	Oxo FA	5283005	CHEBI:50576	HMDB0010736	LMFA02000240		YQGGUZWHNVQJMF-UHFFFAOYSA-N	CCCCCCCCCCCCCCCC(=O)CC(=O)O	3-Ketostearic acid					CHEBI:50576	CHEBI:50576	CHEBI:50576	CHEBI:50576										CHEBI:50576							CHEBI:50576						CHEBI:35366	R-HSA-1482883,R-HSA-167826,R-HSA-422085,R-HSA-426048,R-HSA-6809371,R-HSA-6811436,R-HSA-8963889,R-HSA-8964038	8
PC(P-20:0/0:0)	RM0134492	C28H58NO6P	535.4002	Glycerophospholipids	Glycerophosphocholines	O-LPC								LPC P-20:0					CHEBI:141508,CHEBI:188015	CHEBI:141508,CHEBI:141508,CHEBI:188015	CHEBI:141508,CHEBI:188015	CHEBI:141508,CHEBI:188015										CHEBI:141508,CHEBI:188015							CHEBI:141508,CHEBI:188015						CHEBI:16247,CHEBI:36313	R-HSA-1482788,R-HSA-1483206,R-HSA-202733,R-HSA-2168880,R-HSA-3000471,R-HSA-3000480,R-HSA-3000484,R-HSA-3000497,R-HSA-432142,R-HSA-5686938,R-HSA-8856825,R-HSA-8856828,R-HSA-8866423,R-HSA-8963888,R-HSA-8963896,R-HSA-8963901,R-HSA-8964011,R-HSA-8964026,R-HSA-8964038,R-HSA-8964041,R-HSA-8964046,R-HSA-8964058,R-HSA-8964572,R-HSA-9615710,R-HSA-9707616,R-HSA-975634,R-HSA-9918432,R-HSA-9918481,R-HSA-9918487,R-HSA-9920588,R-HSA-9920951	31
D-xylose	RM0155911	C5H10O5	150.0528	Carbohydrates	Monosaccharides	Pentoses	135191	CHEBI:53455	HMDB0000098		C00181	SRBFZHDQGSBBOR-IOVATXLUSA-N	C1[C@H]([C@@H]([C@H](C(O)O1)O)O)O	Xylose			C00181	map01100,map00040,map00520,map02010	CHEBI:18222,CHEBI:18222,CHEBI:15936,CHEBI:15936,CHEBI:53455,CHEBI:65327	CHEBI:18222,CHEBI:18222,CHEBI:15936,CHEBI:15936,CHEBI:53455,CHEBI:65327	CHEBI:18222,CHEBI:18222,CHEBI:15936,CHEBI:53455,CHEBI:65327	CHEBI:15936,CHEBI:18222,CHEBI:53455,CHEBI:65327	C00181,C01394	C00181,C01394	C00181,C01394	C00181,C01394	CHEBI:15936	R-HSA-2024101	C00181	map01100,map00040,map00520,map02010	CHEBI:65328	CHEBI:15936,CHEBI:18222,CHEBI:53455,CHEBI:65327,CHEBI:65328	C00181,C01394	CHEBI:15936	R-HSA-2024101	C00181	map01100,map00040,map00520,map02010	CHEBI:17979,CHEBI:28161,CHEBI:28518,CHEBI:43934,CHEBI:46432,CHEBI:59275,CHEBI:146758,CHEBI:149357,CHEBI:152825,CHEBI:152854,CHEBI:153065,CHEBI:153151	CHEBI:15936,CHEBI:17979,CHEBI:18222,CHEBI:28161,CHEBI:28518,CHEBI:43934,CHEBI:46432,CHEBI:53455,CHEBI:59275,CHEBI:65327,CHEBI:65328,CHEBI:146758,CHEBI:149357,CHEBI:152825,CHEBI:152854,CHEBI:153065,CHEBI:153151	C00181,C01394,C02096,C02205	CHEBI:15936	R-HSA-2024101	C00181	map01100,map00040,map00520,map02010			0
5-Hydroxyomeprazole	RM0136398	C17H19N3O4S	361.1096	Organoheterocyclic compounds	Benzimidazoles	Sulfinylbenzimidazoles	119560	CHEBI:63840	HMDB0014010			CMZHQFXXAAIBKE-UHFFFAOYSA-N	Cc1c(CS(=O)c2[nH]c3ccc(cc3n2)OC)ncc(CO)c1OC	5-Hydroxyomeprazole	CHEBI:63840	R-HSA-211981						CHEBI:63840					CHEBI:63840	R-HSA-211981				CHEBI:63840		CHEBI:63840	R-HSA-211981				CHEBI:63840		CHEBI:63840	R-HSA-211981					0
Xanthine	RM0135930	C5H4N4O2	152.0334	Nucleic acids	Purines	Xanthines	1188	CHEBI:17712	HMDB0000292		C00385	LRFVTYWOQMYALW-UHFFFAOYSA-N	c1nc2c([nH]1)[nH]c(=O)[nH]c2=O	Xanthine	CHEBI:17712	R-HSA-74259	C00385	map01100,map01110,map01120,map01232,map00230,map00232,map01060,map01065	CHEBI:15318,CHEBI:17712,CHEBI:17712,CHEBI:17712,CHEBI:48517	CHEBI:15318,CHEBI:17712,CHEBI:17712,CHEBI:17712,CHEBI:48517	CHEBI:15318,CHEBI:17712,CHEBI:17712,CHEBI:17712,CHEBI:48517	CHEBI:15318,CHEBI:17712,CHEBI:48517	C00385	C00385	C00385	C00385	CHEBI:17712	R-HSA-74259	C00385	map01100,map01110,map01120,map01232,map00230,map00232,map01060,map01065		CHEBI:15318,CHEBI:17712,CHEBI:48517	C00385	CHEBI:17712	R-HSA-74259	C00385	map01100,map01110,map01120,map01232,map00230,map00232,map01060,map01065		CHEBI:15318,CHEBI:17712,CHEBI:48517	C00385	CHEBI:17712	R-HSA-74259	C00385	map01100,map01110,map01120,map01232,map00230,map00232,map01060,map01065			0
PC(18:1(11Z)/22:5(7Z,10Z,13Z,16Z,19Z))	RM0133626	C48H84NO8P	833.5935	Glycerophospholipids	Glycerophosphocholines	PC	24778900	CHEBI:73868	HMDB0008089	LMGP01010846		FYVNIFOYDIIODX-KNKJIUSSSA-N	CC/C=CC/C=CC/C=CC/C=CC/C=CCCCCCC(=O)O[C@H](COC(=O)CCCCCCCCC/C=CCCCCCC)COP(=O)([O-])OCC[N+](C)(C)C	PC 18:1(11Z)/22:5(7Z,10Z,13Z,16Z,19Z)					CHEBI:73868	CHEBI:73868,CHEBI:73868	CHEBI:73868	CHEBI:73868										CHEBI:73868							CHEBI:73868						CHEBI:57643	R-HSA-111995,R-HSA-1369062,R-HSA-1482788,R-HSA-1482798,R-HSA-1482839,R-HSA-1483101,R-HSA-1483148,R-HSA-1483166,R-HSA-1483191,R-HSA-1483196,R-HSA-1660661,R-HSA-2029485,R-HSA-2142753,R-HSA-382556,R-HSA-5678771,R-HSA-5683678,R-HSA-5683826,R-HSA-5688399,R-HSA-6811436,R-HSA-8964058,R-HSA-9680350	21
Pyroglutamic acid	RM0135924	C5H7NO3	129.0426	Organic acids	Amino acids and peptides	Amino acids	7405	CHEBI:18183	HMDB0000267		C01879	ODHCTXKNWHHXJC-VKHMYHEASA-N	C1CC(=O)N[C@@H]1C(=O)O	Pyroglutamic acid			C01879	map01100,map00480,map04382	CHEBI:16010,CHEBI:18183,CHEBI:18183,CHEBI:30652	CHEBI:16010,CHEBI:18183,CHEBI:18183,CHEBI:30652	CHEBI:16010,CHEBI:18183,CHEBI:18183,CHEBI:30652	CHEBI:16010,CHEBI:18183,CHEBI:30652	C01879	C01879	C01879	C01879			C01879	map01100,map00480,map04382	CHEBI:16924,CHEBI:57606,CHEBI:57948,CHEBI:58402	CHEBI:16010,CHEBI:16924,CHEBI:18183,CHEBI:30652,CHEBI:57606,CHEBI:57948,CHEBI:58402	C01879,C02237	CHEBI:58402	R-HSA-174403,R-HSA-5578998	C01879,C02237	map01100,map00480,map04382,map01100,map00470		CHEBI:16010,CHEBI:16924,CHEBI:18183,CHEBI:30652,CHEBI:57606,CHEBI:57948,CHEBI:58402	C01879,C02237	CHEBI:58402	R-HSA-174403,R-HSA-5578998	C01879,C02237	map01100,map00480,map04382,map01100,map00470			0
2'-Hydroxybiphenyl-2-sulfinate	-	-	-	-	-	-	-		-	-		-	-	-					CHEBI:18218,CHEBI:44576	CHEBI:18218,CHEBI:44576	CHEBI:18218,CHEBI:44576	CHEBI:18218,CHEBI:44576	C06742	C06742	C06742	C06742						CHEBI:18218,CHEBI:44576	C06742						CHEBI:18218,CHEBI:44576	C06742					CHEBI:25696	R-HSA-382556,R-HSA-428643,R-HSA-5690338	3
PA(15:0/0:0)	RM0173794	C18H37O7P	396.2277	Glycerophospholipids	Glycerophosphates	LPA								LPA 15:0/0:0					CHEBI:185478	CHEBI:185478	CHEBI:185478	CHEBI:185478										CHEBI:185478							CHEBI:185478						CHEBI:16975	R-HSA-1483166,R-HSA-75109	2
F-Honaucin A	-	-	-	-	-	-	-		-	-		-	-	-																																	0
Urocanic acid	RM0135935	C6H6N2O2	138.0429	Alkaloids	Histidine alkaloids	Imidazole alkaloids	736715	CHEBI:30817	HMDB0000301		C00785	LOIYMIARKYCTBW-OWOJBTEDSA-N	C(=C\C(=O)O)/c1c[nH]cn1	Urocanic acid			C00785	map01100,map00340,map04382	CHEBI:27248,CHEBI:30817	CHEBI:27248,CHEBI:30817	CHEBI:27248,CHEBI:30817	CHEBI:27248,CHEBI:30817	C00785	C00785	C00785	C00785			C00785	map01100,map00340,map04382	CHEBI:17771,CHEBI:27247	CHEBI:17771,CHEBI:27247,CHEBI:27248,CHEBI:30817	C00785	CHEBI:17771	R-HSA-70921	C00785	map01100,map00340,map04382	CHEBI:30818,CHEBI:30819,CHEBI:192561	CHEBI:17771,CHEBI:27247,CHEBI:27248,CHEBI:30817,CHEBI:30818,CHEBI:30819,CHEBI:192561	C00785	CHEBI:17771	R-HSA-70921	C00785	map01100,map00340,map04382			0
4-hydroxy Nonenal Glutathione-d3	-	-	-	-	-	-	-		-	-		-	-	-																																	0
RO 40-5966 (Methylmibefradil Metabolite)	-	-	-	-	-	-	-		-	-		-	-	-																																	0
2,2-dimethyl-3-butenoic acid	-	-	-	-	-	-	-		-	-		-	-	-					CHEBI:180383	CHEBI:180383	CHEBI:180383	CHEBI:180383										CHEBI:180383							CHEBI:180383						CHEBI:35366	R-HSA-1482883,R-HSA-167826,R-HSA-422085,R-HSA-426048,R-HSA-6809371,R-HSA-6811436,R-HSA-8963889,R-HSA-8964038	8
Cer(d18:2/18:1)	RM0138777	C36H67NO3	561.5121	Sphingolipids	Ceramides	Cer								Cer 18:2;O2/18:1					CHEBI:188302	CHEBI:188302	CHEBI:188302	CHEBI:188302										CHEBI:188302							CHEBI:188302						CHEBI:17761	R-HSA-6809371	1
9-keto palmitic acid	-	-	-	-	-	-	-		-	-		-	-	-																																	0
D-Glucose	RM0135901	C6H12O6	180.0634	Carbohydrates	Monosaccharides	Hexoses	5793	CHEBI:4167	HMDB0304632		C00031	WQZGKKKJIJFFOK-GASJEMHNSA-N	C([C@@H]1[C@H]([C@@H]([C@H](C(O)O1)O)O)O)O	Glucose	CHEBI:4167	R-HSA-170822,R-HSA-189085,R-HSA-189085,R-HSA-189200,R-HSA-381771,R-HSA-418594,R-HSA-420499,R-HSA-422085,R-HSA-422356,R-HSA-532668,R-HSA-5619043,R-HSA-5619047,R-HSA-5619056,R-HSA-5619068,R-HSA-5619073,R-HSA-5619098,R-HSA-5652227,R-HSA-5653890,R-HSA-5656364,R-HSA-5658208,R-HSA-70171,R-HSA-70221,R-HSA-70263,R-HSA-8981373,R-HSA-901042,R-HSA-964739,R-HSA-9717207,R-HSA-9717207,R-HSA-9840310	C00031	map01100,map01110,map00010,map00030,map00052,map00500,map00566,map00074,map00520,map00901,map00521,map00524,map02010,map02060,map02020,map04066,map04068,map04152,map04148,map04113,map05111,map04911,map04910,map04922,map04917,map04976,map04973,map04978,map04742,map05230,map05415,map04930,map04932,map04931,map04933	CHEBI:17234,CHEBI:17234,CHEBI:4167,CHEBI:4167,CHEBI:42758,CHEBI:17634	CHEBI:17234,CHEBI:17234,CHEBI:4167,CHEBI:4167,CHEBI:42758,CHEBI:17634	CHEBI:17234,CHEBI:17234,CHEBI:4167,CHEBI:4167,CHEBI:42758,CHEBI:17634	CHEBI:4167,CHEBI:17234,CHEBI:17634,CHEBI:42758	C00031,C00293	C00031,C00293	C00031,C00293	C00031,C00293	CHEBI:4167,CHEBI:17234,CHEBI:17634	R-HSA-170822,R-HSA-189085,R-HSA-189085,R-HSA-189200,R-HSA-381771,R-HSA-418594,R-HSA-420499,R-HSA-422085,R-HSA-422356,R-HSA-532668,R-HSA-5619043,R-HSA-5619047,R-HSA-5619056,R-HSA-5619068,R-HSA-5619073,R-HSA-5619098,R-HSA-5652227,R-HSA-5653890,R-HSA-5656364,R-HSA-5658208,R-HSA-70171,R-HSA-70221,R-HSA-70263,R-HSA-8981373,R-HSA-901042,R-HSA-964739,R-HSA-9717207,R-HSA-9717207,R-HSA-9840310,R-HSA-9931953,R-HSA-9768919	C00031	map01100,map01110,map00010,map00030,map00052,map00500,map00566,map00074,map00520,map00901,map00521,map00524,map02010,map02060,map02020,map04066,map04068,map04152,map04148,map04113,map05111,map04911,map04910,map04922,map04917,map04976,map04973,map04978,map04742,map05230,map05415,map04930,map04932,map04931,map04933	CHEBI:37626	CHEBI:4167,CHEBI:17234,CHEBI:17634,CHEBI:37626,CHEBI:42758	C00031,C00293	CHEBI:4167,CHEBI:17234,CHEBI:17634	R-HSA-170822,R-HSA-189085,R-HSA-189085,R-HSA-189200,R-HSA-381771,R-HSA-418594,R-HSA-420499,R-HSA-422085,R-HSA-422356,R-HSA-532668,R-HSA-5619043,R-HSA-5619047,R-HSA-5619056,R-HSA-5619068,R-HSA-5619073,R-HSA-5619098,R-HSA-5652227,R-HSA-5653890,R-HSA-5656364,R-HSA-5658208,R-HSA-70171,R-HSA-70221,R-HSA-70263,R-HSA-8981373,R-HSA-901042,R-HSA-964739,R-HSA-9717207,R-HSA-9717207,R-HSA-9840310,R-HSA-9931953,R-HSA-9768919	C00031	map01100,map01110,map00010,map00030,map00052,map00500,map00566,map00074,map00520,map00901,map00521,map00524,map02010,map02060,map02020,map04066,map04068,map04152,map04148,map04113,map05111,map04911,map04910,map04922,map04917,map04976,map04973,map04978,map04742,map05230,map05415,map04930,map04932,map04931,map04933	CHEBI:15903,CHEBI:17925,CHEBI:37624,CHEBI:37627,CHEBI:37630,CHEBI:37631,CHEBI:37661,CHEBI:37663,CHEBI:88300,CHEBI:134625,CHEBI:145606,CHEBI:145664,CHEBI:147589,CHEBI:148749,CHEBI:149114,CHEBI:152105	CHEBI:4167,CHEBI:15903,CHEBI:17234,CHEBI:17634,CHEBI:17925,CHEBI:37624,CHEBI:37626,CHEBI:37627,CHEBI:37630,CHEBI:37631,CHEBI:37661,CHEBI:37663,CHEBI:42758,CHEBI:88300,CHEBI:134625,CHEBI:145606,CHEBI:145664,CHEBI:147589,CHEBI:148749,CHEBI:149114,CHEBI:152105	C00031,C00221,C00267,C00293	CHEBI:4167,CHEBI:15903,CHEBI:17234,CHEBI:17634	R-HSA-170822,R-HSA-189085,R-HSA-189085,R-HSA-189200,R-HSA-381771,R-HSA-418594,R-HSA-420499,R-HSA-422085,R-HSA-422356,R-HSA-532668,R-HSA-5619043,R-HSA-5619047,R-HSA-5619056,R-HSA-5619068,R-HSA-5619073,R-HSA-5619098,R-HSA-5652227,R-HSA-5653890,R-HSA-5656364,R-HSA-5658208,R-HSA-70171,R-HSA-70221,R-HSA-70263,R-HSA-8981373,R-HSA-901042,R-HSA-964739,R-HSA-9717207,R-HSA-9717207,R-HSA-9840310,R-HSA-9683686,R-HSA-9694548,R-HSA-9768727,R-HSA-9931953,R-HSA-9768919	C00031,C00221,C00267	map01100,map01110,map00010,map00030,map00052,map00500,map00566,map00074,map00520,map00901,map00521,map00524,map02010,map02060,map02020,map04066,map04068,map04152,map04148,map04113,map05111,map04911,map04910,map04922,map04917,map04976,map04973,map04978,map04742,map05230,map05415,map04930,map04932,map04931,map04933,map01100,map01110,map01120,map01200,map00010,map00030,map01100,map01110,map01120,map01200,map01250,map00010,map00051,map00052,map00520,map01060,map01061,map01062,map01063,map01064,map01065,map01066,map01070,map04964			0
LysoPC(22:5(7Z,10Z,13Z,16Z,19Z))	RM0180222	C30H52NO7P	569.3481	Glycerophospholipids	Glycerophosphocholines	LPC								LPC 22:5(7Z,10Z,13Z,16Z,19Z)																																	0
Thioperamide	-	-	-	-	-	-	-		-	-		-	-	-					CHEBI:81391	CHEBI:81391	CHEBI:81391	CHEBI:81391	C17933	C17933	C17933	C17933			C17933	map07227		CHEBI:81391	C17933			C17933	map07227		CHEBI:81391	C17933			C17933	map07227			0
Normetanephrine	RM0108640	C9H13NO3	183.0895	Alkaloids	Tyrosine alkaloids	Phenylethylamines	688100	CHEBI:6277	HMDB0000819		C05589	YNYAYWLBAHXHLL-QMMMGPOBSA-N	COc1cc(ccc1O)[C@H](CN)O	Normetanephrine			C05589	map01100,map00350	CHEBI:89951	CHEBI:89951	CHEBI:89951	CHEBI:6277,CHEBI:89951	C05589	C05589	C05589	C05589			C05589	map01100,map00350	CHEBI:189645	CHEBI:6277,CHEBI:89951,CHEBI:189645	C05589			C05589	map01100,map00350		CHEBI:6277,CHEBI:89951,CHEBI:189645	C05589			C05589	map01100,map00350			0
Piperacillin	RM0138984	C23H27N5O7S	517.1631	Organoheterocyclic compounds	Beta lactams	Penicillins	43672	CHEBI:8232	HMDB0014464		C14034	IVBHGBMCVLDMKU-GXNBUGAJSA-N	CCN1CCN(C(=O)C1=O)C(=O)N[C@H](c1ccccc1)C(=O)N[C@@H]1C(=O)N2[C@@H](C(=O)O)C(C)(C)S[C@H]12	Piperacillin					CHEBI:8232,CHEBI:8232	CHEBI:8232,CHEBI:8232	CHEBI:8232,CHEBI:8232	CHEBI:8232	C14034	C14034	C14034	C14034					CHEBI:52433	CHEBI:8232,CHEBI:52433	C14034						CHEBI:8232,CHEBI:52433	C14034					CHEBI:33575	R-HSA-6809371	1
2-Deoxyuridine 5-monophosphate (dUMP)	-	-	-	-	-	-	-		-	-		-	-	-																																	0
Diazepam	RM0108739	C16H13ClN2O	284.0716	Alkaloids	Anthranilic acid alkaloids	Benzodiazepine alkaloids	3016	CHEBI:49575	HMDB0014967		C06948	AAOVKJBEBIDNHE-UHFFFAOYSA-N	CN1c2ccc(cc2C(=NCC1=O)c1ccccc1)Cl	Diazepam					CHEBI:49575,CHEBI:49575	CHEBI:49575,CHEBI:49575	CHEBI:49575,CHEBI:49575	CHEBI:49575	C06948	C06948	C06948	C06948						CHEBI:49575	C06948						CHEBI:49575	C06948							0
omega-hydroxy behenic	-	-	-	-	-	-	-		-	-		-	-	-																																	0
octadec-11Z-enol	-	-	-	-	-	-	-		-	-		-	-	-																																	0
2,6-Dihydroxypseudooxynicotine	RM0027672	C10H14N2O3	210.1004	Alkaloids	Pyridine alkaloids	Nicotinic acid alkaloids	9543025	CHEBI:28220				JJJLAXLRPLCXNT-UHFFFAOYSA-N	CNCCCC(=O)c1ccc(nc1O)O	2,6-Dihydroxypseudooxynicotine					CHEBI:66944	CHEBI:66944	CHEBI:66944	CHEBI:28220,CHEBI:66944	C15986	C15986	C15986	C15986			C15986	map01100,map01120,map00760		CHEBI:28220,CHEBI:66944	C15986			C15986	map01100,map01120,map00760		CHEBI:28220,CHEBI:66944	C15986			C15986	map01100,map01120,map00760	CHEBI:36916	R-HSA-936837	1
Caffeine	RM0032992	C8H10N4O2	194.0804	Nucleic acids	Purines	Xanthines	2519	CHEBI:27732	HMDB0001847		C07481	RYYVLZVUVIJVGH-UHFFFAOYSA-N	Cn1cnc2c1c(=O)n(C)c(=O)n2C	Caffeine	CHEBI:27732	R-HSA-211957,R-HSA-418594,R-HSA-420499,R-HSA-9717207,R-HSA-9717207	C07481	map01100,map01110,map01120,map00232,map01060,map01065	CHEBI:27732,CHEBI:27732,CHEBI:27732	CHEBI:27732,CHEBI:27732,CHEBI:27732	CHEBI:27732,CHEBI:27732,CHEBI:27732	CHEBI:27732	C07481	C07481	C07481	C07481	CHEBI:27732	R-HSA-211957,R-HSA-418594,R-HSA-420499,R-HSA-9717207,R-HSA-9717207	C07481	map01100,map01110,map01120,map00232,map01060,map01065		CHEBI:27732	C07481	CHEBI:27732	R-HSA-211957,R-HSA-418594,R-HSA-420499,R-HSA-9717207,R-HSA-9717207	C07481	map01100,map01110,map01120,map00232,map01060,map01065		CHEBI:27732	C07481	CHEBI:27732	R-HSA-211957,R-HSA-418594,R-HSA-420499,R-HSA-9717207,R-HSA-9717207	C07481	map01100,map01110,map01120,map00232,map01060,map01065			0
Nepetaside	-	-	-	-	-	-	-		-	-		-	-	-					CHEBI:143821	CHEBI:143821	CHEBI:143821	CHEBI:143821										CHEBI:143821							CHEBI:143821						CHEBI:18059	R-HSA-1222556,R-HSA-1369062,R-HSA-5682294,R-HSA-804914,R-HSA-8941413	5
5beta-Cholestane-3alpha,7alpha,26-triol	-	-	-	-	-	-	-		-	-		-	-	-					CHEBI:28540,CHEBI:28540	CHEBI:28540,CHEBI:28540	CHEBI:28540	CHEBI:28540	C05444	C05444	C05444	C05444	CHEBI:28540	R-HSA-193368,R-HSA-193807	C05444	map01100,map00120		CHEBI:28540	C05444	CHEBI:28540	R-HSA-193368,R-HSA-193807	C05444	map01100,map00120		CHEBI:28540	C05444	CHEBI:28540	R-HSA-193368,R-HSA-193807	C05444	map01100,map00120			0
Sorbitan stearate	RM0202198	C24H46O6	430.3294	Fatty Acyls	Fatty esters	Wax monoesters	3793749		HMDB0029888	LMFA07011020		HVUMOYIDDBPOLL-UHFFFAOYSA-N	CCCCCCCCCCCCCCCCCC(=O)OCC(C1C(C(CO1)O)O)O	Sorbitan stearate																																	0
N-Acetyl-D-tryptophan	RM0132212	C13H14N2O3	246.1004	Organic acids	Amino acids and peptides	Amino acids	439917	CHEBI:16734	HMDB0255052		C03137	DZTHIGRZJZPRDV-GFCCVEGCSA-N	CC(=O)N[C@H](Cc1c[nH]c2ccccc12)C(=O)O	N-Acetyl-D-tryptophan					CHEBI:16734,CHEBI:16734,CHEBI:57877	CHEBI:16734,CHEBI:16734,CHEBI:57877	CHEBI:16734,CHEBI:16734,CHEBI:57877	CHEBI:16734,CHEBI:57877	C03137	C03137	C03137	C03137					CHEBI:74640,CHEBI:143877	CHEBI:16734,CHEBI:57877,CHEBI:74640,CHEBI:143877	C03137						CHEBI:16734,CHEBI:57877,CHEBI:74640,CHEBI:143877	C03137					CHEBI:25696,CHEBI:33575	R-HSA-382556,R-HSA-428643,R-HSA-5690338,R-HSA-6809371	4
7-Ethyltridecan-6-one	-	-	-	-	-	-	-		-	-		-	-	-					CHEBI:188251,CHEBI:188251	CHEBI:188251,CHEBI:188251	CHEBI:188251	CHEBI:188251										CHEBI:188251							CHEBI:188251								0
PC(22:5(7Z,10Z,13Z,16Z,19Z)/16:0)	RM0172670	C46H82NO8P	807.5778	Glycerophospholipids	Glycerophosphocholines	PC								PC 22:5(7Z,10Z,13Z,16Z,19Z)/16:0					CHEBI:88433	CHEBI:88433	CHEBI:88433	CHEBI:88433										CHEBI:88433							CHEBI:88433						CHEBI:57643	R-HSA-111995,R-HSA-1369062,R-HSA-1482788,R-HSA-1482798,R-HSA-1482839,R-HSA-1483101,R-HSA-1483148,R-HSA-1483166,R-HSA-1483191,R-HSA-1483196,R-HSA-1660661,R-HSA-2029485,R-HSA-2142753,R-HSA-382556,R-HSA-5678771,R-HSA-5683678,R-HSA-5683826,R-HSA-5688399,R-HSA-6811436,R-HSA-8964058,R-HSA-9680350	21
3-Nitrofluoranthene	-	-	-	-	-	-	-		-	-		-	-	-					CHEBI:34345	CHEBI:34345	CHEBI:34345	CHEBI:34345	C14406	C14406	C14406	C14406						CHEBI:34345	C14406						CHEBI:34345	C14406							0
(1R)-Hydroxy-(2R)-N-acetyl-L-cysteinyl-1,2-dihydronaphthalene	-	-	-	-	-	-	-		-	-		-	-	-					CHEBI:33994	CHEBI:33994	CHEBI:33994	CHEBI:33994	C14796	C14796	C14796	C14796			C14796	map00980		CHEBI:33994	C14796			C14796	map00980		CHEBI:33994	C14796			C14796	map00980	CHEBI:33575	R-HSA-6809371	1
PS(19:0/20:3(8Z,11Z,14Z))	-	-	-	-	-	-	-		-	-		-	-	-					CHEBI:188052	CHEBI:188052	CHEBI:188052	CHEBI:188052										CHEBI:188052							CHEBI:188052						CHEBI:16247	R-HSA-1483206,R-HSA-202733,R-HSA-2168880,R-HSA-3000471,R-HSA-3000480,R-HSA-3000484,R-HSA-3000497,R-HSA-432142,R-HSA-5686938,R-HSA-8856825,R-HSA-8856828,R-HSA-8866423,R-HSA-8963888,R-HSA-8963896,R-HSA-8963901,R-HSA-8964011,R-HSA-8964026,R-HSA-8964038,R-HSA-8964041,R-HSA-8964046,R-HSA-8964058,R-HSA-8964572,R-HSA-9615710,R-HSA-9707616,R-HSA-975634,R-HSA-9918432,R-HSA-9918481,R-HSA-9918487,R-HSA-9920588,R-HSA-9920951	30
6,7-dimethyl-4-hydroxy-2-pteridinamine	-	-	-	-	-	-	-		-	-		-	-	-																																	0
Perflutren	-	-	-	-	-	-	-		-	-		-	-	-					CHEBI:31980	CHEBI:31980	CHEBI:31980	CHEBI:31980										CHEBI:31980							CHEBI:31980								0
Palmatine	-	-	-	-	-	-	-		-	-		-	-	-					CHEBI:16096,CHEBI:16096	CHEBI:16096,CHEBI:16096	CHEBI:16096	CHEBI:16096	C05315	C05315	C05315	C05315			C05315	map01110,map00950		CHEBI:16096	C05315			C05315	map01110,map00950		CHEBI:16096	C05315			C05315	map01110,map00950			0
24-Nor-5beta-chol-22-ene-3alpha,7alpha,12alpha-triol	-	-	-	-	-	-	-		-	-		-	-	-					CHEBI:185653	CHEBI:185653	CHEBI:185653	CHEBI:185653										CHEBI:185653							CHEBI:185653						CHEBI:35341	R-HSA-196071	1
Uscharidin	-	-	-	-	-	-	-		-	-		-	-	-					CHEBI:9913	CHEBI:9913	CHEBI:9913	CHEBI:9913	C08883	C08883	C08883	C08883						CHEBI:9913	C08883						CHEBI:9913	C08883					CHEBI:35341	R-HSA-196071	1
3Z,6Z,9Z-Eicosatriene	-	-	-	-	-	-	-		-	-		-	-	-					CHEBI:188078	CHEBI:188078	CHEBI:188078	CHEBI:188078										CHEBI:188078							CHEBI:188078								0
Ptilosaponoside B	-	-	-	-	-	-	-		-	-		-	-	-					CHEBI:184763	CHEBI:184763	CHEBI:184763	CHEBI:184763										CHEBI:184763							CHEBI:184763						CHEBI:35341	R-HSA-196071	1
S-Japonin	-	-	-	-	-	-	-		-	-		-	-	-					CHEBI:172080	CHEBI:172080	CHEBI:172080	CHEBI:172080										CHEBI:172080							CHEBI:172080						CHEBI:18059	R-HSA-1222556,R-HSA-1369062,R-HSA-5682294,R-HSA-804914,R-HSA-8941413	5
3Z-Hexenyl acetate	-	-	-	-	-	-	-		-	-		-	-	-					CHEBI:61316	CHEBI:61316	CHEBI:61316	CHEBI:61316										CHEBI:61316							CHEBI:61316								0
PG(10:0/10:0)	RM0135100	C26H51O10P	554.3220	Glycerophospholipids	Glycerophosphoglycerols	PG	9547126	CHEBI:187695		LMGP04010032		IOLZSQRFJBMYSU-BJKOFHAPSA-N	CCCCCCCCCC(=O)OC[C@H](COP(=O)(O)OC[C@H](CO)O)OC(=O)CCCCCCCCC	PG 10:0/10:0					CHEBI:187695	CHEBI:187695	CHEBI:187695	CHEBI:187695										CHEBI:187695							CHEBI:187695						CHEBI:37739	R-HSA-9845576	1
Pentosidine	RM0051095	C17H26N6O4	378.2016	Organic acids	Amino acids and peptides	Amino acids	119593	CHEBI:59951	HMDB0003933			AYEKKSTZQYEZPU-RYUDHWBXSA-N	C(CCn1cccc2c1nc(NCCC[C@@H](C(=O)O)N)n2)C[C@@H](C(=O)O)N	Pentosidine					CHEBI:59951	CHEBI:59951	CHEBI:59951	CHEBI:59951										CHEBI:59951							CHEBI:59951						CHEBI:33575	R-HSA-6809371	1
15(S)-HETE	RM0139711	C20H32O3	320.2351	Fatty Acyls	Eicosanoids	HETE	5280724	CHEBI:15558	HMDB0003876	LMFA03060001	C04742	JSFATNQSLKRBCI-VAEKSGALSA-N	CCCCC[C@@H](/C=C/C=C\C/C=C\C/C=C\CCCC(=O)O)O	15S-HETE			C04742	map01100,map00590,map04750	CHEBI:15558	CHEBI:15558	CHEBI:15558	CHEBI:15558	C04742	C04742	C04742	C04742			C04742	map01100,map00590,map04750	CHEBI:57409,CHEBI:63989,CHEBI:78837	CHEBI:15558,CHEBI:57409,CHEBI:63989,CHEBI:78837	C04742	CHEBI:57409,CHEBI:78837	R-HSA-2142770,R-HSA-2142700,R-HSA-2142770	C04742	map01100,map00590,map04750		CHEBI:15558,CHEBI:57409,CHEBI:63989,CHEBI:78837	C04742	CHEBI:57409,CHEBI:78837	R-HSA-2142770,R-HSA-2142700,R-HSA-2142770	C04742	map01100,map00590,map04750			0
PC(18:0/20:4(8Z,11Z,14Z,17Z))	-	-	-	-	-	-	-		-	-		-	-	-					CHEBI:89672	CHEBI:89672	CHEBI:89672	CHEBI:89672										CHEBI:89672							CHEBI:89672						CHEBI:57643	R-HSA-111995,R-HSA-1369062,R-HSA-1482788,R-HSA-1482798,R-HSA-1482839,R-HSA-1483101,R-HSA-1483148,R-HSA-1483166,R-HSA-1483191,R-HSA-1483196,R-HSA-1660661,R-HSA-2029485,R-HSA-2142753,R-HSA-382556,R-HSA-5678771,R-HSA-5683678,R-HSA-5683826,R-HSA-5688399,R-HSA-6811436,R-HSA-8964058,R-HSA-9680350	21
PE(20:3(5Z,8Z,11Z)/P-18:1(11Z))	-	-	-	-	-	-	-		-	-		-	-	-					CHEBI:170614	CHEBI:170614	CHEBI:170614	CHEBI:170614										CHEBI:170614							CHEBI:170614						CHEBI:36314	R-HSA-1482788	1
3-Hydroxy-7-aminonitrazepam	-	-	-	-	-	-	-		-	-		-	-	-																																	0
Acyclovir triphosphate	-	-	-	-	-	-	-		-	-		-	-	-																																	0
Piroxicam	RM0029717	C15H13N3O4S	331.0627	Organoheterocyclic compounds	Benzothiazines	Benzothiazines	54676228	CHEBI:8249	HMDB0014694		C01608	QYSPLQLAKJAUJT-UHFFFAOYSA-N	CN1C(=C(c2ccccc2S1(=O)=O)O)C(=O)Nc1ccccn1	Piroxicam	CHEBI:8249	R-HSA-2162123			CHEBI:8249,CHEBI:8249	CHEBI:8249,CHEBI:8249	CHEBI:8249,CHEBI:8249	CHEBI:8249	C01608	C01608	C01608	C01608	CHEBI:8249	R-HSA-2162123				CHEBI:8249	C01608	CHEBI:8249	R-HSA-2162123				CHEBI:8249	C01608	CHEBI:8249	R-HSA-2162123					0
Metominostrobin	-	-	-	-	-	-	-		-	-		-	-	-					CHEBI:81831	CHEBI:81831	CHEBI:81831	CHEBI:81831	C18559	C18559	C18559	C18559						CHEBI:81831	C18559						CHEBI:81831	C18559							0
SM(d18:0/18:2)	RM0059989	C41H81N2O6P	728.5832	Sphingolipids	Phosphosphingolipids	SM								SM 18:0;O2/18:2					CHEBI:188192	CHEBI:188192	CHEBI:188192	CHEBI:188192										CHEBI:188192							CHEBI:188192						CHEBI:64583	R-HSA-1660661	1
17-hydroxyandrostane-3-glucuronide	RM0160775	C25H38O9	482.2516	Sterol Lipids	Steroids	C19 Steroids	53480452	CHEBI:88733	HMDB0010351	LMST05010055	C03033	BRPLOVMHAFXVOQ-HUMIJZDLSA-N	C[C@]12CC[C@H](C[C@@H]1CC[C@H]1[C@@H]3CCC(=O)[C@@]3(C)C[C@@H]([C@H]21)O)O[C@H]1[C@@H]([C@H]([C@@H]([C@@H](C(=O)O)O1)O)O)O	11beta-Hydroxyandrosterone-3-glucuronide			C03033	map01100,map01240,map00040,map00053,map04976	CHEBI:184582	CHEBI:184582	CHEBI:184582	CHEBI:88733,CHEBI:184582	C03033	C03033	C03033	C03033			C03033	map01100,map01240,map00040,map00053,map04976		CHEBI:88733,CHEBI:184582	C03033			C03033	map01100,map01240,map00040,map00053,map04976		CHEBI:88733,CHEBI:184582	C03033			C03033	map01100,map01240,map00040,map00053,map04976	CHEBI:35341	R-HSA-196071	1
4-(4-Deoxy-??-D-gluc-4-enuronosyl)-D-galacturonate	-	-	-	-	-	-	-		-	-		-	-	-																																	0
APC	RM0032942	C21H29N8O9P	568.1795	Nucleic acids	Dinucleotides	Diribonucleotides	145459091	CHEBI:80551	HMDB0060661			NHEPQPHJXSVOGF-KPKSGTNCSA-N	c1cn([C@H]2[C@@H]([C@@H]([C@@H](COP(=O)(O)O[C@@H]3[C@@H](CO)O[C@H]([C@@H]3O)n3cnc4c(N)ncnc34)O2)O)O)c(=O)nc1N	ApC					CHEBI:80551	CHEBI:80551	CHEBI:80551	CHEBI:80551	C16542	C16542	C16542	C16542			C16542	map00983		CHEBI:80551	C16542			C16542	map00983		CHEBI:80551	C16542			C16542	map00983			0
3-(6'-Methylthio)hexylmalic acid	-	-	-	-	-	-	-		-	-		-	-	-					CHEBI:80973	CHEBI:80973	CHEBI:80973	CHEBI:80973	C17227	C17227	C17227	C17227			C17227	map01210,map00966		CHEBI:80973	C17227			C17227	map01210,map00966		CHEBI:80973	C17227			C17227	map01210,map00966	CHEBI:33575	R-HSA-6809371	1
Dehydroepiandrosterone	RM0159120	C19H28O2	288.2089	Sterol Lipids	Steroids	C19 Steroids	5881	CHEBI:28689	HMDB0000077	LMST02020021	C01227	FMGSKLZLMKYGDP-USOAJAOKSA-N	C[C@]12CC[C@@H](CC1=CC[C@H]1[C@@H]3CCC(=O)[C@@]3(C)CC[C@H]21)O	Dehydroepiandrosterone	CHEBI:28689	R-HSA-156584,R-HSA-193048	C01227	map01100,map01120,map00140,map00984,map04913,map05200,map05215	CHEBI:28689,CHEBI:28689	CHEBI:28689,CHEBI:28689	CHEBI:28689,CHEBI:28689	CHEBI:28689	C01227	C01227	C01227	C01227	CHEBI:28689	R-HSA-156584,R-HSA-193048	C01227	map01100,map01120,map00140,map00984,map04913,map05200,map05215		CHEBI:28689	C01227	CHEBI:28689	R-HSA-156584,R-HSA-193048	C01227	map01100,map01120,map00140,map00984,map04913,map05200,map05215		CHEBI:28689	C01227	CHEBI:28689	R-HSA-156584,R-HSA-193048	C01227	map01100,map01120,map00140,map00984,map04913,map05200,map05215			0
25-Dehydrovitamin D3	-	-	-	-	-	-	-		-	-		-	-	-					CHEBI:188186	CHEBI:188186	CHEBI:188186	CHEBI:188186										CHEBI:188186							CHEBI:188186						CHEBI:35341	R-HSA-196071	1
2-methoxy-5Z-hexadecenoic acid	RM0155818	C17H32O3	284.2351	Fatty Acyls	Fatty acids	Methoxy FA	5282257	CHEBI:34293		LMFA01080001	C13792	IZQFBIOUXQEERU-SEYXRHQNSA-N	CCCCCCCCCC/C=C\CCC(C(=O)O)OC	2-Methoxy-5Z-hexadecenoic acid					CHEBI:34293	CHEBI:34293	CHEBI:34293	CHEBI:34293	C13792	C13792	C13792	C13792						CHEBI:34293	C13792						CHEBI:34293	C13792					CHEBI:15904	R-HSA-1369062,R-HSA-192456,R-HSA-3000471,R-HSA-390247,R-HSA-5684045,R-HSA-77289,R-HSA-8963901,R-HSA-8964058,R-HSA-975634	9
Trimetrexate	-	-	-	-	-	-	-		-	-		-	-	-					CHEBI:9737,CHEBI:9737,CHEBI:9737	CHEBI:9737,CHEBI:9737,CHEBI:9737	CHEBI:9737	CHEBI:9737	C11154	C11154	C11154	C11154	CHEBI:9737	R-HSA-196757				CHEBI:9737	C11154	CHEBI:9737	R-HSA-196757				CHEBI:9737	C11154	CHEBI:9737	R-HSA-196757					0
1-Pentanesulfenothioic acid	RM0188881	C5H12S2	136.0380	Organosulfur compounds	Organosulfur compounds	Sulfenyl compoundes	21251947		HMDB0031160			DPLYGYOSWLFGGY-UHFFFAOYSA-N	CCCCCSS	1-Pentanesulfenothioic acid					CHEBI:173570	CHEBI:173570	CHEBI:173570	CHEBI:173570										CHEBI:173570							CHEBI:173570								0
Butamifos	-	-	-	-	-	-	-		-	-		-	-	-					CHEBI:3232	CHEBI:3232	CHEBI:3232	CHEBI:3232	C11022	C11022	C11022	C11022						CHEBI:3232	C11022						CHEBI:3232	C11022							0
SANGUINARINE	RM0108687	C20H14NO4	332.0923	Alkaloids	Tyrosine alkaloids	Benzophenanthridine alkaloids	5154	CHEBI:17183	HMDB0029367		C06162	INVGWHRKADIJHF-UHFFFAOYSA-N	C[n+]1cc2c(ccc3c2OCO3)c2ccc3cc4c(cc3c12)OCO4	Sanguinarine			C06162	map01100,map00950	CHEBI:17183,CHEBI:17183	CHEBI:17183,CHEBI:17183	CHEBI:17183,CHEBI:17183	CHEBI:17183	C06162	C06162	C06162	C06162			C06162	map01100,map00950		CHEBI:17183	C06162			C06162	map01100,map00950		CHEBI:17183	C06162			C06162	map01100,map00950			0
Paroxetine	RM0138991	C19H20FNO3	329.1427	Organoheterocyclic compounds	Piperidines	Phenylpiperidines	43815	CHEBI:7936	HMDB0014853		C07415	AHOUBRCZNHFOSL-YOEHRIQHSA-N	c1cc(ccc1[C@@H]1CCNC[C@H]1COc1ccc2c(c1)OCO2)F	Paroxetine	CHEBI:7936	R-HSA-380615			CHEBI:7936,CHEBI:7936	CHEBI:7936,CHEBI:7936	CHEBI:7936,CHEBI:7936	CHEBI:7936	C07415	C07415	C07415	C07415	CHEBI:7936	R-HSA-380615			CHEBI:64197	CHEBI:7936,CHEBI:64197	C07415	CHEBI:7936	R-HSA-380615				CHEBI:7936,CHEBI:64197	C07415	CHEBI:7936	R-HSA-380615					0
17-HDoHE	RM0153416	C22H32O3	344.2351	Fatty Acyls	Docosanoids	Docosanoids	6439179	CHEBI:72637	HMDB0010213	LMFA04000032		SWTYBBUBEPPYCX-VIIQGJSXSA-N	CC/C=C\CC(/C=C/C=C\C/C=C\C/C=C\C/C=C\CCC(=O)O)O	17-HDoHE					CHEBI:72637	CHEBI:72637	CHEBI:72637	CHEBI:72637									CHEBI:140260	CHEBI:72637,CHEBI:140260		CHEBI:140260	R-HSA-9027604			CHEBI:90814,CHEBI:91137,CHEBI:138640	CHEBI:72637,CHEBI:90814,CHEBI:91137,CHEBI:138640,CHEBI:140260		CHEBI:90814,CHEBI:140260	R-HSA-9020265,R-HSA-9027604					0
4-(2-hydroxy-3-isopropyl-aminopropyl)benzoic scid	-	-	-	-	-	-	-		-	-		-	-	-																																	0
(25S)-5alpha-cholestan-3beta,4beta,6alpha,7alpha,8beta,15beta,16beta,26-octol	-	-	-	-	-	-	-		-	-		-	-	-					CHEBI:186325	CHEBI:186325	CHEBI:186325	CHEBI:186325										CHEBI:186325							CHEBI:186325						CHEBI:35341	R-HSA-196071	1
11-dehydro-2,3-dinor-TXB2	RM0153429	C18H28O6	340.1886	Fatty Acyls	Eicosanoids	Thromboxanes	35024530	CHEBI:165346	HMDB0244346	LMFA03030013		PJAAKFHMQLYVGV-YCEKRRLLSA-N	CCCCC[C@@H](/C=C/[C@@H]1[C@@H](C/C=C\CC(=O)O)[C@H](CC(=O)O1)O)O	11-Dehydro-2,3-dinor-TXB2					CHEBI:165346	CHEBI:165346	CHEBI:165346	CHEBI:165346										CHEBI:165346							CHEBI:165346								0
3-oxo-heptadecanoic acid	-	-	-	-	-	-	-		-	-		-	-	-					CHEBI:188037	CHEBI:188037	CHEBI:188037	CHEBI:188037										CHEBI:188037							CHEBI:188037						CHEBI:15904	R-HSA-1369062,R-HSA-192456,R-HSA-3000471,R-HSA-390247,R-HSA-5684045,R-HSA-77289,R-HSA-8963901,R-HSA-8964058,R-HSA-975634	9
8-Methoxycoumestrol	-	-	-	-	-	-	-		-	-		-	-	-																																	0
1-Acetylindole	RM0040742	C10H9NO	159.0684	Alkaloids	Tryptophan alkaloids	Simple indole alkaloids	800	CHEBI:18086	HMDB0001190		C00637	WHOOUMGHGSPMGR-UHFFFAOYSA-N	c1ccc2c(c1)c(CC=O)c[nH]2	Indoleacetaldehyde			C00637	map01100,map00380	CHEBI:18086,CHEBI:24823	CHEBI:18086,CHEBI:24823	CHEBI:18086,CHEBI:24823	CHEBI:18086,CHEBI:24823	C00637	C00637	C00637	C00637			C00637	map01100,map00380		CHEBI:18086,CHEBI:24823	C00637			C00637	map01100,map00380	CHEBI:50157	CHEBI:18086,CHEBI:24823,CHEBI:50157	C00637,C05634	CHEBI:50157	R-HSA-141333,R-HSA-380612	C00637,C05634	map01100,map00380,map01100,map00380			0
Valrubicin	-	-	-	-	-	-	-		-	-		-	-	-					CHEBI:135876	CHEBI:135876	CHEBI:135876	CHEBI:135876										CHEBI:135876							CHEBI:135876								0
(25R)-1beta,3alpha,7alpha-trihydroxy-5beta-cholestan-27-oyl taurine	-	-	-	-	-	-	-		-	-		-	-	-					CHEBI:187331	CHEBI:187331	CHEBI:187331	CHEBI:187331										CHEBI:187331							CHEBI:187331						CHEBI:35341	R-HSA-196071	1
SM(d18:1/16:0)	RM0135543	C39H79N2O6P	702.5676	Sphingolipids	Phosphosphingolipids	SM	9939941	CHEBI:78646	HMDB0010169	LMSP03010003		RWKUXQNLWDTSLO-GWQJGLRPSA-N	CCCCCCCCCCCCC/C=C/[C@H]([C@H](COP(=O)([O-])OCC[N+](C)(C)C)NC(=O)CCCCCCCCCCCCCCC)O	SM 18:1;O2/16:0					CHEBI:78646	CHEBI:78646	CHEBI:78646	CHEBI:78646										CHEBI:78646							CHEBI:78646						CHEBI:17636	R-HSA-1369062,R-HSA-193681,R-HSA-9840310	3
PE(22:4(7Z,10Z,13Z,16Z)/0:0)	RM0133435	C27H48NO7P	529.3168	Glycerophospholipids	Glycerophosphoethanolamines	LPE	52925133	CHEBI:145290	HMDB0011523	LMGP02050014		NJHKGJJIKOCCMZ-YMIVKDKMSA-N	CCCCC/C=CC/C=CC/C=CC/C=CCCCCCC(=O)OC[C@H](COP(=O)(O)OCCN)O	LPE 22:4(7Z,10Z,13Z,16Z)/0:0					CHEBI:145290	CHEBI:145290,CHEBI:145290	CHEBI:145290	CHEBI:145290										CHEBI:145290							CHEBI:145290						CHEBI:29017	R-HSA-1482798,R-HSA-1482839,R-HSA-1483152	3
Phytol	RM0135361	C20H40O	296.3079	Prenol Lipids	Isoprenoids	C20 isoprenoids	5280435	CHEBI:17327	HMDB0002019	LMPR0104010002	C01389	BOTWFXYSPFMFNR-PYDDKJGSSA-N	CC(C)CCC[C@@H](C)CCC[C@@H](C)CCC/C(=C/CO)/C	Phytol					CHEBI:17327,CHEBI:17327	CHEBI:17327,CHEBI:17327	CHEBI:17327,CHEBI:17327	CHEBI:17327	C01389	C01389	C01389	C01389						CHEBI:17327	C01389						CHEBI:17327	C01389					CHEBI:18059,CHEBI:30879	R-HSA-1222556,R-HSA-1369062,R-HSA-1483166,R-HSA-2022377,R-HSA-5682294,R-HSA-804914,R-HSA-8935690,R-HSA-8941413	8
I-Methyl-4-nitro-imidazole	-	-	-	-	-	-	-		-	-		-	-	-																																	0
Oxypurinol	RM0156424	C5H4N4O2	152.0334	Nucleic acids	Purines	Xanthines	135398752	CHEBI:28315	HMDB0000786		C07599	HXNFUBHNUDHIGC-UHFFFAOYSA-N	c1c2c([nH]c(=O)[nH]c2=O)[nH]n1	Oxypurinol					CHEBI:28315	CHEBI:28315	CHEBI:28315	CHEBI:28315	C07599	C07599	C07599	C07599						CHEBI:28315	C07599						CHEBI:28315	C07599							0
Cer(d18:1/22:0)	RM0135488	C40H79NO3	621.6060	Sphingolipids	Ceramides	Cer	5283567	CHEBI:72966	HMDB0004952	LMSP02010008		KEPQASGDXIEOIL-GLQCRSEXSA-N	CCCCCCCCCCCCCCCCCCCCCC(=O)N[C@@H](CO)[C@@H](/C=C/CCCCCCCCCCCCC)O	Cer 18:1;O2/22:0					CHEBI:72966	CHEBI:72966	CHEBI:72966	CHEBI:72966										CHEBI:72966							CHEBI:72966						CHEBI:52639	R-HSA-9840309	1
15-hydroxy-hexadecanoic acid	-	-	-	-	-	-	-		-	-		-	-	-																																	0
Maltitol	RM0138962	C12H24O11	344.1319	Carbohydrates	Monosaccharides	Sugar alcohols	493591	CHEBI:68428	HMDB0002928			VQHSOMBJVWLPSR-WUJBLJFYSA-N	C([C@@H]([C@H]([C@@H]([C@@H](CO)O)O[C@@H]1[C@@H]([C@H]([C@@H]([C@@H](CO)O1)O)O)O)O)O)O	Maltitol					CHEBI:68428	CHEBI:68428	CHEBI:68428	CHEBI:68428										CHEBI:68428							CHEBI:68428								0
Viniferifuran	-	-	-	-	-	-	-		-	-		-	-	-					CHEBI:180720	CHEBI:180720	CHEBI:180720	CHEBI:180720										CHEBI:180720							CHEBI:180720								0
PC(20:0/18:3(9Z,12Z,15Z))	-	-	-	-	-	-	-		-	-		-	-	-					CHEBI:89377	CHEBI:89377	CHEBI:89377	CHEBI:89377										CHEBI:89377							CHEBI:89377						CHEBI:57643	R-HSA-111995,R-HSA-1369062,R-HSA-1482788,R-HSA-1482798,R-HSA-1482839,R-HSA-1483101,R-HSA-1483148,R-HSA-1483166,R-HSA-1483191,R-HSA-1483196,R-HSA-1660661,R-HSA-2029485,R-HSA-2142753,R-HSA-382556,R-HSA-5678771,R-HSA-5683678,R-HSA-5683826,R-HSA-5688399,R-HSA-6811436,R-HSA-8964058,R-HSA-9680350	21
Elaidic acid	RM0153285	C18H34O2	282.2559	Fatty Acyls	Fatty acids	Unsaturated FA	637517	CHEBI:27997	HMDB0000573	LMFA01030073	C01712	ZQPPMHVWECSIRJ-MDZDMXLPSA-N	CCCCCCCC/C=C/CCCCCCCC(=O)O	Elaidic acid	CHEBI:27997	R-HSA-381771,R-HSA-416476,R-HSA-444209			CHEBI:27997,CHEBI:27997	CHEBI:27997,CHEBI:27997	CHEBI:27997,CHEBI:27997	CHEBI:27997	C01712	C01712	C01712	C01712	CHEBI:27997	R-HSA-381771,R-HSA-416476,R-HSA-444209			CHEBI:30825	CHEBI:27997,CHEBI:30825	C01712	CHEBI:27997	R-HSA-381771,R-HSA-416476,R-HSA-444209				CHEBI:27997,CHEBI:30825	C01712	CHEBI:27997	R-HSA-381771,R-HSA-416476,R-HSA-444209					0
Epinephrine	RM0046981	C9H13NO3	183.0895	Alkaloids	Tyrosine alkaloids	Phenylethylamines	5816	CHEBI:28918	HMDB0000068		C00788	UCTWMZQNUQWSLP-VIFPVBQESA-N	CNC[C@@H](c1ccc(c(c1)O)O)O	Epinephrine			C00788	map01100,map00350,map02020,map04024,map04080,map04082,map04081,map02024,map04923,map04924,map04261,map05207	CHEBI:28918	CHEBI:28918	CHEBI:28918	CHEBI:28918	C00788	C00788	C00788	C00788			C00788	map01100,map00350,map02020,map04024,map04080,map04082,map04081,map02024,map04923,map04924,map04261,map05207	CHEBI:40751,CHEBI:71406	CHEBI:28918,CHEBI:40751,CHEBI:71406	C00788	CHEBI:71406	R-HSA-209905,R-HSA-390696,R-HSA-392023,R-HSA-400042,R-HSA-416476,R-HSA-416482,R-HSA-418555,R-HSA-418594,R-HSA-418597,R-HSA-549127,R-HSA-5683826,R-HSA-83936,R-HSA-8856825,R-HSA-8856828	C00788	map01100,map00350,map02020,map04024,map04080,map04082,map04081,map02024,map04923,map04924,map04261,map05207		CHEBI:28918,CHEBI:40751,CHEBI:71406	C00788	CHEBI:71406	R-HSA-209905,R-HSA-390696,R-HSA-392023,R-HSA-400042,R-HSA-416476,R-HSA-416482,R-HSA-418555,R-HSA-418594,R-HSA-418597,R-HSA-549127,R-HSA-5683826,R-HSA-83936,R-HSA-8856825,R-HSA-8856828	C00788	map01100,map00350,map02020,map04024,map04080,map04082,map04081,map02024,map04923,map04924,map04261,map05207			0
Nitralin	RM0199207	C13H19N3O6S	345.0995	Benzenoids	Anilines	Anilines	20848					UMKANAFDOQQUKE-UHFFFAOYSA-N	CCCN(CCC)c1c(cc(cc1[N+](=O)[O-])S(=O)(=O)C)[N+](=O)[O-]	Nitralin					CHEBI:82190	CHEBI:82190	CHEBI:82190	CHEBI:82190	C19064	C19064	C19064	C19064						CHEBI:82190	C19064						CHEBI:82190	C19064							0
1-(2,3-Dihydro-1H-pyrrolizin-5-yl)-2-propen-1-one	-	-	-	-	-	-	-		-	-		-	-	-					CHEBI:134433	CHEBI:134433	CHEBI:134433	CHEBI:134433										CHEBI:134433							CHEBI:134433								0
Avermectin A2a aglycone	RM0056170	C35H52O9	616.3611	Polyketides	Macrolides	Macrolides	118701687	CHEBI:29529			C11972	LYBOOCMZYUURMK-CQIJZHIDSA-N	CCC(C)[C@@H]1[C@@H](C)[C@H](C[C@]2(C[C@@H]3C[C@@H](C/C=C(\C)/[C@H]([C@@H](C)/C=C/C=C/4\CO[C@@H]5[C@@H](C(=CC(C(=O)O3)[C@]45O)C)OC)O)O2)O1)O	Avermectin A2a aglycone			C11972	map00522	CHEBI:29529	CHEBI:29529	CHEBI:29529	CHEBI:29529	C11972	C11972	C11972	C11972			C11972	map00522		CHEBI:29529	C11972			C11972	map00522		CHEBI:29529	C11972			C11972	map00522			0
AM2232	-	-	-	-	-	-	-		-	-		-	-	-					CHEBI:186469	CHEBI:186469	CHEBI:186469	CHEBI:186469										CHEBI:186469							CHEBI:186469								0
3-hydroxypropionic acid	-	-	-	-	-	-	-		-	-		-	-	-					CHEBI:33404,CHEBI:33404	CHEBI:33404,CHEBI:33404	CHEBI:33404	CHEBI:33404	C01013	C01013	C01013	C01013			C01013	map01100,map01120,map01200,map01320,map00640,map00720,map00920,map00240,map00410	CHEBI:16510	CHEBI:16510,CHEBI:33404	C01013			C01013	map01100,map01120,map01200,map01320,map00640,map00720,map00920,map00240,map00410		CHEBI:16510,CHEBI:33404	C01013			C01013	map01100,map01120,map01200,map01320,map00640,map00720,map00920,map00240,map00410	CHEBI:24654,CHEBI:35366	R-HSA-1482883,R-HSA-167826,R-HSA-3000471,R-HSA-3000480,R-HSA-3000484,R-HSA-422085,R-HSA-426048,R-HSA-5686938,R-HSA-6809371,R-HSA-6811436,R-HSA-8963889,R-HSA-8964038	12
PE(18:1(11Z)/20:2(11Z,14Z))	-	-	-	-	-	-	-		-	-		-	-	-					CHEBI:171357	CHEBI:171357	CHEBI:171357	CHEBI:171357										CHEBI:171357							CHEBI:171357						CHEBI:36314	R-HSA-1482788	1
Lipoxin C4	RM0153940	C30H47N3O10S	641.2982	Fatty Acyls	Eicosanoids	Lipoxins	9548805	CHEBI:36220		LMFA03040004		CYCIJLWHNZKKBC-MTFYIJSJSA-N	CCCCC[C@@H](/C=C/C=C\C=C\C=C\[C@H]([C@H](CCCC(=O)O)O)SC[C@@H](C(=O)NCC(=O)O)NC(=O)CC[C@@H](C(=O)O)N)O	Lipoxin C4					CHEBI:36220	CHEBI:36220	CHEBI:36220	CHEBI:36220										CHEBI:36220							CHEBI:36220						CHEBI:18059	R-HSA-1222556,R-HSA-1369062,R-HSA-5682294,R-HSA-804914,R-HSA-8941413	5
PI(O-20:0/20:0)	RM0108404	C49H97O12P	908.6718	Glycerophospholipids	Glycerophosphoinositols	O-PI	52928474	CHEBI:188327		LMGP06020060		PAXMBKMXWBAARE-FHOZMVOESA-N	CCCCCCCCCCCCCCCCCCCCOC[C@H](COP(=O)(O)O[C@@H]1C([C@@H](C(C(C1O)O)O)O)O)OC(=O)CCCCCCCCCCCCCCCCCCC	PI O-20:0/20:0					CHEBI:188327	CHEBI:188327	CHEBI:188327	CHEBI:188327										CHEBI:188327							CHEBI:188327						CHEBI:37739	R-HSA-9845576	1
3-Methoxytyramine-xanthin	-	-	-	-	-	-	-		-	-		-	-	-																																	0
7-Acetamidonitrazepam	RM0036963	C17H15N3O2	293.1164	Alkaloids	Anthranilic acid alkaloids	Benzodiazepine alkaloids	96190	CHEBI:166533	HMDB0247229			JHTJXLGLYZQIGI-UHFFFAOYSA-N	CC(=O)Nc1ccc2c(c1)C(=NCC(=O)N2)c1ccccc1	7-Acetamidonitrazepam					CHEBI:166533	CHEBI:166533	CHEBI:166533	CHEBI:166533										CHEBI:166533							CHEBI:166533								0
(S)-3,4-Dihydroxybutyric acid	RM0153368	C4H8O4	120.0423	Fatty Acyls	Fatty acids	Hydroxy FA	10920498	CHEBI:137814	HMDB0000337	LMFA01050378		DZAIOXUZHHTJKN-VKHMYHEASA-N	C([C@@H](CO)O)C(=O)O	3,4-Dihydroxybutyric acid					CHEBI:86371	CHEBI:86371	CHEBI:86371	CHEBI:86371,CHEBI:137814										CHEBI:86371,CHEBI:137814							CHEBI:86371,CHEBI:137814						CHEBI:24654,CHEBI:33575	R-HSA-3000471,R-HSA-3000480,R-HSA-3000484,R-HSA-5686938,R-HSA-6809371	5
6a,12b-Dihydro-3,10,11,12-tetrahydroxy-6-(3,4,5-trihydroxyphenyl)-[2]benzopyrano[3,4-c]benzopyran-8(6H)-one	-	-	-	-	-	-	-		-	-		-	-	-					CHEBI:186321	CHEBI:186321	CHEBI:186321	CHEBI:186321										CHEBI:186321							CHEBI:186321								0
N-Desmethyltrifluoperazine	-	-	-	-	-	-	-		-	-		-	-	-																																	0
3-(2,4-Cyclopentadien-1-ylidene)pregn-4-en-20-one	-	-	-	-	-	-	-		-	-		-	-	-					CHEBI:79492	CHEBI:79492	CHEBI:79492	CHEBI:79492	C14968	C14968	C14968	C14968						CHEBI:79492	C14968						CHEBI:79492	C14968					CHEBI:35341	R-HSA-196071	1
Cholesterol glucuronide	RM0135841	C33H54O7	562.3870	Sterol Lipids	Sterols	Cholesterols	44263367	CHEBI:166762	HMDB0010330	LMST05010043		IJLBJBCDNYOWPJ-MVMUGOIMSA-N	CC(C)CCC[C@@H](C)[C@H]1CC[C@H]2[C@@H]3CC=C4C[C@H](CC[C@]4(C)[C@H]3CC[C@]12C)O[C@H]1[C@@H]([C@H]([C@@H]([C@@H](C(=O)O)O1)O)O)O	Cholesterol glucuronide					CHEBI:166762	CHEBI:166762	CHEBI:166762	CHEBI:166762										CHEBI:166762							CHEBI:166762						CHEBI:35341	R-HSA-196071	1
D-Maltose	RM0139031	C12H22O11	342.1162	Carbohydrates	Disaccharides	Disaccharides	439186	CHEBI:17306	HMDB0000163		C00208	GUBGYTABKSRVRQ-PICCSMPSSA-N	C([C@@H]1[C@H]([C@@H]([C@H]([C@H](O1)O[C@@H]1[C@@H](CO)OC([C@@H]([C@H]1O)O)O)O)O)O)O	Maltose	CHEBI:17306	R-HSA-189085,R-HSA-418594,R-HSA-420499,R-HSA-5659898,R-HSA-9717207,R-HSA-9717207	C00208	map01100,map01110,map00500,map02010,map02060,map02030,map04973,map04742	CHEBI:18167,CHEBI:17306,CHEBI:17306,CHEBI:18147	CHEBI:18167,CHEBI:17306,CHEBI:17306,CHEBI:18147	CHEBI:18167,CHEBI:17306,CHEBI:17306,CHEBI:18147	CHEBI:17306,CHEBI:18147,CHEBI:18167	C00208,C00897,C01971	C00208,C00897,C01971	C00208,C00897,C01971	C00208,C00897,C01971	CHEBI:17306	R-HSA-189085,R-HSA-418594,R-HSA-420499,R-HSA-5659898,R-HSA-9717207,R-HSA-9717207	C00208	map01100,map01110,map00500,map02010,map02060,map02030,map04973,map04742		CHEBI:17306,CHEBI:18147,CHEBI:18167	C00208,C00897,C01971	CHEBI:17306	R-HSA-189085,R-HSA-418594,R-HSA-420499,R-HSA-5659898,R-HSA-9717207,R-HSA-9717207	C00208	map01100,map01110,map00500,map02010,map02060,map02030,map04973,map04742		CHEBI:17306,CHEBI:18147,CHEBI:18167	C00208,C00897,C01971	CHEBI:17306	R-HSA-189085,R-HSA-418594,R-HSA-420499,R-HSA-5659898,R-HSA-9717207,R-HSA-9717207	C00208	map01100,map01110,map00500,map02010,map02060,map02030,map04973,map04742			0
10Z,12Z-octadecadienoic acid	-	-	-	-	-	-	-		-	-		-	-	-																																	0
3,7-Dimethyl-2E-octene-1,8-dioic acid	-	-	-	-	-	-	-		-	-		-	-	-					CHEBI:180335	CHEBI:180335	CHEBI:180335	CHEBI:180335										CHEBI:180335							CHEBI:180335						CHEBI:59554	R-HSA-390247,R-HSA-77289	2
pregn-4-en-3-one	-	-	-	-	-	-	-		-	-		-	-	-					CHEBI:36725	CHEBI:36725	CHEBI:36725	CHEBI:36725										CHEBI:36725							CHEBI:36725						CHEBI:35341	R-HSA-196071	1
Avermectin A1b monosaccharide	-	-	-	-	-	-	-		-	-		-	-	-					CHEBI:29527	CHEBI:29527	CHEBI:29527	CHEBI:29527	C11966	C11966	C11966	C11966			C11966	map01100,map01110,map00522		CHEBI:29527	C11966			C11966	map01100,map01110,map00522		CHEBI:29527	C11966			C11966	map01100,map01110,map00522			0
3beta,23S,25-dihydroxyvitamin D3	-	-	-	-	-	-	-		-	-		-	-	-					CHEBI:188276	CHEBI:188276	CHEBI:188276	CHEBI:188276										CHEBI:188276							CHEBI:188276						CHEBI:35341	R-HSA-196071	1
LysoPC(22:5(4Z,7Z,10Z,13Z,16Z))	RM0133388	C30H52NO7P	569.3481	Glycerophospholipids	Glycerophosphocholines	LPC	53480473	CHEBI:74348	HMDB0010402	LMGP01050142	C04230	YBUXFQUGNPBZPS-YNBHEIDWSA-N	CCCCC/C=CC/C=CC/C=CC/C=CC/C=CCCC(=O)OC[C@H](COP(=O)([O-])OCC[N+](C)(C)C)O	LPC 22:5(4Z,7Z,10Z,13Z,16Z)/0:0			C04230	map00564,map04148,map05231	CHEBI:74348	CHEBI:74348,CHEBI:74348	CHEBI:74348	CHEBI:74348	C04230	C04230	C04230	C04230			C04230	map00564,map04148,map05231		CHEBI:74348	C04230			C04230	map00564,map04148,map05231		CHEBI:74348	C04230			C04230	map00564,map04148,map05231	CHEBI:58168	R-HSA-111995,R-HSA-1482839,R-HSA-2142753,R-HSA-6814848	4
N-palmitoyl tyrosine	RM0155762	C25H41NO4	419.3036	Fatty Acyls	Fatty amides	N-acyl amines	6710112	CHEBI:165561	HMDB0062340	LMFA08020098		IPAZGTSTZYXZAT-QHCPKHFHSA-N	CCCCCCCCCCCCCCCC(=O)N[C@@H](Cc1ccc(cc1)O)C(=O)O	NA-Tyr 16:0					CHEBI:165561	CHEBI:165561	CHEBI:165561	CHEBI:165561										CHEBI:165561							CHEBI:165561								0
Oxymorphone	RM0158862	C17H19NO4	301.1314	Alkaloids	Tyrosine alkaloids	Morphinan alkaloids	5284604	CHEBI:7865	HMDB0015323		C08019	UQCNKQCJZOAFTQ-ISWURRPUSA-N	CN1CC[C@]23c4c5ccc(c4O[C@H]2C(=O)CC[C@]3([C@H]1C5)O)O	Oxymorphone					CHEBI:7865	CHEBI:7865	CHEBI:7865	CHEBI:7865	C08019	C08019	C08019	C08019						CHEBI:7865	C08019						CHEBI:7865	C08019							0
PC(O-1:0/2:0)	RM0180279	C11H24NO7P	313.1290	Glycerophospholipids	Glycerophosphocholines	O-PC	24779268			LMGP01020005		PHIZERZKVIUDPM-LLVKDONJSA-N	CC(=O)O[C@H](COC)COP(=O)([O-])OCC[N+](C)(C)C	PC O-1:0/2:0					CHEBI:179165	CHEBI:179165	CHEBI:179165	CHEBI:179165										CHEBI:179165							CHEBI:179165						CHEBI:36313	R-HSA-1482788	1
17(20)-Dehydrocryptogenin	-	-	-	-	-	-	-		-	-		-	-	-					CHEBI:188194	CHEBI:188194	CHEBI:188194	CHEBI:188194										CHEBI:188194							CHEBI:188194						CHEBI:35341	R-HSA-196071	1
4,11,13,15-Tetrahydroridentin B	-	-	-	-	-	-	-		-	-		-	-	-					CHEBI:169733	CHEBI:169733	CHEBI:169733	CHEBI:169733										CHEBI:169733							CHEBI:169733						CHEBI:18059	R-HSA-1222556,R-HSA-1369062,R-HSA-5682294,R-HSA-804914,R-HSA-8941413	5
5a-Androstan-3b-ol	-	-	-	-	-	-	-		-	-		-	-	-																																	0
19-Norandrosterone glucuronide	-	-	-	-	-	-	-		-	-		-	-	-																																	0
S-(1,2-DICARBOXYETHYL)GLUTATHIONE	RM0194305	C14H21N3O10S	423.0948	Organic acids	Amino acids and peptides	Tripeptides	9802383					PWCIUOASSAHGHI-WPZUCAASSA-N	C(CC(=O)N[C@@H](CSC(CC(=O)O)C(=O)O)C(=O)NCC(=O)O)[C@@H](C(=O)O)N	S-(1,2-Dicarboxyethyl)glutathione					CHEBI:142440	CHEBI:142440	CHEBI:142440	CHEBI:142440										CHEBI:142440							CHEBI:142440						CHEBI:47923	R-HSA-427975	1
PC(20:3(8Z,11Z,14Z)/18:2(9Z,12Z))	RM0172754	C46H82NO8P	807.5778	Glycerophospholipids	Glycerophosphocholines	PC	52923235	CHEBI:89291	HMDB0008402	LMGP01011879		SUACBSWYGWBPFC-GPUJSUHJSA-N	CCCCC/C=CC/C=CC/C=CCCCCCCC(=O)OC[C@H](COP(=O)([O-])OCC[N+](C)(C)C)OC(=O)CCCCCCC/C=CC/C=CCCCCC	PC 20:3(8Z,11Z,14Z)/18:2(9Z,12Z)					CHEBI:89291	CHEBI:89291	CHEBI:89291	CHEBI:89291										CHEBI:89291							CHEBI:89291						CHEBI:57643	R-HSA-111995,R-HSA-1369062,R-HSA-1482788,R-HSA-1482798,R-HSA-1482839,R-HSA-1483101,R-HSA-1483148,R-HSA-1483166,R-HSA-1483191,R-HSA-1483196,R-HSA-1660661,R-HSA-2029485,R-HSA-2142753,R-HSA-382556,R-HSA-5678771,R-HSA-5683678,R-HSA-5683826,R-HSA-5688399,R-HSA-6811436,R-HSA-8964058,R-HSA-9680350	21
2,5-undecadienal	-	-	-	-	-	-	-		-	-		-	-	-					CHEBI:168933	CHEBI:168933	CHEBI:168933	CHEBI:168933										CHEBI:168933							CHEBI:168933						CHEBI:35746	R-HSA-1482788,R-HSA-75109	2
Rhein	RM0028071	C15H8O6	284.0321	Polyketides	Aromatic polyketides	Anthracenes and phenanthrenes	10168	CHEBI:8825	HMDB0032876	LMPK13040015	C10401	FCDLCPWAQCPTKC-UHFFFAOYSA-N	c1cc2c(c(c1)O)C(=O)c1c(cc(cc1O)C(=O)O)C2=O	Rhein					CHEBI:8825	CHEBI:8825	CHEBI:8825	CHEBI:8825	C10401	C10401	C10401	C10401						CHEBI:8825	C10401						CHEBI:8825	C10401					CHEBI:36141	R-HSA-211945	1
Fusicoplagin A	-	-	-	-	-	-	-		-	-		-	-	-																																	0
Cymorcin diglucoside	-	-	-	-	-	-	-		-	-		-	-	-					CHEBI:188309	CHEBI:188309	CHEBI:188309	CHEBI:188309										CHEBI:188309							CHEBI:188309								0
Indicine	-	-	-	-	-	-	-		-	-		-	-	-					CHEBI:5897,CHEBI:5897	CHEBI:5897,CHEBI:5897	CHEBI:5897	CHEBI:5897	C10326	C10326	C10326	C10326						CHEBI:5897	C10326						CHEBI:5897	C10326							0
Hydratopyrrhoxanthinol	-	-	-	-	-	-	-		-	-		-	-	-					CHEBI:176155	CHEBI:176155	CHEBI:176155	CHEBI:176155										CHEBI:176155							CHEBI:176155						CHEBI:18059	R-HSA-1222556,R-HSA-1369062,R-HSA-5682294,R-HSA-804914,R-HSA-8941413	5
Phytolaccoside E	-	-	-	-	-	-	-		-	-		-	-	-					CHEBI:188131	CHEBI:188131	CHEBI:188131	CHEBI:188131										CHEBI:188131							CHEBI:188131						CHEBI:18059	R-HSA-1222556,R-HSA-1369062,R-HSA-5682294,R-HSA-804914,R-HSA-8941413	5
Gliricidol	-	-	-	-	-	-	-		-	-		-	-	-																																	0
Retinyl ester	-	-	-	-	-	-	-		-	-		-	-	-					CHEBI:16179,CHEBI:16179	CHEBI:16179,CHEBI:16179	CHEBI:16179	CHEBI:16179										CHEBI:16179						CHEBI:63410,CHEBI:195358,CHEBI:195359,CHEBI:195360	CHEBI:16179,CHEBI:63410,CHEBI:195358,CHEBI:195359,CHEBI:195360	C02075			C02075	map01100,map00830,map04977	CHEBI:18059	R-HSA-1222556,R-HSA-1369062,R-HSA-5682294,R-HSA-804914,R-HSA-8941413	5
2,3-Dinor-6-keto-prostaglandin F1 a	RM0136181	C18H30O6	342.2042	Fatty Acyls	Eicosanoids	Prostaglandins	53477747	CHEBI:156149	HMDB0002277			DNKGWNLXBRCUCF-FNQTXCPHSA-N	CCCCC[C@@H](/C=C/[C@@H]1[C@@H](CC(=O)CCC(=O)O)[C@H](C[C@@H]1O)O)O	2,3-Dinor-6-keto-prostaglandin F1 alpha								CHEBI:156149										CHEBI:156149							CHEBI:156149						CHEBI:18059	R-HSA-1222556,R-HSA-1369062,R-HSA-5682294,R-HSA-804914,R-HSA-8941413	5
Eucaglobulin	-	-	-	-	-	-	-		-	-		-	-	-					CHEBI:180782	CHEBI:180782	CHEBI:180782	CHEBI:180782										CHEBI:180782							CHEBI:180782						CHEBI:16412	R-HSA-1236974,R-HSA-140534,R-HSA-166016,R-HSA-166020,R-HSA-166058,R-HSA-166166,R-HSA-2562578,R-HSA-3000471,R-HSA-3000480,R-HSA-5602498,R-HSA-5603041,R-HSA-5686938,R-HSA-6803157,R-HSA-936964,R-HSA-937041,R-HSA-937072,R-HSA-975163,R-HSA-9824878,R-HSA-9948001,R-HSA-9948011,R-HSA-9953170,R-HSA-9956593	22
Deacetoxycephalosporin C	RM0109818	C14H19N3O6S	357.0995	Organoheterocyclic compounds	Beta lactams	Cephalosporins	160139	CHEBI:18229				NNQIJOYQWYKBOW-JWKOBGCHSA-N	CC1=C(C(=O)O)N2C(=O)[C@H]([C@H]2SC1)NC(=O)CCC[C@H](C(=O)O)N	Deacetoxycephalosporin C					CHEBI:18229,CHEBI:18229,CHEBI:58415	CHEBI:18229,CHEBI:18229,CHEBI:58415	CHEBI:18229,CHEBI:18229,CHEBI:58415	CHEBI:18229,CHEBI:58415	C06565	C06565	C06565	C06565			C06565	map01100,map01110,map00311		CHEBI:18229,CHEBI:58415	C06565			C06565	map01100,map01110,map00311		CHEBI:18229,CHEBI:58415	C06565			C06565	map01100,map01110,map00311	CHEBI:25696	R-HSA-382556,R-HSA-428643,R-HSA-5690338	3
Norketotifen	-	-	-	-	-	-	-		-	-		-	-	-																																	0
Methylsyringin	-	-	-	-	-	-	-		-	-		-	-	-					CHEBI:188293	CHEBI:188293	CHEBI:188293	CHEBI:188293										CHEBI:188293							CHEBI:188293								0
PA(22:2(13Z,16Z)/0:0)	RM0180005	C25H45O8P	504.2852	Glycerophospholipids	Glycerophosphates	LPA								LPA 22:2(13Z,16Z)/0:0																																	0
Vomitoxin	RM0161011	C15H20O6	296.1260	Prenol Lipids	Isoprenoids	C15 isoprenoids	442408	CHEBI:10022	HMDB0036156	LMPR0103180002	C09747	LINOMUASTDIRTM-LZTLOYDTSA-N	CC1=C[C@@H]2[C@](CO)([C@@H](C1=O)O)[C@@]1(C)C[C@H]([C@H]([C@@]31CO3)O2)O	Vomitoxin					CHEBI:10022	CHEBI:10022	CHEBI:10022	CHEBI:10022	C09747	C09747	C09747	C09747						CHEBI:10022	C09747						CHEBI:10022	C09747					CHEBI:30879	R-HSA-1483166,R-HSA-2022377,R-HSA-8935690	3
20-hydroxy-eicosanoic acid	-	-	-	-	-	-	-		-	-		-	-	-																																	0
4-Piperidinemethanol, a,a-diphenyl-	-	-	-	-	-	-	-		-	-		-	-	-																																	0
PE(20:3(8Z,11Z,14Z)/0:0)	RM0133429	C25H46NO7P	503.3012	Glycerophospholipids	Glycerophosphoethanolamines	LPE	52925141	CHEBI:145285	HMDB0011516	LMGP02050022		RNWSKZCVPICGIX-XQCPFYKGSA-N	CCCCC/C=CC/C=CC/C=CCCCCCCC(=O)OC[C@H](COP(=O)(O)OCCN)O	LPE 20:3(8Z,11Z,14Z)/0:0					CHEBI:145285	CHEBI:145285,CHEBI:145285	CHEBI:145285	CHEBI:145285										CHEBI:145285							CHEBI:145285						CHEBI:36314	R-HSA-1482788	1
Phenylbutazone	RM0187649	C19H20N2O2	308.1525	Benzenoids	Benzenes	Other benzenes	4781	CHEBI:48574	HMDB0014950		C07440	VYMDGNCVAMGZFE-UHFFFAOYSA-N	CCCCC1C(=O)N(c2ccccc2)N(c2ccccc2)C1=O	Phenylbutazone	CHEBI:48574	R-HSA-2162123			CHEBI:48574,CHEBI:48574	CHEBI:48574,CHEBI:48574	CHEBI:48574,CHEBI:48574	CHEBI:48574	C07440	C07440	C07440	C07440	CHEBI:48574	R-HSA-2162123				CHEBI:48574	C07440	CHEBI:48574	R-HSA-2162123				CHEBI:48574	C07440	CHEBI:48574	R-HSA-2162123					0
RETUSOQUINONE	-	-	-	-	-	-	-		-	-		-	-	-					CHEBI:188104	CHEBI:188104	CHEBI:188104	CHEBI:188104										CHEBI:188104							CHEBI:188104								0
7alpha-Hydroxy-3-oxo-5beta-cholan-24-oic Acid	RM0128409	C24H38O4	390.2770	Sterol Lipids	Bile acids	C24 bile acids	5283932	CHEBI:88097	HMDB0000503	LMST04010161		KNVADAPHVNKTEP-CIGXQKLNSA-N	C[C@H](CCC(=O)O)[C@H]1CC[C@H]2[C@H]3[C@H](CC[C@]12C)[C@@]1(C)CCC(=O)C[C@H]1C[C@H]3O	3-Ketochenodeoxycholic acid					CHEBI:88097	CHEBI:88097	CHEBI:88097	CHEBI:88097									CHEBI:87731	CHEBI:87731,CHEBI:88097							CHEBI:87731,CHEBI:88097						CHEBI:35341	R-HSA-196071	1
ACETYLTRYPTOPHANAMIDE	-	-	-	-	-	-	-		-	-		-	-	-																																	0
hexyl decanoate	RM0202297	C16H32O2	256.2402	Fatty Acyls	Fatty esters	Wax monoesters	82635		HMDB0032324	LMFA07010456		DGPNTCACXCHFDI-UHFFFAOYSA-N	CCCCCCCCCC(=O)OCCCCCC	Hexyl decanoate					CHEBI:174368,CHEBI:174368	CHEBI:174368,CHEBI:174368	CHEBI:174368,CHEBI:174368	CHEBI:174368										CHEBI:174368							CHEBI:174368						CHEBI:18059	R-HSA-1222556,R-HSA-1369062,R-HSA-5682294,R-HSA-804914,R-HSA-8941413	5
Withanolide A	-	-	-	-	-	-	-		-	-		-	-	-					CHEBI:175683	CHEBI:175683	CHEBI:175683	CHEBI:175683										CHEBI:175683							CHEBI:175683						CHEBI:35341	R-HSA-196071	1
Paraxanthine	RM0047891	C7H8N4O2	180.0647	Nucleic acids	Purines	Xanthines	4687	CHEBI:25858	HMDB0001860		C13747	QUNWUDVFRNGTCO-UHFFFAOYSA-N	Cn1cnc2c1c(=O)n(C)c(=O)[nH]2	Paraxanthine	CHEBI:25858	R-HSA-156582,R-HSA-211957	C13747	map01100,map01110,map01120,map00232,map01060	CHEBI:25858	CHEBI:25858	CHEBI:25858	CHEBI:25858	C13747	C13747	C13747	C13747	CHEBI:25858	R-HSA-156582,R-HSA-211957	C13747	map01100,map01110,map01120,map00232,map01060		CHEBI:25858	C13747	CHEBI:25858	R-HSA-156582,R-HSA-211957	C13747	map01100,map01110,map01120,map00232,map01060		CHEBI:25858	C13747	CHEBI:25858	R-HSA-156582,R-HSA-211957	C13747	map01100,map01110,map01120,map00232,map01060			0
Phylloflavan	-	-	-	-	-	-	-		-	-		-	-	-					CHEBI:179873	CHEBI:179873	CHEBI:179873	CHEBI:179873										CHEBI:179873							CHEBI:179873								0
Nervonic acid	RM0153255	C24H46O2	366.3498	Fatty Acyls	Fatty acids	Unsaturated FA	5281120	CHEBI:44247	HMDB0002368	LMFA01030092	C08323	GWHCXVQVJPWHRF-KTKRTIGZSA-N	CCCCCCCC/C=C\CCCCCCCCCCCCCC(=O)O	Nervonic acid			C08323	map01040	CHEBI:44247	CHEBI:44247	CHEBI:44247	CHEBI:44247	C08323	C08323	C08323	C08323			C08323	map01040	CHEBI:32392	CHEBI:32392,CHEBI:44247	C08323			C08323	map01040		CHEBI:32392,CHEBI:44247	C08323			C08323	map01040	CHEBI:35366	R-HSA-1482883,R-HSA-167826,R-HSA-422085,R-HSA-426048,R-HSA-6809371,R-HSA-6811436,R-HSA-8963889,R-HSA-8964038	8
Lamioside	RM0135312	C18H28O11	420.1632	Prenol Lipids	Isoprenoids	C10 isoprenoids	443328	CHEBI:6365		LMPR0102070018	C11645	KPUSIQDGYABESP-CJHMEAONSA-N	CC1=CO[C@H]([C@@H]2[C@](C)(C[C@H]([C@]12O)O)OC(=O)C)O[C@H]1[C@@H]([C@H]([C@@H]([C@@H](CO)O1)O)O)O	Lamioside					CHEBI:6365	CHEBI:6365	CHEBI:6365	CHEBI:6365	C11645	C11645	C11645	C11645						CHEBI:6365	C11645						CHEBI:6365	C11645					CHEBI:18059	R-HSA-1222556,R-HSA-1369062,R-HSA-5682294,R-HSA-804914,R-HSA-8941413	5
PC(16:0/5:0(CHO))	RM0189437	C29H56NO9P	593.3693	Glycerophospholipids	Glycerophosphocholines	Ox-PC	23557187	CHEBI:77890		LMGP20010005		RKIDALSACBQVTN-HHHXNRCGSA-N	CCCCCCCCCCCCCCCC(=O)OC[C@H](COP(=O)([O-])OCC[N+](C)(C)C)OC(=O)CCCC=O	POV-PC					CHEBI:77890	CHEBI:77890	CHEBI:77890	CHEBI:77890									CHEBI:60319	CHEBI:60319,CHEBI:77890							CHEBI:60319,CHEBI:77890						CHEBI:57643	R-HSA-111995,R-HSA-1369062,R-HSA-1482788,R-HSA-1482798,R-HSA-1482839,R-HSA-1483101,R-HSA-1483148,R-HSA-1483166,R-HSA-1483191,R-HSA-1483196,R-HSA-1660661,R-HSA-2029485,R-HSA-2142753,R-HSA-382556,R-HSA-5678771,R-HSA-5683678,R-HSA-5683826,R-HSA-5688399,R-HSA-6811436,R-HSA-8964058,R-HSA-9680350	21
PC(14:0/0:0)	RM0134470	C22H46NO7P	467.3012	Glycerophospholipids	Glycerophosphocholines	LPC								LPC 14:0/0:0					CHEBI:64489	CHEBI:64489	CHEBI:64489	CHEBI:64489										CHEBI:64489							CHEBI:64489						CHEBI:58168,CHEBI:64483	R-HSA-111995,R-HSA-1482839,R-HSA-1483191,R-HSA-2142753,R-HSA-6814848	5
PA(20:5(5Z,8Z,11Z,14Z,17Z)/22:6(4Z,7Z,10Z,13Z,16Z,19Z))	RM0172485	C45H67O8P	766.4574	Glycerophospholipids	Glycerophosphates	PA	52929448		HMDB0115221	LMGP10010855		QBIOFUQCWQRPBK-VPKAUXFLSA-N	CC/C=CC/C=CC/C=CC/C=CC/C=CC/C=CCCC(=O)O[C@H](COC(=O)CCC/C=CC/C=CC/C=CC/C=CC/C=CCC)COP(=O)(O)O	PA 20:5(5Z,8Z,11Z,14Z,17Z)/22:6(4Z,7Z,10Z,13Z,16Z,19Z)					CHEBI:188330	CHEBI:188330	CHEBI:188330	CHEBI:188330										CHEBI:188330							CHEBI:188330						CHEBI:37739	R-HSA-9845576	1
11-deoxy-PGF2a	RM0153426	C20H34O4	338.2457	Fatty Acyls	Eicosanoids	Prostaglandins	5283079	CHEBI:165303		LMFA03010078		YRFLKMLJQWGIIZ-APRRXLQMSA-N	CCCCC[C@@H](/C=C/[C@H]1CC[C@@H]([C@@H]1C/C=C\CCCC(=O)O)O)O	11-Deoxy-PGF2alpha					CHEBI:165303	CHEBI:165303	CHEBI:165303	CHEBI:165303										CHEBI:165303							CHEBI:165303						CHEBI:18059	R-HSA-1222556,R-HSA-1369062,R-HSA-5682294,R-HSA-804914,R-HSA-8941413	5
(21-Methyl-8Z-pentatriacontene	RM0153434	C36H72	504.5634	Fatty Acyls	Hydrocarbons	Hydrocarbons	56936079	CHEBI:165734		LMFA11000079		PXCAACLCRICOBP-VLGSPTGOSA-N	CCCCCCC/C=C\CCCCCCCCCCCC(C)CCCCCCCCCCCCCC	(21-Methyl-8Z-pentatriacontene					CHEBI:165734	CHEBI:165734	CHEBI:165734	CHEBI:165734										CHEBI:165734							CHEBI:165734								0
Auriculoside	RM0139121	C22H26O10	450.1526	Polyketides	Flavonoids	Flavans	442260	CHEBI:2929			C09478	IJMWYFHXJWRHQH-PSWNVJQFSA-N	COc1c(cc(cc1O[C@H]1[C@@H]([C@H]([C@@H]([C@@H](CO)O1)O)O)O)[C@@H]1CCc2ccc(cc2O1)O)O	Auriculoside					CHEBI:2929	CHEBI:2929	CHEBI:2929	CHEBI:2929	C09478	C09478	C09478	C09478						CHEBI:2929	C09478						CHEBI:2929	C09478							0
gamma-caprolactone	RM0139533	C6H10O2	114.0681	Fatty Acyls	Fatty esters	Fatty lactones	12756	CHEBI:85235	HMDB0003843	LMFA07040010		JBFHTYHTHYHCDJ-UHFFFAOYSA-N	CCC1CCC(=O)O1	gamma-Caprolactone					CHEBI:85235	CHEBI:85235	CHEBI:85235	CHEBI:85235										CHEBI:85235							CHEBI:85235								0
p-Hydroxyphenylbutazone	-	-	-	-	-	-	-		-	-		-	-	-					CHEBI:76258	CHEBI:76258	CHEBI:76258	CHEBI:76258	C19494	C19494	C19494	C19494						CHEBI:76258	C19494						CHEBI:76258	C19494							0
Nornantenine	-	-	-	-	-	-	-		-	-		-	-	-					CHEBI:175147	CHEBI:175147	CHEBI:175147	CHEBI:175147										CHEBI:175147							CHEBI:175147								0
3-Methoxy-4-Hydroxyphenylglycol sulfate	-	-	-	-	-	-	-		-	-		-	-	-					CHEBI:89644,CHEBI:89644	CHEBI:89644,CHEBI:89644	CHEBI:89644	CHEBI:89644										CHEBI:89644							CHEBI:89644						CHEBI:30879	R-HSA-1483166,R-HSA-2022377,R-HSA-8935690	3
20-acetoxy-clavulone I	-	-	-	-	-	-	-		-	-		-	-	-					CHEBI:185627	CHEBI:185627	CHEBI:185627	CHEBI:185627										CHEBI:185627							CHEBI:185627						CHEBI:18059	R-HSA-1222556,R-HSA-1369062,R-HSA-5682294,R-HSA-804914,R-HSA-8941413	5
Carbaprostacyclin-biotin	-	-	-	-	-	-	-		-	-		-	-	-																																	0
PC(16:0/O-16:0)	-	-	-	-	-	-	-		-	-		-	-	-					CHEBI:134603	CHEBI:134603	CHEBI:134603	CHEBI:134603										CHEBI:134603							CHEBI:134603						CHEBI:36313	R-HSA-1482788	1
Alliogenin	-	-	-	-	-	-	-		-	-		-	-	-					CHEBI:185828	CHEBI:185828	CHEBI:185828	CHEBI:185828										CHEBI:185828							CHEBI:185828						CHEBI:18059	R-HSA-1222556,R-HSA-1369062,R-HSA-5682294,R-HSA-804914,R-HSA-8941413	5
(Z)-[3-(Methylsulfinyl)-1-propenyl] 2-propenyl disulfide	-	-	-	-	-	-	-		-	-		-	-	-					CHEBI:174030	CHEBI:174030	CHEBI:174030	CHEBI:174030										CHEBI:174030							CHEBI:174030								0
N-arachidonoyl isoleucine	-	-	-	-	-	-	-		-	-		-	-	-					CHEBI:165532	CHEBI:165532	CHEBI:165532	CHEBI:165532										CHEBI:165532							CHEBI:165532								0
Avermectin A1b aglycone	-	-	-	-	-	-	-		-	-		-	-	-					CHEBI:29526	CHEBI:29526	CHEBI:29526	CHEBI:29526	C11964	C11964	C11964	C11964			C11964	map01100,map01110,map00522		CHEBI:29526	C11964			C11964	map01100,map01110,map00522		CHEBI:29526	C11964			C11964	map01100,map01110,map00522			0
6-sulfatoxymelatonin	-	-	-	-	-	-	-		-	-		-	-	-					CHEBI:185936	CHEBI:185936	CHEBI:185936	CHEBI:185936										CHEBI:185936							CHEBI:185936								0
15S-HETrE	RM0153800	C20H34O3	322.2508	Fatty Acyls	Eicosanoids	HETrE	5283145	CHEBI:88348	HMDB0005045	LMFA03050007		IUKXMNDGTWTNTP-OAHXIXLCSA-N	CCCCC[C@@H](/C=C/C=C\C/C=C\CCCCCCC(=O)O)O	15S-HETrE					CHEBI:88348	CHEBI:88348	CHEBI:88348	CHEBI:88348										CHEBI:88348							CHEBI:88348						CHEBI:15904,CHEBI:24654	R-HSA-1369062,R-HSA-192456,R-HSA-3000471,R-HSA-3000480,R-HSA-3000484,R-HSA-390247,R-HSA-5684045,R-HSA-5686938,R-HSA-77289,R-HSA-8963901,R-HSA-8964058,R-HSA-975634	12
3alpha,7beta,21chi-Trihydroxy-5beta-cholan-24-oic Acid	-	-	-	-	-	-	-		-	-		-	-	-					CHEBI:187989	CHEBI:187989	CHEBI:187989	CHEBI:187989										CHEBI:187989							CHEBI:187989						CHEBI:33575,CHEBI:35341	R-HSA-196071,R-HSA-6809371	2
PA(18:1(9Z)/0:0)	RM0133360	C21H41O7P	436.2590	Glycerophospholipids	Glycerophosphates	LPA	5311263	CHEBI:62837	HMDB0007855	LMGP10050008		WRGQSWVCFNIUNZ-GDCKJWNLSA-N	CCCCCCCC/C=CCCCCCCCC(=O)OC[C@H](COP(=O)(O)O)O	LPA 18:1(9Z)/0:0						CHEBI:62837	CHEBI:62837	CHEBI:62837									CHEBI:74544	CHEBI:62837,CHEBI:74544							CHEBI:62837,CHEBI:74544						CHEBI:16975	R-HSA-1483166,R-HSA-75109	2
15-tetracosenal	-	-	-	-	-	-	-		-	-		-	-	-					CHEBI:188177	CHEBI:188177	CHEBI:188177	CHEBI:188177										CHEBI:188177							CHEBI:188177						CHEBI:35746	R-HSA-1482788,R-HSA-75109	2
4-Ipomeanol	-	-	-	-	-	-	-		-	-		-	-	-					CHEBI:173764	CHEBI:173764	CHEBI:173764	CHEBI:173764										CHEBI:173764							CHEBI:173764								0
6-Thioguanosine monophosphate	-	-	-	-	-	-	-		-	-		-	-	-					CHEBI:80613	CHEBI:80613	CHEBI:80613	CHEBI:80613	C16619	C16619	C16619	C16619	CHEBI:80613	R-HSA-9748787	C16619	map00983		CHEBI:80613	C16619	CHEBI:80613	R-HSA-9748787	C16619	map00983		CHEBI:80613	C16619	CHEBI:80613	R-HSA-9748787	C16619	map00983			0
Rhodoxanthin	RM0135410	C40H50O2	562.3811	Prenol Lipids	Isoprenoids	C40 isoprenoids	5281251	CHEBI:8835		LMPR01070280	C08610	VWXMLZQUDPCJPL-ZDHAIZATSA-N	C/C(=C\C=C\C(=C\C=C/1\C(=CC(=O)CC1(C)C)C)\C)/C=C/C=C/C(=C/C=C/C(=C/C=C\1/C(=CC(=O)CC1(C)C)C)/C)/C	Rhodoxanthin					CHEBI:8835	CHEBI:8835	CHEBI:8835	CHEBI:8835	C08610	C08610	C08610	C08610						CHEBI:8835	C08610						CHEBI:8835	C08610					CHEBI:18059	R-HSA-1222556,R-HSA-1369062,R-HSA-5682294,R-HSA-804914,R-HSA-8941413	5
PD 123319	-	-	-	-	-	-	-		-	-		-	-	-					CHEBI:61014	CHEBI:61014	CHEBI:61014	CHEBI:61014	C15553	C15553	C15553	C15553			C15553	map07229		CHEBI:61014	C15553			C15553	map07229		CHEBI:61014	C15553			C15553	map07229			0
PC(P-19:1(12Z)/0:0)	-	-	-	-	-	-	-		-	-		-	-	-					CHEBI:137855	CHEBI:137855	CHEBI:137855	CHEBI:137855										CHEBI:137855							CHEBI:137855						CHEBI:36313	R-HSA-1482788	1
13Z-Hexadecen-11-yn-1-ol	-	-	-	-	-	-	-		-	-		-	-	-					CHEBI:177114	CHEBI:177114	CHEBI:177114	CHEBI:177114										CHEBI:177114							CHEBI:177114						CHEBI:30879	R-HSA-1483166,R-HSA-2022377,R-HSA-8935690	3
Pyocyanin	RM0204185	C13H10N2O	210.0793	Alkaloids	Anthranilic acid alkaloids	Phenazine alkaloids	6817		HMDB0256934			YNCMLFHHXWETLD-UHFFFAOYSA-N	Cn1c2ccccc2nc2c1cccc2=O	5-Methylphenazin-1-one					CHEBI:62220,CHEBI:8653	CHEBI:62220,CHEBI:8653	CHEBI:62220,CHEBI:8653	CHEBI:8653,CHEBI:62220	C01748	C01748	C01748	C01748			C01748	map01100,map01110,map00405		CHEBI:8653,CHEBI:62220	C01748			C01748	map01100,map01110,map00405		CHEBI:8653,CHEBI:62220	C01748			C01748	map01100,map01110,map00405	CHEBI:36916	R-HSA-936837	1
5,7,2'-Trihydroxyflavone 7-glucuronide	-	-	-	-	-	-	-		-	-		-	-	-					CHEBI:187956	CHEBI:187956	CHEBI:187956	CHEBI:187956										CHEBI:187956							CHEBI:187956								0
Cer(d18:0/18:0)	RM0135507	C36H73NO3	567.5590	Sphingolipids	Ceramides	DHCer	5283573	CHEBI:67033	HMDB0011761	LMSP02020008		KZTJQXAANJHSCE-OIDHKYIRSA-N	CCCCCCCCCCCCCCCCCC(=O)N[C@@H](CO)[C@@H](CCCCCCCCCCCCCCC)O	Cer 18:0;O2/18:0					CHEBI:67033	CHEBI:67033	CHEBI:67033	CHEBI:67033										CHEBI:67033							CHEBI:67033						CHEBI:83273,CHEBI:139048	R-HSA-1660661,R-HSA-193681,R-HSA-198933,R-HSA-9840309,R-HSA-9840310,R-HSA-9845576,R-HSA-9845614	7
Phenylephrine 3-O-sulfate	-	-	-	-	-	-	-		-	-		-	-	-					CHEBI:188234	CHEBI:188234	CHEBI:188234	CHEBI:188234										CHEBI:188234							CHEBI:188234								0
Palmyrolide A	RM0200915	C20H35NO3	337.2617	Polyketides	Macrolides	Macrolactams	60201959					WRIPSIKIDAUKBP-CJRSWYJFSA-N	C[C@@H]1CCCC(=O)N(C)/C=C/CC[C@@H](C)C(=O)O[C@H](C1)C(C)(C)C	Palmyrolide A					CHEBI:188056	CHEBI:188056	CHEBI:188056	CHEBI:188056										CHEBI:188056							CHEBI:188056						CHEBI:60924	R-HSA-376176	1
9,12,15-Octadecatrien-1-ol	-	-	-	-	-	-	-		-	-		-	-	-					CHEBI:186635	CHEBI:186635	CHEBI:186635	CHEBI:186635										CHEBI:186635							CHEBI:186635						CHEBI:30879	R-HSA-1483166,R-HSA-2022377,R-HSA-8935690	3
mafenide	RM0040443	C7H10N2O2S	186.0463	Benzenoids	Benzenes	Benzenesulfonamides	3998	CHEBI:6633	HMDB0254296		C07106	TYMRLRRVMHJFTF-UHFFFAOYSA-N	c1cc(ccc1CN)S(=O)(=O)N	Mafenide					CHEBI:6633	CHEBI:6633	CHEBI:6633	CHEBI:6633	C07106	C07106	C07106	C07106						CHEBI:6633	C07106						CHEBI:6633	C07106							0
5-oxo-7-octenoic acid	RM0153247	C8H12O3	156.0786	Fatty Acyls	Fatty acids	Oxo FA	5312943	CHEBI:138495		LMFA01060165		HWLHBDCASWFKNP-UHFFFAOYSA-N	C=CCC(=O)CCCC(=O)O	5-Oxo-7-octenoic acid					CHEBI:138495	CHEBI:138495	CHEBI:138495	CHEBI:138495										CHEBI:138495							CHEBI:138495						CHEBI:59554	R-HSA-390247,R-HSA-77289	2
N-(2R-methyl-3-hydroxy-ethyl)-16,16-dimethyl-5Z,8Z,11Z,14Z-docosatetraenoyl amine	-	-	-	-	-	-	-		-	-		-	-	-					CHEBI:188260	CHEBI:188260	CHEBI:188260	CHEBI:188260										CHEBI:188260							CHEBI:188260						CHEBI:18059	R-HSA-1222556,R-HSA-1369062,R-HSA-5682294,R-HSA-804914,R-HSA-8941413	5
4-Hydroxyvalsartan	RM0157129	C24H29N5O4	451.2220	Organic acids	Amino acids and peptides	Amino acids	9911647	CHEBI:165851	HMDB0013848			ICSQZMPILLPFKC-XLDIYJRPSA-N	CC(C)[C@@H](C(=O)O)N(Cc1ccc(cc1)c1ccccc1c1[nH]nnn1)C(=O)CCC(C)O	4-Hydroxyvalsartan					CHEBI:165851	CHEBI:165851	CHEBI:165851	CHEBI:165851										CHEBI:165851							CHEBI:165851								0
PGF1alpha	RM0153780	C20H36O5	356.2563	Fatty Acyls	Eicosanoids	Prostaglandins	5280939	CHEBI:28852	HMDB0002685	LMFA03010137	C06475	DZUXGQBLFALXCR-CDIPTNKSSA-N	CCCCC[C@@H](/C=C/[C@@H]1[C@@H](CCCCCCC(=O)O)[C@H](C[C@H]1O)O)O	PGF1alpha								CHEBI:28852	C06475	C06475	C06475	C06475						CHEBI:28852	C06475						CHEBI:28852	C06475					CHEBI:18059	R-HSA-1222556,R-HSA-1369062,R-HSA-5682294,R-HSA-804914,R-HSA-8941413	5
Riboflavin	RM0135919	C17H20N4O6	376.1383	Organoheterocyclic compounds	Alloxazines and isoalloxazines	Flavins	493570	CHEBI:17015	HMDB0000244		C00255	AUNGANRZJHBGPY-SCRDCRAPSA-N	Cc1cc2c(cc1C)n(C[C@@H]([C@@H]([C@@H](CO)O)O)O)c1c(c(=O)[nH]c(=O)n1)n2	Riboflavin			C00255	map01100,map01110,map01240,map00740,map02010,map04977	CHEBI:17015,CHEBI:57986	CHEBI:17015,CHEBI:57986	CHEBI:17015,CHEBI:57986	CHEBI:17015,CHEBI:57986	C00255	C00255	C00255	C00255	CHEBI:57986	R-HSA-196843	C00255	map01100,map01110,map01240,map00740,map02010,map04977		CHEBI:17015,CHEBI:57986	C00255	CHEBI:57986	R-HSA-196843	C00255	map01100,map01110,map01240,map00740,map02010,map04977		CHEBI:17015,CHEBI:57986	C00255	CHEBI:57986	R-HSA-196843	C00255	map01100,map01110,map01240,map00740,map02010,map04977			0
2-Aminobenzoic acid	RM0013238	C7H7NO2	137.0477	Benzenoids	Benzenes	Aminobenzoic acids	227	CHEBI:30754	HMDB0001123		C00108	RWZYAGGXGHYGMB-UHFFFAOYSA-N	c1ccc(c(c1)C(=O)O)N	2-Aminobenzoic acid			C00108	map01100,map01110,map01120,map01230,map01220,map00380,map00400,map00996,map00405,map00998,map00999,map00997,map00627,map00621,map01060,map01061,map01063,map01070,map07110	CHEBI:30754,CHEBI:30754	CHEBI:30754,CHEBI:30754	CHEBI:30754,CHEBI:30754	CHEBI:30754	C00108	C00108	C00108	C00108			C00108	map01100,map01110,map01120,map01230,map01220,map00380,map00400,map00996,map00405,map00998,map00999,map00997,map00627,map00621,map01060,map01061,map01063,map01070,map07110	CHEBI:16567	CHEBI:16567,CHEBI:30754	C00108			C00108	map01100,map01110,map01120,map01230,map01220,map00380,map00400,map00996,map00405,map00998,map00999,map00997,map00627,map00621,map01060,map01061,map01063,map01070,map07110	CHEBI:167463	CHEBI:16567,CHEBI:30754,CHEBI:167463	C00108			C00108	map01100,map01110,map01120,map01230,map01220,map00380,map00400,map00996,map00405,map00998,map00999,map00997,map00627,map00621,map01060,map01061,map01063,map01070,map07110	CHEBI:33575	R-HSA-6809371	1
3,5-Dinitroguaiacol	-	-	-	-	-	-	-		-	-		-	-	-					CHEBI:80927	CHEBI:80927	CHEBI:80927	CHEBI:80927	C17101	C17101	C17101	C17101						CHEBI:80927	C17101						CHEBI:80927	C17101							0
cis-sabinol	-	-	-	-	-	-	-		-	-		-	-	-																																	0
PE(18:3(9Z,12Z,15Z)/18:0)	-	-	-	-	-	-	-		-	-		-	-	-					CHEBI:184147	CHEBI:184147	CHEBI:184147	CHEBI:184147										CHEBI:184147							CHEBI:184147						CHEBI:36314	R-HSA-1482788	1
4,7,10,13-Eicosatetraenoic acid	-	-	-	-	-	-	-		-	-		-	-	-					CHEBI:188008	CHEBI:188008	CHEBI:188008	CHEBI:188008										CHEBI:188008							CHEBI:188008						CHEBI:15904	R-HSA-1369062,R-HSA-192456,R-HSA-3000471,R-HSA-390247,R-HSA-5684045,R-HSA-77289,R-HSA-8963901,R-HSA-8964058,R-HSA-975634	9
CAY10594	-	-	-	-	-	-	-		-	-		-	-	-																																	0
9-Acetoxyfukinanolide	-	-	-	-	-	-	-		-	-		-	-	-					CHEBI:172143	CHEBI:172143	CHEBI:172143	CHEBI:172143										CHEBI:172143							CHEBI:172143						CHEBI:18059	R-HSA-1222556,R-HSA-1369062,R-HSA-5682294,R-HSA-804914,R-HSA-8941413	5
Omeprazole sulfide	-	-	-	-	-	-	-		-	-		-	-	-					CHEBI:188255	CHEBI:188255	CHEBI:188255	CHEBI:188255										CHEBI:188255							CHEBI:188255								0
N6-Methyl-2'-deoxyadenosine	RM0040465	C11H15N5O3	265.1175	Nucleic acids	Purines	Purine deoxyribonucleosides	168948	CHEBI:7417	HMDB0255300		C03795	DYSDOYRQWBDGQQ-XLPZGREQSA-N	CNc1c2c(ncn1)n(cn2)[C@H]1C[C@@H]([C@@H](CO)O1)O	N6-Methyl-2'-deoxyadenosine					CHEBI:7417	CHEBI:7417	CHEBI:7417	CHEBI:7417	C03795	C03795	C03795	C03795						CHEBI:7417	C03795						CHEBI:7417	C03795					CHEBI:18274	R-HSA-8956319	1
PC(18:0/22:6(9Z,11Z,13Z,15Z,17Z,19))	-	-	-	-	-	-	-		-	-		-	-	-					CHEBI:84830	CHEBI:84830	CHEBI:84830	CHEBI:84830										CHEBI:84830							CHEBI:84830						CHEBI:57643	R-HSA-111995,R-HSA-1369062,R-HSA-1482788,R-HSA-1482798,R-HSA-1482839,R-HSA-1483101,R-HSA-1483148,R-HSA-1483166,R-HSA-1483191,R-HSA-1483196,R-HSA-1660661,R-HSA-2029485,R-HSA-2142753,R-HSA-382556,R-HSA-5678771,R-HSA-5683678,R-HSA-5683826,R-HSA-5688399,R-HSA-6811436,R-HSA-8964058,R-HSA-9680350	21
PE(18:4(6Z,9Z,12Z,15Z)/19:1(9Z))	RM0182753	C42H74NO8P	751.5152	Glycerophospholipids	Glycerophosphoethanolamines	PE	52924457			LMGP02010756		KBFCWQFXNVSFOD-NUGQXMORSA-N	CCCCCCCCC/C=CCCCCCCCC(=O)O[C@H](COC(=O)CCCC/C=CC/C=CC/C=CC/C=CCC)COP(=O)(O)OCCN	PE 18:4(6Z,9Z,12Z,15Z)/19:1(9Z)					CHEBI:188198	CHEBI:188198	CHEBI:188198	CHEBI:188198										CHEBI:188198							CHEBI:188198						CHEBI:36314	R-HSA-1482788	1
2-hydroxy-pentadecanoic acid	-	-	-	-	-	-	-		-	-		-	-	-																																	0
Hydrocinnamic acid	RM0028119	C9H10O2	150.0681	Organic acids	Phenylpropanoids	Cinnamic acids	107	CHEBI:28631	HMDB0000764		C05629	XMIIGOLPHOKFCH-UHFFFAOYSA-N	c1ccc(cc1)CCC(=O)O	Hydrocinnamic acid			C05629	map01100,map01120,map01220,map00360	CHEBI:28631	CHEBI:28631	CHEBI:28631	CHEBI:28631	C05629	C05629	C05629	C05629			C05629	map01100,map01120,map01220,map00360	CHEBI:51057	CHEBI:28631,CHEBI:51057	C05629			C05629	map01100,map01120,map01220,map00360		CHEBI:28631,CHEBI:51057	C05629			C05629	map01100,map01120,map01220,map00360	CHEBI:33575	R-HSA-6809371	1
5-Carboxypyranocyanidin 3-O-beta-glucopyranoside	-	-	-	-	-	-	-		-	-		-	-	-					CHEBI:188262	CHEBI:188262	CHEBI:188262	CHEBI:188262										CHEBI:188262							CHEBI:188262								0
(25S)-5alpha-cholestan-3beta,6alpha,7beta,8beta,15alpha,16beta,26-heptol	RM0135704	C27H48O7	484.3400	Sterol Lipids	Bile acids	C27 bile acids	52931337	CHEBI:184824		LMST01010327		VHACFTUFOBCYNP-YDVWPAHASA-N	C[C@@H](CCC[C@@H](C)[C@H]1[C@H]([C@@H]([C@@H]2[C@]1(C)CC[C@@H]1[C@@]3(C)CC[C@@H](C[C@@H]3[C@H]([C@@H]([C@@]21O)O)O)O)O)O)CO	(25S)-5alpha-cholestan-3beta,6alpha,7beta,8beta,15alpha,16beta,26-heptol					CHEBI:184824	CHEBI:184824	CHEBI:184824	CHEBI:184824										CHEBI:184824							CHEBI:184824						CHEBI:35341	R-HSA-196071	1
Evasterioside B	-	-	-	-	-	-	-		-	-		-	-	-					CHEBI:188122	CHEBI:188122	CHEBI:188122	CHEBI:188122										CHEBI:188122							CHEBI:188122						CHEBI:35341	R-HSA-196071	1
22-Angeloyltheasapogenol A	-	-	-	-	-	-	-		-	-		-	-	-					CHEBI:188105	CHEBI:188105	CHEBI:188105	CHEBI:188105										CHEBI:188105							CHEBI:188105						CHEBI:18059	R-HSA-1222556,R-HSA-1369062,R-HSA-5682294,R-HSA-804914,R-HSA-8941413	5
PC(20:3(5Z,8Z,11Z)/P-18:1(11Z))	-	-	-	-	-	-	-		-	-		-	-	-					CHEBI:89181	CHEBI:89181	CHEBI:89181	CHEBI:89181										CHEBI:89181							CHEBI:89181						CHEBI:36313	R-HSA-1482788	1
Haplodimerine	-	-	-	-	-	-	-		-	-		-	-	-					CHEBI:5617	CHEBI:5617	CHEBI:5617	CHEBI:5617	C10691	C10691	C10691	C10691						CHEBI:5617	C10691						CHEBI:5617	C10691							0
Armillaripin	-	-	-	-	-	-	-		-	-		-	-	-					CHEBI:168784	CHEBI:168784	CHEBI:168784	CHEBI:168784										CHEBI:168784							CHEBI:168784						CHEBI:18059	R-HSA-1222556,R-HSA-1369062,R-HSA-5682294,R-HSA-804914,R-HSA-8941413	5
Oleandolide	RM0135159	C20H34O7	386.2305	Polyketides	Macrolides	Macrolides	443564	CHEBI:29658		LMPK04000031	C11990	PFDLUBNRHMFBGI-HRVFELILSA-N	C[C@H]1C[C@@]2(CO2)C(=O)[C@H](C)[C@H]([C@@H](C)[C@@H](C)OC(=O)[C@H](C)[C@H]([C@H](C)[C@H]1O)O)O	Oleandolide			C11990	map01100,map01110,map00522	CHEBI:29658,CHEBI:29658	CHEBI:29658,CHEBI:29658	CHEBI:29658,CHEBI:29658	CHEBI:29658	C11990	C11990	C11990	C11990			C11990	map01100,map01110,map00522		CHEBI:29658	C11990			C11990	map01100,map01110,map00522		CHEBI:29658	C11990			C11990	map01100,map01110,map00522			0
Anhydrorhodovibrin	RM0135398	C41H58O	566.4488	Prenol Lipids	Isoprenoids	C40 isoprenoids	5368308	CHEBI:80148		LMPR01070135	C15877	OCDSWQXGIQUZCF-AGVJHCIFSA-N	CC(=CCC/C(=C/C=C/C(=C/C=C/C(=C/C=C/C=C(\C)/C=C/C=C(\C)/C=C/C=C(\C)/C=C/CC(C)(C)OC)/C)/C)/C)C	Anhydrorhodovibrin			C15877	map01100,map01110,map00906	CHEBI:80148	CHEBI:80148	CHEBI:80148	CHEBI:80148	C15877	C15877	C15877	C15877			C15877	map01100,map01110,map00906		CHEBI:80148	C15877			C15877	map01100,map01110,map00906		CHEBI:80148	C15877			C15877	map01100,map01110,map00906	CHEBI:18059	R-HSA-1222556,R-HSA-1369062,R-HSA-5682294,R-HSA-804914,R-HSA-8941413	5
Istamycin AP	-	-	-	-	-	-	-		-	-		-	-	-					CHEBI:81435	CHEBI:81435	CHEBI:81435	CHEBI:81435	C17984	C17984	C17984	C17984						CHEBI:81435	C17984						CHEBI:81435	C17984							0
Fortimicin FU-10	-	-	-	-	-	-	-		-	-		-	-	-					CHEBI:81422	CHEBI:81422	CHEBI:81422	CHEBI:81422	C17971	C17971	C17971	C17971						CHEBI:81422	C17971						CHEBI:81422	C17971							0
Nonate	RM0153376	C9H16O4	188.1049	Fatty Acyls	Fatty acids	Dicarboxylic acids	16058309	CHEBI:88404	HMDB0011717			FNZSVEHJZREFPF-ZETCQYMHSA-N	CCCCC[C@@H](CC(=O)O)C(=O)O	Nonate					CHEBI:88404	CHEBI:88404	CHEBI:88404	CHEBI:88404										CHEBI:88404							CHEBI:88404						CHEBI:33575	R-HSA-6809371	1
PC(22:5(4Z,7Z,10Z,13Z,16Z)/18:2(9Z,12Z))	-	-	-	-	-	-	-		-	-		-	-	-					CHEBI:188267	CHEBI:188267	CHEBI:188267	CHEBI:188267										CHEBI:188267							CHEBI:188267						CHEBI:57643	R-HSA-111995,R-HSA-1369062,R-HSA-1482788,R-HSA-1482798,R-HSA-1482839,R-HSA-1483101,R-HSA-1483148,R-HSA-1483166,R-HSA-1483191,R-HSA-1483196,R-HSA-1660661,R-HSA-2029485,R-HSA-2142753,R-HSA-382556,R-HSA-5678771,R-HSA-5683678,R-HSA-5683826,R-HSA-5688399,R-HSA-6811436,R-HSA-8964058,R-HSA-9680350	21
PA(18:2(9Z,12Z)/0:0)	RM0133361	C21H37O8P	448.2226	Glycerophospholipids	Glycerophosphates	LPA	50990923	CHEBI:62834	HMDB0007856	LMGP10050017		ZQTAMPRZFOOEEP-KKFOGOCZSA-N	CCCCC/C=CC/C=CCCCCCCCC(=O)OC[C@H](COP(=O)(O)O)O	LPA 18:2(9Z,12Z)/0:0					CHEBI:62834	CHEBI:62834	CHEBI:62834	CHEBI:62834									CHEBI:74547	CHEBI:62834,CHEBI:74547							CHEBI:62834,CHEBI:74547						CHEBI:16975	R-HSA-1483166,R-HSA-75109	2
Glutaminyl-Glutamate	RM0043437	C10H17N3O6	275.1117	Organic acids	Amino acids and peptides	Dipeptides	7020029	CHEBI:73847	HMDB0028796			OWOFCNWTMWOOJJ-WDSKDSINSA-N	C(CC(=O)N)[C@@H](C(=O)N[C@@H](CCC(=O)O)C(=O)O)N	Gln-Glu					CHEBI:73847	CHEBI:73847	CHEBI:73847	CHEBI:73847										CHEBI:73847							CHEBI:73847						CHEBI:46761	R-HSA-427975	1
PE(12:0/22:2(13Z,16Z))	RM0173149	C39H74NO8P	715.5152	Glycerophospholipids	Glycerophosphoethanolamines	PE	52924086			LMGP02010379		RPFLIISVDLXAHU-KQVASOIBSA-N	CCCCC/C=CC/C=CCCCCCCCCCCCC(=O)O[C@H](COC(=O)CCCCCCCCCCC)COP(=O)(O)OCCN	PE 12:0/22:2(13Z,16Z)					CHEBI:179094	CHEBI:179094	CHEBI:179094	CHEBI:179094										CHEBI:179094							CHEBI:179094						CHEBI:36314	R-HSA-1482788	1
Austalide L	-	-	-	-	-	-	-		-	-		-	-	-					CHEBI:172091	CHEBI:172091	CHEBI:172091	CHEBI:172091										CHEBI:172091							CHEBI:172091								0
PE(17:1(9Z)/18:3(6Z,9Z,12Z))	RM0172874	C40H72NO8P	725.4996	Glycerophospholipids	Glycerophosphoethanolamines	PE	52924275			LMGP02010574		FHBGEAHDFKVQOS-YVMFURLGSA-N	CCCCC/C=CC/C=CC/C=CCCCCC(=O)O[C@H](COC(=O)CCCCCCC/C=CCCCCCCC)COP(=O)(O)OCCN	PE 17:1(9Z)/18:3(6Z,9Z,12Z)					CHEBI:188091	CHEBI:188091	CHEBI:188091	CHEBI:188091										CHEBI:188091							CHEBI:188091						CHEBI:36314	R-HSA-1482788	1
Alchornoic acid	RM0149934	C20H36O3	324.2664	Fatty Acyls	Fatty acids	Epoxy FA	44256507	CHEBI:165391		LMFA01070021		IQTLUAOJSNPZIR-QOLSVTOYSA-N	CCCCC[C@@H]1[C@H](C/C=C\CCCCCCCCCC(=O)O)O1	Alchornoic acid					CHEBI:165391	CHEBI:165391	CHEBI:165391	CHEBI:165391										CHEBI:165391							CHEBI:165391						CHEBI:15904	R-HSA-1369062,R-HSA-192456,R-HSA-3000471,R-HSA-390247,R-HSA-5684045,R-HSA-77289,R-HSA-8963901,R-HSA-8964058,R-HSA-975634	9
Hericenone C	-	-	-	-	-	-	-		-	-		-	-	-					CHEBI:172745	CHEBI:172745	CHEBI:172745	CHEBI:172745										CHEBI:172745							CHEBI:172745						CHEBI:18059	R-HSA-1222556,R-HSA-1369062,R-HSA-5682294,R-HSA-804914,R-HSA-8941413	5
Taxa-4(20),11(12)-dien-5alpha-yl acetate	-	-	-	-	-	-	-		-	-		-	-	-					CHEBI:30042	CHEBI:30042	CHEBI:30042	CHEBI:30042	C11896	C11896	C11896	C11896			C11896	map01100,map01110,map00904		CHEBI:30042	C11896			C11896	map01100,map01110,map00904		CHEBI:30042	C11896			C11896	map01100,map01110,map00904	CHEBI:18059	R-HSA-1222556,R-HSA-1369062,R-HSA-5682294,R-HSA-804914,R-HSA-8941413	5
Myrtucommulone A	-	-	-	-	-	-	-		-	-		-	-	-					CHEBI:188106	CHEBI:188106	CHEBI:188106	CHEBI:188106										CHEBI:188106							CHEBI:188106								0
N-tert-Butyloxycarbonyl-deacetyl-leupeptin	-	-	-	-	-	-	-		-	-		-	-	-					CHEBI:7352	CHEBI:7352	CHEBI:7352	CHEBI:7352	C11604	C11604	C11604	C11604						CHEBI:7352	C11604						CHEBI:7352	C11604					CHEBI:16670	R-HSA-1222556,R-HSA-1236977,R-HSA-1236978,R-HSA-3000480,R-HSA-3000497,R-HSA-445989,R-HSA-6803157,R-HSA-879415,R-HSA-8941413,R-HSA-933542	10
Veranisatin C	-	-	-	-	-	-	-		-	-		-	-	-					CHEBI:172602	CHEBI:172602	CHEBI:172602	CHEBI:172602										CHEBI:172602							CHEBI:172602						CHEBI:18059	R-HSA-1222556,R-HSA-1369062,R-HSA-5682294,R-HSA-804914,R-HSA-8941413	5
10-hydroxy-hexadecan-1,16-dioic acid	-	-	-	-	-	-	-		-	-		-	-	-																																	0
PC(18:3(6Z,9Z,12Z)/0:0)	RM0181407	C26H46NO8P	531.2961	Glycerophospholipids	Glycerophosphocholines	LPC								LPC 18:3(6Z,9Z,12Z)/0:0																																	0
Termitomycesphin A	RM0138862	C41H77NO10	743.5547	Sphingolipids	Sphingoid bases	Sphingoid base analogs	42608351	CHEBI:188289		LMSP05010118		OJWZQESYKTYPLG-DSZHNLTPSA-N	CCCCCCCCCCCCCC[C@H](C(=O)N[C@@H](CO[C@H]1C(C([C@@H]([C@@H](CO)O1)O)O)O)[C@@H](/C=C/CCC(C(=C)CCCCCCCCC)O)O)O	Termitomycesphin A					CHEBI:188289	CHEBI:188289	CHEBI:188289	CHEBI:188289										CHEBI:188289							CHEBI:188289						CHEBI:17761,CHEBI:24402	R-HSA-6809371,R-HSA-9845576	2
3-hydroxy-dodecanedioic acid	RM0139423	C12H22O5	246.1467	Fatty Acyls	Fatty acids	Dicarboxylic acids	16663321	CHEBI:145961	HMDB0000413	LMFA01170089		FYVQCLGZFXHEGL-UHFFFAOYSA-N	C(CCCCC(=O)O)CCCC(CC(=O)O)O	3-Hydroxy-dodecanedioic acid								CHEBI:145961										CHEBI:145961							CHEBI:145961						CHEBI:24654	R-HSA-3000471,R-HSA-3000480,R-HSA-3000484,R-HSA-5686938	4
1-Acetyl-3,27-dihydroxywitha-5,24-dienolide 3-glucoside	-	-	-	-	-	-	-		-	-		-	-	-					CHEBI:188247	CHEBI:188247	CHEBI:188247	CHEBI:188247										CHEBI:188247							CHEBI:188247						CHEBI:35341	R-HSA-196071	1
Dichotellate B	RM0153933	C26H42O4	418.3083	Fatty Acyls	Eicosanoids	Other Eicosanoids	52921875	CHEBI:165298		LMFA03000013		OKHPUUNJBPCHEJ-WFYRLPSZSA-N	CCCCC/C=C\C[C@H](/C=C/C=C\C/C=C\CCCC(=O)OC)OC(=O)CC(C)C	Dichotellate B					CHEBI:165298	CHEBI:165298	CHEBI:165298	CHEBI:165298										CHEBI:165298							CHEBI:165298								0
JP83	-	-	-	-	-	-	-		-	-		-	-	-					CHEBI:187841	CHEBI:187841	CHEBI:187841	CHEBI:187841										CHEBI:187841							CHEBI:187841								0
Arnamiol	-	-	-	-	-	-	-		-	-		-	-	-					CHEBI:169640	CHEBI:169640	CHEBI:169640	CHEBI:169640										CHEBI:169640							CHEBI:169640						CHEBI:18059	R-HSA-1222556,R-HSA-1369062,R-HSA-5682294,R-HSA-804914,R-HSA-8941413	5
PA(22:4(7Z,10Z,13Z,16Z)/0:0)	-	-	-	-	-	-	-		-	-		-	-	-					CHEBI:185818	CHEBI:185818	CHEBI:185818	CHEBI:185818										CHEBI:185818							CHEBI:185818						CHEBI:16975	R-HSA-1483166,R-HSA-75109	2
PI(18:1(9Z)/0:0)	RM0133447	C27H49O13P	612.2911	Glycerophospholipids	Glycerophosphoinositols	LPI	42607496	CHEBI:82753	HMDB0061693	LMGP06050005		UGDOFRYHDCDVHD-FRWBGTIISA-N	CCCCCCCC/C=CCCCCCCCC(=O)OC[C@H](COP(=O)(O)O[C@@H]1C([C@@H](C(C(C1O)O)O)O)O)O	LPI 18:1(9Z)/0:0					CHEBI:82753	CHEBI:82753	CHEBI:82753	CHEBI:82753									CHEBI:78762	CHEBI:78762,CHEBI:82753							CHEBI:78762,CHEBI:82753						CHEBI:28914	R-HSA-1482922	1
3a,7b,12a-Trihydroxyoxocholanyl-Glycine	RM0156096	C26H43NO6	465.3090	Sterol Lipids	Bile acids	C24 bile acids	44263376	CHEBI:170867	HMDB0000331	LMST05030007		RFDAIACWWDREDC-IFZPJRIXSA-N	C[C@H](CCC(=O)NCC(=O)O)[C@H]1CC[C@H]2[C@H]3[C@H](C[C@@H]([C@]12C)O)[C@@]1(C)CC[C@H](C[C@H]1C[C@@H]3O)O	Glycoursocholic acid					CHEBI:170867	CHEBI:170867	CHEBI:170867	CHEBI:170867										CHEBI:170867							CHEBI:170867						CHEBI:35341	R-HSA-196071	1
Tuberonic acid	RM0153752	C12H18O4	226.1205	Fatty Acyls	Octadecanoids	Jasmonic acids	6443968	CHEBI:133220	HMDB0303749	LMFA02020007		RZGFUGXQKMEMOO-SZXTZRQCSA-N	C(=C\C[C@H]1[C@H](CCC1=O)CC(=O)O)\CCO	Tuberonic acid					CHEBI:133220,CHEBI:37420	CHEBI:133220,CHEBI:37420	CHEBI:133220,CHEBI:37420	CHEBI:37420,CHEBI:133220									CHEBI:132022,CHEBI:136182	CHEBI:37420,CHEBI:132022,CHEBI:133220,CHEBI:136182							CHEBI:37420,CHEBI:132022,CHEBI:133220,CHEBI:136182						CHEBI:30879,CHEBI:33575	R-HSA-1483166,R-HSA-2022377,R-HSA-6809371,R-HSA-8935690	4
Fesoterodine	-	-	-	-	-	-	-		-	-		-	-	-					CHEBI:135920	CHEBI:135920	CHEBI:135920	CHEBI:135920										CHEBI:135920							CHEBI:135920								0
Tetranor-PGEM	RM0155782	C16H24O7	328.1522	Fatty Acyls	Eicosanoids	Prostaglandins	161468	CHEBI:73965	HMDB0253059	LMFA03010032		ZJAZCYLYLVCSNH-JHJVBQTASA-N	C(CCC(=O)O)CC(=O)CC[C@@H]1[C@@H](CCC(=O)O)C(=O)C[C@H]1O	Tetranor-PGEM					CHEBI:73965	CHEBI:73965	CHEBI:73965	CHEBI:73965										CHEBI:73965							CHEBI:73965						CHEBI:46640	R-HSA-211945	1
bayogenin	-	-	-	-	-	-	-		-	-		-	-	-					CHEBI:50481	CHEBI:50481	CHEBI:50481	CHEBI:50481										CHEBI:50481							CHEBI:50481						CHEBI:18059	R-HSA-1222556,R-HSA-1369062,R-HSA-5682294,R-HSA-804914,R-HSA-8941413	5
8S-hydroxy-2E-Decene-4,6-diynoic acid	-	-	-	-	-	-	-		-	-		-	-	-					CHEBI:184596	CHEBI:184596	CHEBI:184596	CHEBI:184596										CHEBI:184596							CHEBI:184596								0
PC(O-11:1(10E)/2:0)	RM0180304	C21H42NO7P	451.2699	Glycerophospholipids	Glycerophosphocholines	O-PC	24779371			LMGP01020146		BDCLOBVQLDSEOA-OAQYLSRUSA-N	C=CCCCCCCCCCOC[C@H](COP(=O)([O-])OCC[N+](C)(C)C)OC(=O)C	PC O-11:1(10E)/2:0					CHEBI:178711	CHEBI:178711	CHEBI:178711	CHEBI:178711										CHEBI:178711							CHEBI:178711						CHEBI:36313	R-HSA-1482788	1
Inosine	RM0135908	C10H12N4O5	268.0808	Nucleic acids	Purines	Purine ribonucleosides	135398641	CHEBI:17596	HMDB0000195		C00294	UGQMRVRMYYASKQ-KQYNXXCUSA-N	C([C@@H]1[C@H]([C@H]([C@H](n2cnc3c2ncnc3O)O1)O)O)O	Inosine	CHEBI:17596	R-HSA-2161541,R-HSA-5619063,R-HSA-5683826,R-HSA-74217,R-HSA-74259,R-HSA-83936,R-HSA-9735763,R-HSA-9755088	C00294	map01100,map01232,map00230,map02010	CHEBI:17596,CHEBI:17596,CHEBI:17596	CHEBI:17596,CHEBI:17596,CHEBI:17596	CHEBI:17596,CHEBI:17596,CHEBI:17596	CHEBI:17596	C00294	C00294	C00294	C00294	CHEBI:17596	R-HSA-2161541,R-HSA-5619063,R-HSA-5683826,R-HSA-74217,R-HSA-74259,R-HSA-83936,R-HSA-9735763,R-HSA-9755088	C00294	map01100,map01232,map00230,map02010		CHEBI:17596	C00294	CHEBI:17596	R-HSA-2161541,R-HSA-5619063,R-HSA-5683826,R-HSA-74217,R-HSA-74259,R-HSA-83936,R-HSA-9735763,R-HSA-9755088	C00294	map01100,map01232,map00230,map02010		CHEBI:17596	C00294	CHEBI:17596	R-HSA-2161541,R-HSA-5619063,R-HSA-5683826,R-HSA-74217,R-HSA-74259,R-HSA-83936,R-HSA-9735763,R-HSA-9755088	C00294	map01100,map01232,map00230,map02010			0
??-Hydroxyphenylbutazone	-	-	-	-	-	-	-		-	-		-	-	-																																	0
PS(22:4(7Z,10Z,13Z,16Z)/21:0)	RM0172695	C49H88NO10P	881.6146	Glycerophospholipids	Glycerophosphoserines	PS	52925922			LMGP03010812		QYVKYVNFTBDNJB-WHWMSIQTSA-N	CCCCC/C=CC/C=CC/C=CC/C=CCCCCCC(=O)OC[C@H](COP(=O)(O)OC[C@@H](C(=O)O)N)OC(=O)CCCCCCCCCCCCCCCCCCCC	PS 22:4(7Z,10Z,13Z,16Z)/21:0					CHEBI:188208	CHEBI:188208	CHEBI:188208	CHEBI:188208										CHEBI:188208							CHEBI:188208						CHEBI:16247	R-HSA-1483206,R-HSA-202733,R-HSA-2168880,R-HSA-3000471,R-HSA-3000480,R-HSA-3000484,R-HSA-3000497,R-HSA-432142,R-HSA-5686938,R-HSA-8856825,R-HSA-8856828,R-HSA-8866423,R-HSA-8963888,R-HSA-8963896,R-HSA-8963901,R-HSA-8964011,R-HSA-8964026,R-HSA-8964038,R-HSA-8964041,R-HSA-8964046,R-HSA-8964058,R-HSA-8964572,R-HSA-9615710,R-HSA-9707616,R-HSA-975634,R-HSA-9918432,R-HSA-9918481,R-HSA-9918487,R-HSA-9920588,R-HSA-9920951	30
14-methyl palmitic acid	-	-	-	-	-	-	-		-	-		-	-	-																																	0
DHA	RM0153631	C22H32O2	328.2402	Fatty Acyls	Fatty acids	Unsaturated FA	445580	CHEBI:28125	HMDB0002183	LMFA01030185	C06429	MBMBGCFOFBJSGT-KUBAVDMBSA-N	CC/C=C\C/C=C\C/C=C\C/C=C\C/C=C\C/C=C\CCC(=O)O	DHA			C06429	map01040	CHEBI:16016,CHEBI:28125,CHEBI:28689,CHEBI:36005	CHEBI:16016,CHEBI:28125,CHEBI:28689,CHEBI:36005	CHEBI:16016,CHEBI:28125,CHEBI:28689,CHEBI:36005	CHEBI:16016,CHEBI:28125,CHEBI:28689,CHEBI:36005	C00184,C01227,C06429	C00184,C01227,C06429	C00184,C01227,C06429	C00184,C01227,C06429	CHEBI:28689	R-HSA-156584,R-HSA-193048	C00184,C01227,C06429	map01100,map01110,map01120,map01200,map00680,map00561,map01100,map01120,map00140,map00984,map04913,map05200,map05215,map01040	CHEBI:77016,CHEBI:78060	CHEBI:16016,CHEBI:28125,CHEBI:28689,CHEBI:36005,CHEBI:77016,CHEBI:78060	C00184,C01227,C06429	CHEBI:28689,CHEBI:77016	R-HSA-156584,R-HSA-193048,R-HSA-2046106,R-HSA-211976,R-HSA-2453902,R-HSA-381771,R-HSA-416476,R-HSA-444209,R-HSA-9018677,R-HSA-9027307,R-HSA-9027604,R-HSA-9841922,R-HSA-9841922,R-HSA-9844594	C00184,C01227,C06429	map01100,map01110,map01120,map01200,map00680,map00561,map01100,map01120,map00140,map00984,map04913,map05200,map05215,map01040		CHEBI:16016,CHEBI:28125,CHEBI:28689,CHEBI:36005,CHEBI:77016,CHEBI:78060	C00184,C01227,C06429	CHEBI:28689,CHEBI:77016	R-HSA-156584,R-HSA-193048,R-HSA-2046106,R-HSA-211976,R-HSA-2453902,R-HSA-381771,R-HSA-416476,R-HSA-444209,R-HSA-9018677,R-HSA-9027307,R-HSA-9027604,R-HSA-9841922,R-HSA-9841922,R-HSA-9844594	C00184,C01227,C06429	map01100,map01110,map01120,map01200,map00680,map00561,map01100,map01120,map00140,map00984,map04913,map05200,map05215,map01040			0
Hirusten-12-oic acid	-	-	-	-	-	-	-		-	-		-	-	-																																	0
8,11,14-Docosatriynoic acid	RM0139495	C22H32O2	328.2402	Fatty Acyls	Fatty acids	Unsaturated FA	9543599	CHEBI:165485		LMFA01030684		DSPYHXFXVLHAIZ-UHFFFAOYSA-N	CCCCCCCC#CCC#CCC#CCCCCCCC(=O)O	8,11,14-Docosatriynoic acid					CHEBI:165485	CHEBI:165485	CHEBI:165485	CHEBI:165485										CHEBI:165485							CHEBI:165485						CHEBI:35366	R-HSA-1482883,R-HSA-167826,R-HSA-422085,R-HSA-426048,R-HSA-6809371,R-HSA-6811436,R-HSA-8963889,R-HSA-8964038	8
1,1'-(Tetrahydro-6a-hydroxy-2,3a,5-trimethylfuro[2,3-d]-1,3-dioxole-2,5-diyl)bis-ethanone	RM0224185	C12H18O6	258.1103	Organic oxygen compounds	Ethers	Ethers	193527		HMDB0032527			TXTNKDRGVWKECN-UHFFFAOYSA-N	CC(=O)C1(C)CC2(C(C)(O1)OC(C)(C(=O)C)O2)O	Diacetyl trimer					CHEBI:168972	CHEBI:168972	CHEBI:168972	CHEBI:168972										CHEBI:168972							CHEBI:168972								0
Ascorbyl Palmitate	RM0153505	C22H38O7	414.2618	Fatty Acyls	Fatty esters	Wax monoesters	54676825	CHEBI:140768	HMDB0039883	LMFA07010788		QAQJMLQRFWZOBN-UHFFFAOYSA-N	CCCCCCCCCCCCCCCC(=O)OCC(C1C(=C(C(=O)O1)O)O)O	Ascorbyl palmitate					CHEBI:140768	CHEBI:140768	CHEBI:140768	CHEBI:140768										CHEBI:140768							CHEBI:140768						CHEBI:18059	R-HSA-1222556,R-HSA-1369062,R-HSA-5682294,R-HSA-804914,R-HSA-8941413	5
PE(22:6(4Z,7Z,10Z,13Z,16Z,19Z)/21:0)	RM0172409	C48H84NO8P	833.5935	Glycerophospholipids	Glycerophosphoethanolamines	PE	52924857			LMGP02011156		PHVVYVMCBRVWPG-DCYADZLSSA-N	CC/C=CC/C=CC/C=CC/C=CC/C=CC/C=CCCC(=O)OC[C@H](COP(=O)(O)OCCN)OC(=O)CCCCCCCCCCCCCCCCCCCC	PE 22:6(4Z,7Z,10Z,13Z,16Z,19Z)/21:0					CHEBI:188209	CHEBI:188209	CHEBI:188209	CHEBI:188209										CHEBI:188209							CHEBI:188209						CHEBI:36314	R-HSA-1482788	1
1,2-di-(9Z,12Z,15Z-octadecatrienoyl)-3-(8-(2E,4Z-decadienoyloxy)-5,6-octadienoyl)-sn-glycerol	-	-	-	-	-	-	-		-	-		-	-	-					CHEBI:34041	CHEBI:34041	CHEBI:34041	CHEBI:34041	C13867	C13867	C13867	C13867						CHEBI:34041	C13867						CHEBI:34041	C13867					CHEBI:17855	R-HSA-1482883,R-HSA-163560,R-HSA-192456,R-HSA-202733,R-HSA-3000471,R-HSA-3000480,R-HSA-3000484,R-HSA-3000497,R-HSA-432142,R-HSA-5686938,R-HSA-6809371,R-HSA-75109,R-HSA-8856825,R-HSA-8856828,R-HSA-8866423,R-HSA-8963888,R-HSA-8963889,R-HSA-8963901,R-HSA-8964011,R-HSA-8964026,R-HSA-8964038,R-HSA-8964041,R-HSA-8964046,R-HSA-8964058,R-HSA-8964572,R-HSA-9707616,R-HSA-975634,R-HSA-9918432,R-HSA-9918481,R-HSA-9918487,R-HSA-9920588,R-HSA-9920951	32
Bis(4-isothiocyanatobutyl) disulfide	-	-	-	-	-	-	-		-	-		-	-	-					CHEBI:174771	CHEBI:174771	CHEBI:174771	CHEBI:174771										CHEBI:174771							CHEBI:174771								0
19-hydroxy-nonadecanoic acid	RM0153241	C19H38O3	314.2821	Fatty Acyls	Fatty acids	Hydroxy FA	5282917	CHEBI:79179		LMFA01050072		LSEAKSNIGVHVQY-UHFFFAOYSA-N	C(CCCCCCCCCO)CCCCCCCCC(=O)O	19-Hydroxy-nonadecanoic acid					CHEBI:79179	CHEBI:79179	CHEBI:79179	CHEBI:79179										CHEBI:79179							CHEBI:79179						CHEBI:15904	R-HSA-1369062,R-HSA-192456,R-HSA-3000471,R-HSA-390247,R-HSA-5684045,R-HSA-77289,R-HSA-8963901,R-HSA-8964058,R-HSA-975634	9
dolichyl diphosphate	-	-	-	-	-	-	-		-	-		-	-	-					CHEBI:15750,CHEBI:15750,CHEBI:57497	CHEBI:15750,CHEBI:15750,CHEBI:57497	CHEBI:15750,CHEBI:57497	CHEBI:15750,CHEBI:57497	C00621	C00621	C00621	C00621	CHEBI:57497	R-HSA-446199,R-HSA-4717374,R-HSA-4719360,R-HSA-4719377	C00621	map01100,map00510		CHEBI:15750,CHEBI:57497	C00621	CHEBI:57497	R-HSA-446199,R-HSA-4717374,R-HSA-4719360,R-HSA-4719377	C00621	map01100,map00510		CHEBI:15750,CHEBI:57497	C00621	CHEBI:57497	R-HSA-446199,R-HSA-4717374,R-HSA-4719360,R-HSA-4719377	C00621	map01100,map00510			0
Ambrettolic acid	RM0152585	C16H30O3	270.2195	Fatty Acyls	Fatty acids	Hydroxy FA	5282940	CHEBI:156198		LMFA01050106		MKIFOPBVDBXRTO-DUXPYHPUSA-N	C(/C=C/CCCCCC(=O)O)CCCCCCCO	Ambrettolic acid					CHEBI:156198	CHEBI:156198	CHEBI:156198	CHEBI:156198										CHEBI:156198							CHEBI:156198						CHEBI:15904,CHEBI:24654,CHEBI:35366	R-HSA-1369062,R-HSA-1482883,R-HSA-167826,R-HSA-192456,R-HSA-3000471,R-HSA-3000480,R-HSA-3000484,R-HSA-390247,R-HSA-422085,R-HSA-426048,R-HSA-5684045,R-HSA-5686938,R-HSA-6809371,R-HSA-6811436,R-HSA-77289,R-HSA-8963889,R-HSA-8963901,R-HSA-8964038,R-HSA-8964058,R-HSA-975634	20
Kanamycin	RM0139011	C18H36N4O11	484.2381	Organic oxygen compounds	Alcohols and polyols	Cyclitols	6032	CHEBI:17630	HMDB0015303		C00304	SBUJHOSQTJFQJX-NOAMYHISSA-N	C1[C@H]([C@@H]([C@H]([C@@H]([C@H]1N)O[C@@H]1[C@@H]([C@H]([C@@H]([C@@H](CN)O1)O)O)O)O)O[C@@H]1[C@@H]([C@H]([C@@H]([C@@H](CO)O1)O)N)O)N	Kanamycin					CHEBI:6104,CHEBI:6104	CHEBI:6104,CHEBI:6104	CHEBI:6104,CHEBI:6104	CHEBI:6104,CHEBI:17630	C00304,C01822	C00304,C01822	C00304,C01822	C00304,C01822			C01822	map01110,map00524	CHEBI:58214	CHEBI:6104,CHEBI:17630,CHEBI:58214	C00304,C01822			C01822	map01110,map00524		CHEBI:6104,CHEBI:17630,CHEBI:58214	C00304,C01822			C01822	map01110,map00524			0
pitavastatin	RM0200371	C25H24FNO4	421.1689	Organoheterocyclic compounds	Quinolines	Phenylquinolines	5282452		HMDB0041991		C13334	VGYFMXBACGZSIL-MCBHFWOFSA-N	c1ccc2c(c1)c(c1ccc(cc1)F)c(/C=C/[C@H](C[C@H](CC(=O)O)O)O)c(C1CC1)n2	Pitavastatin			C13334	map07024	CHEBI:32020	CHEBI:32020	CHEBI:32020	CHEBI:32020	C13334	C13334	C13334	C13334	CHEBI:32020	R-HSA-9969896	C13334	map07024	CHEBI:71260	CHEBI:32020,CHEBI:71260	C13334	CHEBI:32020	R-HSA-9969896	C13334	map07024		CHEBI:32020,CHEBI:71260	C13334	CHEBI:32020	R-HSA-9969896	C13334	map07024			0
JWH 200-d5	-	-	-	-	-	-	-		-	-		-	-	-																																	0
Leukotriene D4 methyl ester	-	-	-	-	-	-	-		-	-		-	-	-					CHEBI:184064	CHEBI:184064	CHEBI:184064	CHEBI:184064										CHEBI:184064							CHEBI:184064						CHEBI:46761	R-HSA-427975	1
11-acetoxy-3beta,6alpha-dihydroxy-24-methyl-9,11-seco-5alpha-cholesta-7,22Z-dien-9-one.	-	-	-	-	-	-	-		-	-		-	-	-					CHEBI:183606	CHEBI:183606	CHEBI:183606	CHEBI:183606										CHEBI:183606							CHEBI:183606						CHEBI:35341	R-HSA-196071	1
Cyhalofop-butyl	RM0199359	C20H20FNO4	357.1376	Benzenoids	Benzenes	Diphenylethers	180089					TYIYMOAHACZAMQ-CQSZACIVSA-N	CCCCOC(=O)[C@@H](C)Oc1ccc(cc1)Oc1ccc(cc1F)C#N	Cyhalofop-butyl					CHEBI:81863	CHEBI:81863	CHEBI:81863	CHEBI:81863	C18607	C18607	C18607	C18607						CHEBI:81863	C18607						CHEBI:81863	C18607							0
Methantheline	-	-	-	-	-	-	-		-	-		-	-	-					CHEBI:6817	CHEBI:6817	CHEBI:6817	CHEBI:6817	C07849	C07849	C07849	C07849						CHEBI:6817	C07849						CHEBI:6817	C07849							0
Leucyl-leucyl-norleucine	-	-	-	-	-	-	-		-	-		-	-	-					CHEBI:6419	CHEBI:6419	CHEBI:6419	CHEBI:6419	C11328	C11328	C11328	C11328						CHEBI:6419	C11328						CHEBI:6419	C11328					CHEBI:47923	R-HSA-427975	1
Streptamine phosphate	-	-	-	-	-	-	-		-	-		-	-	-					CHEBI:9279	CHEBI:9279	CHEBI:9279	CHEBI:9279	C03177	C03177	C03177	C03177						CHEBI:9279	C03177						CHEBI:9279	C03177							0
lithocholic acid sulfate	RM0001781	C24H40O6S	456.2546	Sterol Lipids	Bile acids	C24 bile acids	451489	CHEBI:35421	HMDB0000907	LMST05020015		AXDXVEYHEODSPN-HVATVPOCSA-N	C[C@H](CCC(=O)O)[C@H]1CC[C@H]2[C@@H]3CC[C@@H]4C[C@@H](CC[C@]4(C)[C@H]3CC[C@]12C)OS(=O)(=O)O	Lithocholic acid 3-sulfate					CHEBI:35421	CHEBI:35421	CHEBI:35421	CHEBI:35421									CHEBI:133940	CHEBI:35421,CHEBI:133940		CHEBI:133940	R-HSA-156584				CHEBI:35421,CHEBI:133940		CHEBI:133940	R-HSA-156584					0
DG(18:0/20:4(5Z,8Z,11Z,14Z)/0:0)	RM0133305	C41H72O5	644.5380	Glycerolipids	Diradylglycerols	DAG	6438587	CHEBI:75728	HMDB0007170	LMGL02010111		NSXLMTYRMFVYNT-IUJDHQGTSA-N	CCCCC/C=CC/C=CC/C=CC/C=CCCCC(=O)O[C@@H](CO)COC(=O)CCCCCCCCCCCCCCCCC	DG 18:0/20:4(5Z,8Z,11Z,14Z)/0:0					CHEBI:75728	CHEBI:75728	CHEBI:75728	CHEBI:75728										CHEBI:75728							CHEBI:75728						CHEBI:17815	R-HSA-114508,R-HSA-114516,R-HSA-114604,R-HSA-1169091,R-HSA-1169092,R-HSA-1250196,R-HSA-139853,R-HSA-1482883,R-HSA-1483191,R-HSA-1483206,R-HSA-1483213,R-HSA-1489509,R-HSA-162710,R-HSA-163560,R-HSA-1660661,R-HSA-1855204,R-HSA-2029485,R-HSA-2179392,R-HSA-3000170,R-HSA-354192,R-HSA-392517,R-HSA-399997,R-HSA-4086398,R-HSA-416476,R-HSA-416993,R-HSA-418217,R-HSA-418597,R-HSA-419408,R-HSA-426048,R-HSA-434316,R-HSA-4419969,R-HSA-5099900,R-HSA-5218921,R-HSA-5673001,R-HSA-75109,R-HSA-76005,R-HSA-9717207,R-HSA-983695	38
Pyridoxamine 5'-phosphate	RM0136115	C8H13N2O5P	248.0562	Alkaloids	Pyridine alkaloids	Nicotinic acid alkaloids	1053	CHEBI:18335	HMDB0001555		C00647	ZMJGSOSNSPKHNH-UHFFFAOYSA-N	Cc1c(c(CN)c(cn1)COP(=O)(O)O)O	Pyridoxamine 5'-phosphate	CHEBI:18335	R-HSA-964975	C00647	map01100,map00750,map04977	CHEBI:18335,CHEBI:18335,CHEBI:58451	CHEBI:18335,CHEBI:18335,CHEBI:58451	CHEBI:18335,CHEBI:18335,CHEBI:58451	CHEBI:18335,CHEBI:58451	C00647	C00647	C00647	C00647	CHEBI:18335	R-HSA-964975	C00647	map01100,map00750,map04977		CHEBI:18335,CHEBI:58451	C00647	CHEBI:18335	R-HSA-964975	C00647	map01100,map00750,map04977		CHEBI:18335,CHEBI:58451	C00647	CHEBI:18335	R-HSA-964975	C00647	map01100,map00750,map04977			0
2alpha,3alpha-(Difluoromethylene)-5alpha-androstan-17beta-ol acetate	-	-	-	-	-	-	-		-	-		-	-	-					CHEBI:79824	CHEBI:79824	CHEBI:79824	CHEBI:79824	C15322	C15322	C15322	C15322						CHEBI:79824	C15322						CHEBI:79824	C15322					CHEBI:35341	R-HSA-196071	1
LysoPE(0:0/22:5(7Z,10Z,13Z,16Z,19Z))	RM0133415	C27H46NO7P	527.3012	Glycerophospholipids	Glycerophosphoethanolamines	LPE	53480944	CHEBI:145270	HMDB0011495	LMGP02050059		KZXGPOLABXFBDK-SCFYABBUSA-N	CC/C=CC/C=CC/C=CC/C=CC/C=CCCCCCC(=O)O[C@H](CO)COP(=O)(O)OCCN	LPE 0:0/22:5(7Z,10Z,13Z,16Z,19Z)					CHEBI:145270	CHEBI:145270,CHEBI:145270	CHEBI:145270	CHEBI:145270										CHEBI:145270							CHEBI:145270						CHEBI:36314	R-HSA-1482788	1
9-Keto heptadecylic acid	-	-	-	-	-	-	-		-	-		-	-	-					CHEBI:186910	CHEBI:186910	CHEBI:186910	CHEBI:186910										CHEBI:186910							CHEBI:186910						CHEBI:15904	R-HSA-1369062,R-HSA-192456,R-HSA-3000471,R-HSA-390247,R-HSA-5684045,R-HSA-77289,R-HSA-8963901,R-HSA-8964058,R-HSA-975634	9
Phosphocholine	RM0007522	C5H14NO4P	183.0660	Organic nitrogen compounds	Cholines	Cholines	135437	CHEBI:18132	HMDB0001565			YHHSONZFOIEMCP-UHFFFAOYSA-N	C[N+](C)(C)CCOP(=O)(O)[O-]	Choline phosphate	CHEBI:18132	R-HSA-193681,R-HSA-6814848,R-HSA-9680350,R-HSA-9840310			CHEBI:18132,CHEBI:295975,CHEBI:55395	CHEBI:18132,CHEBI:295975,CHEBI:55395	CHEBI:18132,CHEBI:295975,CHEBI:55395	CHEBI:18132,CHEBI:55395,CHEBI:295975	C00588	C00588	C00588	C00588	CHEBI:18132,CHEBI:295975	R-HSA-193681,R-HSA-6814848,R-HSA-9680350,R-HSA-9840310,R-HSA-9840310	C00588	map01100,map00564,map00552,map05231		CHEBI:18132,CHEBI:55395,CHEBI:295975	C00588	CHEBI:18132,CHEBI:295975	R-HSA-193681,R-HSA-6814848,R-HSA-9680350,R-HSA-9840310,R-HSA-9840310	C00588	map01100,map00564,map00552,map05231		CHEBI:18132,CHEBI:55395,CHEBI:295975	C00588	CHEBI:18132,CHEBI:295975	R-HSA-193681,R-HSA-6814848,R-HSA-9680350,R-HSA-9840310,R-HSA-9840310	C00588	map01100,map00564,map00552,map05231			0
AS-604850	-	-	-	-	-	-	-		-	-		-	-	-																																	0
7alpha,12alpha-dihydroxy-3-oxocholest-4-en-27-oic acid	-	-	-	-	-	-	-		-	-		-	-	-					CHEBI:186189	CHEBI:186189	CHEBI:186189	CHEBI:186189										CHEBI:186189							CHEBI:186189						CHEBI:35341	R-HSA-196071	1
1-Aminocyclopropane-1-carboxylic acid	RM0136686	C4H7NO2	101.0477	Organic acids	Amino acids and peptides	Amino acids	535	CHEBI:18053	HMDB0036458		C01234	PAJPWUMXBYXFCZ-UHFFFAOYSA-N	C1CC1(C(=O)O)N	1-Aminocyclopropanecarboxylic acid			C01234	map01100,map01110,map00270,map01060,map01070	CHEBI:18053,CHEBI:18053	CHEBI:18053,CHEBI:18053	CHEBI:18053,CHEBI:18053	CHEBI:18053	C01234	C01234	C01234	C01234			C01234	map01100,map01110,map00270,map01060,map01070	CHEBI:30526,CHEBI:58360	CHEBI:18053,CHEBI:30526,CHEBI:58360	C01234			C01234	map01100,map01110,map00270,map01060,map01070		CHEBI:18053,CHEBI:30526,CHEBI:58360	C01234			C01234	map01100,map01110,map00270,map01060,map01070	CHEBI:33575	R-HSA-6809371	1
11Z,13E,15-Hexadecatrienyl acetate	-	-	-	-	-	-	-		-	-		-	-	-					CHEBI:180165	CHEBI:180165	CHEBI:180165	CHEBI:180165										CHEBI:180165							CHEBI:180165								0
PS(22:2(13Z,16Z)/17:2(9Z,12Z))	-	-	-	-	-	-	-		-	-		-	-	-					CHEBI:188113	CHEBI:188113	CHEBI:188113	CHEBI:188113										CHEBI:188113							CHEBI:188113						CHEBI:16247	R-HSA-1483206,R-HSA-202733,R-HSA-2168880,R-HSA-3000471,R-HSA-3000480,R-HSA-3000484,R-HSA-3000497,R-HSA-432142,R-HSA-5686938,R-HSA-8856825,R-HSA-8856828,R-HSA-8866423,R-HSA-8963888,R-HSA-8963896,R-HSA-8963901,R-HSA-8964011,R-HSA-8964026,R-HSA-8964038,R-HSA-8964041,R-HSA-8964046,R-HSA-8964058,R-HSA-8964572,R-HSA-9615710,R-HSA-9707616,R-HSA-975634,R-HSA-9918432,R-HSA-9918481,R-HSA-9918487,R-HSA-9920588,R-HSA-9920951	30
Penicilloic G acid	-	-	-	-	-	-	-		-	-		-	-	-																																	0
PS(22:1(11Z)/0:0)	RM0135098	C28H52NO10P	593.3329	Glycerophospholipids	Glycerophosphoserines	LPS	52926291	CHEBI:180642		LMGP03050023		UVRWNZBXLMSZFS-IEACRGRWSA-N	CCCCCCCCCC/C=C\CCCCCCCCCC(=O)OC[C@H](COP(=O)(O)OC[C@@H](C(=O)O)N)O	LPS 22:1(11Z)/0:0					CHEBI:180642	CHEBI:180642	CHEBI:180642	CHEBI:180642										CHEBI:180642							CHEBI:180642						CHEBI:52603	R-HSA-1482801	1
Tuberonic acid glucoside	RM0153873	C18H28O9	388.1733	Fatty Acyls	Fatty acyl glycosides	Fatty acyl glycosides	52922085	CHEBI:37419		LMFA13010032	C08558	JFDNMLUPLXZXGV-OAIXPKHMSA-N	C(=C\C[C@H]1[C@H](CCC1=O)CC(=O)O)\CCO[C@H]1[C@@H]([C@H]([C@@H]([C@@H](CO)O1)O)O)O	Tuberonic acid glucoside					CHEBI:37419	CHEBI:37419	CHEBI:37419	CHEBI:37419	C08558	C08558	C08558	C08558						CHEBI:37419	C08558						CHEBI:37419	C08558							0
Cer(d18:0/17:0)	RM0028401	C35H71NO3	553.5434	Sphingolipids	Ceramides	DHCer	52931125	CHEBI:188226		LMSP02020022		QZDZZVCCCYWHDN-SZAHLOSFSA-N	CCCCCCCCCCCCCCCCC(=O)N[C@@H](CO)[C@@H](CCCCCCCCCCCCCCC)O	Cer 18:0;O2/17:0					CHEBI:188226	CHEBI:188226	CHEBI:188226	CHEBI:188226										CHEBI:188226							CHEBI:188226						CHEBI:17761	R-HSA-6809371	1
N-Acetyl-2,3-dihydro-1H-pyrrole	-	-	-	-	-	-	-		-	-		-	-	-					CHEBI:179310	CHEBI:179310	CHEBI:179310	CHEBI:179310										CHEBI:179310							CHEBI:179310								0
PA(22:6(4Z,7Z,10Z,13Z,16Z,19Z)/0:0)	-	-	-	-	-	-	-		-	-		-	-	-																																	0
11-hydroxy-9,10-dihydrojasmonic acid	RM0153755	C12H20O4	228.1362	Fatty Acyls	Octadecanoids	Jasmonic acids	11966225	CHEBI:38152		LMFA02020012		ZJPORBFEYXKGKA-VXRWAFEHSA-N	CC(CCC[C@@H]1[C@H](CCC1=O)CC(=O)O)O	11-Hydroxy-9,10-dihydrojasmonic acid								CHEBI:38152										CHEBI:38152							CHEBI:38152						CHEBI:33575	R-HSA-6809371	1
3-Methylglutaconic acid	RM0139460	C6H8O4	144.0423	Fatty Acyls	Fatty acids	Dicarboxylic acids	1551553	CHEBI:37245	HMDB0000522	LMFA01170068		WKRBKYFIJPGYQC-DUXPYHPUSA-N	C/C(=C\C(=O)O)/CC(=O)O	3E-Methylglutaconic acid					CHEBI:144330	CHEBI:144330	CHEBI:144330	CHEBI:37245,CHEBI:144330										CHEBI:37245,CHEBI:144330							CHEBI:37245,CHEBI:144330						CHEBI:33575,CHEBI:35366	R-HSA-1482883,R-HSA-167826,R-HSA-422085,R-HSA-426048,R-HSA-6809371,R-HSA-6811436,R-HSA-8963889,R-HSA-8964038	8
2,4-octadienal	RM0153103	C8H12O	124.0888	Fatty Acyls	Fatty aldehydes	Fatty aldehydes	5283329	CHEBI:165523	HMDB0031686	LMFA06000034		DVVATNQISMINCX-YTXTXJHMSA-N	CCC/C=C/C=C/C=O	(E,E)-2,4-Octadienal					CHEBI:165523	CHEBI:165523	CHEBI:165523	CHEBI:165523										CHEBI:165523							CHEBI:165523						CHEBI:35746	R-HSA-1482788,R-HSA-75109	2
Oxotolrestat glucuronide	-	-	-	-	-	-	-		-	-		-	-	-																																	0
5-Oxoavermectin ''2a'' aglycone	RM0132184	C4H7NO2	101.0477	Organic acids	Amino acids and peptides	Amino acids	73509	CHEBI:17289	HMDB0029387		C02926	QJPWUUJVYOJNMH-UHFFFAOYSA-N	C1COC(=O)C1N	Homoserine lactone					CHEBI:17289,CHEBI:17289,CHEBI:43164,CHEBI:58093,CHEBI:187852	CHEBI:17289,CHEBI:17289,CHEBI:43164,CHEBI:58093,CHEBI:187852	CHEBI:17289,CHEBI:17289,CHEBI:43164,CHEBI:58093,CHEBI:187852	CHEBI:17289,CHEBI:43164,CHEBI:58093,CHEBI:187852	C02926,C11970	C02926,C11970	C02926,C11970	C02926,C11970			C11970	map00522		CHEBI:17289,CHEBI:43164,CHEBI:58093,CHEBI:187852	C02926,C11970			C11970	map00522	CHEBI:30655,CHEBI:30657,CHEBI:58633	CHEBI:17289,CHEBI:30655,CHEBI:30657,CHEBI:43164,CHEBI:58093,CHEBI:58633,CHEBI:187852	C02926,C11970			C11970	map00522	CHEBI:24433,CHEBI:36916	R-HSA-2024096,R-HSA-936837	2
3,4-Dihydroxychalcone 4-beta-L-arabinopyranosyl-(1->4)-galactoside	-	-	-	-	-	-	-		-	-		-	-	-					CHEBI:188067	CHEBI:188067	CHEBI:188067	CHEBI:188067										CHEBI:188067							CHEBI:188067								0
6Z,9Z-octadecadienoic acid	-	-	-	-	-	-	-		-	-		-	-	-					CHEBI:82749	CHEBI:82749	CHEBI:82749	CHEBI:82749									CHEBI:78705	CHEBI:78705,CHEBI:82749							CHEBI:78705,CHEBI:82749						CHEBI:15904	R-HSA-1369062,R-HSA-192456,R-HSA-3000471,R-HSA-390247,R-HSA-5684045,R-HSA-77289,R-HSA-8963901,R-HSA-8964058,R-HSA-975634	9
DG(16:0/22:4(7Z,10Z,13Z,16Z)/0:0)	RM0133295	C41H72O5	644.5380	Glycerolipids	Diradylglycerols	DAG	9543803	CHEBI:84405	HMDB0007118	LMGL02010138		OJVQSHJQMGRSFT-GPQLOSGLSA-N	CCCCC/C=CC/C=CC/C=CC/C=CCCCCCC(=O)O[C@@H](CO)COC(=O)CCCCCCCCCCCCCCC	DG 16:0/22:4(7Z,10Z,13Z,16Z)/0:0								CHEBI:84405										CHEBI:84405							CHEBI:84405						CHEBI:17815	R-HSA-114508,R-HSA-114516,R-HSA-114604,R-HSA-1169091,R-HSA-1169092,R-HSA-1250196,R-HSA-139853,R-HSA-1482883,R-HSA-1483191,R-HSA-1483206,R-HSA-1483213,R-HSA-1489509,R-HSA-162710,R-HSA-163560,R-HSA-1660661,R-HSA-1855204,R-HSA-2029485,R-HSA-2179392,R-HSA-3000170,R-HSA-354192,R-HSA-392517,R-HSA-399997,R-HSA-4086398,R-HSA-416476,R-HSA-416993,R-HSA-418217,R-HSA-418597,R-HSA-419408,R-HSA-426048,R-HSA-434316,R-HSA-4419969,R-HSA-5099900,R-HSA-5218921,R-HSA-5673001,R-HSA-75109,R-HSA-76005,R-HSA-9717207,R-HSA-983695	38
Omeprazole	RM0053150	C17H19N3O3S	345.1147	Organoheterocyclic compounds	Benzimidazoles	Sulfinylbenzimidazoles	9579578	CHEBI:77262	HMDB0014874			SUBDBMMJDZJVOS-XMMPIXPASA-N	Cc1cnc(C[S@@](=O)c2[nH]c3ccc(cc3n2)OC)c(C)c1OC	Omeprazole					CHEBI:7772	CHEBI:7772	CHEBI:7772	CHEBI:7772,CHEBI:77262	C07324	C07324	C07324	C07324	CHEBI:7772	R-HSA-211981			CHEBI:50275,CHEBI:77264	CHEBI:7772,CHEBI:50275,CHEBI:77262,CHEBI:77264	C07324	CHEBI:7772,CHEBI:50275	R-HSA-211981,R-HSA-936837				CHEBI:7772,CHEBI:50275,CHEBI:77262,CHEBI:77264	C07324	CHEBI:7772,CHEBI:50275	R-HSA-211981,R-HSA-936837					0
2-Hydroxy-C18-cerebroside	-	-	-	-	-	-	-		-	-		-	-	-																																	0
Saponin H	-	-	-	-	-	-	-		-	-		-	-	-					CHEBI:172784	CHEBI:172784	CHEBI:172784	CHEBI:172784										CHEBI:172784							CHEBI:172784						CHEBI:18059	R-HSA-1222556,R-HSA-1369062,R-HSA-5682294,R-HSA-804914,R-HSA-8941413	5
HEUDELOTTIN C	-	-	-	-	-	-	-		-	-		-	-	-					CHEBI:188279	CHEBI:188279	CHEBI:188279	CHEBI:188279										CHEBI:188279							CHEBI:188279						CHEBI:18059	R-HSA-1222556,R-HSA-1369062,R-HSA-5682294,R-HSA-804914,R-HSA-8941413	5
LysoPC(P-18:0)	RM0133230	C26H54NO6P	507.3689	Glycerophospholipids	Glycerophosphocholines	O-LPC								LPC P-18:0					CHEBI:137889,CHEBI:133662	CHEBI:137889,CHEBI:137889,CHEBI:133662	CHEBI:137889,CHEBI:133662	CHEBI:133662,CHEBI:137889										CHEBI:133662,CHEBI:137889						CHEBI:88779	CHEBI:88779,CHEBI:133662,CHEBI:137889						CHEBI:16247,CHEBI:36313	R-HSA-1482788,R-HSA-1483206,R-HSA-202733,R-HSA-2168880,R-HSA-3000471,R-HSA-3000480,R-HSA-3000484,R-HSA-3000497,R-HSA-432142,R-HSA-5686938,R-HSA-8856825,R-HSA-8856828,R-HSA-8866423,R-HSA-8963888,R-HSA-8963896,R-HSA-8963901,R-HSA-8964011,R-HSA-8964026,R-HSA-8964038,R-HSA-8964041,R-HSA-8964046,R-HSA-8964058,R-HSA-8964572,R-HSA-9615710,R-HSA-9707616,R-HSA-975634,R-HSA-9918432,R-HSA-9918481,R-HSA-9918487,R-HSA-9920588,R-HSA-9920951	31
Tautomycetin	-	-	-	-	-	-	-		-	-		-	-	-					CHEBI:185968	CHEBI:185968	CHEBI:185968	CHEBI:185968										CHEBI:185968							CHEBI:185968						CHEBI:18059	R-HSA-1222556,R-HSA-1369062,R-HSA-5682294,R-HSA-804914,R-HSA-8941413	5
bacteriohopane-,32,33,34-triol-35-cyclitolguanine	-	-	-	-	-	-	-		-	-		-	-	-					CHEBI:188188	CHEBI:188188	CHEBI:188188	CHEBI:188188										CHEBI:188188							CHEBI:188188						CHEBI:18059	R-HSA-1222556,R-HSA-1369062,R-HSA-5682294,R-HSA-804914,R-HSA-8941413	5
Allocholic acid	RM0135812	C24H40O5	408.2876	Sterol Lipids	Bile acids	C24 bile acids	160636	CHEBI:81308	HMDB0000505	LMST04010092	C17737	BHQCQFFYRZLCQQ-PGHAKIONSA-N	C[C@H](CCC(=O)O)[C@H]1CC[C@H]2[C@H]3[C@H](C[C@@H]([C@]12C)O)[C@@]1(C)CC[C@H](C[C@@H]1C[C@H]3O)O	Allocholic acid			C17737	map00121	CHEBI:81308	CHEBI:81308	CHEBI:81308	CHEBI:81308	C17737	C17737	C17737	C17737			C17737	map00121	CHEBI:137661	CHEBI:81308,CHEBI:137661	C17737			C17737	map00121		CHEBI:81308,CHEBI:137661	C17737			C17737	map00121	CHEBI:30879,CHEBI:35341	R-HSA-1483166,R-HSA-196071,R-HSA-2022377,R-HSA-8935690	4
DG(12:0/16:0/0:0)[iso2]	RM0174191	C31H60O5	512.4441	Glycerolipids	Diradylglycerols	DAG	14275223		HMDB0093067	LMGL02010331		PMJWTCJLKHWHHE-LJAQVGFWSA-N	CCCCCCCCCCCCCCCC(=O)O[C@@H](CO)COC(=O)CCCCCCCCCCC	DG 12:0/16:0/0:0					CHEBI:188029	CHEBI:188029	CHEBI:188029	CHEBI:188029										CHEBI:188029							CHEBI:188029						CHEBI:18035	R-HSA-112043,R-HSA-1250196,R-HSA-192456,R-HSA-202424,R-HSA-202433,R-HSA-2029485,R-HSA-2871809,R-HSA-2871837,R-HSA-418890,R-HSA-5218921,R-HSA-5607764,R-HSA-6809371,R-HSA-8963889,R-HSA-8963901,R-HSA-8964058,R-HSA-9027277,R-HSA-9648002,R-HSA-9664323,R-HSA-9680350,R-HSA-975634	20
Myristic acid	RM0153483	C14H28O2	228.2089	Fatty Acyls	Fatty acids	Saturated FA	11005	CHEBI:28875	HMDB0000806	LMFA01010014	C06424	TUNFSRHWOTWDNC-UHFFFAOYSA-N	CCCCCCCCCCCCCC(=O)O	Myristic acid	CHEBI:28875	R-HSA-112310,R-HSA-381771,R-HSA-416476,R-HSA-444209,R-HSA-5619108,R-HSA-804914	C06424	map01100,map00061	CHEBI:28875,CHEBI:28875,CHEBI:28875	CHEBI:28875,CHEBI:28875,CHEBI:28875	CHEBI:28875,CHEBI:28875,CHEBI:28875	CHEBI:28875	C06424	C06424	C06424	C06424	CHEBI:28875	R-HSA-112310,R-HSA-381771,R-HSA-416476,R-HSA-444209,R-HSA-5619108,R-HSA-804914	C06424	map01100,map00061	CHEBI:30807	CHEBI:28875,CHEBI:30807	C06424	CHEBI:28875	R-HSA-112310,R-HSA-381771,R-HSA-416476,R-HSA-444209,R-HSA-5619108,R-HSA-804914	C06424	map01100,map00061		CHEBI:28875,CHEBI:30807	C06424	CHEBI:28875	R-HSA-112310,R-HSA-381771,R-HSA-416476,R-HSA-444209,R-HSA-5619108,R-HSA-804914	C06424	map01100,map00061			0
Gibberellin A75	-	-	-	-	-	-	-		-	-		-	-	-					CHEBI:169089	CHEBI:169089	CHEBI:169089	CHEBI:169089										CHEBI:169089							CHEBI:169089						CHEBI:33575	R-HSA-6809371	1
Polyethylene, oxidized	-	-	-	-	-	-	-		-	-		-	-	-					CHEBI:168411	CHEBI:168411	CHEBI:168411	CHEBI:168411										CHEBI:168411							CHEBI:168411						CHEBI:33575	R-HSA-6809371	1
PI(16:0/22:5(4Z,7Z,10Z,13Z,16Z))	-	-	-	-	-	-	-		-	-		-	-	-					CHEBI:88418	CHEBI:88418	CHEBI:88418	CHEBI:88418										CHEBI:88418							CHEBI:88418						CHEBI:28874	R-HSA-198933	1
Moxifloxacin	RM0161069	C21H24FN3O4	401.1751	Alkaloids	Anthranilic acid alkaloids	Acridone alkaloids	152946	CHEBI:63611	HMDB0014363		C07663	FABPRXSRWADJSP-MEDUHNTESA-N	COc1c2c(cc(c1N1C[C@@H]3CCCN[C@@H]3C1)F)c(=O)c(cn2C1CC1)C(=O)O	Moxifloxacin			C07663	map02010	CHEBI:63611,CHEBI:63611	CHEBI:63611,CHEBI:63611	CHEBI:63611,CHEBI:63611	CHEBI:63611	C07663	C07663	C07663	C07663			C07663	map02010	CHEBI:63699	CHEBI:63611,CHEBI:63699	C07663			C07663	map02010		CHEBI:63611,CHEBI:63699	C07663			C07663	map02010	CHEBI:33575	R-HSA-6809371	1
PE(19:1(9Z)/0:0)	RM0161556	C24H46NO8P	507.2961	Glycerophospholipids	Glycerophosphoethanolamines	LPE	52925138	CHEBI:138539		LMGP02050019		QXOXODCLNBXHKD-ZXEGGCGDSA-N	CCCCCCCCC/C=C\CCCCCCCC(=O)OC[C@H](COP(=O)(O)OCCN)O	LPE 19:1(9Z)/0:0					CHEBI:138539	CHEBI:138539	CHEBI:138539	CHEBI:138539										CHEBI:138539							CHEBI:138539						CHEBI:36314	R-HSA-1482788	1
14-O-(beta-D-glucopyranosyl)-7S,14R-dihydroxy-7,9,13,17-tetramethyl-2E,4E,8E,10E,12E,16E-octadecahexaenoic acid	-	-	-	-	-	-	-		-	-		-	-	-					CHEBI:183617	CHEBI:183617	CHEBI:183617	CHEBI:183617										CHEBI:183617							CHEBI:183617						CHEBI:16412	R-HSA-1236974,R-HSA-140534,R-HSA-166016,R-HSA-166020,R-HSA-166058,R-HSA-166166,R-HSA-2562578,R-HSA-3000471,R-HSA-3000480,R-HSA-5602498,R-HSA-5603041,R-HSA-5686938,R-HSA-6803157,R-HSA-936964,R-HSA-937041,R-HSA-937072,R-HSA-975163,R-HSA-9824878,R-HSA-9948001,R-HSA-9948011,R-HSA-9953170,R-HSA-9956593	22
Isomaltose	RM0138945	C12H22O11	342.1162	Carbohydrates	Disaccharides	Disaccharides	439193	CHEBI:28189	HMDB0002923		C00252	DLRVVLDZNNYCBX-RTPHMHGBSA-N	C([C@@H]1[C@H]([C@@H]([C@H]([C@@H](OC[C@@H]2[C@H]([C@@H]([C@H](C(O)O2)O)O)O)O1)O)O)O)O	Isomaltose	CHEBI:28189	R-HSA-189085,R-HSA-5659898	C00252	map01100,map00500	CHEBI:28189,CHEBI:28189	CHEBI:28189,CHEBI:28189	CHEBI:28189,CHEBI:28189	CHEBI:28189	C00252	C00252	C00252	C00252	CHEBI:28189	R-HSA-189085,R-HSA-5659898	C00252	map01100,map00500		CHEBI:28189	C00252	CHEBI:28189	R-HSA-189085,R-HSA-5659898	C00252	map01100,map00500		CHEBI:28189	C00252	CHEBI:28189	R-HSA-189085,R-HSA-5659898	C00252	map01100,map00500			0
Isovalerylglycine	RM0012553	C7H13NO3	159.0895	Organic acids	Amino acids and peptides	Amino acids	546304	CHEBI:70984	HMDB0000678			ZRQXMKMBBMNNQC-UHFFFAOYSA-N	CC(C)CC(=O)NCC(=O)O	Isovalerylglycine					CHEBI:70984	CHEBI:70984	CHEBI:70984	CHEBI:70984									CHEBI:133611	CHEBI:70984,CHEBI:133611							CHEBI:70984,CHEBI:133611						CHEBI:33575	R-HSA-6809371	1
Nonadecylic acid	RM0153575	C19H38O2	298.2872	Fatty Acyls	Fatty acids	Saturated FA	12591	CHEBI:39246	HMDB0000772	LMFA01010019	C16535	ISYWECDDZWTKFF-UHFFFAOYSA-N	CCCCCCCCCCCCCCCCCCC(=O)O	Nonadecylic acid					CHEBI:39246,CHEBI:39246	CHEBI:39246,CHEBI:39246	CHEBI:39246,CHEBI:39246	CHEBI:39246	C16535	C16535	C16535	C16535					CHEBI:78796	CHEBI:39246,CHEBI:78796	C16535						CHEBI:39246,CHEBI:78796	C16535					CHEBI:15904	R-HSA-1369062,R-HSA-192456,R-HSA-3000471,R-HSA-390247,R-HSA-5684045,R-HSA-77289,R-HSA-8963901,R-HSA-8964058,R-HSA-975634	9
3-keto-n-caprylic acid	-	-	-	-	-	-	-		-	-		-	-	-					CHEBI:44680	CHEBI:44680	CHEBI:44680	CHEBI:44680										CHEBI:44680							CHEBI:44680						CHEBI:35366	R-HSA-1482883,R-HSA-167826,R-HSA-422085,R-HSA-426048,R-HSA-6809371,R-HSA-6811436,R-HSA-8963889,R-HSA-8964038	8
PC(O-14:0/2:0)	RM0162778	C24H50NO7P	495.3325	Glycerophospholipids	Glycerophosphocholines	O-PC	10553288	CHEBI:78101		LMGP01020019		HEALIQQDEGDSLS-XMMPIXPASA-N	CCCCCCCCCCCCCCOC[C@H](COP(=O)([O-])OCC[N+](C)(C)C)OC(=O)C	PC O-14:0/2:0					CHEBI:78101	CHEBI:78101	CHEBI:78101	CHEBI:78101										CHEBI:78101							CHEBI:78101						CHEBI:36313	R-HSA-1482788	1
10-Hydroxyloganin	-	-	-	-	-	-	-		-	-		-	-	-					CHEBI:705	CHEBI:705	CHEBI:705	CHEBI:705	C11659	C11659	C11659	C11659						CHEBI:705	C11659						CHEBI:705	C11659					CHEBI:18059	R-HSA-1222556,R-HSA-1369062,R-HSA-5682294,R-HSA-804914,R-HSA-8941413	5
PI(18:2(9Z,12Z)/0:0)	RM0133448	C27H49O12P	596.2962	Glycerophospholipids	Glycerophosphoinositols	LPI								LPI 18:2(9Z,12Z)/0:0					CHEBI:133077	CHEBI:133077	CHEBI:133077	CHEBI:133077									CHEBI:133080	CHEBI:133077,CHEBI:133080							CHEBI:133077,CHEBI:133080						CHEBI:28914	R-HSA-1482922	1
Pelargonidin	RM0135179	C15H11O5	271.0607	Polyketides	Flavonoids	Anthocyanidins	440832	CHEBI:25863	HMDB0003263	LMPK12010003	C05904	XVFMGWDSJLBXDZ-UHFFFAOYSA-O	c1cc(ccc1c1c(cc2c(cc(cc2[o+]1)O)O)O)O	Pelargonidin			C05904	map01100,map01110,map00941,map00942	CHEBI:144777,CHEBI:25863,CHEBI:28510	CHEBI:144777,CHEBI:25863,CHEBI:28510	CHEBI:144777,CHEBI:25863,CHEBI:28510	CHEBI:25863,CHEBI:28510,CHEBI:144777	C05904	C05904	C05904	C05904			C05904	map01100,map01110,map00941,map00942		CHEBI:25863,CHEBI:28510,CHEBI:144777	C05904			C05904	map01100,map01110,map00941,map00942		CHEBI:25863,CHEBI:28510,CHEBI:144777	C05904			C05904	map01100,map01110,map00941,map00942	CHEBI:25696,CHEBI:36916	R-HSA-382556,R-HSA-428643,R-HSA-5690338,R-HSA-936837	4
2-Methoxyestradiol-17beta 3-sulfate	-	-	-	-	-	-	-		-	-		-	-	-					CHEBI:1188	CHEBI:1188	CHEBI:1188	CHEBI:1188	C08359	C08359	C08359	C08359			C08359	map00140		CHEBI:1188	C08359			C08359	map00140		CHEBI:1188	C08359			C08359	map00140	CHEBI:35341	R-HSA-196071	1
Eremopetasitenin A2	-	-	-	-	-	-	-		-	-		-	-	-					CHEBI:169680	CHEBI:169680	CHEBI:169680	CHEBI:169680										CHEBI:169680							CHEBI:169680								0
Armillarin	-	-	-	-	-	-	-		-	-		-	-	-					CHEBI:171676	CHEBI:171676	CHEBI:171676	CHEBI:171676										CHEBI:171676							CHEBI:171676						CHEBI:18059	R-HSA-1222556,R-HSA-1369062,R-HSA-5682294,R-HSA-804914,R-HSA-8941413	5
Talampicillin	RM0118291	C24H23N3O6S	481.1308	Organoheterocyclic compounds	Beta lactams	Penicillins	71447	CHEBI:9391	HMDB0258686			SOROUYSPFADXSN-SUWVAFIASA-N	CC1(C)[C@H](C(=O)OC2c3ccccc3C(=O)O2)N2C(=O)[C@H]([C@H]2S1)NC(=O)[C@@H](c1ccccc1)N	Talampicillin					CHEBI:9391,CHEBI:9391	CHEBI:9391,CHEBI:9391	CHEBI:9391,CHEBI:9391	CHEBI:9391	C11751,C13978	C11751,C13978	C11751,C13978	C11751,C13978						CHEBI:9391	C11751,C13978						CHEBI:9391	C11751,C13978							0
18-carboxy dinor Leukotriene B4	RM0154219	C18H26O6	338.1729	Fatty Acyls	Eicosanoids	Leukotrienes	6438938	CHEBI:63980	HMDB0062301	LMFA01170145		XWRIIHRGMKHPHN-USRRKILKSA-N	C(=C\C=C/[C@H](CCCC(=O)O)O)/C=C/[C@@H](C/C=C\CCC(=O)O)O	18-Carboxy-dinor-LTB4	CHEBI:63980	R-HSA-2142691			CHEBI:174554	CHEBI:174554	CHEBI:174554	CHEBI:63980,CHEBI:174554					CHEBI:63980	R-HSA-2142691				CHEBI:63980,CHEBI:174554		CHEBI:63980	R-HSA-2142691				CHEBI:63980,CHEBI:174554		CHEBI:63980	R-HSA-2142691					0
Austalide G	-	-	-	-	-	-	-		-	-		-	-	-					CHEBI:171674	CHEBI:171674	CHEBI:171674	CHEBI:171674										CHEBI:171674							CHEBI:171674								0
Ptilosteroid B	-	-	-	-	-	-	-		-	-		-	-	-					CHEBI:187970	CHEBI:187970	CHEBI:187970	CHEBI:187970										CHEBI:187970							CHEBI:187970						CHEBI:35341	R-HSA-196071	1
17beta-Estradiol 3-(beta-D-glucuronide)	-	-	-	-	-	-	-		-	-		-	-	-					CHEBI:36489	CHEBI:36489	CHEBI:36489	CHEBI:36489	C05503	C05503	C05503	C05503			C05503	map00140,map04976	CHEBI:136641	CHEBI:36489,CHEBI:136641	C05503			C05503	map00140,map04976		CHEBI:36489,CHEBI:136641	C05503			C05503	map00140,map04976	CHEBI:35341	R-HSA-196071	1
Carbamoyl phosphate	RM0136057	CH4NO5P	140.9827	Organic acids	Organic phosphoric acids	Organic phosphoric acids	278	CHEBI:17672	HMDB0001096		C00169	FFQKYPRQEYGKAF-UHFFFAOYSA-N	C(=O)(N)OP(=O)(O)O	Carbamoylphosphate			C00169	map01100,map01110,map01120,map01200,map01230,map01240,map00910,map00230,map00240,map00250,map00220	CHEBI:17672,CHEBI:17672,CHEBI:58228	CHEBI:17672,CHEBI:17672,CHEBI:58228	CHEBI:17672,CHEBI:58228	CHEBI:17672,CHEBI:58228	C00169	C00169	C00169	C00169	CHEBI:58228	R-HSA-500753,R-HSA-70635,R-HSA-9956553	C00169	map01100,map01110,map01120,map01200,map01230,map01240,map00910,map00230,map00240,map00250,map00220		CHEBI:17672,CHEBI:58228	C00169	CHEBI:58228	R-HSA-500753,R-HSA-70635,R-HSA-9956553	C00169	map01100,map01110,map01120,map01200,map01230,map01240,map00910,map00230,map00240,map00250,map00220		CHEBI:17672,CHEBI:58228	C00169	CHEBI:58228	R-HSA-500753,R-HSA-70635,R-HSA-9956553	C00169	map01100,map01110,map01120,map01200,map01230,map01240,map00910,map00230,map00240,map00250,map00220			0
Sulfamethoxazole glucuronide	-	-	-	-	-	-	-		-	-		-	-	-																																	0
PE(16:0/0:0)	RM0163373	C21H44NO7P	453.2855	Glycerophospholipids	Glycerophosphoethanolamines	LPE								LPE 16:0/0:0					CHEBI:132926,CHEBI:73004,CHEBI:73134	CHEBI:73134,CHEBI:132926,CHEBI:73004	CHEBI:73134,CHEBI:132926,CHEBI:73004	CHEBI:73004,CHEBI:73134,CHEBI:132926									CHEBI:131743	CHEBI:73004,CHEBI:73134,CHEBI:131743,CHEBI:132926							CHEBI:73004,CHEBI:73134,CHEBI:131743,CHEBI:132926						CHEBI:29017	R-HSA-1482798,R-HSA-1482839,R-HSA-1483152	3
Estrone 3-glucuronide	RM0135836	C24H30O8	446.1941	Sterol Lipids	Steroids	C18 Steroids	115255	CHEBI:28919	HMDB0004483	LMST05010011	C11133	FJAZVHYPASAQKM-JBAURARKSA-N	C[C@]12CC[C@@H]3c4ccc(cc4CC[C@H]3[C@@H]1CCC2=O)O[C@H]1[C@@H]([C@H]([C@@H]([C@@H](C(=O)O)O1)O)O)O	Estrone 3-glucuronide			C11133	map00140	CHEBI:28919	CHEBI:28919	CHEBI:28919	CHEBI:28919	C11133	C11133	C11133	C11133			C11133	map00140	CHEBI:136634	CHEBI:28919,CHEBI:136634	C11133			C11133	map00140		CHEBI:28919,CHEBI:136634	C11133			C11133	map00140	CHEBI:35341	R-HSA-196071	1
PS(15:0/20:0)	-	-	-	-	-	-	-		-	-		-	-	-					CHEBI:187988	CHEBI:187988	CHEBI:187988	CHEBI:187988										CHEBI:187988							CHEBI:187988						CHEBI:16247	R-HSA-1483206,R-HSA-202733,R-HSA-2168880,R-HSA-3000471,R-HSA-3000480,R-HSA-3000484,R-HSA-3000497,R-HSA-432142,R-HSA-5686938,R-HSA-8856825,R-HSA-8856828,R-HSA-8866423,R-HSA-8963888,R-HSA-8963896,R-HSA-8963901,R-HSA-8964011,R-HSA-8964026,R-HSA-8964038,R-HSA-8964041,R-HSA-8964046,R-HSA-8964058,R-HSA-8964572,R-HSA-9615710,R-HSA-9707616,R-HSA-975634,R-HSA-9918432,R-HSA-9918481,R-HSA-9918487,R-HSA-9920588,R-HSA-9920951	30
methyl 8-[2-(2-formyl-vinyl)-3-hydroxy-5-oxo-cyclopentyl]-octanoate	-	-	-	-	-	-	-		-	-		-	-	-					CHEBI:143034	CHEBI:143034	CHEBI:143034	CHEBI:143034										CHEBI:143034							CHEBI:143034						CHEBI:18059	R-HSA-1222556,R-HSA-1369062,R-HSA-5682294,R-HSA-804914,R-HSA-8941413	5
Cer(d16:2(4E,6E)/22:1(13Z)(2OH))	-	-	-	-	-	-	-		-	-		-	-	-					CHEBI:187305	CHEBI:187305	CHEBI:187305	CHEBI:187305										CHEBI:187305							CHEBI:187305						CHEBI:17761	R-HSA-6809371	1
3-Sulfinoalanine	RM0136787	C3H7NO4S	153.0096	Organic acids	Amino acids and peptides	Amino acids	1549098	CHEBI:16345	HMDB0000996		C00606	ADVPTQAUNPRNPO-REOHCLBHSA-N	C([C@@H](C(=O)O)N)S(=O)O	3-Sulfino-alanine			C00606	map01100,map00270,map00430	CHEBI:16345,CHEBI:16345	CHEBI:16345,CHEBI:16345	CHEBI:16345	CHEBI:16345	C00606	C00606	C00606	C00606			C00606	map01100,map00270,map00430	CHEBI:41721,CHEBI:61085,CHEBI:224037	CHEBI:16345,CHEBI:41721,CHEBI:61085,CHEBI:224037	C00606	CHEBI:61085	R-HSA-1614558,R-HSA-1614558,R-HSA-8963693	C00606	map01100,map00270,map00430		CHEBI:16345,CHEBI:41721,CHEBI:61085,CHEBI:224037	C00606	CHEBI:61085	R-HSA-1614558,R-HSA-1614558,R-HSA-8963693	C00606	map01100,map00270,map00430			0
NONOXYNOL-9	RM0136615	C33H60O10	616.4186	Organic oxygen compounds	Ethers	Ethers	72385	CHEBI:53775	HMDB0015680			FBWNMEQMRUMQSO-UHFFFAOYSA-N	CCCCCCCCCc1ccc(cc1)OCCOCCOCCOCCOCCOCCOCCOCCOCCO	Nonoxynol-9								CHEBI:53775										CHEBI:53775							CHEBI:53775						CHEBI:30879	R-HSA-1483166,R-HSA-2022377,R-HSA-8935690	3
DIMETHYL 4,4-o-PHENYLENE-BIS (3-THIOPHANATE)	-	-	-	-	-	-	-		-	-		-	-	-																																	0
Sumatriptan	RM0159393	C14H21N3O2S	295.1354	Alkaloids	Tryptophan alkaloids	Tryptamines	5358	CHEBI:10650	HMDB0005037		C07319	KQKPFRSPSRPDEB-UHFFFAOYSA-N	CNS(=O)(=O)Cc1ccc2c(c1)c(CCN(C)C)c[nH]2	Sumatriptan	CHEBI:10650	R-HSA-390666			CHEBI:10650	CHEBI:10650	CHEBI:10650	CHEBI:10650	C07319	C07319	C07319	C07319	CHEBI:10650	R-HSA-390666			CHEBI:64364	CHEBI:10650,CHEBI:64364	C07319	CHEBI:10650	R-HSA-390666				CHEBI:10650,CHEBI:64364	C07319	CHEBI:10650	R-HSA-390666					0
MG(16:0/0:0/0:0)	RM0075518	C19H38O4	330.2770	Glycerolipids	Monoradylglycerols	MAG	3084463	CHEBI:75542	HMDB0011564	LMGL01010009		QHZLMUACJMDIAE-SFHVURJKSA-N	CCCCCCCCCCCCCCCC(=O)OC[C@H](CO)O	MG 16:0/0:0/0:0						CHEBI:75542	CHEBI:75542	CHEBI:75542									CHEBI:64757	CHEBI:64757,CHEBI:75542							CHEBI:64757,CHEBI:75542						CHEBI:17408	R-HSA-1482883,R-HSA-1483206,R-HSA-192456,R-HSA-6814848	4
Naringenin	RM0128467	C15H12O5	272.0685	Polyketides	Flavonoids	Flavanones	439246	CHEBI:17846	HMDB0002670	LMPK12140001	C00509	FTVWIRXFELQLPI-ZDUSSCGKSA-N	c1cc(ccc1[C@@H]1CC(=O)c2c(cc(cc2O1)O)O)O	Naringenin			C00509	map01100,map01110,map00941,map00943,map00946,map01061	CHEBI:17846,CHEBI:17846,CHEBI:50202	CHEBI:17846,CHEBI:17846,CHEBI:50202	CHEBI:17846,CHEBI:17846,CHEBI:50202	CHEBI:17846,CHEBI:50202	C00509	C00509	C00509	C00509			C00509	map01100,map01110,map00941,map00943,map00946,map01061	CHEBI:50201,CHEBI:58292	CHEBI:17846,CHEBI:50201,CHEBI:50202,CHEBI:58292	C00509			C00509	map01100,map01110,map00941,map00943,map00946,map01061		CHEBI:17846,CHEBI:50201,CHEBI:50202,CHEBI:58292	C00509			C00509	map01100,map01110,map00941,map00943,map00946,map01061			0
Amoxicillin(hydrolyzed form)	-	-	-	-	-	-	-		-	-		-	-	-																																	0
Taurocholic acid	RM0033602	C26H45NO7S	515.2917	Sterol Lipids	Bile acids	C24 bile acids	6675	CHEBI:28865	HMDB0000036	LMST05040001	C05122	WBWWGRHZICKQGZ-HZAMXZRMSA-N	C[C@H](CCC(=O)NCCS(=O)(=O)O)[C@H]1CC[C@H]2[C@H]3[C@H](C[C@@H]([C@]12C)O)[C@@]1(C)CC[C@H](C[C@H]1C[C@H]3O)O	Taurocholic acid			C05122	map01100,map00120,map00121,map00430,map04976,map04979	CHEBI:28865,CHEBI:28865	CHEBI:28865,CHEBI:28865	CHEBI:28865,CHEBI:28865	CHEBI:28865	C05122	C05122	C05122	C05122			C05122	map01100,map00120,map00121,map00430,map04976,map04979	CHEBI:36257	CHEBI:28865,CHEBI:36257	C05122	CHEBI:36257	R-HSA-159418,R-HSA-192456,R-HSA-193368,R-HSA-5678520,R-HSA-879518	C05122	map01100,map00120,map00121,map00430,map04976,map04979		CHEBI:28865,CHEBI:36257	C05122	CHEBI:36257	R-HSA-159418,R-HSA-192456,R-HSA-193368,R-HSA-5678520,R-HSA-879518	C05122	map01100,map00120,map00121,map00430,map04976,map04979			0
MG(0:0/22:6(4Z,7Z,10Z,13Z,16Z,19Z)/0:0)	-	-	-	-	-	-	-		-	-		-	-	-					CHEBI:186738	CHEBI:186738	CHEBI:186738	CHEBI:186738										CHEBI:186738							CHEBI:186738						CHEBI:17389	R-HSA-1482883,R-HSA-163560,R-HSA-75109	3
3,4,5-Trimethoxycinnamic acid	RM0043008	C12H14O5	238.0841	Organic acids	Phenylpropanoids	Cinnamic acids	735755	CHEBI:228320	HMDB0002511			YTFVRYKNXDADBI-SNAWJCMRSA-N	COc1cc(/C=C/C(=O)O)cc(c1OC)OC	3,4,5-Trimethoxycinnamic acid					CHEBI:566519	CHEBI:566519	CHEBI:566519	CHEBI:228320,CHEBI:566519									CHEBI:58949	CHEBI:58949,CHEBI:228320,CHEBI:566519							CHEBI:58949,CHEBI:228320,CHEBI:566519						CHEBI:33575	R-HSA-6809371	1
5-hydroperoxy-7-[3,5-epidioxy-2-(2-octenyl)-cyclopentyl]-6-heptenoic acid	-	-	-	-	-	-	-		-	-		-	-	-					CHEBI:185277	CHEBI:185277	CHEBI:185277	CHEBI:185277										CHEBI:185277							CHEBI:185277						CHEBI:64009	R-HSA-3000471,R-HSA-3000480,R-HSA-3000484,R-HSA-5686938	4
5'-Hydroxysulfapyridine glucuronide	-	-	-	-	-	-	-		-	-		-	-	-																																	0
N-Butylscopolamine	-	-	-	-	-	-	-		-	-		-	-	-					CHEBI:145701	CHEBI:145701	CHEBI:145701	CHEBI:145701										CHEBI:145701							CHEBI:145701						CHEBI:36916	R-HSA-936837	1
(R)-1-O-[b-D-Glucopyranosyl-(1->6)-b-D-glucopyranoside]-1,3-octanediol	-	-	-	-	-	-	-		-	-		-	-	-					CHEBI:167932	CHEBI:167932	CHEBI:167932	CHEBI:167932										CHEBI:167932							CHEBI:167932								0
Amorphigenol	-	-	-	-	-	-	-		-	-		-	-	-					CHEBI:187689	CHEBI:187689	CHEBI:187689	CHEBI:187689										CHEBI:187689							CHEBI:187689								0
Physapruin B	-	-	-	-	-	-	-		-	-		-	-	-					CHEBI:169045	CHEBI:169045	CHEBI:169045	CHEBI:169045										CHEBI:169045							CHEBI:169045						CHEBI:35341	R-HSA-196071	1
Triricinolein	-	-	-	-	-	-	-		-	-		-	-	-					CHEBI:140471	CHEBI:140471	CHEBI:140471	CHEBI:140471										CHEBI:140471							CHEBI:140471						CHEBI:17855	R-HSA-1482883,R-HSA-163560,R-HSA-192456,R-HSA-202733,R-HSA-3000471,R-HSA-3000480,R-HSA-3000484,R-HSA-3000497,R-HSA-432142,R-HSA-5686938,R-HSA-6809371,R-HSA-75109,R-HSA-8856825,R-HSA-8856828,R-HSA-8866423,R-HSA-8963888,R-HSA-8963889,R-HSA-8963901,R-HSA-8964011,R-HSA-8964026,R-HSA-8964038,R-HSA-8964041,R-HSA-8964046,R-HSA-8964058,R-HSA-8964572,R-HSA-9707616,R-HSA-975634,R-HSA-9918432,R-HSA-9918481,R-HSA-9918487,R-HSA-9920588,R-HSA-9920951	32
2-amino-14,16-dimethyloctadecan-3-ol	RM0135475	C20H43NO	313.3345	Sphingolipids	Sphingoid bases	Sphingoid base analogs	10236627	CHEBI:168138		LMSP01080031		PRIXJBFEYXJGPF-UHFFFAOYSA-N	CCC(C)CC(C)CCCCCCCCCCC(C(C)N)O	2-Amino-14,16-dimethyloctadecan-3-ol					CHEBI:168138	CHEBI:168138	CHEBI:168138	CHEBI:168138										CHEBI:168138							CHEBI:168138						CHEBI:30879	R-HSA-1483166,R-HSA-2022377,R-HSA-8935690	3
2,3-Dinor-TXB1	RM0153939	C19H34O5	342.2406	Fatty Acyls	Eicosanoids	Thromboxanes	52921884	CHEBI:165348	HMDB0245413	LMFA03030012		URVGHNOQCRQJTD-MELXFHLESA-N	CCCCC[C@@H](/C=C/[C@H]1CC(C[C@@H]([C@@H]1CCCCC(=O)O)O)O)O	2,3-Dinor-TXB1					CHEBI:165348	CHEBI:165348	CHEBI:165348	CHEBI:165348										CHEBI:165348							CHEBI:165348						CHEBI:33575	R-HSA-6809371	1
Alpha-N-Phenylacetyl-L-glutamine	RM0056200	C13H16N2O4	264.1110	Organic acids	Amino acids and peptides	Amino acids	92258	CHEBI:17884	HMDB0006344		C04148	JFLIEFSWGNOPJJ-JTQLQIEISA-N	c1ccc(cc1)CC(=O)N[C@@H](CCC(=O)N)C(=O)O	alpha-N-Phenylacetylglutamine			C04148	map00360	CHEBI:17884	CHEBI:17884	CHEBI:17884	CHEBI:17884	C04148	C04148	C04148	C04148			C04148	map00360	CHEBI:58310	CHEBI:17884,CHEBI:58310	C04148	CHEBI:58310	R-HSA-177162	C04148	map00360		CHEBI:17884,CHEBI:58310	C04148	CHEBI:58310	R-HSA-177162	C04148	map00360			0
threo-Syringoylglycerol	-	-	-	-	-	-	-		-	-		-	-	-					CHEBI:191577	CHEBI:191577	CHEBI:191577	CHEBI:191577										CHEBI:191577							CHEBI:191577								0
PS(15:1(9Z)/18:2(9Z,12Z))	-	-	-	-	-	-	-		-	-		-	-	-					CHEBI:188093	CHEBI:188093	CHEBI:188093	CHEBI:188093										CHEBI:188093							CHEBI:188093						CHEBI:16247	R-HSA-1483206,R-HSA-202733,R-HSA-2168880,R-HSA-3000471,R-HSA-3000480,R-HSA-3000484,R-HSA-3000497,R-HSA-432142,R-HSA-5686938,R-HSA-8856825,R-HSA-8856828,R-HSA-8866423,R-HSA-8963888,R-HSA-8963896,R-HSA-8963901,R-HSA-8964011,R-HSA-8964026,R-HSA-8964038,R-HSA-8964041,R-HSA-8964046,R-HSA-8964058,R-HSA-8964572,R-HSA-9615710,R-HSA-9707616,R-HSA-975634,R-HSA-9918432,R-HSA-9918481,R-HSA-9918487,R-HSA-9920588,R-HSA-9920951	30
Physalolactone B 3-glucoside	-	-	-	-	-	-	-		-	-		-	-	-					CHEBI:188301	CHEBI:188301	CHEBI:188301	CHEBI:188301										CHEBI:188301							CHEBI:188301						CHEBI:35341	R-HSA-196071	1
13,14-dihydroxy-docosanoic acid	-	-	-	-	-	-	-		-	-		-	-	-					CHEBI:188210	CHEBI:188210	CHEBI:188210	CHEBI:188210										CHEBI:188210							CHEBI:188210						CHEBI:35366	R-HSA-1482883,R-HSA-167826,R-HSA-422085,R-HSA-426048,R-HSA-6809371,R-HSA-6811436,R-HSA-8963889,R-HSA-8964038	8
Anatoxin a(s)	-	-	-	-	-	-	-		-	-		-	-	-					CHEBI:188038	CHEBI:188038	CHEBI:188038	CHEBI:188038	C19998	C19998	C19998	C19998						CHEBI:188038	C19998						CHEBI:188038	C19998							0
6'-Dehydro-6'-oxoparomamine	-	-	-	-	-	-	-		-	-		-	-	-					CHEBI:65008	CHEBI:65008	CHEBI:65008	CHEBI:65008	C17583	C17583	C17583	C17583			C17583	map01110,map00524	CHEBI:65016	CHEBI:65008,CHEBI:65016	C17583			C17583	map01110,map00524		CHEBI:65008,CHEBI:65016	C17583			C17583	map01110,map00524			0
Apigenin 7-sulfate	RM0186819	C15H10O8S	350.0096	Polyketides	Flavonoids	Flavones	14016776		HMDB0037851	LMPK12110431		UQUHXFINOFUDCC-UHFFFAOYSA-N	c1cc(ccc1c1cc(=O)c2c(cc(cc2o1)OS(=O)(=O)O)O)O	Apigenin 7-sulfate					CHEBI:176364	CHEBI:176364	CHEBI:176364	CHEBI:176364										CHEBI:176364							CHEBI:176364								0
Cobalt-precorrin 3	-	-	-	-	-	-	-		-	-		-	-	-					CHEBI:3791	CHEBI:3791	CHEBI:3791	CHEBI:3791	C11539	C11539	C11539	C11539					CHEBI:60060	CHEBI:3791,CHEBI:60060	C11539						CHEBI:3791,CHEBI:60060	C11539							0
PS(12:0/12:0)	RM0095705	C30H58NO10P	623.3798	Glycerophospholipids	Glycerophosphoserines	PS	9547089	CHEBI:65247		LMGP03010027		RHODCGQMKYNKED-SXOMAYOGSA-N	CCCCCCCCCCCC(=O)OC[C@H](COP(=O)(O)OC[C@@H](C(=O)O)N)OC(=O)CCCCCCCCCCC	PS 12:0/12:0					CHEBI:65224,CHEBI:65247	CHEBI:65224,CHEBI:65247	CHEBI:65224,CHEBI:65247	CHEBI:65224,CHEBI:65247										CHEBI:65224,CHEBI:65247							CHEBI:65224,CHEBI:65247						CHEBI:11750,CHEBI:62643	R-HSA-114516,R-HSA-1169091,R-HSA-1250196,R-HSA-1461957,R-HSA-1462054,R-HSA-1482801,R-HSA-1483101,R-HSA-1483213,R-HSA-198933,R-HSA-3000471,R-HSA-3000480,R-HSA-3000497,R-HSA-4086398,R-HSA-416993,R-HSA-418597,R-HSA-5099900,R-HSA-6803157,R-HSA-76005,R-HSA-936837,R-HSA-9918476,R-HSA-9918485,R-HSA-9920588	22
22-deoxy-20,21-dihydroxyecdysone	-	-	-	-	-	-	-		-	-		-	-	-					CHEBI:19804	CHEBI:19804	CHEBI:19804	CHEBI:19804										CHEBI:19804							CHEBI:19804						CHEBI:35341	R-HSA-196071	1
L-2-Hydroxyglutaric acid	RM0153554	C5H8O5	148.0372	Fatty Acyls	Fatty acids	Dicarboxylic acids	43	CHEBI:17084	HMDB0059655	LMFA01050483	C02630	HWXBTNAVRSUOJR-UHFFFAOYSA-N	C(CC(=O)O)C(C(=O)O)O	2-Hydroxyglutaric acid			C02630	map01100,map00650,map00660	CHEBI:17084	CHEBI:17084	CHEBI:17084	CHEBI:17084	C02630	C02630	C02630	C02630			C02630	map01100,map00650,map00660	CHEBI:11596,CHEBI:36149	CHEBI:11596,CHEBI:17084,CHEBI:36149	C02630			C02630	map01100,map00650,map00660	CHEBI:15801,CHEBI:16782,CHEBI:32796,CHEBI:32797	CHEBI:11596,CHEBI:15801,CHEBI:16782,CHEBI:17084,CHEBI:32796,CHEBI:32797,CHEBI:36149	C01087,C02630,C03196	CHEBI:15801,CHEBI:16782	R-HSA-2978092,R-HSA-880009,R-HSA-880009	C01087,C02630,C03196	map01100,map01120,map00310,map01100,map00650,map00660,map01100,map01120,map00310			0
5,6-dihydroxy stearic acid	-	-	-	-	-	-	-		-	-		-	-	-					CHEBI:187949	CHEBI:187949	CHEBI:187949	CHEBI:187949										CHEBI:187949							CHEBI:187949						CHEBI:15904	R-HSA-1369062,R-HSA-192456,R-HSA-3000471,R-HSA-390247,R-HSA-5684045,R-HSA-77289,R-HSA-8963901,R-HSA-8964058,R-HSA-975634	9
2-octenal	RM0118120	C8H14O	126.1045	Organic oxygen compounds	Organooxygen compounds	Carbonyl compounds	6427080	CHEBI:195184	HMDB0030961			LVBXEMGDVWVTGY-SREVYHEPSA-N	CCCCC/C=C\C=O	2-Octenal					CHEBI:61725	CHEBI:61725	CHEBI:61725	CHEBI:61725,CHEBI:195184										CHEBI:61725,CHEBI:195184						CHEBI:61748	CHEBI:61725,CHEBI:61748,CHEBI:195184						CHEBI:35746	R-HSA-1482788,R-HSA-75109	2
PE(18:3(9Z,12Z,15Z)/0:0)	-	-	-	-	-	-	-		-	-		-	-	-																																	0
L-Olivosyl-oleandolide	RM0135160	C26H44O10	516.2935	Polyketides	Macrolides	Macrolides	443565	CHEBI:29614		LMPK04000032	C11991	SBBLTTCUMKGRJI-GYHYDPCPSA-N	C[C@H]1C[C@@]2(CO2)C(=O)[C@H](C)[C@H]([C@@H](C)[C@@H](C)OC(=O)[C@H](C)[C@H]([C@H](C)[C@H]1O)O[C@H]1C[C@@H]([C@H]([C@H](C)O1)O)O)O	L-Olivosyl-oleandolide			C11991	map01100,map01110,map00522	CHEBI:29614,CHEBI:29614	CHEBI:29614,CHEBI:29614	CHEBI:29614,CHEBI:29614	CHEBI:29614	C11991	C11991	C11991	C11991			C11991	map01100,map01110,map00522		CHEBI:29614	C11991			C11991	map01100,map01110,map00522		CHEBI:29614	C11991			C11991	map01100,map01110,map00522			0
5a-Dihydrotestosterone sulfate	RM0160047	C19H30O5S	370.1814	Sterol Lipids	Steroids	C19 Steroids	18665256	CHEBI:138026	HMDB0006278	LMST05020023		KYVPWJSGFKNNLD-ABEVXSGRSA-N	C[C@]12CCC(=O)C[C@@H]1CC[C@H]1[C@@H]3CC[C@@H]([C@@]3(C)CC[C@H]21)OS(=O)(=O)O	5alpha-Dihydrotestosterone sulfate					CHEBI:136982,CHEBI:138026	CHEBI:136982,CHEBI:138026	CHEBI:136982,CHEBI:138026	CHEBI:136982,CHEBI:138026										CHEBI:136982,CHEBI:138026							CHEBI:136982,CHEBI:138026						CHEBI:35341,CHEBI:59696	R-HSA-196071	1
CerP(d18:1/8:0)	RM0135538	C26H52NO6P	505.3532	Sphingolipids	Ceramides	Cer-1-P	10864091	CHEBI:85881		LMSP02050012		VSSNYUXSRXINIP-WRBRXSDHSA-N	CCCCCCCCCCCCC/C=C/[C@H]([C@H](COP(=O)(O)O)NC(=O)CCCCCCC)O	CerP 18:1;O2/8:0					CHEBI:85881	CHEBI:85881	CHEBI:85881	CHEBI:85881									CHEBI:85376	CHEBI:85376,CHEBI:85881							CHEBI:85376,CHEBI:85881						CHEBI:16197	R-HSA-9840309,R-HSA-9845576	2
PC(22:5(4Z,7Z,10Z,13Z,16Z)/16:0)	RM0172439	C46H82NO8P	807.5778	Glycerophospholipids	Glycerophosphocholines	PC								PC 22:5(4Z,7Z,10Z,13Z,16Z)/16:0					CHEBI:88844	CHEBI:88844	CHEBI:88844	CHEBI:88844										CHEBI:88844							CHEBI:88844						CHEBI:57643	R-HSA-111995,R-HSA-1369062,R-HSA-1482788,R-HSA-1482798,R-HSA-1482839,R-HSA-1483101,R-HSA-1483148,R-HSA-1483166,R-HSA-1483191,R-HSA-1483196,R-HSA-1660661,R-HSA-2029485,R-HSA-2142753,R-HSA-382556,R-HSA-5678771,R-HSA-5683678,R-HSA-5683826,R-HSA-5688399,R-HSA-6811436,R-HSA-8964058,R-HSA-9680350	21
LysoPC(18:3(9Z,12Z,15Z))	RM0133382	C26H48NO7P	517.3168	Glycerophospholipids	Glycerophosphocholines	LPC	24779469	CHEBI:133456	HMDB0010388	LMGP01050038		WKQNRCYKYCKESD-YVHLTTHBSA-N	CC/C=CC/C=CC/C=CCCCCCCCC(=O)OC[C@H](COP(=O)([O-])OCC[N+](C)(C)C)O	LPC 18:3(9Z,12Z,15Z)					CHEBI:133456,CHEBI:88697	CHEBI:133456,CHEBI:88697	CHEBI:133456,CHEBI:88697	CHEBI:88697,CHEBI:133456										CHEBI:88697,CHEBI:133456							CHEBI:88697,CHEBI:133456						CHEBI:58168,CHEBI:60479	R-HSA-111995,R-HSA-1482839,R-HSA-1483115,R-HSA-2142753,R-HSA-3000471,R-HSA-3000480,R-HSA-3000484,R-HSA-5686938,R-HSA-6814848	9
Derhamnosylmaysin	-	-	-	-	-	-	-		-	-		-	-	-					CHEBI:179454	CHEBI:179454	CHEBI:179454	CHEBI:179454										CHEBI:179454							CHEBI:179454								0
N4-Acetylsulfadoxine	RM0137449	C14H16N4O5S	352.0841	Benzenoids	Benzenes	Benzenesulfonyl compounds	160773	CHEBI:165190	HMDB0255295			PBSUUNCQTRDFCM-UHFFFAOYSA-N	CC(=O)Nc1ccc(cc1)S(=O)(=O)Nc1c(c(ncn1)OC)OC	N4-Acetylsulfadoxine					CHEBI:165190	CHEBI:165190	CHEBI:165190	CHEBI:165190										CHEBI:165190							CHEBI:165190								0
Thaumatin b, recombinant	-	-	-	-	-	-	-		-	-		-	-	-					CHEBI:175005	CHEBI:175005	CHEBI:175005	CHEBI:175005										CHEBI:175005							CHEBI:175005						CHEBI:36080	R-HSA-111446,R-HSA-114604,R-HSA-1169408,R-HSA-1236973,R-HSA-1236974,R-HSA-1236977,R-HSA-139910,R-HSA-140342,R-HSA-140875,R-HSA-1442490,R-HSA-1445148,R-HSA-1474151,R-HSA-1474228,R-HSA-156581,R-HSA-1566948,R-HSA-1566977,R-HSA-156827,R-HSA-162585,R-HSA-162588,R-HSA-163615,R-HSA-165054,R-HSA-166016,R-HSA-166663,R-HSA-168179,R-HSA-168638,R-HSA-168927,R-HSA-168928,R-HSA-173107,R-HSA-173623,R-HSA-173736,R-HSA-174577,R-HSA-176187,R-HSA-177162,R-HSA-180746,R-HSA-1855184,R-HSA-1855215,R-HSA-186797,R-HSA-187706,R-HSA-189483,R-HSA-190840,R-HSA-190861,R-HSA-190873,R-HSA-193634,R-HSA-195253,R-HSA-196025,R-HSA-196780,R-HSA-196807,R-HSA-196819,R-HSA-198933,R-HSA-200425,R-HSA-2022090,R-HSA-2022857,R-HSA-2023837,R-HSA-2024096,R-HSA-2024101,R-HSA-202424,R-HSA-202733,R-HSA-2029481,R-HSA-2029482,R-HSA-2029485,R-HSA-2033519,R-HSA-204005,R-HSA-209543,R-HSA-211733,R-HSA-211897,R-HSA-2122948,R-HSA-2129379,R-HSA-2132295,R-HSA-2142688,R-HSA-2142691,R-HSA-2142696,R-HSA-2142770,R-HSA-2142789,R-HSA-216083,R-HSA-2161541,R-HSA-2162123,R-HSA-2172127,R-HSA-2173789,R-HSA-2187335,R-HSA-2214320,R-HSA-2243919,R-HSA-2408499,R-HSA-2408508,R-HSA-2408550,R-HSA-2408552,R-HSA-2454202,R-HSA-2467813,R-HSA-2500257,R-HSA-2514853,R-HSA-2514859,R-HSA-2672351,R-HSA-2682334,R-HSA-2730905,R-HSA-2871796,R-HSA-2871809,R-HSA-2871837,R-HSA-2980766,R-HSA-2995383,R-HSA-3000157,R-HSA-3000170,R-HSA-3000171,R-HSA-3000178,R-HSA-3295583,R-HSA-3371497,R-HSA-373753,R-HSA-376176,R-HSA-380320,R-HSA-381033,R-HSA-381042,R-HSA-381070,R-HSA-389542,R-HSA-389661,R-HSA-390522,R-HSA-391160,R-HSA-3928662,R-HSA-3928663,R-HSA-3928665,R-HSA-399997,R-HSA-400042,R-HSA-4086398,R-HSA-4086400,R-HSA-418990,R-HSA-419037,R-HSA-422356,R-HSA-428542,R-HSA-430116,R-HSA-434316,R-HSA-437239,R-HSA-4419969,R-HSA-4420097,R-HSA-445095,R-HSA-445144,R-HSA-445989,R-HSA-446107,R-HSA-446199,R-HSA-446203,R-HSA-446353,R-HSA-447043,R-HSA-450302,R-HSA-450321,R-HSA-4608870,R-HSA-4755510,R-HSA-4793950,R-HSA-4793954,R-HSA-512988,R-HSA-5213460,R-HSA-5223345,R-HSA-532668,R-HSA-5357905,R-HSA-5357956,R-HSA-5423646,R-HSA-5578775,R-HSA-5607764,R-HSA-5610787,R-HSA-5620920,R-HSA-5620924,R-HSA-5626467,R-HSA-5632684,R-HSA-5661270,R-HSA-5663213,R-HSA-5663220,R-HSA-5668541,R-HSA-5674135,R-HSA-5675482,R-HSA-5686938,R-HSA-5687128,R-HSA-5689603,R-HSA-5689877,R-HSA-5689880,R-HSA-5689896,R-HSA-5689901,R-HSA-5690714,R-HSA-5694530,R-HSA-6802946,R-HSA-6802948,R-HSA-6802952,R-HSA-6802955,R-HSA-6803157,R-HSA-6804757,R-HSA-6805567,R-HSA-6807004,R-HSA-6807062,R-HSA-6807878,R-HSA-6809371,R-HSA-6811434,R-HSA-6811436,R-HSA-68877,R-HSA-68962,R-HSA-70895,R-HSA-71240,R-HSA-71262,R-HSA-72187,R-HSA-72662,R-HSA-72702,R-HSA-72706,R-HSA-72764,R-HSA-73856,R-HSA-74749,R-HSA-75105,R-HSA-75205,R-HSA-75815,R-HSA-75892,R-HSA-76009,R-HSA-844455,R-HSA-844456,R-HSA-844615,R-HSA-8852276,R-HSA-8856828,R-HSA-8874081,R-HSA-8874177,R-HSA-8955332,R-HSA-8963693,R-HSA-9009391,R-HSA-901032,R-HSA-901042,R-HSA-9010553,R-HSA-9014325,R-HSA-9018676,R-HSA-9018682,R-HSA-9018896,R-HSA-9020265,R-HSA-9020702,R-HSA-9023661,R-HSA-9026286,R-HSA-9026290,R-HSA-9026762,R-HSA-9026766,R-HSA-9027307,R-HSA-9027604,R-HSA-912631,R-HSA-936440,R-HSA-937039,R-HSA-937041,R-HSA-937042,R-HSA-937072,R-HSA-948021,R-HSA-9603505,R-HSA-9604323,R-HSA-9609690,R-HSA-9609736,R-HSA-9613829,R-HSA-9615710,R-HSA-9619483,R-HSA-9634597,R-HSA-9638630,R-HSA-9645460,R-HSA-9646399,R-HSA-9648002,R-HSA-9648025,R-HSA-9649948,R-HSA-9656223,R-HSA-9660826,R-HSA-9662360,R-HSA-9662361,R-HSA-9664323,R-HSA-9664422,R-HSA-9668328,R-HSA-9673324,R-HSA-9679191,R-HSA-9686347,R-HSA-9692913,R-HSA-9692916,R-HSA-9694631,R-HSA-9705671,R-HSA-9708530,R-HSA-9727281,R-HSA-975110,R-HSA-975144,R-HSA-975163,R-HSA-9753281,R-HSA-9755088,R-HSA-9755511,R-HSA-975634,R-HSA-9758881,R-HSA-9758890,R-HSA-9759218,R-HSA-977225,R-HSA-977606,R-HSA-982772,R-HSA-9828806,R-HSA-983170,R-HSA-983189,R-HSA-983231,R-HSA-9833482,R-HSA-983695,R-HSA-9845619,R-HSA-9845620,R-HSA-9845621,R-HSA-9845622,R-HSA-9846298,R-HSA-9860927,R-HSA-9865881,R-HSA-9918432,R-HSA-9918481,R-HSA-9925563,R-HSA-9927353,R-HSA-9931295,R-HSA-9954709,R-HSA-9969901	299
PE(18:3(6Z,9Z,12Z)/0:0)	RM0133423	C23H42NO7P	475.2699	Glycerophospholipids	Glycerophosphoethanolamines	LPE	52925136	CHEBI:145280	HMDB0011508	LMGP02050017		QULMFYLWLOKODU-CSLWLMPESA-N	CCCCC/C=CC/C=CC/C=CCCCCC(=O)OC[C@H](COP(=O)(O)OCCN)O	LPE 18:3(6Z,9Z,12Z)/0:0					CHEBI:145280	CHEBI:145280,CHEBI:145280	CHEBI:145280	CHEBI:145280										CHEBI:145280							CHEBI:145280						CHEBI:36314	R-HSA-1482788	1
6,10-Dimethyl-5(E),9-undecadien-2-one	RM0186788	C13H22O	194.1671	Prenol Lipids	Isoprenoids	C10 isoprenoids	1549778	CHEBI:67206		LMFA11000696		HNZUNIKWNYHEJJ-FMIVXFBMSA-N	CC(=CCC/C(=C/CCC(=O)C)/C)C	Geranyl acetone					CHEBI:67206	CHEBI:67206	CHEBI:67206	CHEBI:67206										CHEBI:67206							CHEBI:67206						CHEBI:18059	R-HSA-1222556,R-HSA-1369062,R-HSA-5682294,R-HSA-804914,R-HSA-8941413	5
Coenzyme Q8	RM0135424	C49H74O4	726.5587	Prenol Lipids	Quinones and hydroquinones	Ubiquinones	5283546	CHEBI:61683	HMDB0304524	LMPR02010005	C17569	ICFIZJQGJAJRSU-SGHXUWJISA-N	CC(=CCC/C(=C/CC/C(=C/CC/C(=C/CC/C(=C/CC/C(=C/CC/C(=C/CC/C(=C/CC1=C(C)C(=O)C(=C(C1=O)OC)OC)/C)/C)/C)/C)/C)/C)/C)C	Coenzyme Q8					CHEBI:61683	CHEBI:61683	CHEBI:61683	CHEBI:61683	C17569	C17569	C17569	C17569						CHEBI:61683	C17569						CHEBI:61683	C17569					CHEBI:132124	R-HSA-389661	1
(23S,24R,25S)-23,24-dihydroxy-spirost-5-en-3beta-yl O-alpha-L-rhamnopyranosyl-(1-2)-beta-D-glucopyranoside	-	-	-	-	-	-	-		-	-		-	-	-					CHEBI:187063	CHEBI:187063	CHEBI:187063	CHEBI:187063										CHEBI:187063							CHEBI:187063						CHEBI:35341	R-HSA-196071	1
Theophylline	RM0136130	C7H8N4O2	180.0647	Nucleic acids	Purines	Xanthines	2153	CHEBI:28177	HMDB0001889		C07130	ZFXYFBGIUFBOJW-UHFFFAOYSA-N	Cn1c2c(c(=O)n(C)c1=O)[nH]cn2	Theophylline			C07130	map01100,map01110,map01120,map00232,map01060,map01065	CHEBI:28177,CHEBI:28177,CHEBI:28177	CHEBI:28177,CHEBI:28177,CHEBI:28177	CHEBI:28177,CHEBI:28177,CHEBI:28177	CHEBI:28177	C07130	C07130	C07130	C07130			C07130	map01100,map01110,map01120,map00232,map01060,map01065		CHEBI:28177	C07130			C07130	map01100,map01110,map01120,map00232,map01060,map01065		CHEBI:28177	C07130			C07130	map01100,map01110,map01120,map00232,map01060,map01065			0
9,11alpha-epoxy-6alpha-acetoxy-cholest-7-en-3beta,5alpha,19-triol	-	-	-	-	-	-	-		-	-		-	-	-					CHEBI:168105	CHEBI:168105	CHEBI:168105	CHEBI:168105										CHEBI:168105							CHEBI:168105						CHEBI:35341	R-HSA-196071	1
17-HOME(9Z)	-	-	-	-	-	-	-		-	-		-	-	-																																	0
Isobutyryl-L-carnitine	RM0153770	C11H21NO4	231.1471	Fatty Acyls	Fatty esters	Acyl carnitines	10177002	CHEBI:73017	HMDB0000736	LMFA07070075		LRCNOZRCYBNMEP-UHFFFAOYSA-N	CC(C)C(=O)OC(CC(=O)[O-])C[N+](C)(C)C	CAR 3:0;2Me					CHEBI:84838	CHEBI:84838	CHEBI:84838	CHEBI:73017,CHEBI:84838										CHEBI:73017,CHEBI:84838							CHEBI:73017,CHEBI:84838						CHEBI:18059	R-HSA-1222556,R-HSA-1369062,R-HSA-5682294,R-HSA-804914,R-HSA-8941413	5
LysoPE(0:0/24:6(6Z,9Z,12Z,15Z,18Z,21Z))	RM0182080	C29H48NO7P	553.3168	Glycerophospholipids	Glycerophosphoethanolamines	LPE								LPE 0:0/24:6(6Z,9Z,12Z,15Z,18Z,21Z)					CHEBI:171870	CHEBI:171870	CHEBI:171870	CHEBI:171870										CHEBI:171870							CHEBI:171870						CHEBI:28936	R-HSA-1482839,R-HSA-1483152	2
Nitenin	-	-	-	-	-	-	-		-	-		-	-	-					CHEBI:178223	CHEBI:178223	CHEBI:178223	CHEBI:178223										CHEBI:178223							CHEBI:178223								0
Pentadecanoic acid	RM0153573	C15H30O2	242.2246	Fatty Acyls	Fatty acids	Saturated FA	13849	CHEBI:42504	HMDB0000826	LMFA01010015	C16537	WQEPLUUGTLDZJY-UHFFFAOYSA-N	CCCCCCCCCCCCCCC(=O)O	Pentadecylic acid					CHEBI:42504,CHEBI:42504	CHEBI:42504,CHEBI:42504	CHEBI:42504,CHEBI:42504	CHEBI:42504	C16537	C16537	C16537	C16537					CHEBI:78795	CHEBI:42504,CHEBI:78795	C16537	CHEBI:78795	R-HSA-381771,R-HSA-400511,R-HSA-416476,R-HSA-434316,R-HSA-444209				CHEBI:42504,CHEBI:78795	C16537	CHEBI:78795	R-HSA-381771,R-HSA-400511,R-HSA-416476,R-HSA-434316,R-HSA-444209					0
Aerobactin	RM0136251	C22H36N4O13	564.2279	Organic acids	Amino acids and peptides	Amino acids	123762	CHEBI:18157	HMDB0004051		C05554	KDHHWXGBNUCREU-HOTGVXAUSA-N	CC(=O)N(CCCC[C@@H](C(=O)O)NC(=O)CC(CC(=O)N[C@@H](CCCCN(C(=O)C)O)C(=O)O)(C(=O)O)O)O	Aerobactin			C05554	map01100,map01110,map01120,map00975	CHEBI:18157,CHEBI:18157,CHEBI:58396	CHEBI:18157,CHEBI:18157,CHEBI:58396	CHEBI:18157,CHEBI:18157,CHEBI:58396	CHEBI:18157,CHEBI:58396	C05554	C05554	C05554	C05554	CHEBI:58396	R-HSA-9638482	C05554	map01100,map01110,map01120,map00975		CHEBI:18157,CHEBI:58396	C05554	CHEBI:58396	R-HSA-9638482	C05554	map01100,map01110,map01120,map00975		CHEBI:18157,CHEBI:58396	C05554	CHEBI:58396	R-HSA-9638482	C05554	map01100,map01110,map01120,map00975			0
sn-3-O-(geranylgeranyl)glycerol 1-phosphate	-	-	-	-	-	-	-		-	-		-	-	-					CHEBI:16206,CHEBI:16206,CHEBI:57677	CHEBI:16206,CHEBI:16206,CHEBI:57677	CHEBI:16206,CHEBI:57677	CHEBI:16206,CHEBI:57677	C04590	C04590	C04590	C04590			C04590	map01110,map00564	CHEBI:48868	CHEBI:16206,CHEBI:48868,CHEBI:57677	C04590			C04590	map01110,map00564		CHEBI:16206,CHEBI:48868,CHEBI:57677	C04590			C04590	map01110,map00564	CHEBI:25696,CHEBI:37739	R-HSA-382556,R-HSA-428643,R-HSA-5690338,R-HSA-9845576	4
PE(20:4(5Z,8Z,11Z,14Z)/P-16:0)	-	-	-	-	-	-	-		-	-		-	-	-					CHEBI:170328	CHEBI:170328	CHEBI:170328	CHEBI:170328										CHEBI:170328							CHEBI:170328						CHEBI:36314	R-HSA-1482788	1
Retinol	RM0118412	C20H30O	286.2297	Prenol Lipids	Isoprenoids	Retinoids	445354	CHEBI:17336	HMDB0000305	LMPR01090001	C00473	FPIPGXGPPPQFEQ-OVSJKPMPSA-N	C/C(=C\C=C\C(=C\CO)\C)/C=C/C1=C(C)CCCC1(C)C	Retinol	CHEBI:17336	R-HSA-163560,R-HSA-192456,R-HSA-2187335,R-HSA-2187335,R-HSA-2453902,R-HSA-2453902,R-HSA-5365859,R-HSA-6809583,R-HSA-9640463,R-HSA-975634,R-HSA-975634,R-HSA-9918442,R-HSA-9918449	C00473	map01100,map01240,map00830,map04977	CHEBI:17336,CHEBI:45479,CHEBI:50211	CHEBI:17336,CHEBI:45479,CHEBI:50211	CHEBI:17336,CHEBI:45479,CHEBI:50211	CHEBI:17336,CHEBI:45479,CHEBI:50211	C00473,C17276	C00473,C17276	C00473,C17276	C00473,C17276	CHEBI:17336	R-HSA-163560,R-HSA-192456,R-HSA-2187335,R-HSA-2187335,R-HSA-2453902,R-HSA-2453902,R-HSA-5365859,R-HSA-6809583,R-HSA-9640463,R-HSA-975634,R-HSA-975634,R-HSA-9918442,R-HSA-9918449	C00473	map01100,map01240,map00830,map04977		CHEBI:17336,CHEBI:45479,CHEBI:50211	C00473,C17276	CHEBI:17336	R-HSA-163560,R-HSA-192456,R-HSA-2187335,R-HSA-2187335,R-HSA-2453902,R-HSA-2453902,R-HSA-5365859,R-HSA-6809583,R-HSA-9640463,R-HSA-975634,R-HSA-975634,R-HSA-9918442,R-HSA-9918449	C00473	map01100,map01240,map00830,map04977	CHEBI:16302,CHEBI:52075,CHEBI:78272	CHEBI:16302,CHEBI:17336,CHEBI:45479,CHEBI:50211,CHEBI:52075,CHEBI:78272	C00473,C00899,C15492,C16682,C17276	CHEBI:16302,CHEBI:17336,CHEBI:52075	R-HSA-2187335,R-HSA-2187335,R-HSA-2453902,R-HSA-5365859,R-HSA-9918438,R-HSA-163560,R-HSA-192456,R-HSA-2187335,R-HSA-2187335,R-HSA-2453902,R-HSA-2453902,R-HSA-5365859,R-HSA-6809583,R-HSA-9640463,R-HSA-975634,R-HSA-975634,R-HSA-9918442,R-HSA-9918449,R-HSA-975634	C00473,C00899,C15492,C16682	map01100,map01240,map00830,map04977,map01100,map00830,map00830,map01100,map00830			0
Succinyladenosine	RM0136023	C14H17N5O8	383.1077	Nucleic acids	Purines	Purine ribonucleosides	20849086	CHEBI:71169	HMDB0000912			VKGZCEJTCKHMRL-VWJPMABRSA-N	C([C@@H](C(=O)O)Nc1c2c(ncn1)n(cn2)[C@H]1[C@@H]([C@@H]([C@@H](CO)O1)O)O)C(=O)O	Succinyladenosine					CHEBI:71169	CHEBI:71169	CHEBI:71169	CHEBI:71169										CHEBI:71169							CHEBI:71169						CHEBI:33575	R-HSA-6809371	1
Octan-1-ol	RM0150726	C8H18O	130.1358	Fatty Acyls	Fatty alcohols	Fatty alcohols	957	CHEBI:16188	HMDB0001183	LMFA05000130	C00756	KBPLFHHGFOOTCA-UHFFFAOYSA-N	CCCCCCCCO	n-Octanol					CHEBI:37868,CHEBI:16188,CHEBI:16188	CHEBI:37868,CHEBI:16188,CHEBI:16188	CHEBI:37868,CHEBI:16188	CHEBI:16188,CHEBI:37868	C00756	C00756	C00756	C00756						CHEBI:16188,CHEBI:37868	C00756					CHEBI:37869,CHEBI:37870,CHEBI:37871,CHEBI:80945,CHEBI:197503	CHEBI:16188,CHEBI:37868,CHEBI:37869,CHEBI:37870,CHEBI:37871,CHEBI:80945,CHEBI:197503	C00756,C17144					CHEBI:30879	R-HSA-1483166,R-HSA-2022377,R-HSA-8935690	3
Pongamoside C	-	-	-	-	-	-	-		-	-		-	-	-					CHEBI:188331	CHEBI:188331	CHEBI:188331	CHEBI:188331										CHEBI:188331							CHEBI:188331								0
1(3)-glyceryl-6-keto-PGF1alpha	-	-	-	-	-	-	-		-	-		-	-	-					CHEBI:169397	CHEBI:169397	CHEBI:169397	CHEBI:169397										CHEBI:169397							CHEBI:169397						CHEBI:18059	R-HSA-1222556,R-HSA-1369062,R-HSA-5682294,R-HSA-804914,R-HSA-8941413	5
N4-Phosphoagmatine	RM0118149	C5H15N4O3P	210.0882	Organic acids	Organic phosphoric acids	Organic phosphoric acids	439793	CHEBI:17358				UYYDRBKHPQBWOH-UHFFFAOYSA-N	C(CCNP(=O)(O)O)CNC(=N)N	N(4)-Phosphoagmatine					CHEBI:17358,CHEBI:58119	CHEBI:17358,CHEBI:58119	CHEBI:17358,CHEBI:58119	CHEBI:17358,CHEBI:58119	C02726	C02726	C02726	C02726						CHEBI:17358,CHEBI:58119	C02726						CHEBI:17358,CHEBI:58119	C02726					CHEBI:25696	R-HSA-382556,R-HSA-428643,R-HSA-5690338	3
1,2,10-Trihydroxydihydro-trans-linalyl oxide 7-O-beta-D-glucopyranoside	-	-	-	-	-	-	-		-	-		-	-	-					CHEBI:167921	CHEBI:167921	CHEBI:167921	CHEBI:167921										CHEBI:167921							CHEBI:167921								0
PE(12:0/18:3(6Z,9Z,12Z))	RM0173183	C35H64NO8P	657.4370	Glycerophospholipids	Glycerophosphoethanolamines	PE	52924074			LMGP02010367		QHMYCULCBPDQHX-RUOLEGLLSA-N	CCCCC/C=CC/C=CC/C=CCCCCC(=O)O[C@H](COC(=O)CCCCCCCCCCC)COP(=O)(O)OCCN	PE 12:0/18:3(6Z,9Z,12Z)					CHEBI:188320	CHEBI:188320	CHEBI:188320	CHEBI:188320										CHEBI:188320							CHEBI:188320						CHEBI:36314	R-HSA-1482788	1
14-methyl-8-hexadecen-1-ol	-	-	-	-	-	-	-		-	-		-	-	-					CHEBI:188047	CHEBI:188047	CHEBI:188047	CHEBI:188047										CHEBI:188047							CHEBI:188047						CHEBI:30879	R-HSA-1483166,R-HSA-2022377,R-HSA-8935690	3
7-methylguanosine 5'-phosphate	-	-	-	-	-	-	-		-	-		-	-	-					CHEBI:17825,CHEBI:58285,CHEBI:74720	CHEBI:17825,CHEBI:58285,CHEBI:74720	CHEBI:17825,CHEBI:58285,CHEBI:74720	CHEBI:17825,CHEBI:58285,CHEBI:74720	C03998	C03998	C03998	C03998	CHEBI:17825	R-HSA-168325,R-HSA-191859,R-HSA-429958,R-HSA-6807505				CHEBI:17825,CHEBI:58285,CHEBI:74720	C03998	CHEBI:17825	R-HSA-168325,R-HSA-191859,R-HSA-429958,R-HSA-6807505				CHEBI:17825,CHEBI:58285,CHEBI:74720	C03998	CHEBI:17825	R-HSA-168325,R-HSA-191859,R-HSA-429958,R-HSA-6807505					0
5beta-Chola-7,9(11)-dien-24-oic Acid	-	-	-	-	-	-	-		-	-		-	-	-					CHEBI:188213	CHEBI:188213	CHEBI:188213	CHEBI:188213										CHEBI:188213							CHEBI:188213						CHEBI:33575,CHEBI:35341	R-HSA-196071,R-HSA-6809371	2
Kushenol G	-	-	-	-	-	-	-		-	-		-	-	-					CHEBI:185962	CHEBI:185962	CHEBI:185962	CHEBI:185962										CHEBI:185962							CHEBI:185962								0
7-Dehydrocholesterol-3-sulfate ester	-	-	-	-	-	-	-		-	-		-	-	-																																	0
3alpha,12alpha,15alpha-Trihydroxy-5beta-cholan-24-oic Acid	-	-	-	-	-	-	-		-	-		-	-	-					CHEBI:184736	CHEBI:184736	CHEBI:184736	CHEBI:184736										CHEBI:184736							CHEBI:184736						CHEBI:33575,CHEBI:35341	R-HSA-196071,R-HSA-6809371	2
M-Hydroxydesmethylgliquidone	-	-	-	-	-	-	-		-	-		-	-	-																																	0
Ecabet	RM0027617	C20H28O5S	380.1657	Prenol Lipids	Isoprenoids	C20 isoprenoids	65781	CHEBI:135593	HMDB0015613			IWCWQNVIUXZOMJ-MISYRCLQSA-N	CC(C)c1cc2CC[C@@H]3[C@](C)(CCC[C@@]3(C)C(=O)O)c2cc1S(=O)(=O)O	Ecabet					CHEBI:135593	CHEBI:135593	CHEBI:135593	CHEBI:135593										CHEBI:135593							CHEBI:135593						CHEBI:18059	R-HSA-1222556,R-HSA-1369062,R-HSA-5682294,R-HSA-804914,R-HSA-8941413	5
Cer(d16:2(4E,6E)/24:0(2OH))	-	-	-	-	-	-	-		-	-		-	-	-					CHEBI:188230	CHEBI:188230	CHEBI:188230	CHEBI:188230										CHEBI:188230							CHEBI:188230						CHEBI:17761	R-HSA-6809371	1
2,3-dinor Fluprostenol	-	-	-	-	-	-	-		-	-		-	-	-					CHEBI:188041	CHEBI:188041	CHEBI:188041	CHEBI:188041										CHEBI:188041							CHEBI:188041						CHEBI:18059	R-HSA-1222556,R-HSA-1369062,R-HSA-5682294,R-HSA-804914,R-HSA-8941413	5
9-octadecenal	RM0202175	C18H34O	266.2610	Fatty Acyls	Fatty aldehydes	Fatty aldehydes	5283381		HMDB0030965	LMFA06000099		ZENZJGDPWWLORF-MDZDMXLPSA-N	CCCCCCCC/C=C/CCCCCCCC=O	9E-Octadecenal					CHEBI:173892	CHEBI:173892	CHEBI:173892	CHEBI:173892										CHEBI:173892							CHEBI:173892						CHEBI:35746	R-HSA-1482788,R-HSA-75109	2
L-Isoleucine	RM0134975	C6H13NO2	131.0946	Organic acids	Amino acids and peptides	Amino acids	6306	CHEBI:17191	HMDB0000172	LMFA01100047	C00407	AGPKZVBTJJNPAG-WHFBIAKZSA-N	CC[C@H](C)[C@@H](C(=O)O)N	Isoleucine			C00407	map01100,map01110,map01210,map01230,map00280,map00290,map00460,map00960,map00966,map01060,map01064,map00970,map02010,map04974,map04978,map05230,map05131	CHEBI:17191,CHEBI:24898,CHEBI:30009,CHEBI:58045	CHEBI:17191,CHEBI:24898,CHEBI:30009,CHEBI:58045	CHEBI:17191,CHEBI:24898,CHEBI:30009,CHEBI:58045	CHEBI:17191,CHEBI:24898,CHEBI:30009,CHEBI:58045	C00407	C00407	C00407	C00407	CHEBI:58045	R-HSA-352230,R-HSA-379716,R-HSA-379726,R-HSA-442660,R-HSA-5619044,R-HSA-5619094,R-HSA-5659735,R-HSA-70895,R-HSA-70895,R-HSA-71240	C00407	map01100,map01110,map01210,map01230,map00280,map00290,map00460,map00960,map00966,map01060,map01064,map00970,map02010,map04974,map04978,map05230,map05131	CHEBI:27730,CHEBI:30010,CHEBI:32604,CHEBI:32605,CHEBI:32608,CHEBI:32609,CHEBI:193151	CHEBI:17191,CHEBI:24898,CHEBI:27730,CHEBI:30009,CHEBI:30010,CHEBI:32604,CHEBI:32605,CHEBI:32608,CHEBI:32609,CHEBI:58045,CHEBI:193151	C00407,C06418	CHEBI:58045	R-HSA-352230,R-HSA-379716,R-HSA-379726,R-HSA-442660,R-HSA-5619044,R-HSA-5619094,R-HSA-5659735,R-HSA-70895,R-HSA-70895,R-HSA-71240	C00407	map01100,map01110,map01210,map01230,map00280,map00290,map00460,map00960,map00966,map01060,map01064,map00970,map02010,map04974,map04978,map05230,map05131		CHEBI:17191,CHEBI:24898,CHEBI:27730,CHEBI:30009,CHEBI:30010,CHEBI:32604,CHEBI:32605,CHEBI:32608,CHEBI:32609,CHEBI:58045,CHEBI:193151	C00407,C06418	CHEBI:58045	R-HSA-352230,R-HSA-379716,R-HSA-379726,R-HSA-442660,R-HSA-5619044,R-HSA-5619094,R-HSA-5659735,R-HSA-70895,R-HSA-70895,R-HSA-71240	C00407	map01100,map01110,map01210,map01230,map00280,map00290,map00460,map00960,map00966,map01060,map01064,map00970,map02010,map04974,map04978,map05230,map05131			0
Tetranor-PGE1	RM0150236	C16H26O5	298.1780	Fatty Acyls	Eicosanoids	Prostaglandins	6449794	CHEBI:165344		LMFA03010211		FPTFFTMXBKQFKC-JZKKULJYSA-N	CCCCC[C@@H](/C=C/[C@@H]1[C@@H](CCC(=O)O)C(=O)C[C@H]1O)O	Tetranor-PGE1					CHEBI:165344	CHEBI:165344	CHEBI:165344	CHEBI:165344										CHEBI:165344							CHEBI:165344						CHEBI:30879	R-HSA-1483166,R-HSA-2022377,R-HSA-8935690	3
CAY10435	-	-	-	-	-	-	-		-	-		-	-	-					CHEBI:188240	CHEBI:188240	CHEBI:188240	CHEBI:188240										CHEBI:188240							CHEBI:188240								0
7-Geranylformononetin	-	-	-	-	-	-	-		-	-		-	-	-					CHEBI:187685	CHEBI:187685	CHEBI:187685	CHEBI:187685										CHEBI:187685							CHEBI:187685								0
gibberellin A28	-	-	-	-	-	-	-		-	-		-	-	-					CHEBI:24241	CHEBI:24241	CHEBI:24241	CHEBI:24241										CHEBI:24241							CHEBI:24241						CHEBI:33575	R-HSA-6809371	1
Acetyl-N-formyl-5-methoxykynurenamine	RM0050245	C13H16N2O4	264.1110	Benzenoids	Phenylpropylamines	Phenylpropylamines	171161	CHEBI:194285	HMDB0004259		C05642	JYWNYMJKURVPFH-UHFFFAOYSA-N	CC(=O)NCCC(=O)c1cc(ccc1NC=O)OC	Acetyl-N-formyl-5-methoxykynurenamine			C05642	map00380				CHEBI:194285	C05642	C05642	C05642	C05642			C05642	map00380		CHEBI:194285	C05642			C05642	map00380		CHEBI:194285	C05642			C05642	map00380			0
Phytophthora mating hormone alpha1	-	-	-	-	-	-	-		-	-		-	-	-					CHEBI:48925	CHEBI:48925	CHEBI:48925	CHEBI:48925										CHEBI:48925							CHEBI:48925						CHEBI:18059	R-HSA-1222556,R-HSA-1369062,R-HSA-5682294,R-HSA-804914,R-HSA-8941413	5
Halstoctacosanolide A	-	-	-	-	-	-	-		-	-		-	-	-					CHEBI:80090	CHEBI:80090	CHEBI:80090	CHEBI:80090	C15766	C15766	C15766	C15766						CHEBI:80090	C15766						CHEBI:80090	C15766							0
4-methyl-n-(2-oxo-2,5,6,7-tetrahydro-1h-cyclopenta[b]pyridin-4-yl)benzenesulfonamide	-	-	-	-	-	-	-		-	-		-	-	-																																	0
13R-HODE	RM0153716	C18H32O3	296.2351	Fatty Acyls	Octadecanoids	HODE	13723970	CHEBI:137495		LMFA02000035	C14762	HNICUWMFWZBIFP-PIHGWCCBSA-N	CCCCC[C@H](/C=C/C=C\CCCCCCCC(=O)O)O	13R-HODE			C14762	map00591,map03320				CHEBI:137495	C14762	C14762	C14762	C14762			C14762	map00591,map03320	CHEBI:34154,CHEBI:90850,CHEBI:136655	CHEBI:34154,CHEBI:90850,CHEBI:136655,CHEBI:137495	C14762	CHEBI:34154	R-HSA-1989781,R-HSA-381340,R-HSA-381340,R-HSA-8943724,R-HSA-8943724,R-HSA-9841922,R-HSA-9841922,R-HSA-9844594	C14762	map00591,map03320		CHEBI:34154,CHEBI:90850,CHEBI:136655,CHEBI:137495	C14762	CHEBI:34154	R-HSA-1989781,R-HSA-381340,R-HSA-381340,R-HSA-8943724,R-HSA-8943724,R-HSA-9841922,R-HSA-9841922,R-HSA-9844594	C14762	map00591,map03320			0
PE(19:1(9Z)/22:2(13Z,16Z))	RM0182772	C46H86NO8P	811.6091	Glycerophospholipids	Glycerophosphoethanolamines	PE	52924522			LMGP02010821		CQZSLMKUHUBYCT-FPKLAGQKSA-N	CCCCC/C=CC/C=CCCCCCCCCCCCC(=O)O[C@H](COC(=O)CCCCCCC/C=CCCCCCCCCC)COP(=O)(O)OCCN	PE 19:1(9Z)/22:2(13Z,16Z)					CHEBI:188174	CHEBI:188174	CHEBI:188174	CHEBI:188174										CHEBI:188174							CHEBI:188174						CHEBI:36314	R-HSA-1482788	1
Inodxyl glucuronide	-	-	-	-	-	-	-		-	-		-	-	-					CHEBI:145223	CHEBI:145223	CHEBI:145223	CHEBI:145223										CHEBI:145223							CHEBI:145223								0
D-Galactopyranosyl-(1->3)-D-galactopyranosyl-(1->3)-L-arabinose	-	-	-	-	-	-	-		-	-		-	-	-					CHEBI:180788	CHEBI:180788	CHEBI:180788	CHEBI:180788										CHEBI:180788							CHEBI:180788								0
17alpha-estradiol 3-glucosiduronic acid	-	-	-	-	-	-	-		-	-		-	-	-					CHEBI:15822	CHEBI:15822	CHEBI:15822	CHEBI:15822	C04300	C04300	C04300	C04300					CHEBI:57529	CHEBI:15822,CHEBI:57529	C04300						CHEBI:15822,CHEBI:57529	C04300					CHEBI:35341	R-HSA-196071	1
Zolpidem	RM0161018	C19H21N3O	307.1685	Alkaloids	Histidine alkaloids	Imidazole alkaloids	5732	CHEBI:10125	HMDB0005023		C07219	ZAFYATHCZYHLPB-UHFFFAOYSA-N	Cc1ccc(cc1)c1c(CC(=O)N(C)C)n2cc(C)ccc2n1	Zolpidem					CHEBI:10125	CHEBI:10125	CHEBI:10125	CHEBI:10125	C07219	C07219	C07219	C07219						CHEBI:10125	C07219						CHEBI:10125	C07219							0
1-(10-methyl-hexadecanyl-2-(8-[3]-ladderane-octanyl)-sn-glycerol	-	-	-	-	-	-	-		-	-		-	-	-					CHEBI:188261	CHEBI:188261	CHEBI:188261	CHEBI:188261										CHEBI:188261							CHEBI:188261						CHEBI:18059	R-HSA-1222556,R-HSA-1369062,R-HSA-5682294,R-HSA-804914,R-HSA-8941413	5
7-oxo-cholestenone	RM0126036	C27H42O2	398.3185	Sterol Lipids	Sterols	Cholesterols	13887047	CHEBI:166790		LMST01010272		SQPQMCUHNOULQL-KRQCSNJGSA-N	CC(C)CCC[C@@H](C)[C@H]1CC[C@H]2[C@H]3[C@H](CC[C@]12C)[C@@]1(C)CCC(=O)CC1=CC3=O	7-Oxo-cholestenone					CHEBI:166790	CHEBI:166790	CHEBI:166790	CHEBI:166790										CHEBI:166790							CHEBI:166790						CHEBI:35341	R-HSA-196071	1
3-(3'-Methylthio)propylmalic acid	-	-	-	-	-	-	-		-	-		-	-	-					CHEBI:80964	CHEBI:80964	CHEBI:80964	CHEBI:80964	C17215	C17215	C17215	C17215			C17215	map01210,map00966		CHEBI:80964	C17215			C17215	map01210,map00966		CHEBI:80964	C17215			C17215	map01210,map00966	CHEBI:33575	R-HSA-6809371	1
LysoPE(22:5(4Z,7Z,10Z,13Z,16Z)/0:0)	-	-	-	-	-	-	-		-	-		-	-	-					CHEBI:170132	CHEBI:170132	CHEBI:170132	CHEBI:170132										CHEBI:170132							CHEBI:170132						CHEBI:29017	R-HSA-1482798,R-HSA-1482839,R-HSA-1483152	3
Isoleucyl-Phenylalanine	RM0041937	C15H22N2O3	278.1630	Organic acids	Amino acids and peptides	Dipeptides	7009596	CHEBI:74075	HMDB0028914			WMDZARSFSMZOQO-DRZSPHRISA-N	CC[C@H](C)[C@@H](C(=O)N[C@@H](Cc1ccccc1)C(=O)O)N	Ile-Phe					CHEBI:74075	CHEBI:74075	CHEBI:74075	CHEBI:74075										CHEBI:74075							CHEBI:74075						CHEBI:46761	R-HSA-427975	1
(??)-threo-1-(p-Hydroxyphenyl)propylene glycol 4'-glucoside	-	-	-	-	-	-	-		-	-		-	-	-																																	0
N-palmitoyl histidine	RM0153351	C22H39N3O3	393.2991	Fatty Acyls	Fatty amides	N-acyl amines	52922076	CHEBI:165553	HMDB0241926	LMFA08020132		XHUZOURAPKCNRA-FQEVSTJZSA-N	CCCCCCCCCCCCCCCC(=O)N[C@@H](Cc1c[nH]cn1)C(=O)O	NA-His 16:0					CHEBI:165553	CHEBI:165553	CHEBI:165553	CHEBI:165553										CHEBI:165553							CHEBI:165553								0
4-methyl-4-pentenoic acid	-	-	-	-	-	-	-		-	-		-	-	-					CHEBI:180384	CHEBI:180384	CHEBI:180384	CHEBI:180384										CHEBI:180384							CHEBI:180384						CHEBI:35366	R-HSA-1482883,R-HSA-167826,R-HSA-422085,R-HSA-426048,R-HSA-6809371,R-HSA-6811436,R-HSA-8963889,R-HSA-8964038	8
Avermectin A1a monosaccharide	RM0138817	C49H74O14	886.5079	Polyketides	Macrolides	Macrolides	11239973	CHEBI:29522	HMDB0242563	LMPK04000025	C11984	AFSHKCWTGFDXJR-BWFQMGBFSA-N	CCC(C)[C@@H]1[C@@H](C)C=C[C@]2(C[C@@H]3C[C@@H](C/C=C(\C)/[C@H]([C@@H](C)/C=C/C=C/4\CO[C@@H]5[C@@H](C(=C[C@@H](C(=O)O3)[C@]45O)C)OC)O[C@H]3C[C@@H]([C@H]([C@H](C)O3)O[C@H]3C[C@@H]([C@H]([C@H](C)O3)O)OC)OC)O2)O1	Avermectin A1a			C11984	map01100,map01110,map01052,map00522	CHEBI:29522,CHEBI:29524	CHEBI:29522,CHEBI:29524	CHEBI:29522,CHEBI:29524	CHEBI:29522,CHEBI:29524	C11982,C11984	C11982,C11984	C11982,C11984	C11982,C11984			C11982,C11984	map01100,map01110,map00522,map01100,map01110,map01052,map00522		CHEBI:29522,CHEBI:29524	C11982,C11984			C11982,C11984	map01100,map01110,map00522,map01100,map01110,map01052,map00522		CHEBI:29522,CHEBI:29524	C11982,C11984			C11982,C11984	map01100,map01110,map00522,map01100,map01110,map01052,map00522			0
Ivermectin B1a	RM0200485	C48H74O14	874.5079	Polyketides	Macrolides	Macrolides	6321424	CHEBI:63941				AZSNMRSAGSSBNP-XPNPUAGNSA-N	CC[C@H](C)[C@@H]1[C@@H](C)CC[C@]2(C[C@@H]3C[C@@H](C/C=C(C)/[C@H]([C@@H](C)/C=C/C=C/4CO[C@@H]5[C@@H](C(=C[C@@H](C(=O)O3)[C@]45O)C)O)O[C@H]3C[C@@H]([C@H]([C@H](C)O3)O[C@H]3C[C@@H]([C@H]([C@H](C)O3)O)OC)OC)O2)O1	22,23-Dihydroavermectin B1a					CHEBI:63941	CHEBI:63941	CHEBI:63941	CHEBI:63941										CHEBI:63941							CHEBI:63941								0
Tomentolide A	-	-	-	-	-	-	-		-	-		-	-	-					CHEBI:188089	CHEBI:188089	CHEBI:188089	CHEBI:188089										CHEBI:188089							CHEBI:188089								0
E-64c	-	-	-	-	-	-	-		-	-		-	-	-					CHEBI:188280	CHEBI:188280	CHEBI:188280	CHEBI:188280										CHEBI:188280							CHEBI:188280								0
Icariside II	-	-	-	-	-	-	-		-	-		-	-	-					CHEBI:82619	CHEBI:82619	CHEBI:82619	CHEBI:82619										CHEBI:82619							CHEBI:82619								0
Sulfanilamide	RM0036269	C6H8N2O2S	172.0306	Benzenoids	Benzenes	Benzenesulfonyl compounds	5333	CHEBI:45373	HMDB0014404		C07458	FDDDEECHVMSUSB-UHFFFAOYSA-N	c1cc(ccc1N)S(=O)(=O)N	Sulfanilamide	CHEBI:45373	R-HSA-156582			CHEBI:45373,CHEBI:45373,CHEBI:45373	CHEBI:45373,CHEBI:45373,CHEBI:45373	CHEBI:45373,CHEBI:45373,CHEBI:45373	CHEBI:45373	C07458	C07458	C07458	C07458	CHEBI:45373	R-HSA-156582				CHEBI:45373	C07458	CHEBI:45373	R-HSA-156582				CHEBI:45373	C07458	CHEBI:45373	R-HSA-156582					0
3,4,7-Trihydroxy-5-methoxy-8-prenylflavan 4-O-(beta-D-xylopyranosyl-(1->6)-beta-D-glucopyranoside)	-	-	-	-	-	-	-		-	-		-	-	-					CHEBI:185508	CHEBI:185508	CHEBI:185508	CHEBI:185508										CHEBI:185508							CHEBI:185508								0
Triterpenoid	-	-	-	-	-	-	-		-	-		-	-	-					CHEBI:36615,CHEBI:36615	CHEBI:36615,CHEBI:36615	CHEBI:36615	CHEBI:36615	C06085	C06085	C06085	C06085						CHEBI:36615	C06085					CHEBI:712,CHEBI:748,CHEBI:1307,CHEBI:2364,CHEBI:2366,CHEBI:2521,CHEBI:2522,CHEBI:2873,CHEBI:2898,CHEBI:2936,CHEBI:2937,CHEBI:2938,CHEBI:2942,CHEBI:2994,CHEBI:2999,CHEBI:3086,CHEBI:3087,CHEBI:3188,CHEBI:3189,CHEBI:3190,CHEBI:3197,CHEBI:3198,CHEBI:3425,CHEBI:3426,CHEBI:3427,CHEBI:3460,CHEBI:3577,CHEBI:3578,CHEBI:3579,CHEBI:3700,CHEBI:3825,CHEBI:3826,CHEBI:3862,CHEBI:3863,CHEBI:3865,CHEBI:3940,CHEBI:3941,CHEBI:3942,CHEBI:3943,CHEBI:3944,CHEBI:3945,CHEBI:3946,CHEBI:3947,CHEBI:3948,CHEBI:3949,CHEBI:3950,CHEBI:3951,CHEBI:3952,CHEBI:3987,CHEBI:4002,CHEBI:4313,CHEBI:4389,CHEBI:4446,CHEBI:4629,CHEBI:4652,CHEBI:4747,CHEBI:4940,CHEBI:5016,CHEBI:5069,CHEBI:5171,CHEBI:5363,CHEBI:5364,CHEBI:5370,CHEBI:5371,CHEBI:5372,CHEBI:5528,CHEBI:5580,CHEBI:5627,CHEBI:5633,CHEBI:5634,CHEBI:5760,CHEBI:5987,CHEBI:5988,CHEBI:6570,CHEBI:7036,CHEBI:7512,CHEBI:7567,CHEBI:7609,CHEBI:7713,CHEBI:7932,CHEBI:8036,CHEBI:8194,CHEBI:8203,CHEBI:8484,CHEBI:8588,CHEBI:8691,CHEBI:8692,CHEBI:8710,CHEBI:8913,CHEBI:9018,CHEBI:9025,CHEBI:9039,CHEBI:9110,CHEBI:9115,CHEBI:9208,CHEBI:9209,CHEBI:9211,CHEBI:9229,CHEBI:9250,CHEBI:9401,CHEBI:9402,CHEBI:9493,CHEBI:9510,CHEBI:9596,CHEBI:9612,CHEBI:9681,CHEBI:9771,CHEBI:9876,CHEBI:9908,CHEBI:10086,CHEBI:10087,CHEBI:10105,CHEBI:10213,CHEBI:10274,CHEBI:10352,CHEBI:10419,CHEBI:15441,CHEBI:15442,CHEBI:15787,CHEBI:15939,CHEBI:16219,CHEBI:16226,CHEBI:16317,CHEBI:16404,CHEBI:16419,CHEBI:16521,CHEBI:16653,CHEBI:17030,CHEBI:17133,CHEBI:17320,CHEBI:17573,CHEBI:18092,CHEBI:23454,CHEBI:23502,CHEBI:25872,CHEBI:26747,CHEBI:26893,CHEBI:28113,CHEBI:29807,CHEBI:30815,CHEBI:30853,CHEBI:31351,CHEBI:32345,CHEBI:34734,CHEBI:36484,CHEBI:36783,CHEBI:37659,CHEBI:37777,CHEBI:38471,CHEBI:38473,CHEBI:38510,CHEBI:38520,CHEBI:39212,CHEBI:39434,CHEBI:39930,CHEBI:41462,CHEBI:50481,CHEBI:51963,CHEBI:52317,CHEBI:52340,CHEBI:52551,CHEBI:53154,CHEBI:53159,CHEBI:57310,CHEBI:57516,CHEBI:57729,CHEBI:57760,CHEBI:57763,CHEBI:58024,CHEBI:62217,CHEBI:62218,CHEBI:62228,CHEBI:62262,CHEBI:62416,CHEBI:62417,CHEBI:62440,CHEBI:62444,CHEBI:62452,CHEBI:62455,CHEBI:62456,CHEBI:62457,CHEBI:62458,CHEBI:62459,CHEBI:62735,CHEBI:62736,CHEBI:62737,CHEBI:62738,CHEBI:62739,CHEBI:62740,CHEBI:62741,CHEBI:62742,CHEBI:62743,CHEBI:62867,CHEBI:62911,CHEBI:62916,CHEBI:63177,CHEBI:63184,CHEBI:63459,CHEBI:63460,CHEBI:63461,CHEBI:63462,CHEBI:63463,CHEBI:63464,CHEBI:63465,CHEBI:63466,CHEBI:63467,CHEBI:63468,CHEBI:63712,CHEBI:63959,CHEBI:65370,CHEBI:65424,CHEBI:65425,CHEBI:65426,CHEBI:65427,CHEBI:65428,CHEBI:65429,CHEBI:65455,CHEBI:65456,CHEBI:65457,CHEBI:65484,CHEBI:65485,CHEBI:65486,CHEBI:65487,CHEBI:65526,CHEBI:65527,CHEBI:65528,CHEBI:65529,CHEBI:65530,CHEBI:65531,CHEBI:65532,CHEBI:65533,CHEBI:65547,CHEBI:65549,CHEBI:65574,CHEBI:65605,CHEBI:65649,CHEBI:65650,CHEBI:65651,CHEBI:65661,CHEBI:65662,CHEBI:65663,CHEBI:65689,CHEBI:65690,CHEBI:65691,CHEBI:65692,CHEBI:65693,CHEBI:65694,CHEBI:65722,CHEBI:65725,CHEBI:65726,CHEBI:65752,CHEBI:65755,CHEBI:65756,CHEBI:65757,CHEBI:65758,CHEBI:65759,CHEBI:65760,CHEBI:65761,CHEBI:65783,CHEBI:65788,CHEBI:65798,CHEBI:65817,CHEBI:65818,CHEBI:65846,CHEBI:65887,CHEBI:65902,CHEBI:65903,CHEBI:65904,CHEBI:65945,CHEBI:65946,CHEBI:65954,CHEBI:65959,CHEBI:65973,CHEBI:65974,CHEBI:65986,CHEBI:65987,CHEBI:65988,CHEBI:65989,CHEBI:65992,CHEBI:65993,CHEBI:65994,CHEBI:66045,CHEBI:66049,CHEBI:66054,CHEBI:66055,CHEBI:66094,CHEBI:66095,CHEBI:66128,CHEBI:66129,CHEBI:66130,CHEBI:66153,CHEBI:66155,CHEBI:66156,CHEBI:66157,CHEBI:66158,CHEBI:66159,CHEBI:66160,CHEBI:66161,CHEBI:66162,CHEBI:66163,CHEBI:66164,CHEBI:66169,CHEBI:66170,CHEBI:66171,CHEBI:66173,CHEBI:66216,CHEBI:66259,CHEBI:66290,CHEBI:66314,CHEBI:66315,CHEBI:66316,CHEBI:66317,CHEBI:66319,CHEBI:66321,CHEBI:66337,CHEBI:66348,CHEBI:66425,CHEBI:66430,CHEBI:66431,CHEBI:66439,CHEBI:66464,CHEBI:66465,CHEBI:66466,CHEBI:66467,CHEBI:66469,CHEBI:66486,CHEBI:66531,CHEBI:66542,CHEBI:66543,CHEBI:66544,CHEBI:66593,CHEBI:66594,CHEBI:66595,CHEBI:66626,CHEBI:66651,CHEBI:66652,CHEBI:66653,CHEBI:66671,CHEBI:66672,CHEBI:66673,CHEBI:66674,CHEBI:66675,CHEBI:66682,CHEBI:66683,CHEBI:66686,CHEBI:66769,CHEBI:66772,CHEBI:66780,CHEBI:66781,CHEBI:66782,CHEBI:66783,CHEBI:66784,CHEBI:66790,CHEBI:66801,CHEBI:66818,CHEBI:66838,CHEBI:67280,CHEBI:67281,CHEBI:67282,CHEBI:67283,CHEBI:67284,CHEBI:67285,CHEBI:67286,CHEBI:67287,CHEBI:67288,CHEBI:67289,CHEBI:67290,CHEBI:67291,CHEBI:67292,CHEBI:67293,CHEBI:67294,CHEBI:67296,CHEBI:67297,CHEBI:67298,CHEBI:67299,CHEBI:67301,CHEBI:67302,CHEBI:67303,CHEBI:67304,CHEBI:67305,CHEBI:67306,CHEBI:67307,CHEBI:67308,CHEBI:67309,CHEBI:67310,CHEBI:67311,CHEBI:67312,CHEBI:67313,CHEBI:67314,CHEBI:67368,CHEBI:67438,CHEBI:67473,CHEBI:67474,CHEBI:67475,CHEBI:67476,CHEBI:67477,CHEBI:67478,CHEBI:67479,CHEBI:67480,CHEBI:67481,CHEBI:67482,CHEBI:67483,CHEBI:67484,CHEBI:67485,CHEBI:67497,CHEBI:67498,CHEBI:67499,CHEBI:67500,CHEBI:67501,CHEBI:67502,CHEBI:67503,CHEBI:67504,CHEBI:67583,CHEBI:67596,CHEBI:67597,CHEBI:67598,CHEBI:67599,CHEBI:67600,CHEBI:67823,CHEBI:67824,CHEBI:67825,CHEBI:67888,CHEBI:67894,CHEBI:67895,CHEBI:67896,CHEBI:67907,CHEBI:67908,CHEBI:67909,CHEBI:67910,CHEBI:67911,CHEBI:67912,CHEBI:67913,CHEBI:67914,CHEBI:67915,CHEBI:67916,CHEBI:67917,CHEBI:67939,CHEBI:67941,CHEBI:67942,CHEBI:67943,CHEBI:67944,CHEBI:67945,CHEBI:67946,CHEBI:67947,CHEBI:67948,CHEBI:67949,CHEBI:67950,CHEBI:67951,CHEBI:67952,CHEBI:67953,CHEBI:67954,CHEBI:67963,CHEBI:67964,CHEBI:67965,CHEBI:67966,CHEBI:67986,CHEBI:67987,CHEBI:67988,CHEBI:67989,CHEBI:67990,CHEBI:67991,CHEBI:68096,CHEBI:68098,CHEBI:68099,CHEBI:68100,CHEBI:68101,CHEBI:68102,CHEBI:68103,CHEBI:68104,CHEBI:68353,CHEBI:68354,CHEBI:68355,CHEBI:68356,CHEBI:68357,CHEBI:68358,CHEBI:68359,CHEBI:68360,CHEBI:68361,CHEBI:68362,CHEBI:68363,CHEBI:68364,CHEBI:68365,CHEBI:68366,CHEBI:68367,CHEBI:68368,CHEBI:68369,CHEBI:68370,CHEBI:68371,CHEBI:68372,CHEBI:68377,CHEBI:68378,CHEBI:68379,CHEBI:68380,CHEBI:68381,CHEBI:68517,CHEBI:68519,CHEBI:68858,CHEBI:68907,CHEBI:68908,CHEBI:68909,CHEBI:68910,CHEBI:68911,CHEBI:68912,CHEBI:68913,CHEBI:68916,CHEBI:68917,CHEBI:68918,CHEBI:68928,CHEBI:68929,CHEBI:68930,CHEBI:68931,CHEBI:68932,CHEBI:68975,CHEBI:68976,CHEBI:68977,CHEBI:68978,CHEBI:68979,CHEBI:68997,CHEBI:68998,CHEBI:68999,CHEBI:69000,CHEBI:69001,CHEBI:69002,CHEBI:69003,CHEBI:69004,CHEBI:69005,CHEBI:69006,CHEBI:69007,CHEBI:69010,CHEBI:69011,CHEBI:69012,CHEBI:69046,CHEBI:69153,CHEBI:69154,CHEBI:69155,CHEBI:69157,CHEBI:69159,CHEBI:69206,CHEBI:69216,CHEBI:69217,CHEBI:69218,CHEBI:69219,CHEBI:69220,CHEBI:69221,CHEBI:69222,CHEBI:69223,CHEBI:69224,CHEBI:69357,CHEBI:69358,CHEBI:69363,CHEBI:69364,CHEBI:69365,CHEBI:69366,CHEBI:69367,CHEBI:69368,CHEBI:69369,CHEBI:69370,CHEBI:69371,CHEBI:69372,CHEBI:69373,CHEBI:69374,CHEBI:69375,CHEBI:69436,CHEBI:69500,CHEBI:69501,CHEBI:69502,CHEBI:69503,CHEBI:69504,CHEBI:69505,CHEBI:69506,CHEBI:69507,CHEBI:69508,CHEBI:69509,CHEBI:69510,CHEBI:69511,CHEBI:69516,CHEBI:69517,CHEBI:69518,CHEBI:69523,CHEBI:69524,CHEBI:69525,CHEBI:69526,CHEBI:69527,CHEBI:69528,CHEBI:69529,CHEBI:69530,CHEBI:69579,CHEBI:69580,CHEBI:69601,CHEBI:69602,CHEBI:69603,CHEBI:69604,CHEBI:69605,CHEBI:69606,CHEBI:69607,CHEBI:69608,CHEBI:69609,CHEBI:69611,CHEBI:69612,CHEBI:69622,CHEBI:69623,CHEBI:69624,CHEBI:69625,CHEBI:69626,CHEBI:69627,CHEBI:69628,CHEBI:69629,CHEBI:69630,CHEBI:69631,CHEBI:69632,CHEBI:69633,CHEBI:69634,CHEBI:69635,CHEBI:69636,CHEBI:69637,CHEBI:69745,CHEBI:69777,CHEBI:69778,CHEBI:69779,CHEBI:69780,CHEBI:69781,CHEBI:69782,CHEBI:69783,CHEBI:69784,CHEBI:69785,CHEBI:69786,CHEBI:69787,CHEBI:69789,CHEBI:69790,CHEBI:69791,CHEBI:69960,CHEBI:69995,CHEBI:69996,CHEBI:69997,CHEBI:69998,CHEBI:69999,CHEBI:70000,CHEBI:70001,CHEBI:70002,CHEBI:70003,CHEBI:70109,CHEBI:70110,CHEBI:70111,CHEBI:70112,CHEBI:70113,CHEBI:70114,CHEBI:70115,CHEBI:70116,CHEBI:70117,CHEBI:70118,CHEBI:70119,CHEBI:70120,CHEBI:70121,CHEBI:70122,CHEBI:70177,CHEBI:70241,CHEBI:70242,CHEBI:70243,CHEBI:70244,CHEBI:70245,CHEBI:70246,CHEBI:70247,CHEBI:70248,CHEBI:70249,CHEBI:70250,CHEBI:70251,CHEBI:70262,CHEBI:70263,CHEBI:70264,CHEBI:70265,CHEBI:70266,CHEBI:70267,CHEBI:70268,CHEBI:70269,CHEBI:70270,CHEBI:70271,CHEBI:70272,CHEBI:70273,CHEBI:70274,CHEBI:70275,CHEBI:70315,CHEBI:70377,CHEBI:70414,CHEBI:70415,CHEBI:70416,CHEBI:70417,CHEBI:70418,CHEBI:70464,CHEBI:70517,CHEBI:70518,CHEBI:70519,CHEBI:70520,CHEBI:70521,CHEBI:70522,CHEBI:70523,CHEBI:70524,CHEBI:70525,CHEBI:70527,CHEBI:70528,CHEBI:70529,CHEBI:70530,CHEBI:70625,CHEBI:70670,CHEBI:70671,CHEBI:70675,CHEBI:70676,CHEBI:70677,CHEBI:70678,CHEBI:70679,CHEBI:70680,CHEBI:70681,CHEBI:70682,CHEBI:70683,CHEBI:70684,CHEBI:70685,CHEBI:70803,CHEBI:70860,CHEBI:70861,CHEBI:70863,CHEBI:70864,CHEBI:70865,CHEBI:70978,CHEBI:70987,CHEBI:70994,CHEBI:71171,CHEBI:71262,CHEBI:71314,CHEBI:71347,CHEBI:71457,CHEBI:71468,CHEBI:71529,CHEBI:71531,CHEBI:71576,CHEBI:71577,CHEBI:71690,CHEBI:72300,CHEBI:72301,CHEBI:72303,CHEBI:72304,CHEBI:72306,CHEBI:72308,CHEBI:72309,CHEBI:72310,CHEBI:72485,CHEBI:73058,CHEBI:73086,CHEBI:73107,CHEBI:73157,CHEBI:74020,CHEBI:74023,CHEBI:74026,CHEBI:74448,CHEBI:74453,CHEBI:75931,CHEBI:75932,CHEBI:75950,CHEBI:75951,CHEBI:76237,CHEBI:76238,CHEBI:76293,CHEBI:77145,CHEBI:77146,CHEBI:77147,CHEBI:77148,CHEBI:77149,CHEBI:77150,CHEBI:77151,CHEBI:77152,CHEBI:77153,CHEBI:77154,CHEBI:77155,CHEBI:77156,CHEBI:77157,CHEBI:77490,CHEBI:77491,CHEBI:78306,CHEBI:78662,CHEBI:78904,CHEBI:79063,CHEBI:79064,CHEBI:79065,CHEBI:79776,CHEBI:79880,CHEBI:79928,CHEBI:80168,CHEBI:80169,CHEBI:80172,CHEBI:80353,CHEBI:80417,CHEBI:80461,CHEBI:80679,CHEBI:80752,CHEBI:80784,CHEBI:80785,CHEBI:80794,CHEBI:80823,CHEBI:80835,CHEBI:80854,CHEBI:80860,CHEBI:80861,CHEBI:80871,CHEBI:80872,CHEBI:80873,CHEBI:80874,CHEBI:80875,CHEBI:80876,CHEBI:80877,CHEBI:80878,CHEBI:80885,CHEBI:80889,CHEBI:80890,CHEBI:80891,CHEBI:80892,CHEBI:80893,CHEBI:80894,CHEBI:80903,CHEBI:80906,CHEBI:80909,CHEBI:80941,CHEBI:81075,CHEBI:81076,CHEBI:81077,CHEBI:81103,CHEBI:81104,CHEBI:81105,CHEBI:81166,CHEBI:81173,CHEBI:81174,CHEBI:81175,CHEBI:81306,CHEBI:81322,CHEBI:81371,CHEBI:81384,CHEBI:81385,CHEBI:82654,CHEBI:82822,CHEBI:82825,CHEBI:82827,CHEBI:82828,CHEBI:83043,CHEBI:83048,CHEBI:83211,CHEBI:83391,CHEBI:83894,CHEBI:85084,CHEBI:85086,CHEBI:86403,CHEBI:87044,CHEBI:87057,CHEBI:87060,CHEBI:87085,CHEBI:87086,CHEBI:87087,CHEBI:87088,CHEBI:88123,CHEBI:91024,CHEBI:91026,CHEBI:91994,CHEBI:93838,CHEBI:93891,CHEBI:94543,CHEBI:95106,CHEBI:95136,CHEBI:110188,CHEBI:111169,CHEBI:117232,CHEBI:132143,CHEBI:132144,CHEBI:132315,CHEBI:132338,CHEBI:132339,CHEBI:132340,CHEBI:132341,CHEBI:132342,CHEBI:132343,CHEBI:132344,CHEBI:132345,CHEBI:132346,CHEBI:132347,CHEBI:132370,CHEBI:132371,CHEBI:132372,CHEBI:132373,CHEBI:132374,CHEBI:132375,CHEBI:132376,CHEBI:132378,CHEBI:132379,CHEBI:132380,CHEBI:132460,CHEBI:132462,CHEBI:132463,CHEBI:132465,CHEBI:132467,CHEBI:132468,CHEBI:132469,CHEBI:132615,CHEBI:132616,CHEBI:132617,CHEBI:132618,CHEBI:132619,CHEBI:132622,CHEBI:132819,CHEBI:132851,CHEBI:133420,CHEBI:134117,CHEBI:136940,CHEBI:137227,CHEBI:138303,CHEBI:138304,CHEBI:138305,CHEBI:138307,CHEBI:138589,CHEBI:138599,CHEBI:138600,CHEBI:138798,CHEBI:138945,CHEBI:138946,CHEBI:138955,CHEBI:138972,CHEBI:138973,CHEBI:138974,CHEBI:139179,CHEBI:139215,CHEBI:140466,CHEBI:140467,CHEBI:140468,CHEBI:140655,CHEBI:141365,CHEBI:142258,CHEBI:142261,CHEBI:142484,CHEBI:142487,CHEBI:142844,CHEBI:142845,CHEBI:142846,CHEBI:142915,CHEBI:142917,CHEBI:142918,CHEBI:142990,CHEBI:143052,CHEBI:143055,CHEBI:143058,CHEBI:143065,CHEBI:143710,CHEBI:144108,CHEBI:144110,CHEBI:144126,CHEBI:144130,CHEBI:144131,CHEBI:144133,CHEBI:144136,CHEBI:144172,CHEBI:145144,CHEBI:145145,CHEBI:145146,CHEBI:145153,CHEBI:145154,CHEBI:145159,CHEBI:145168,CHEBI:145169,CHEBI:145174,CHEBI:145175,CHEBI:145455,CHEBI:145728,CHEBI:149955,CHEBI:156166,CHEBI:156195,CHEBI:156196,CHEBI:166664,CHEBI:166681,CHEBI:166685,CHEBI:166687,CHEBI:166806,CHEBI:166842,CHEBI:166995,CHEBI:167136,CHEBI:167950,CHEBI:167962,CHEBI:167967,CHEBI:167968,CHEBI:167972,CHEBI:167977,CHEBI:167979,CHEBI:167985,CHEBI:168010,CHEBI:168013,CHEBI:168015,CHEBI:168022,CHEBI:168032,CHEBI:168033,CHEBI:168063,CHEBI:168065,CHEBI:168066,CHEBI:168110,CHEBI:168112,CHEBI:168114,CHEBI:168130,CHEBI:168142,CHEBI:168151,CHEBI:168155,CHEBI:168160,CHEBI:168172,CHEBI:168184,CHEBI:168193,CHEBI:168196,CHEBI:168218,CHEBI:168258,CHEBI:168262,CHEBI:168276,CHEBI:168281,CHEBI:168291,CHEBI:168298,CHEBI:168305,CHEBI:168325,CHEBI:168334,CHEBI:168357,CHEBI:168363,CHEBI:168366,CHEBI:168367,CHEBI:168378,CHEBI:168379,CHEBI:168388,CHEBI:168397,CHEBI:168419,CHEBI:168423,CHEBI:168484,CHEBI:168489,CHEBI:168492,CHEBI:168506,CHEBI:168536,CHEBI:168538,CHEBI:168590,CHEBI:168600,CHEBI:168602,CHEBI:168613,CHEBI:168628,CHEBI:168651,CHEBI:168657,CHEBI:168659,CHEBI:168663,CHEBI:168685,CHEBI:168689,CHEBI:168707,CHEBI:168713,CHEBI:168742,CHEBI:168787,CHEBI:168819,CHEBI:168974,CHEBI:169099,CHEBI:169122,CHEBI:169185,CHEBI:169189,CHEBI:169308,CHEBI:169339,CHEBI:169409,CHEBI:169414,CHEBI:169459,CHEBI:169573,CHEBI:169596,CHEBI:169633,CHEBI:169639,CHEBI:169777,CHEBI:169828,CHEBI:169867,CHEBI:169903,CHEBI:171684,CHEBI:171708,CHEBI:171738,CHEBI:171906,CHEBI:171931,CHEBI:171983,CHEBI:171995,CHEBI:172009,CHEBI:172011,CHEBI:172013,CHEBI:172015,CHEBI:172019,CHEBI:172021,CHEBI:172023,CHEBI:172025,CHEBI:172027,CHEBI:172029,CHEBI:172031,CHEBI:172033,CHEBI:172034,CHEBI:172035,CHEBI:172067,CHEBI:172119,CHEBI:172120,CHEBI:172129,CHEBI:172132,CHEBI:172136,CHEBI:172590,CHEBI:172656,CHEBI:172690,CHEBI:172721,CHEBI:172725,CHEBI:172728,CHEBI:172732,CHEBI:172740,CHEBI:172746,CHEBI:172749,CHEBI:172763,CHEBI:172765,CHEBI:172771,CHEBI:172776,CHEBI:172805,CHEBI:172809,CHEBI:172857,CHEBI:172863,CHEBI:173045,CHEBI:173123,CHEBI:173127,CHEBI:173141,CHEBI:173148,CHEBI:173154,CHEBI:173156,CHEBI:173158,CHEBI:173188,CHEBI:173217,CHEBI:173309,CHEBI:175100,CHEBI:175122,CHEBI:175241,CHEBI:175242,CHEBI:175334,CHEBI:175335,CHEBI:175354,CHEBI:175429,CHEBI:175430,CHEBI:175435,CHEBI:175437,CHEBI:175440,CHEBI:175449,CHEBI:175450,CHEBI:175451,CHEBI:175453,CHEBI:175454,CHEBI:175456,CHEBI:175459,CHEBI:175461,CHEBI:175463,CHEBI:175465,CHEBI:175466,CHEBI:175469,CHEBI:175478,CHEBI:175504,CHEBI:175521,CHEBI:175522,CHEBI:175556,CHEBI:175573,CHEBI:175574,CHEBI:175580,CHEBI:175684,CHEBI:175690,CHEBI:175693,CHEBI:175714,CHEBI:175716,CHEBI:175717,CHEBI:175720,CHEBI:175722,CHEBI:175724,CHEBI:175727,CHEBI:175728,CHEBI:175731,CHEBI:175733,CHEBI:175734,CHEBI:175739,CHEBI:175741,CHEBI:175742,CHEBI:175743,CHEBI:175744,CHEBI:175748,CHEBI:175749,CHEBI:175774,CHEBI:175775,CHEBI:175795,CHEBI:175796,CHEBI:175828,CHEBI:175830,CHEBI:175831,CHEBI:175842,CHEBI:175850,CHEBI:175863,CHEBI:175890,CHEBI:175898,CHEBI:175900,CHEBI:175903,CHEBI:175939,CHEBI:175941,CHEBI:175949,CHEBI:175951,CHEBI:175955,CHEBI:175998,CHEBI:175999,CHEBI:176040,CHEBI:176041,CHEBI:176042,CHEBI:176043,CHEBI:176104,CHEBI:176105,CHEBI:176106,CHEBI:176117,CHEBI:176121,CHEBI:176122,CHEBI:176126,CHEBI:176132,CHEBI:176149,CHEBI:176151,CHEBI:176152,CHEBI:176153,CHEBI:176157,CHEBI:176158,CHEBI:176163,CHEBI:176197,CHEBI:176202,CHEBI:176207,CHEBI:176229,CHEBI:176236,CHEBI:176239,CHEBI:176242,CHEBI:176252,CHEBI:176253,CHEBI:176261,CHEBI:176265,CHEBI:176272,CHEBI:176276,CHEBI:176277,CHEBI:176281,CHEBI:176284,CHEBI:176285,CHEBI:176287,CHEBI:176289,CHEBI:176290,CHEBI:176306,CHEBI:176311,CHEBI:176312,CHEBI:176316,CHEBI:176765,CHEBI:176803,CHEBI:176962,CHEBI:177100,CHEBI:177118,CHEBI:177120,CHEBI:177277,CHEBI:177424,CHEBI:177581,CHEBI:177582,CHEBI:177613,CHEBI:177644,CHEBI:177711,CHEBI:177945,CHEBI:178023,CHEBI:178024,CHEBI:178025,CHEBI:178026,CHEBI:178027,CHEBI:178028,CHEBI:178029,CHEBI:178559,CHEBI:178588,CHEBI:178589,CHEBI:178607,CHEBI:178608,CHEBI:178609,CHEBI:178611,CHEBI:179065,CHEBI:179066,CHEBI:179067,CHEBI:179068,CHEBI:180457,CHEBI:180528,CHEBI:180735,CHEBI:180757,CHEBI:180761,CHEBI:180856,CHEBI:180887,CHEBI:180975,CHEBI:181044,CHEBI:181074,CHEBI:181078,CHEBI:181084,CHEBI:181107,CHEBI:181153,CHEBI:181177,CHEBI:181200,CHEBI:181227,CHEBI:181234,CHEBI:181270,CHEBI:181308,CHEBI:181338,CHEBI:181379,CHEBI:181484,CHEBI:181524,CHEBI:181551,CHEBI:181569,CHEBI:181574,CHEBI:181619,CHEBI:181621,CHEBI:181681,CHEBI:181718,CHEBI:181755,CHEBI:181772,CHEBI:181778,CHEBI:181813,CHEBI:181818,CHEBI:181823,CHEBI:181834,CHEBI:181837,CHEBI:181859,CHEBI:181866,CHEBI:181871,CHEBI:181872,CHEBI:181877,CHEBI:181905,CHEBI:181939,CHEBI:181945,CHEBI:181966,CHEBI:181969,CHEBI:181985,CHEBI:181993,CHEBI:182010,CHEBI:182058,CHEBI:182081,CHEBI:182083,CHEBI:182099,CHEBI:182362,CHEBI:182364,CHEBI:182439,CHEBI:182572,CHEBI:182586,CHEBI:182599,CHEBI:182601,CHEBI:182612,CHEBI:182615,CHEBI:182689,CHEBI:182729,CHEBI:182781,CHEBI:182828,CHEBI:182845,CHEBI:182869,CHEBI:182890,CHEBI:182898,CHEBI:182972,CHEBI:183133,CHEBI:183151,CHEBI:183183,CHEBI:183519,CHEBI:183521,CHEBI:183522,CHEBI:183527,CHEBI:183531,CHEBI:183533,CHEBI:183535,CHEBI:183538,CHEBI:183539,CHEBI:183541,CHEBI:183549,CHEBI:183553,CHEBI:183571,CHEBI:183579,CHEBI:183596,CHEBI:183622,CHEBI:183625,CHEBI:183867,CHEBI:183959,CHEBI:184011,CHEBI:184020,CHEBI:184025,CHEBI:184030,CHEBI:184035,CHEBI:184061,CHEBI:184089,CHEBI:184145,CHEBI:184151,CHEBI:184208,CHEBI:184323,CHEBI:184425,CHEBI:184492,CHEBI:184818,CHEBI:184821,CHEBI:184883,CHEBI:185164,CHEBI:185173,CHEBI:185256,CHEBI:185292,CHEBI:185340,CHEBI:185506,CHEBI:185579,CHEBI:185617,CHEBI:185804,CHEBI:185828,CHEBI:185829,CHEBI:185858,CHEBI:185868,CHEBI:185871,CHEBI:185911,CHEBI:185919,CHEBI:185988,CHEBI:185993,CHEBI:186050,CHEBI:186090,CHEBI:186118,CHEBI:186138,CHEBI:186154,CHEBI:186158,CHEBI:186180,CHEBI:186207,CHEBI:186226,CHEBI:186360,CHEBI:186545,CHEBI:186598,CHEBI:186718,CHEBI:186722,CHEBI:186795,CHEBI:186902,CHEBI:186933,CHEBI:186948,CHEBI:187069,CHEBI:187109,CHEBI:187207,CHEBI:187272,CHEBI:187509,CHEBI:187517,CHEBI:187569,CHEBI:187582,CHEBI:187726,CHEBI:187751,CHEBI:187816,CHEBI:188022,CHEBI:188033,CHEBI:188039,CHEBI:188062,CHEBI:188098,CHEBI:188100,CHEBI:188105,CHEBI:188131,CHEBI:188188,CHEBI:188241,CHEBI:188279,CHEBI:188312,CHEBI:188325,CHEBI:188335,CHEBI:189088,CHEBI:189213,CHEBI:189388,CHEBI:189409,CHEBI:189410,CHEBI:189479,CHEBI:189511,CHEBI:189704,CHEBI:189708,CHEBI:189821,CHEBI:189915,CHEBI:189927,CHEBI:189933,CHEBI:189944,CHEBI:189971,CHEBI:189974,CHEBI:190004,CHEBI:190036,CHEBI:190053,CHEBI:190086,CHEBI:190255,CHEBI:190284,CHEBI:190322,CHEBI:190323,CHEBI:190336,CHEBI:190341,CHEBI:190344,CHEBI:190352,CHEBI:190365,CHEBI:190373,CHEBI:190389,CHEBI:190390,CHEBI:190719,CHEBI:190726,CHEBI:190745,CHEBI:190853,CHEBI:190857,CHEBI:190930,CHEBI:191082,CHEBI:191317,CHEBI:191421,CHEBI:191440,CHEBI:191487,CHEBI:191541,CHEBI:191561,CHEBI:191596,CHEBI:191599,CHEBI:191618,CHEBI:191728,CHEBI:191736,CHEBI:191756,CHEBI:191761,CHEBI:191763,CHEBI:191775,CHEBI:191777,CHEBI:191781,CHEBI:191791,CHEBI:191808,CHEBI:191815,CHEBI:191833,CHEBI:191835,CHEBI:191839,CHEBI:191844,CHEBI:191912,CHEBI:191958,CHEBI:191961,CHEBI:191964,CHEBI:191971,CHEBI:191973,CHEBI:191977,CHEBI:191989,CHEBI:191994,CHEBI:192000,CHEBI:192009,CHEBI:192010,CHEBI:192014,CHEBI:192016,CHEBI:192024,CHEBI:192038,CHEBI:192039,CHEBI:192042,CHEBI:192047,CHEBI:192058,CHEBI:192059,CHEBI:192070,CHEBI:192170,CHEBI:192171,CHEBI:192172,CHEBI:192178,CHEBI:192200,CHEBI:192209,CHEBI:192228,CHEBI:192240,CHEBI:192336,CHEBI:192396,CHEBI:192461,CHEBI:192862,CHEBI:192863,CHEBI:192868,CHEBI:192885,CHEBI:192889,CHEBI:192894,CHEBI:192898,CHEBI:192901,CHEBI:192905,CHEBI:192908,CHEBI:192923,CHEBI:192935,CHEBI:192966,CHEBI:192981,CHEBI:193304,CHEBI:194124,CHEBI:194571,CHEBI:195183,CHEBI:195272,CHEBI:196396,CHEBI:196408,CHEBI:196789,CHEBI:197157,CHEBI:197237,CHEBI:197601,CHEBI:197654,CHEBI:197687,CHEBI:197723,CHEBI:197798,CHEBI:197805,CHEBI:197828,CHEBI:197851,CHEBI:197942,CHEBI:197944,CHEBI:197989,CHEBI:197993,CHEBI:197997,CHEBI:198073,CHEBI:198170,CHEBI:198251,CHEBI:198268,CHEBI:198336,CHEBI:198374,CHEBI:198423,CHEBI:198438,CHEBI:198559,CHEBI:198569,CHEBI:198607,CHEBI:198625,CHEBI:198631,CHEBI:198647,CHEBI:198655,CHEBI:198689,CHEBI:198704,CHEBI:198738,CHEBI:198845,CHEBI:198850,CHEBI:198855,CHEBI:198902,CHEBI:198911,CHEBI:198933,CHEBI:198940,CHEBI:198967,CHEBI:199000,CHEBI:199034,CHEBI:199037,CHEBI:199122,CHEBI:199142,CHEBI:199147,CHEBI:199179,CHEBI:199206,CHEBI:199235,CHEBI:199242,CHEBI:199313,CHEBI:199324,CHEBI:199329,CHEBI:199333,CHEBI:199492,CHEBI:199561,CHEBI:199572,CHEBI:199601,CHEBI:199615,CHEBI:199629,CHEBI:199641,CHEBI:199688,CHEBI:199690,CHEBI:199707,CHEBI:199710,CHEBI:199792,CHEBI:199801,CHEBI:199928,CHEBI:199950,CHEBI:199955,CHEBI:200026,CHEBI:200034,CHEBI:200039,CHEBI:200044,CHEBI:200054,CHEBI:200056,CHEBI:200059,CHEBI:200075,CHEBI:200102,CHEBI:200148,CHEBI:200303,CHEBI:200379,CHEBI:200416,CHEBI:200486,CHEBI:200503,CHEBI:200540,CHEBI:200543,CHEBI:200582,CHEBI:200596,CHEBI:200621,CHEBI:200625,CHEBI:200666,CHEBI:200700,CHEBI:200706,CHEBI:200708,CHEBI:200740,CHEBI:200756,CHEBI:200762,CHEBI:200768,CHEBI:200780,CHEBI:200787,CHEBI:200800,CHEBI:200913,CHEBI:200914,CHEBI:200926,CHEBI:200930,CHEBI:200964,CHEBI:201003,CHEBI:201063,CHEBI:201075,CHEBI:201084,CHEBI:201089,CHEBI:201170,CHEBI:201181,CHEBI:201216,CHEBI:201221,CHEBI:201359,CHEBI:201463,CHEBI:201692,CHEBI:201694,CHEBI:201701,CHEBI:201707,CHEBI:201715,CHEBI:201849,CHEBI:201930,CHEBI:201959,CHEBI:201969,CHEBI:201984,CHEBI:202000,CHEBI:202023,CHEBI:202026,CHEBI:202055,CHEBI:202091,CHEBI:202146,CHEBI:202180,CHEBI:202192,CHEBI:202211,CHEBI:202257,CHEBI:202301,CHEBI:202321,CHEBI:202392,CHEBI:202400,CHEBI:202520,CHEBI:202538,CHEBI:202628,CHEBI:202631,CHEBI:202651,CHEBI:202707,CHEBI:202732,CHEBI:202750,CHEBI:202840,CHEBI:202880,CHEBI:202888,CHEBI:202911,CHEBI:202946,CHEBI:202994,CHEBI:203003,CHEBI:203037,CHEBI:203043,CHEBI:203063,CHEBI:203073,CHEBI:203082,CHEBI:203098,CHEBI:203099,CHEBI:203102,CHEBI:203116,CHEBI:203163,CHEBI:203165,CHEBI:203238,CHEBI:203267,CHEBI:203281,CHEBI:203293,CHEBI:203311,CHEBI:203326,CHEBI:203350,CHEBI:203426,CHEBI:203461,CHEBI:203506,CHEBI:203541,CHEBI:203570,CHEBI:203642,CHEBI:203685,CHEBI:203687,CHEBI:203736,CHEBI:203759,CHEBI:203792,CHEBI:203804,CHEBI:203868,CHEBI:203917,CHEBI:203927,CHEBI:203964,CHEBI:203974,CHEBI:204026,CHEBI:204095,CHEBI:204156,CHEBI:204239,CHEBI:204283,CHEBI:204301,CHEBI:204325,CHEBI:204333,CHEBI:204368,CHEBI:204485,CHEBI:204506,CHEBI:204512,CHEBI:204536,CHEBI:204553,CHEBI:204562,CHEBI:204604,CHEBI:204684,CHEBI:204697,CHEBI:204710,CHEBI:204714,CHEBI:204753,CHEBI:204757,CHEBI:204815,CHEBI:204842,CHEBI:204863,CHEBI:204873,CHEBI:204909,CHEBI:204916,CHEBI:204918,CHEBI:204925,CHEBI:204951,CHEBI:204996,CHEBI:204999,CHEBI:205014,CHEBI:205074,CHEBI:205108,CHEBI:205114,CHEBI:205118,CHEBI:205120,CHEBI:205140,CHEBI:205185,CHEBI:205198,CHEBI:205212,CHEBI:205215,CHEBI:205249,CHEBI:205256,CHEBI:205290,CHEBI:205337,CHEBI:205338,CHEBI:205350,CHEBI:205360,CHEBI:205430,CHEBI:205477,CHEBI:205482,CHEBI:205513,CHEBI:205526,CHEBI:205686,CHEBI:205695,CHEBI:205737,CHEBI:205780,CHEBI:205832,CHEBI:206055,CHEBI:206059,CHEBI:206065,CHEBI:206128,CHEBI:206130,CHEBI:206141,CHEBI:206183,CHEBI:206291,CHEBI:206325,CHEBI:206378,CHEBI:206416,CHEBI:206458,CHEBI:206461,CHEBI:206464,CHEBI:206470,CHEBI:206493,CHEBI:206607,CHEBI:206610,CHEBI:206616,CHEBI:206677,CHEBI:206709,CHEBI:206713,CHEBI:206718,CHEBI:206724,CHEBI:206729,CHEBI:206735,CHEBI:206754,CHEBI:206760,CHEBI:206768,CHEBI:206775,CHEBI:206776,CHEBI:206782,CHEBI:206793,CHEBI:206805,CHEBI:206811,CHEBI:206812,CHEBI:206818,CHEBI:206824,CHEBI:206889,CHEBI:206933,CHEBI:206939,CHEBI:206954,CHEBI:206958,CHEBI:206964,CHEBI:206970,CHEBI:206974,CHEBI:206980,CHEBI:206988,CHEBI:206994,CHEBI:207000,CHEBI:207007,CHEBI:207009,CHEBI:207172,CHEBI:207207,CHEBI:207228,CHEBI:207260,CHEBI:207301,CHEBI:207305,CHEBI:207310,CHEBI:207318,CHEBI:207324,CHEBI:207331,CHEBI:207338,CHEBI:207344,CHEBI:207350,CHEBI:207357,CHEBI:207363,CHEBI:207369,CHEBI:207374,CHEBI:207380,CHEBI:207578,CHEBI:207595,CHEBI:207602,CHEBI:207612,CHEBI:207638,CHEBI:207643,CHEBI:207648,CHEBI:207654,CHEBI:207667,CHEBI:207932,CHEBI:208029,CHEBI:208056,CHEBI:208185,CHEBI:208296,CHEBI:208314,CHEBI:208337,CHEBI:208386,CHEBI:208398,CHEBI:208441,CHEBI:208452,CHEBI:208530,CHEBI:208553,CHEBI:208648,CHEBI:208766,CHEBI:208771,CHEBI:208836,CHEBI:208847,CHEBI:208976,CHEBI:208987,CHEBI:209057,CHEBI:209198,CHEBI:209224,CHEBI:209391,CHEBI:209396,CHEBI:209405,CHEBI:209425,CHEBI:209439,CHEBI:209486,CHEBI:209516,CHEBI:209519,CHEBI:209524,CHEBI:209656,CHEBI:209748,CHEBI:209804,CHEBI:209866,CHEBI:209892,CHEBI:209909,CHEBI:209974,CHEBI:210024,CHEBI:210121,CHEBI:210128,CHEBI:210135,CHEBI:210140,CHEBI:210146,CHEBI:210198,CHEBI:210395,CHEBI:210551,CHEBI:210647,CHEBI:210675,CHEBI:210731,CHEBI:210737,CHEBI:210748,CHEBI:210749,CHEBI:210755,CHEBI:210761,CHEBI:210762,CHEBI:210767,CHEBI:210768,CHEBI:210778,CHEBI:210800,CHEBI:210806,CHEBI:210891,CHEBI:211016,CHEBI:211067,CHEBI:211332,CHEBI:211468,CHEBI:211570,CHEBI:211643,CHEBI:211744,CHEBI:211747,CHEBI:211760,CHEBI:211764,CHEBI:211856,CHEBI:211877,CHEBI:212152,CHEBI:212200,CHEBI:212228,CHEBI:212234,CHEBI:212259,CHEBI:212261,CHEBI:212270,CHEBI:212283,CHEBI:212289,CHEBI:212417,CHEBI:212422,CHEBI:212427,CHEBI:212430,CHEBI:212470,CHEBI:212501,CHEBI:212512,CHEBI:212596,CHEBI:212601,CHEBI:212608,CHEBI:212631,CHEBI:212911,CHEBI:212939,CHEBI:213185,CHEBI:213294,CHEBI:213337,CHEBI:213359,CHEBI:213437,CHEBI:213518,CHEBI:213571,CHEBI:213839,CHEBI:213844,CHEBI:213846,CHEBI:213873,CHEBI:213909,CHEBI:214015,CHEBI:214270,CHEBI:214299,CHEBI:214324,CHEBI:214397,CHEBI:214484,CHEBI:214514,CHEBI:214531,CHEBI:214589,CHEBI:214608,CHEBI:214614,CHEBI:214697,CHEBI:214745,CHEBI:214775,CHEBI:214909,CHEBI:214992,CHEBI:215008,CHEBI:215010,CHEBI:215045,CHEBI:215062,CHEBI:215112,CHEBI:215117,CHEBI:215122,CHEBI:215128,CHEBI:215130,CHEBI:215134,CHEBI:215136,CHEBI:215141,CHEBI:215144,CHEBI:215152,CHEBI:215163,CHEBI:215171,CHEBI:215173,CHEBI:215176,CHEBI:215180,CHEBI:215183,CHEBI:215190,CHEBI:215196,CHEBI:215204,CHEBI:215210,CHEBI:215260,CHEBI:215298,CHEBI:215301,CHEBI:215307,CHEBI:215316,CHEBI:215323,CHEBI:215348,CHEBI:215368,CHEBI:215375,CHEBI:215433,CHEBI:215506,CHEBI:215511,CHEBI:215516,CHEBI:215521,CHEBI:215527,CHEBI:215533,CHEBI:215538,CHEBI:215544,CHEBI:215545,CHEBI:215551,CHEBI:215556,CHEBI:215557,CHEBI:215563,CHEBI:215569,CHEBI:215575,CHEBI:215581,CHEBI:215586,CHEBI:215593,CHEBI:215598,CHEBI:215604,CHEBI:215610,CHEBI:215745,CHEBI:215749,CHEBI:215757,CHEBI:215784,CHEBI:215794,CHEBI:215805,CHEBI:215809,CHEBI:215814,CHEBI:215822,CHEBI:215828,CHEBI:215834,CHEBI:215916,CHEBI:215922,CHEBI:215928,CHEBI:215934,CHEBI:215940,CHEBI:215946,CHEBI:215952,CHEBI:215957,CHEBI:215988,CHEBI:215993,CHEBI:216000,CHEBI:216019,CHEBI:216025,CHEBI:216029,CHEBI:216037,CHEBI:216039,CHEBI:216043,CHEBI:216045,CHEBI:216051,CHEBI:216056,CHEBI:216063,CHEBI:216270,CHEBI:216303,CHEBI:216326,CHEBI:216352,CHEBI:216385,CHEBI:216420,CHEBI:216441,CHEBI:216561,CHEBI:216564,CHEBI:216571,CHEBI:216577,CHEBI:216584,CHEBI:216594,CHEBI:216616,CHEBI:216732,CHEBI:216738,CHEBI:216752,CHEBI:216758,CHEBI:216770,CHEBI:216795,CHEBI:216825,CHEBI:216836,CHEBI:216867,CHEBI:217092,CHEBI:217094,CHEBI:217206,CHEBI:217307,CHEBI:217423,CHEBI:217467,CHEBI:217471,CHEBI:217510,CHEBI:217512,CHEBI:217514,CHEBI:217522,CHEBI:217525,CHEBI:217528,CHEBI:217534,CHEBI:217540,CHEBI:217545,CHEBI:217546,CHEBI:217552,CHEBI:217558,CHEBI:217564,CHEBI:217569,CHEBI:217637,CHEBI:217639,CHEBI:217776,CHEBI:217800,CHEBI:217848,CHEBI:217874,CHEBI:217879,CHEBI:217978,CHEBI:218028,CHEBI:218032,CHEBI:218035,CHEBI:218091,CHEBI:218098,CHEBI:218104,CHEBI:218110,CHEBI:218116,CHEBI:218123,CHEBI:218129,CHEBI:218136,CHEBI:218203,CHEBI:218260,CHEBI:218266,CHEBI:218271,CHEBI:218281,CHEBI:218295,CHEBI:218363,CHEBI:218426,CHEBI:218432,CHEBI:218435,CHEBI:218456,CHEBI:218464,CHEBI:218469,CHEBI:218489,CHEBI:218538,CHEBI:218703,CHEBI:218740,CHEBI:218847,CHEBI:218853,CHEBI:218876,CHEBI:218925,CHEBI:218956,CHEBI:219053,CHEBI:219056,CHEBI:219059,CHEBI:219061,CHEBI:219067,CHEBI:219241,CHEBI:219249,CHEBI:219255,CHEBI:219343,CHEBI:219348,CHEBI:219349,CHEBI:219374,CHEBI:219472,CHEBI:219482,CHEBI:219529,CHEBI:219578,CHEBI:219724,CHEBI:219742,CHEBI:219743,CHEBI:219755,CHEBI:219838,CHEBI:219861,CHEBI:219898,CHEBI:219940,CHEBI:219986,CHEBI:220004,CHEBI:220123,CHEBI:220288,CHEBI:220326,CHEBI:220344,CHEBI:220395,CHEBI:220441,CHEBI:220504,CHEBI:220652,CHEBI:220658,CHEBI:220741,CHEBI:220805,CHEBI:220842,CHEBI:220903,CHEBI:220942,CHEBI:221126,CHEBI:221237,CHEBI:221307,CHEBI:221384,CHEBI:221441,CHEBI:221692,CHEBI:221704,CHEBI:221737,CHEBI:221745,CHEBI:221945,CHEBI:221985,CHEBI:222117,CHEBI:222290,CHEBI:222374,CHEBI:222393,CHEBI:222403,CHEBI:222543,CHEBI:222680,CHEBI:222754,CHEBI:222799,CHEBI:222895,CHEBI:222947,CHEBI:222960,CHEBI:223019,CHEBI:223092,CHEBI:223215,CHEBI:223245,CHEBI:223289,CHEBI:223303,CHEBI:223309,CHEBI:223315,CHEBI:223326,CHEBI:223333,CHEBI:223339,CHEBI:223346,CHEBI:223353,CHEBI:223357,CHEBI:223363,CHEBI:223459,CHEBI:223479,CHEBI:223501,CHEBI:223534,CHEBI:223537,CHEBI:223542,CHEBI:223548,CHEBI:223552,CHEBI:223558,CHEBI:223562,CHEBI:223563,CHEBI:223604,CHEBI:223610,CHEBI:223615,CHEBI:223876,CHEBI:223908,CHEBI:223973,CHEBI:224040,CHEBI:224067,CHEBI:224143,CHEBI:224326,CHEBI:224347,CHEBI:224383,CHEBI:224450,CHEBI:224793,CHEBI:224817,CHEBI:224878,CHEBI:224883,CHEBI:225094,CHEBI:225155,CHEBI:225160,CHEBI:225164,CHEBI:225165,CHEBI:225172,CHEBI:225177,CHEBI:225181,CHEBI:225198,CHEBI:225203,CHEBI:225207,CHEBI:225208,CHEBI:225211,CHEBI:225213,CHEBI:225217,CHEBI:225218,CHEBI:225221,CHEBI:225222,CHEBI:225223,CHEBI:225227,CHEBI:225267,CHEBI:225392,CHEBI:225454,CHEBI:225483,CHEBI:225543,CHEBI:225750,CHEBI:225787,CHEBI:225808,CHEBI:225852,CHEBI:225857,CHEBI:225918,CHEBI:225927,CHEBI:226211,CHEBI:226375,CHEBI:226381,CHEBI:226422,CHEBI:226634,CHEBI:226716,CHEBI:226744,CHEBI:226748,CHEBI:226753,CHEBI:226755,CHEBI:226758,CHEBI:226763,CHEBI:226776,CHEBI:226898,CHEBI:226907,CHEBI:227012,CHEBI:227023,CHEBI:227066,CHEBI:227078,CHEBI:227103,CHEBI:227108,CHEBI:227113,CHEBI:227117,CHEBI:227123,CHEBI:227128,CHEBI:227134,CHEBI:227139,CHEBI:227143,CHEBI:227145,CHEBI:227148,CHEBI:227152,CHEBI:227155,CHEBI:227158,CHEBI:227160,CHEBI:227161,CHEBI:227166,CHEBI:227171,CHEBI:227179,CHEBI:227251,CHEBI:227274,CHEBI:227320,CHEBI:227389,CHEBI:227394,CHEBI:227404,CHEBI:227534,CHEBI:227539,CHEBI:227544,CHEBI:227551,CHEBI:227559,CHEBI:227575,CHEBI:227580,CHEBI:227585,CHEBI:227635,CHEBI:227721,CHEBI:227784,CHEBI:227797,CHEBI:227960,CHEBI:227964,CHEBI:227967,CHEBI:227970,CHEBI:227980,CHEBI:228315,CHEBI:228333,CHEBI:228338,CHEBI:228340,CHEBI:228344,CHEBI:228849,CHEBI:228850,CHEBI:228863,CHEBI:228892,CHEBI:228898,CHEBI:228904,CHEBI:228908,CHEBI:228952,CHEBI:228981,CHEBI:229006,CHEBI:229070,CHEBI:229098,CHEBI:229167,CHEBI:229201,CHEBI:229202,CHEBI:229661,CHEBI:229949,CHEBI:229950,CHEBI:230011,CHEBI:230226,CHEBI:230263,CHEBI:230324,CHEBI:230900,CHEBI:231066,CHEBI:231080,CHEBI:231315,CHEBI:231450,CHEBI:231451,CHEBI:231452,CHEBI:231453,CHEBI:231454,CHEBI:231455,CHEBI:231456,CHEBI:231458,CHEBI:231459,CHEBI:231460,CHEBI:231461,CHEBI:231462,CHEBI:231465,CHEBI:231466,CHEBI:231467,CHEBI:231469,CHEBI:231471,CHEBI:231473,CHEBI:231988,CHEBI:231989,CHEBI:232471,CHEBI:232472,CHEBI:232473,CHEBI:232474,CHEBI:232475,CHEBI:232477,CHEBI:232478,CHEBI:232479,CHEBI:232480,CHEBI:232481,CHEBI:232482,CHEBI:232483,CHEBI:232484,CHEBI:234025,CHEBI:234050,CHEBI:234051,CHEBI:234052,CHEBI:234053,CHEBI:234054,CHEBI:234055,CHEBI:234057,CHEBI:234081,CHEBI:234082,CHEBI:234083,CHEBI:234087,CHEBI:234158,CHEBI:234175	CHEBI:712,CHEBI:748,CHEBI:1307,CHEBI:2364,CHEBI:2366,CHEBI:2521,CHEBI:2522,CHEBI:2873,CHEBI:2898,CHEBI:2936,CHEBI:2937,CHEBI:2938,CHEBI:2942,CHEBI:2994,CHEBI:2999,CHEBI:3086,CHEBI:3087,CHEBI:3188,CHEBI:3189,CHEBI:3190,CHEBI:3197,CHEBI:3198,CHEBI:3425,CHEBI:3426,CHEBI:3427,CHEBI:3460,CHEBI:3577,CHEBI:3578,CHEBI:3579,CHEBI:3700,CHEBI:3825,CHEBI:3826,CHEBI:3862,CHEBI:3863,CHEBI:3865,CHEBI:3940,CHEBI:3941,CHEBI:3942,CHEBI:3943,CHEBI:3944,CHEBI:3945,CHEBI:3946,CHEBI:3947,CHEBI:3948,CHEBI:3949,CHEBI:3950,CHEBI:3951,CHEBI:3952,CHEBI:3987,CHEBI:4002,CHEBI:4313,CHEBI:4389,CHEBI:4446,CHEBI:4629,CHEBI:4652,CHEBI:4747,CHEBI:4940,CHEBI:5016,CHEBI:5069,CHEBI:5171,CHEBI:5363,CHEBI:5364,CHEBI:5370,CHEBI:5371,CHEBI:5372,CHEBI:5528,CHEBI:5580,CHEBI:5627,CHEBI:5633,CHEBI:5634,CHEBI:5760,CHEBI:5987,CHEBI:5988,CHEBI:6570,CHEBI:7036,CHEBI:7512,CHEBI:7567,CHEBI:7609,CHEBI:7713,CHEBI:7932,CHEBI:8036,CHEBI:8194,CHEBI:8203,CHEBI:8484,CHEBI:8588,CHEBI:8691,CHEBI:8692,CHEBI:8710,CHEBI:8913,CHEBI:9018,CHEBI:9025,CHEBI:9039,CHEBI:9110,CHEBI:9115,CHEBI:9208,CHEBI:9209,CHEBI:9211,CHEBI:9229,CHEBI:9250,CHEBI:9401,CHEBI:9402,CHEBI:9493,CHEBI:9510,CHEBI:9596,CHEBI:9612,CHEBI:9681,CHEBI:9771,CHEBI:9876,CHEBI:9908,CHEBI:10086,CHEBI:10087,CHEBI:10105,CHEBI:10213,CHEBI:10274,CHEBI:10352,CHEBI:10419,CHEBI:15441,CHEBI:15442,CHEBI:15787,CHEBI:15939,CHEBI:16219,CHEBI:16226,CHEBI:16317,CHEBI:16404,CHEBI:16419,CHEBI:16521,CHEBI:16653,CHEBI:17030,CHEBI:17133,CHEBI:17320,CHEBI:17573,CHEBI:18092,CHEBI:23454,CHEBI:23502,CHEBI:25872,CHEBI:26747,CHEBI:26893,CHEBI:28113,CHEBI:29807,CHEBI:30815,CHEBI:30853,CHEBI:31351,CHEBI:32345,CHEBI:34734,CHEBI:36484,CHEBI:36615,CHEBI:36783,CHEBI:37659,CHEBI:37777,CHEBI:38471,CHEBI:38473,CHEBI:38510,CHEBI:38520,CHEBI:39212,CHEBI:39434,CHEBI:39930,CHEBI:41462,CHEBI:50481,CHEBI:51963,CHEBI:52317,CHEBI:52340,CHEBI:52551,CHEBI:53154,CHEBI:53159,CHEBI:57310,CHEBI:57516,CHEBI:57729,CHEBI:57760,CHEBI:57763,CHEBI:58024,CHEBI:62217,CHEBI:62218,CHEBI:62228,CHEBI:62262,CHEBI:62416,CHEBI:62417,CHEBI:62440,CHEBI:62444,CHEBI:62452,CHEBI:62455,CHEBI:62456,CHEBI:62457,CHEBI:62458,CHEBI:62459,CHEBI:62735,CHEBI:62736,CHEBI:62737,CHEBI:62738,CHEBI:62739,CHEBI:62740,CHEBI:62741,CHEBI:62742,CHEBI:62743,CHEBI:62867,CHEBI:62911,CHEBI:62916,CHEBI:63177,CHEBI:63184,CHEBI:63459,CHEBI:63460,CHEBI:63461,CHEBI:63462,CHEBI:63463,CHEBI:63464,CHEBI:63465,CHEBI:63466,CHEBI:63467,CHEBI:63468,CHEBI:63712,CHEBI:63959,CHEBI:65370,CHEBI:65424,CHEBI:65425,CHEBI:65426,CHEBI:65427,CHEBI:65428,CHEBI:65429,CHEBI:65455,CHEBI:65456,CHEBI:65457,CHEBI:65484,CHEBI:65485,CHEBI:65486,CHEBI:65487,CHEBI:65526,CHEBI:65527,CHEBI:65528,CHEBI:65529,CHEBI:65530,CHEBI:65531,CHEBI:65532,CHEBI:65533,CHEBI:65547,CHEBI:65549,CHEBI:65574,CHEBI:65605,CHEBI:65649,CHEBI:65650,CHEBI:65651,CHEBI:65661,CHEBI:65662,CHEBI:65663,CHEBI:65689,CHEBI:65690,CHEBI:65691,CHEBI:65692,CHEBI:65693,CHEBI:65694,CHEBI:65722,CHEBI:65725,CHEBI:65726,CHEBI:65752,CHEBI:65755,CHEBI:65756,CHEBI:65757,CHEBI:65758,CHEBI:65759,CHEBI:65760,CHEBI:65761,CHEBI:65783,CHEBI:65788,CHEBI:65798,CHEBI:65817,CHEBI:65818,CHEBI:65846,CHEBI:65887,CHEBI:65902,CHEBI:65903,CHEBI:65904,CHEBI:65945,CHEBI:65946,CHEBI:65954,CHEBI:65959,CHEBI:65973,CHEBI:65974,CHEBI:65986,CHEBI:65987,CHEBI:65988,CHEBI:65989,CHEBI:65992,CHEBI:65993,CHEBI:65994,CHEBI:66045,CHEBI:66049,CHEBI:66054,CHEBI:66055,CHEBI:66094,CHEBI:66095,CHEBI:66128,CHEBI:66129,CHEBI:66130,CHEBI:66153,CHEBI:66155,CHEBI:66156,CHEBI:66157,CHEBI:66158,CHEBI:66159,CHEBI:66160,CHEBI:66161,CHEBI:66162,CHEBI:66163,CHEBI:66164,CHEBI:66169,CHEBI:66170,CHEBI:66171,CHEBI:66173,CHEBI:66216,CHEBI:66259,CHEBI:66290,CHEBI:66314,CHEBI:66315,CHEBI:66316,CHEBI:66317,CHEBI:66319,CHEBI:66321,CHEBI:66337,CHEBI:66348,CHEBI:66425,CHEBI:66430,CHEBI:66431,CHEBI:66439,CHEBI:66464,CHEBI:66465,CHEBI:66466,CHEBI:66467,CHEBI:66469,CHEBI:66486,CHEBI:66531,CHEBI:66542,CHEBI:66543,CHEBI:66544,CHEBI:66593,CHEBI:66594,CHEBI:66595,CHEBI:66626,CHEBI:66651,CHEBI:66652,CHEBI:66653,CHEBI:66671,CHEBI:66672,CHEBI:66673,CHEBI:66674,CHEBI:66675,CHEBI:66682,CHEBI:66683,CHEBI:66686,CHEBI:66769,CHEBI:66772,CHEBI:66780,CHEBI:66781,CHEBI:66782,CHEBI:66783,CHEBI:66784,CHEBI:66790,CHEBI:66801,CHEBI:66818,CHEBI:66838,CHEBI:67280,CHEBI:67281,CHEBI:67282,CHEBI:67283,CHEBI:67284,CHEBI:67285,CHEBI:67286,CHEBI:67287,CHEBI:67288,CHEBI:67289,CHEBI:67290,CHEBI:67291,CHEBI:67292,CHEBI:67293,CHEBI:67294,CHEBI:67296,CHEBI:67297,CHEBI:67298,CHEBI:67299,CHEBI:67301,CHEBI:67302,CHEBI:67303,CHEBI:67304,CHEBI:67305,CHEBI:67306,CHEBI:67307,CHEBI:67308,CHEBI:67309,CHEBI:67310,CHEBI:67311,CHEBI:67312,CHEBI:67313,CHEBI:67314,CHEBI:67368,CHEBI:67438,CHEBI:67473,CHEBI:67474,CHEBI:67475,CHEBI:67476,CHEBI:67477,CHEBI:67478,CHEBI:67479,CHEBI:67480,CHEBI:67481,CHEBI:67482,CHEBI:67483,CHEBI:67484,CHEBI:67485,CHEBI:67497,CHEBI:67498,CHEBI:67499,CHEBI:67500,CHEBI:67501,CHEBI:67502,CHEBI:67503,CHEBI:67504,CHEBI:67583,CHEBI:67596,CHEBI:67597,CHEBI:67598,CHEBI:67599,CHEBI:67600,CHEBI:67823,CHEBI:67824,CHEBI:67825,CHEBI:67888,CHEBI:67894,CHEBI:67895,CHEBI:67896,CHEBI:67907,CHEBI:67908,CHEBI:67909,CHEBI:67910,CHEBI:67911,CHEBI:67912,CHEBI:67913,CHEBI:67914,CHEBI:67915,CHEBI:67916,CHEBI:67917,CHEBI:67939,CHEBI:67941,CHEBI:67942,CHEBI:67943,CHEBI:67944,CHEBI:67945,CHEBI:67946,CHEBI:67947,CHEBI:67948,CHEBI:67949,CHEBI:67950,CHEBI:67951,CHEBI:67952,CHEBI:67953,CHEBI:67954,CHEBI:67963,CHEBI:67964,CHEBI:67965,CHEBI:67966,CHEBI:67986,CHEBI:67987,CHEBI:67988,CHEBI:67989,CHEBI:67990,CHEBI:67991,CHEBI:68096,CHEBI:68098,CHEBI:68099,CHEBI:68100,CHEBI:68101,CHEBI:68102,CHEBI:68103,CHEBI:68104,CHEBI:68353,CHEBI:68354,CHEBI:68355,CHEBI:68356,CHEBI:68357,CHEBI:68358,CHEBI:68359,CHEBI:68360,CHEBI:68361,CHEBI:68362,CHEBI:68363,CHEBI:68364,CHEBI:68365,CHEBI:68366,CHEBI:68367,CHEBI:68368,CHEBI:68369,CHEBI:68370,CHEBI:68371,CHEBI:68372,CHEBI:68377,CHEBI:68378,CHEBI:68379,CHEBI:68380,CHEBI:68381,CHEBI:68517,CHEBI:68519,CHEBI:68858,CHEBI:68907,CHEBI:68908,CHEBI:68909,CHEBI:68910,CHEBI:68911,CHEBI:68912,CHEBI:68913,CHEBI:68916,CHEBI:68917,CHEBI:68918,CHEBI:68928,CHEBI:68929,CHEBI:68930,CHEBI:68931,CHEBI:68932,CHEBI:68975,CHEBI:68976,CHEBI:68977,CHEBI:68978,CHEBI:68979,CHEBI:68997,CHEBI:68998,CHEBI:68999,CHEBI:69000,CHEBI:69001,CHEBI:69002,CHEBI:69003,CHEBI:69004,CHEBI:69005,CHEBI:69006,CHEBI:69007,CHEBI:69010,CHEBI:69011,CHEBI:69012,CHEBI:69046,CHEBI:69153,CHEBI:69154,CHEBI:69155,CHEBI:69157,CHEBI:69159,CHEBI:69206,CHEBI:69216,CHEBI:69217,CHEBI:69218,CHEBI:69219,CHEBI:69220,CHEBI:69221,CHEBI:69222,CHEBI:69223,CHEBI:69224,CHEBI:69357,CHEBI:69358,CHEBI:69363,CHEBI:69364,CHEBI:69365,CHEBI:69366,CHEBI:69367,CHEBI:69368,CHEBI:69369,CHEBI:69370,CHEBI:69371,CHEBI:69372,CHEBI:69373,CHEBI:69374,CHEBI:69375,CHEBI:69436,CHEBI:69500,CHEBI:69501,CHEBI:69502,CHEBI:69503,CHEBI:69504,CHEBI:69505,CHEBI:69506,CHEBI:69507,CHEBI:69508,CHEBI:69509,CHEBI:69510,CHEBI:69511,CHEBI:69516,CHEBI:69517,CHEBI:69518,CHEBI:69523,CHEBI:69524,CHEBI:69525,CHEBI:69526,CHEBI:69527,CHEBI:69528,CHEBI:69529,CHEBI:69530,CHEBI:69579,CHEBI:69580,CHEBI:69601,CHEBI:69602,CHEBI:69603,CHEBI:69604,CHEBI:69605,CHEBI:69606,CHEBI:69607,CHEBI:69608,CHEBI:69609,CHEBI:69611,CHEBI:69612,CHEBI:69622,CHEBI:69623,CHEBI:69624,CHEBI:69625,CHEBI:69626,CHEBI:69627,CHEBI:69628,CHEBI:69629,CHEBI:69630,CHEBI:69631,CHEBI:69632,CHEBI:69633,CHEBI:69634,CHEBI:69635,CHEBI:69636,CHEBI:69637,CHEBI:69745,CHEBI:69777,CHEBI:69778,CHEBI:69779,CHEBI:69780,CHEBI:69781,CHEBI:69782,CHEBI:69783,CHEBI:69784,CHEBI:69785,CHEBI:69786,CHEBI:69787,CHEBI:69789,CHEBI:69790,CHEBI:69791,CHEBI:69960,CHEBI:69995,CHEBI:69996,CHEBI:69997,CHEBI:69998,CHEBI:69999,CHEBI:70000,CHEBI:70001,CHEBI:70002,CHEBI:70003,CHEBI:70109,CHEBI:70110,CHEBI:70111,CHEBI:70112,CHEBI:70113,CHEBI:70114,CHEBI:70115,CHEBI:70116,CHEBI:70117,CHEBI:70118,CHEBI:70119,CHEBI:70120,CHEBI:70121,CHEBI:70122,CHEBI:70177,CHEBI:70241,CHEBI:70242,CHEBI:70243,CHEBI:70244,CHEBI:70245,CHEBI:70246,CHEBI:70247,CHEBI:70248,CHEBI:70249,CHEBI:70250,CHEBI:70251,CHEBI:70262,CHEBI:70263,CHEBI:70264,CHEBI:70265,CHEBI:70266,CHEBI:70267,CHEBI:70268,CHEBI:70269,CHEBI:70270,CHEBI:70271,CHEBI:70272,CHEBI:70273,CHEBI:70274,CHEBI:70275,CHEBI:70315,CHEBI:70377,CHEBI:70414,CHEBI:70415,CHEBI:70416,CHEBI:70417,CHEBI:70418,CHEBI:70464,CHEBI:70517,CHEBI:70518,CHEBI:70519,CHEBI:70520,CHEBI:70521,CHEBI:70522,CHEBI:70523,CHEBI:70524,CHEBI:70525,CHEBI:70527,CHEBI:70528,CHEBI:70529,CHEBI:70530,CHEBI:70625,CHEBI:70670,CHEBI:70671,CHEBI:70675,CHEBI:70676,CHEBI:70677,CHEBI:70678,CHEBI:70679,CHEBI:70680,CHEBI:70681,CHEBI:70682,CHEBI:70683,CHEBI:70684,CHEBI:70685,CHEBI:70803,CHEBI:70860,CHEBI:70861,CHEBI:70863,CHEBI:70864,CHEBI:70865,CHEBI:70978,CHEBI:70987,CHEBI:70994,CHEBI:71171,CHEBI:71262,CHEBI:71314,CHEBI:71347,CHEBI:71457,CHEBI:71468,CHEBI:71529,CHEBI:71531,CHEBI:71576,CHEBI:71577,CHEBI:71690,CHEBI:72300,CHEBI:72301,CHEBI:72303,CHEBI:72304,CHEBI:72306,CHEBI:72308,CHEBI:72309,CHEBI:72310,CHEBI:72485,CHEBI:73058,CHEBI:73086,CHEBI:73107,CHEBI:73157,CHEBI:74020,CHEBI:74023,CHEBI:74026,CHEBI:74448,CHEBI:74453,CHEBI:75931,CHEBI:75932,CHEBI:75950,CHEBI:75951,CHEBI:76237,CHEBI:76238,CHEBI:76293,CHEBI:77145,CHEBI:77146,CHEBI:77147,CHEBI:77148,CHEBI:77149,CHEBI:77150,CHEBI:77151,CHEBI:77152,CHEBI:77153,CHEBI:77154,CHEBI:77155,CHEBI:77156,CHEBI:77157,CHEBI:77490,CHEBI:77491,CHEBI:78306,CHEBI:78662,CHEBI:78904,CHEBI:79063,CHEBI:79064,CHEBI:79065,CHEBI:79776,CHEBI:79880,CHEBI:79928,CHEBI:80168,CHEBI:80169,CHEBI:80172,CHEBI:80353,CHEBI:80417,CHEBI:80461,CHEBI:80679,CHEBI:80752,CHEBI:80784,CHEBI:80785,CHEBI:80794,CHEBI:80823,CHEBI:80835,CHEBI:80854,CHEBI:80860,CHEBI:80861,CHEBI:80871,CHEBI:80872,CHEBI:80873,CHEBI:80874,CHEBI:80875,CHEBI:80876,CHEBI:80877,CHEBI:80878,CHEBI:80885,CHEBI:80889,CHEBI:80890,CHEBI:80891,CHEBI:80892,CHEBI:80893,CHEBI:80894,CHEBI:80903,CHEBI:80906,CHEBI:80909,CHEBI:80941,CHEBI:81075,CHEBI:81076,CHEBI:81077,CHEBI:81103,CHEBI:81104,CHEBI:81105,CHEBI:81166,CHEBI:81173,CHEBI:81174,CHEBI:81175,CHEBI:81306,CHEBI:81322,CHEBI:81371,CHEBI:81384,CHEBI:81385,CHEBI:82654,CHEBI:82822,CHEBI:82825,CHEBI:82827,CHEBI:82828,CHEBI:83043,CHEBI:83048,CHEBI:83211,CHEBI:83391,CHEBI:83894,CHEBI:85084,CHEBI:85086,CHEBI:86403,CHEBI:87044,CHEBI:87057,CHEBI:87060,CHEBI:87085,CHEBI:87086,CHEBI:87087,CHEBI:87088,CHEBI:88123,CHEBI:91024,CHEBI:91026,CHEBI:91994,CHEBI:93838,CHEBI:93891,CHEBI:94543,CHEBI:95106,CHEBI:95136,CHEBI:110188,CHEBI:111169,CHEBI:117232,CHEBI:132143,CHEBI:132144,CHEBI:132315,CHEBI:132338,CHEBI:132339,CHEBI:132340,CHEBI:132341,CHEBI:132342,CHEBI:132343,CHEBI:132344,CHEBI:132345,CHEBI:132346,CHEBI:132347,CHEBI:132370,CHEBI:132371,CHEBI:132372,CHEBI:132373,CHEBI:132374,CHEBI:132375,CHEBI:132376,CHEBI:132378,CHEBI:132379,CHEBI:132380,CHEBI:132460,CHEBI:132462,CHEBI:132463,CHEBI:132465,CHEBI:132467,CHEBI:132468,CHEBI:132469,CHEBI:132615,CHEBI:132616,CHEBI:132617,CHEBI:132618,CHEBI:132619,CHEBI:132622,CHEBI:132819,CHEBI:132851,CHEBI:133420,CHEBI:134117,CHEBI:136940,CHEBI:137227,CHEBI:138303,CHEBI:138304,CHEBI:138305,CHEBI:138307,CHEBI:138589,CHEBI:138599,CHEBI:138600,CHEBI:138798,CHEBI:138945,CHEBI:138946,CHEBI:138955,CHEBI:138972,CHEBI:138973,CHEBI:138974,CHEBI:139179,CHEBI:139215,CHEBI:140466,CHEBI:140467,CHEBI:140468,CHEBI:140655,CHEBI:141365,CHEBI:142258,CHEBI:142261,CHEBI:142484,CHEBI:142487,CHEBI:142844,CHEBI:142845,CHEBI:142846,CHEBI:142915,CHEBI:142917,CHEBI:142918,CHEBI:142990,CHEBI:143052,CHEBI:143055,CHEBI:143058,CHEBI:143065,CHEBI:143710,CHEBI:144108,CHEBI:144110,CHEBI:144126,CHEBI:144130,CHEBI:144131,CHEBI:144133,CHEBI:144136,CHEBI:144172,CHEBI:145144,CHEBI:145145,CHEBI:145146,CHEBI:145153,CHEBI:145154,CHEBI:145159,CHEBI:145168,CHEBI:145169,CHEBI:145174,CHEBI:145175,CHEBI:145455,CHEBI:145728,CHEBI:149955,CHEBI:156166,CHEBI:156195,CHEBI:156196,CHEBI:166664,CHEBI:166681,CHEBI:166685,CHEBI:166687,CHEBI:166806,CHEBI:166842,CHEBI:166995,CHEBI:167136,CHEBI:167950,CHEBI:167962,CHEBI:167967,CHEBI:167968,CHEBI:167972,CHEBI:167977,CHEBI:167979,CHEBI:167985,CHEBI:168010,CHEBI:168013,CHEBI:168015,CHEBI:168022,CHEBI:168032,CHEBI:168033,CHEBI:168063,CHEBI:168065,CHEBI:168066,CHEBI:168110,CHEBI:168112,CHEBI:168114,CHEBI:168130,CHEBI:168142,CHEBI:168151,CHEBI:168155,CHEBI:168160,CHEBI:168172,CHEBI:168184,CHEBI:168193,CHEBI:168196,CHEBI:168218,CHEBI:168258,CHEBI:168262,CHEBI:168276,CHEBI:168281,CHEBI:168291,CHEBI:168298,CHEBI:168305,CHEBI:168325,CHEBI:168334,CHEBI:168357,CHEBI:168363,CHEBI:168366,CHEBI:168367,CHEBI:168378,CHEBI:168379,CHEBI:168388,CHEBI:168397,CHEBI:168419,CHEBI:168423,CHEBI:168484,CHEBI:168489,CHEBI:168492,CHEBI:168506,CHEBI:168536,CHEBI:168538,CHEBI:168590,CHEBI:168600,CHEBI:168602,CHEBI:168613,CHEBI:168628,CHEBI:168651,CHEBI:168657,CHEBI:168659,CHEBI:168663,CHEBI:168685,CHEBI:168689,CHEBI:168707,CHEBI:168713,CHEBI:168742,CHEBI:168787,CHEBI:168819,CHEBI:168974,CHEBI:169099,CHEBI:169122,CHEBI:169185,CHEBI:169189,CHEBI:169308,CHEBI:169339,CHEBI:169409,CHEBI:169414,CHEBI:169459,CHEBI:169573,CHEBI:169596,CHEBI:169633,CHEBI:169639,CHEBI:169777,CHEBI:169828,CHEBI:169867,CHEBI:169903,CHEBI:171684,CHEBI:171708,CHEBI:171738,CHEBI:171906,CHEBI:171931,CHEBI:171983,CHEBI:171995,CHEBI:172009,CHEBI:172011,CHEBI:172013,CHEBI:172015,CHEBI:172019,CHEBI:172021,CHEBI:172023,CHEBI:172025,CHEBI:172027,CHEBI:172029,CHEBI:172031,CHEBI:172033,CHEBI:172034,CHEBI:172035,CHEBI:172067,CHEBI:172119,CHEBI:172120,CHEBI:172129,CHEBI:172132,CHEBI:172136,CHEBI:172590,CHEBI:172656,CHEBI:172690,CHEBI:172721,CHEBI:172725,CHEBI:172728,CHEBI:172732,CHEBI:172740,CHEBI:172746,CHEBI:172749,CHEBI:172763,CHEBI:172765,CHEBI:172771,CHEBI:172776,CHEBI:172805,CHEBI:172809,CHEBI:172857,CHEBI:172863,CHEBI:173045,CHEBI:173123,CHEBI:173127,CHEBI:173141,CHEBI:173148,CHEBI:173154,CHEBI:173156,CHEBI:173158,CHEBI:173188,CHEBI:173217,CHEBI:173309,CHEBI:175100,CHEBI:175122,CHEBI:175241,CHEBI:175242,CHEBI:175334,CHEBI:175335,CHEBI:175354,CHEBI:175429,CHEBI:175430,CHEBI:175435,CHEBI:175437,CHEBI:175440,CHEBI:175449,CHEBI:175450,CHEBI:175451,CHEBI:175453,CHEBI:175454,CHEBI:175456,CHEBI:175459,CHEBI:175461,CHEBI:175463,CHEBI:175465,CHEBI:175466,CHEBI:175469,CHEBI:175478,CHEBI:175504,CHEBI:175521,CHEBI:175522,CHEBI:175556,CHEBI:175573,CHEBI:175574,CHEBI:175580,CHEBI:175684,CHEBI:175690,CHEBI:175693,CHEBI:175714,CHEBI:175716,CHEBI:175717,CHEBI:175720,CHEBI:175722,CHEBI:175724,CHEBI:175727,CHEBI:175728,CHEBI:175731,CHEBI:175733,CHEBI:175734,CHEBI:175739,CHEBI:175741,CHEBI:175742,CHEBI:175743,CHEBI:175744,CHEBI:175748,CHEBI:175749,CHEBI:175774,CHEBI:175775,CHEBI:175795,CHEBI:175796,CHEBI:175828,CHEBI:175830,CHEBI:175831,CHEBI:175842,CHEBI:175850,CHEBI:175863,CHEBI:175890,CHEBI:175898,CHEBI:175900,CHEBI:175903,CHEBI:175939,CHEBI:175941,CHEBI:175949,CHEBI:175951,CHEBI:175955,CHEBI:175998,CHEBI:175999,CHEBI:176040,CHEBI:176041,CHEBI:176042,CHEBI:176043,CHEBI:176104,CHEBI:176105,CHEBI:176106,CHEBI:176117,CHEBI:176121,CHEBI:176122,CHEBI:176126,CHEBI:176132,CHEBI:176149,CHEBI:176151,CHEBI:176152,CHEBI:176153,CHEBI:176157,CHEBI:176158,CHEBI:176163,CHEBI:176197,CHEBI:176202,CHEBI:176207,CHEBI:176229,CHEBI:176236,CHEBI:176239,CHEBI:176242,CHEBI:176252,CHEBI:176253,CHEBI:176261,CHEBI:176265,CHEBI:176272,CHEBI:176276,CHEBI:176277,CHEBI:176281,CHEBI:176284,CHEBI:176285,CHEBI:176287,CHEBI:176289,CHEBI:176290,CHEBI:176306,CHEBI:176311,CHEBI:176312,CHEBI:176316,CHEBI:176765,CHEBI:176803,CHEBI:176962,CHEBI:177100,CHEBI:177118,CHEBI:177120,CHEBI:177277,CHEBI:177424,CHEBI:177581,CHEBI:177582,CHEBI:177613,CHEBI:177644,CHEBI:177711,CHEBI:177945,CHEBI:178023,CHEBI:178024,CHEBI:178025,CHEBI:178026,CHEBI:178027,CHEBI:178028,CHEBI:178029,CHEBI:178559,CHEBI:178588,CHEBI:178589,CHEBI:178607,CHEBI:178608,CHEBI:178609,CHEBI:178611,CHEBI:179065,CHEBI:179066,CHEBI:179067,CHEBI:179068,CHEBI:180457,CHEBI:180528,CHEBI:180735,CHEBI:180757,CHEBI:180761,CHEBI:180856,CHEBI:180887,CHEBI:180975,CHEBI:181044,CHEBI:181074,CHEBI:181078,CHEBI:181084,CHEBI:181107,CHEBI:181153,CHEBI:181177,CHEBI:181200,CHEBI:181227,CHEBI:181234,CHEBI:181270,CHEBI:181308,CHEBI:181338,CHEBI:181379,CHEBI:181484,CHEBI:181524,CHEBI:181551,CHEBI:181569,CHEBI:181574,CHEBI:181619,CHEBI:181621,CHEBI:181681,CHEBI:181718,CHEBI:181755,CHEBI:181772,CHEBI:181778,CHEBI:181813,CHEBI:181818,CHEBI:181823,CHEBI:181834,CHEBI:181837,CHEBI:181859,CHEBI:181866,CHEBI:181871,CHEBI:181872,CHEBI:181877,CHEBI:181905,CHEBI:181939,CHEBI:181945,CHEBI:181966,CHEBI:181969,CHEBI:181985,CHEBI:181993,CHEBI:182010,CHEBI:182058,CHEBI:182081,CHEBI:182083,CHEBI:182099,CHEBI:182362,CHEBI:182364,CHEBI:182439,CHEBI:182572,CHEBI:182586,CHEBI:182599,CHEBI:182601,CHEBI:182612,CHEBI:182615,CHEBI:182689,CHEBI:182729,CHEBI:182781,CHEBI:182828,CHEBI:182845,CHEBI:182869,CHEBI:182890,CHEBI:182898,CHEBI:182972,CHEBI:183133,CHEBI:183151,CHEBI:183183,CHEBI:183519,CHEBI:183521,CHEBI:183522,CHEBI:183527,CHEBI:183531,CHEBI:183533,CHEBI:183535,CHEBI:183538,CHEBI:183539,CHEBI:183541,CHEBI:183549,CHEBI:183553,CHEBI:183571,CHEBI:183579,CHEBI:183596,CHEBI:183622,CHEBI:183625,CHEBI:183867,CHEBI:183959,CHEBI:184011,CHEBI:184020,CHEBI:184025,CHEBI:184030,CHEBI:184035,CHEBI:184061,CHEBI:184089,CHEBI:184145,CHEBI:184151,CHEBI:184208,CHEBI:184323,CHEBI:184425,CHEBI:184492,CHEBI:184818,CHEBI:184821,CHEBI:184883,CHEBI:185164,CHEBI:185173,CHEBI:185256,CHEBI:185292,CHEBI:185340,CHEBI:185506,CHEBI:185579,CHEBI:185617,CHEBI:185804,CHEBI:185828,CHEBI:185829,CHEBI:185858,CHEBI:185868,CHEBI:185871,CHEBI:185911,CHEBI:185919,CHEBI:185988,CHEBI:185993,CHEBI:186050,CHEBI:186090,CHEBI:186118,CHEBI:186138,CHEBI:186154,CHEBI:186158,CHEBI:186180,CHEBI:186207,CHEBI:186226,CHEBI:186360,CHEBI:186545,CHEBI:186598,CHEBI:186718,CHEBI:186722,CHEBI:186795,CHEBI:186902,CHEBI:186933,CHEBI:186948,CHEBI:187069,CHEBI:187109,CHEBI:187207,CHEBI:187272,CHEBI:187509,CHEBI:187517,CHEBI:187569,CHEBI:187582,CHEBI:187726,CHEBI:187751,CHEBI:187816,CHEBI:188022,CHEBI:188033,CHEBI:188039,CHEBI:188062,CHEBI:188098,CHEBI:188100,CHEBI:188105,CHEBI:188131,CHEBI:188188,CHEBI:188241,CHEBI:188279,CHEBI:188312,CHEBI:188325,CHEBI:188335,CHEBI:189088,CHEBI:189213,CHEBI:189388,CHEBI:189409,CHEBI:189410,CHEBI:189479,CHEBI:189511,CHEBI:189704,CHEBI:189708,CHEBI:189821,CHEBI:189915,CHEBI:189927,CHEBI:189933,CHEBI:189944,CHEBI:189971,CHEBI:189974,CHEBI:190004,CHEBI:190036,CHEBI:190053,CHEBI:190086,CHEBI:190255,CHEBI:190284,CHEBI:190322,CHEBI:190323,CHEBI:190336,CHEBI:190341,CHEBI:190344,CHEBI:190352,CHEBI:190365,CHEBI:190373,CHEBI:190389,CHEBI:190390,CHEBI:190719,CHEBI:190726,CHEBI:190745,CHEBI:190853,CHEBI:190857,CHEBI:190930,CHEBI:191082,CHEBI:191317,CHEBI:191421,CHEBI:191440,CHEBI:191487,CHEBI:191541,CHEBI:191561,CHEBI:191596,CHEBI:191599,CHEBI:191618,CHEBI:191728,CHEBI:191736,CHEBI:191756,CHEBI:191761,CHEBI:191763,CHEBI:191775,CHEBI:191777,CHEBI:191781,CHEBI:191791,CHEBI:191808,CHEBI:191815,CHEBI:191833,CHEBI:191835,CHEBI:191839,CHEBI:191844,CHEBI:191912,CHEBI:191958,CHEBI:191961,CHEBI:191964,CHEBI:191971,CHEBI:191973,CHEBI:191977,CHEBI:191989,CHEBI:191994,CHEBI:192000,CHEBI:192009,CHEBI:192010,CHEBI:192014,CHEBI:192016,CHEBI:192024,CHEBI:192038,CHEBI:192039,CHEBI:192042,CHEBI:192047,CHEBI:192058,CHEBI:192059,CHEBI:192070,CHEBI:192170,CHEBI:192171,CHEBI:192172,CHEBI:192178,CHEBI:192200,CHEBI:192209,CHEBI:192228,CHEBI:192240,CHEBI:192336,CHEBI:192396,CHEBI:192461,CHEBI:192862,CHEBI:192863,CHEBI:192868,CHEBI:192885,CHEBI:192889,CHEBI:192894,CHEBI:192898,CHEBI:192901,CHEBI:192905,CHEBI:192908,CHEBI:192923,CHEBI:192935,CHEBI:192966,CHEBI:192981,CHEBI:193304,CHEBI:194124,CHEBI:194571,CHEBI:195183,CHEBI:195272,CHEBI:196396,CHEBI:196408,CHEBI:196789,CHEBI:197157,CHEBI:197237,CHEBI:197601,CHEBI:197654,CHEBI:197687,CHEBI:197723,CHEBI:197798,CHEBI:197805,CHEBI:197828,CHEBI:197851,CHEBI:197942,CHEBI:197944,CHEBI:197989,CHEBI:197993,CHEBI:197997,CHEBI:198073,CHEBI:198170,CHEBI:198251,CHEBI:198268,CHEBI:198336,CHEBI:198374,CHEBI:198423,CHEBI:198438,CHEBI:198559,CHEBI:198569,CHEBI:198607,CHEBI:198625,CHEBI:198631,CHEBI:198647,CHEBI:198655,CHEBI:198689,CHEBI:198704,CHEBI:198738,CHEBI:198845,CHEBI:198850,CHEBI:198855,CHEBI:198902,CHEBI:198911,CHEBI:198933,CHEBI:198940,CHEBI:198967,CHEBI:199000,CHEBI:199034,CHEBI:199037,CHEBI:199122,CHEBI:199142,CHEBI:199147,CHEBI:199179,CHEBI:199206,CHEBI:199235,CHEBI:199242,CHEBI:199313,CHEBI:199324,CHEBI:199329,CHEBI:199333,CHEBI:199492,CHEBI:199561,CHEBI:199572,CHEBI:199601,CHEBI:199615,CHEBI:199629,CHEBI:199641,CHEBI:199688,CHEBI:199690,CHEBI:199707,CHEBI:199710,CHEBI:199792,CHEBI:199801,CHEBI:199928,CHEBI:199950,CHEBI:199955,CHEBI:200026,CHEBI:200034,CHEBI:200039,CHEBI:200044,CHEBI:200054,CHEBI:200056,CHEBI:200059,CHEBI:200075,CHEBI:200102,CHEBI:200148,CHEBI:200303,CHEBI:200379,CHEBI:200416,CHEBI:200486,CHEBI:200503,CHEBI:200540,CHEBI:200543,CHEBI:200582,CHEBI:200596,CHEBI:200621,CHEBI:200625,CHEBI:200666,CHEBI:200700,CHEBI:200706,CHEBI:200708,CHEBI:200740,CHEBI:200756,CHEBI:200762,CHEBI:200768,CHEBI:200780,CHEBI:200787,CHEBI:200800,CHEBI:200913,CHEBI:200914,CHEBI:200926,CHEBI:200930,CHEBI:200964,CHEBI:201003,CHEBI:201063,CHEBI:201075,CHEBI:201084,CHEBI:201089,CHEBI:201170,CHEBI:201181,CHEBI:201216,CHEBI:201221,CHEBI:201359,CHEBI:201463,CHEBI:201692,CHEBI:201694,CHEBI:201701,CHEBI:201707,CHEBI:201715,CHEBI:201849,CHEBI:201930,CHEBI:201959,CHEBI:201969,CHEBI:201984,CHEBI:202000,CHEBI:202023,CHEBI:202026,CHEBI:202055,CHEBI:202091,CHEBI:202146,CHEBI:202180,CHEBI:202192,CHEBI:202211,CHEBI:202257,CHEBI:202301,CHEBI:202321,CHEBI:202392,CHEBI:202400,CHEBI:202520,CHEBI:202538,CHEBI:202628,CHEBI:202631,CHEBI:202651,CHEBI:202707,CHEBI:202732,CHEBI:202750,CHEBI:202840,CHEBI:202880,CHEBI:202888,CHEBI:202911,CHEBI:202946,CHEBI:202994,CHEBI:203003,CHEBI:203037,CHEBI:203043,CHEBI:203063,CHEBI:203073,CHEBI:203082,CHEBI:203098,CHEBI:203099,CHEBI:203102,CHEBI:203116,CHEBI:203163,CHEBI:203165,CHEBI:203238,CHEBI:203267,CHEBI:203281,CHEBI:203293,CHEBI:203311,CHEBI:203326,CHEBI:203350,CHEBI:203426,CHEBI:203461,CHEBI:203506,CHEBI:203541,CHEBI:203570,CHEBI:203642,CHEBI:203685,CHEBI:203687,CHEBI:203736,CHEBI:203759,CHEBI:203792,CHEBI:203804,CHEBI:203868,CHEBI:203917,CHEBI:203927,CHEBI:203964,CHEBI:203974,CHEBI:204026,CHEBI:204095,CHEBI:204156,CHEBI:204239,CHEBI:204283,CHEBI:204301,CHEBI:204325,CHEBI:204333,CHEBI:204368,CHEBI:204485,CHEBI:204506,CHEBI:204512,CHEBI:204536,CHEBI:204553,CHEBI:204562,CHEBI:204604,CHEBI:204684,CHEBI:204697,CHEBI:204710,CHEBI:204714,CHEBI:204753,CHEBI:204757,CHEBI:204815,CHEBI:204842,CHEBI:204863,CHEBI:204873,CHEBI:204909,CHEBI:204916,CHEBI:204918,CHEBI:204925,CHEBI:204951,CHEBI:204996,CHEBI:204999,CHEBI:205014,CHEBI:205074,CHEBI:205108,CHEBI:205114,CHEBI:205118,CHEBI:205120,CHEBI:205140,CHEBI:205185,CHEBI:205198,CHEBI:205212,CHEBI:205215,CHEBI:205249,CHEBI:205256,CHEBI:205290,CHEBI:205337,CHEBI:205338,CHEBI:205350,CHEBI:205360,CHEBI:205430,CHEBI:205477,CHEBI:205482,CHEBI:205513,CHEBI:205526,CHEBI:205686,CHEBI:205695,CHEBI:205737,CHEBI:205780,CHEBI:205832,CHEBI:206055,CHEBI:206059,CHEBI:206065,CHEBI:206128,CHEBI:206130,CHEBI:206141,CHEBI:206183,CHEBI:206291,CHEBI:206325,CHEBI:206378,CHEBI:206416,CHEBI:206458,CHEBI:206461,CHEBI:206464,CHEBI:206470,CHEBI:206493,CHEBI:206607,CHEBI:206610,CHEBI:206616,CHEBI:206677,CHEBI:206709,CHEBI:206713,CHEBI:206718,CHEBI:206724,CHEBI:206729,CHEBI:206735,CHEBI:206754,CHEBI:206760,CHEBI:206768,CHEBI:206775,CHEBI:206776,CHEBI:206782,CHEBI:206793,CHEBI:206805,CHEBI:206811,CHEBI:206812,CHEBI:206818,CHEBI:206824,CHEBI:206889,CHEBI:206933,CHEBI:206939,CHEBI:206954,CHEBI:206958,CHEBI:206964,CHEBI:206970,CHEBI:206974,CHEBI:206980,CHEBI:206988,CHEBI:206994,CHEBI:207000,CHEBI:207007,CHEBI:207009,CHEBI:207172,CHEBI:207207,CHEBI:207228,CHEBI:207260,CHEBI:207301,CHEBI:207305,CHEBI:207310,CHEBI:207318,CHEBI:207324,CHEBI:207331,CHEBI:207338,CHEBI:207344,CHEBI:207350,CHEBI:207357,CHEBI:207363,CHEBI:207369,CHEBI:207374,CHEBI:207380,CHEBI:207578,CHEBI:207595,CHEBI:207602,CHEBI:207612,CHEBI:207638,CHEBI:207643,CHEBI:207648,CHEBI:207654,CHEBI:207667,CHEBI:207932,CHEBI:208029,CHEBI:208056,CHEBI:208185,CHEBI:208296,CHEBI:208314,CHEBI:208337,CHEBI:208386,CHEBI:208398,CHEBI:208441,CHEBI:208452,CHEBI:208530,CHEBI:208553,CHEBI:208648,CHEBI:208766,CHEBI:208771,CHEBI:208836,CHEBI:208847,CHEBI:208976,CHEBI:208987,CHEBI:209057,CHEBI:209198,CHEBI:209224,CHEBI:209391,CHEBI:209396,CHEBI:209405,CHEBI:209425,CHEBI:209439,CHEBI:209486,CHEBI:209516,CHEBI:209519,CHEBI:209524,CHEBI:209656,CHEBI:209748,CHEBI:209804,CHEBI:209866,CHEBI:209892,CHEBI:209909,CHEBI:209974,CHEBI:210024,CHEBI:210121,CHEBI:210128,CHEBI:210135,CHEBI:210140,CHEBI:210146,CHEBI:210198,CHEBI:210395,CHEBI:210551,CHEBI:210647,CHEBI:210675,CHEBI:210731,CHEBI:210737,CHEBI:210748,CHEBI:210749,CHEBI:210755,CHEBI:210761,CHEBI:210762,CHEBI:210767,CHEBI:210768,CHEBI:210778,CHEBI:210800,CHEBI:210806,CHEBI:210891,CHEBI:211016,CHEBI:211067,CHEBI:211332,CHEBI:211468,CHEBI:211570,CHEBI:211643,CHEBI:211744,CHEBI:211747,CHEBI:211760,CHEBI:211764,CHEBI:211856,CHEBI:211877,CHEBI:212152,CHEBI:212200,CHEBI:212228,CHEBI:212234,CHEBI:212259,CHEBI:212261,CHEBI:212270,CHEBI:212283,CHEBI:212289,CHEBI:212417,CHEBI:212422,CHEBI:212427,CHEBI:212430,CHEBI:212470,CHEBI:212501,CHEBI:212512,CHEBI:212596,CHEBI:212601,CHEBI:212608,CHEBI:212631,CHEBI:212911,CHEBI:212939,CHEBI:213185,CHEBI:213294,CHEBI:213337,CHEBI:213359,CHEBI:213437,CHEBI:213518,CHEBI:213571,CHEBI:213839,CHEBI:213844,CHEBI:213846,CHEBI:213873,CHEBI:213909,CHEBI:214015,CHEBI:214270,CHEBI:214299,CHEBI:214324,CHEBI:214397,CHEBI:214484,CHEBI:214514,CHEBI:214531,CHEBI:214589,CHEBI:214608,CHEBI:214614,CHEBI:214697,CHEBI:214745,CHEBI:214775,CHEBI:214909,CHEBI:214992,CHEBI:215008,CHEBI:215010,CHEBI:215045,CHEBI:215062,CHEBI:215112,CHEBI:215117,CHEBI:215122,CHEBI:215128,CHEBI:215130,CHEBI:215134,CHEBI:215136,CHEBI:215141,CHEBI:215144,CHEBI:215152,CHEBI:215163,CHEBI:215171,CHEBI:215173,CHEBI:215176,CHEBI:215180,CHEBI:215183,CHEBI:215190,CHEBI:215196,CHEBI:215204,CHEBI:215210,CHEBI:215260,CHEBI:215298,CHEBI:215301,CHEBI:215307,CHEBI:215316,CHEBI:215323,CHEBI:215348,CHEBI:215368,CHEBI:215375,CHEBI:215433,CHEBI:215506,CHEBI:215511,CHEBI:215516,CHEBI:215521,CHEBI:215527,CHEBI:215533,CHEBI:215538,CHEBI:215544,CHEBI:215545,CHEBI:215551,CHEBI:215556,CHEBI:215557,CHEBI:215563,CHEBI:215569,CHEBI:215575,CHEBI:215581,CHEBI:215586,CHEBI:215593,CHEBI:215598,CHEBI:215604,CHEBI:215610,CHEBI:215745,CHEBI:215749,CHEBI:215757,CHEBI:215784,CHEBI:215794,CHEBI:215805,CHEBI:215809,CHEBI:215814,CHEBI:215822,CHEBI:215828,CHEBI:215834,CHEBI:215916,CHEBI:215922,CHEBI:215928,CHEBI:215934,CHEBI:215940,CHEBI:215946,CHEBI:215952,CHEBI:215957,CHEBI:215988,CHEBI:215993,CHEBI:216000,CHEBI:216019,CHEBI:216025,CHEBI:216029,CHEBI:216037,CHEBI:216039,CHEBI:216043,CHEBI:216045,CHEBI:216051,CHEBI:216056,CHEBI:216063,CHEBI:216270,CHEBI:216303,CHEBI:216326,CHEBI:216352,CHEBI:216385,CHEBI:216420,CHEBI:216441,CHEBI:216561,CHEBI:216564,CHEBI:216571,CHEBI:216577,CHEBI:216584,CHEBI:216594,CHEBI:216616,CHEBI:216732,CHEBI:216738,CHEBI:216752,CHEBI:216758,CHEBI:216770,CHEBI:216795,CHEBI:216825,CHEBI:216836,CHEBI:216867,CHEBI:217092,CHEBI:217094,CHEBI:217206,CHEBI:217307,CHEBI:217423,CHEBI:217467,CHEBI:217471,CHEBI:217510,CHEBI:217512,CHEBI:217514,CHEBI:217522,CHEBI:217525,CHEBI:217528,CHEBI:217534,CHEBI:217540,CHEBI:217545,CHEBI:217546,CHEBI:217552,CHEBI:217558,CHEBI:217564,CHEBI:217569,CHEBI:217637,CHEBI:217639,CHEBI:217776,CHEBI:217800,CHEBI:217848,CHEBI:217874,CHEBI:217879,CHEBI:217978,CHEBI:218028,CHEBI:218032,CHEBI:218035,CHEBI:218091,CHEBI:218098,CHEBI:218104,CHEBI:218110,CHEBI:218116,CHEBI:218123,CHEBI:218129,CHEBI:218136,CHEBI:218203,CHEBI:218260,CHEBI:218266,CHEBI:218271,CHEBI:218281,CHEBI:218295,CHEBI:218363,CHEBI:218426,CHEBI:218432,CHEBI:218435,CHEBI:218456,CHEBI:218464,CHEBI:218469,CHEBI:218489,CHEBI:218538,CHEBI:218703,CHEBI:218740,CHEBI:218847,CHEBI:218853,CHEBI:218876,CHEBI:218925,CHEBI:218956,CHEBI:219053,CHEBI:219056,CHEBI:219059,CHEBI:219061,CHEBI:219067,CHEBI:219241,CHEBI:219249,CHEBI:219255,CHEBI:219343,CHEBI:219348,CHEBI:219349,CHEBI:219374,CHEBI:219472,CHEBI:219482,CHEBI:219529,CHEBI:219578,CHEBI:219724,CHEBI:219742,CHEBI:219743,CHEBI:219755,CHEBI:219838,CHEBI:219861,CHEBI:219898,CHEBI:219940,CHEBI:219986,CHEBI:220004,CHEBI:220123,CHEBI:220288,CHEBI:220326,CHEBI:220344,CHEBI:220395,CHEBI:220441,CHEBI:220504,CHEBI:220652,CHEBI:220658,CHEBI:220741,CHEBI:220805,CHEBI:220842,CHEBI:220903,CHEBI:220942,CHEBI:221126,CHEBI:221237,CHEBI:221307,CHEBI:221384,CHEBI:221441,CHEBI:221692,CHEBI:221704,CHEBI:221737,CHEBI:221745,CHEBI:221945,CHEBI:221985,CHEBI:222117,CHEBI:222290,CHEBI:222374,CHEBI:222393,CHEBI:222403,CHEBI:222543,CHEBI:222680,CHEBI:222754,CHEBI:222799,CHEBI:222895,CHEBI:222947,CHEBI:222960,CHEBI:223019,CHEBI:223092,CHEBI:223215,CHEBI:223245,CHEBI:223289,CHEBI:223303,CHEBI:223309,CHEBI:223315,CHEBI:223326,CHEBI:223333,CHEBI:223339,CHEBI:223346,CHEBI:223353,CHEBI:223357,CHEBI:223363,CHEBI:223459,CHEBI:223479,CHEBI:223501,CHEBI:223534,CHEBI:223537,CHEBI:223542,CHEBI:223548,CHEBI:223552,CHEBI:223558,CHEBI:223562,CHEBI:223563,CHEBI:223604,CHEBI:223610,CHEBI:223615,CHEBI:223876,CHEBI:223908,CHEBI:223973,CHEBI:224040,CHEBI:224067,CHEBI:224143,CHEBI:224326,CHEBI:224347,CHEBI:224383,CHEBI:224450,CHEBI:224793,CHEBI:224817,CHEBI:224878,CHEBI:224883,CHEBI:225094,CHEBI:225155,CHEBI:225160,CHEBI:225164,CHEBI:225165,CHEBI:225172,CHEBI:225177,CHEBI:225181,CHEBI:225198,CHEBI:225203,CHEBI:225207,CHEBI:225208,CHEBI:225211,CHEBI:225213,CHEBI:225217,CHEBI:225218,CHEBI:225221,CHEBI:225222,CHEBI:225223,CHEBI:225227,CHEBI:225267,CHEBI:225392,CHEBI:225454,CHEBI:225483,CHEBI:225543,CHEBI:225750,CHEBI:225787,CHEBI:225808,CHEBI:225852,CHEBI:225857,CHEBI:225918,CHEBI:225927,CHEBI:226211,CHEBI:226375,CHEBI:226381,CHEBI:226422,CHEBI:226634,CHEBI:226716,CHEBI:226744,CHEBI:226748,CHEBI:226753,CHEBI:226755,CHEBI:226758,CHEBI:226763,CHEBI:226776,CHEBI:226898,CHEBI:226907,CHEBI:227012,CHEBI:227023,CHEBI:227066,CHEBI:227078,CHEBI:227103,CHEBI:227108,CHEBI:227113,CHEBI:227117,CHEBI:227123,CHEBI:227128,CHEBI:227134,CHEBI:227139,CHEBI:227143,CHEBI:227145,CHEBI:227148,CHEBI:227152,CHEBI:227155,CHEBI:227158,CHEBI:227160,CHEBI:227161,CHEBI:227166,CHEBI:227171,CHEBI:227179,CHEBI:227251,CHEBI:227274,CHEBI:227320,CHEBI:227389,CHEBI:227394,CHEBI:227404,CHEBI:227534,CHEBI:227539,CHEBI:227544,CHEBI:227551,CHEBI:227559,CHEBI:227575,CHEBI:227580,CHEBI:227585,CHEBI:227635,CHEBI:227721,CHEBI:227784,CHEBI:227797,CHEBI:227960,CHEBI:227964,CHEBI:227967,CHEBI:227970,CHEBI:227980,CHEBI:228315,CHEBI:228333,CHEBI:228338,CHEBI:228340,CHEBI:228344,CHEBI:228849,CHEBI:228850,CHEBI:228863,CHEBI:228892,CHEBI:228898,CHEBI:228904,CHEBI:228908,CHEBI:228952,CHEBI:228981,CHEBI:229006,CHEBI:229070,CHEBI:229098,CHEBI:229167,CHEBI:229201,CHEBI:229202,CHEBI:229661,CHEBI:229949,CHEBI:229950,CHEBI:230011,CHEBI:230226,CHEBI:230263,CHEBI:230324,CHEBI:230900,CHEBI:231066,CHEBI:231080,CHEBI:231315,CHEBI:231450,CHEBI:231451,CHEBI:231452,CHEBI:231453,CHEBI:231454,CHEBI:231455,CHEBI:231456,CHEBI:231458,CHEBI:231459,CHEBI:231460,CHEBI:231461,CHEBI:231462,CHEBI:231465,CHEBI:231466,CHEBI:231467,CHEBI:231469,CHEBI:231471,CHEBI:231473,CHEBI:231988,CHEBI:231989,CHEBI:232471,CHEBI:232472,CHEBI:232473,CHEBI:232474,CHEBI:232475,CHEBI:232477,CHEBI:232478,CHEBI:232479,CHEBI:232480,CHEBI:232481,CHEBI:232482,CHEBI:232483,CHEBI:232484,CHEBI:234025,CHEBI:234050,CHEBI:234051,CHEBI:234052,CHEBI:234053,CHEBI:234054,CHEBI:234055,CHEBI:234057,CHEBI:234081,CHEBI:234082,CHEBI:234083,CHEBI:234087,CHEBI:234158,CHEBI:234175	C01054,C01593,C01724,C01902,C02027,C02141,C02283,C02284,C02943,C03428,C03514,C03930,C04251,C05108,C05109,C06083,C06084,C06085,C06309,C06733,C08615,C08616,C08617,C08618,C08619,C08621,C08622,C08623,C08624,C08625,C08626,C08627,C08628,C08634,C08636,C08637,C08712,C08746,C08747,C08748,C08749,C08750,C08751,C08752,C08754,C08755,C08756,C08757,C08758,C08760,C08763,C08764,C08766,C08767,C08769,C08770,C08771,C08772,C08773,C08775,C08776,C08777,C08778,C08780,C08781,C08782,C08783,C08784,C08786,C08787,C08788,C08789,C08790,C08791,C08792,C08793,C08794,C08795,C08796,C08797,C08798,C08799,C08800,C08801,C08802,C08803,C08804,C08805,C08807,C08809,C08830,C08887,C08888,C08890,C08891,C08893,C08894,C08897,C08898,C08899,C08900,C08901,C08902,C08906,C08907,C08909,C08912,C08915,C08916,C08918,C08919,C08920,C08925,C08927,C08931,C08932,C08935,C08936,C08937,C08938,C08939,C08940,C08942,C08943,C08944,C08945,C08946,C08950,C08953,C08954,C08955,C08960,C08961,C08965,C08968,C08971,C08972,C08978,C08980,C08983,C08985,C08987,C08988,C09286,C14495,C15274,C15379,C15428,C15808,C15910,C15911,C15914,C15915,C16144,C16145,C16146,C16147,C16148,C16280,C16340,C16717,C16718,C16819,C16894,C16895,C16912,C16916,C16939,C16958,C16973,C16990,C17003,C17012,C17013,C17029,C17030,C17031,C17032,C17033,C17034,C17035,C17036,C17044,C17049,C17050,C17051,C17052,C17053,C17054,C17067,C17070,C17074,C17075,C17123,C17148,C17419,C17420,C17421,C17422,C17423,C17459,C17460,C17461,C17534,C17538,C17546,C17547,C17548,C17734,C17764,C17794,C17797,C17798,C17831,C17832,C17890,C17901,C17921,C17922,C17966,C19832,C19839,C19920,C19921,C21119,C21121,C21122	CHEBI:2366,CHEBI:3941,CHEBI:3944,CHEBI:8692,CHEBI:15441,CHEBI:16226,CHEBI:16521,CHEBI:28113,CHEBI:57310,CHEBI:78904,CHEBI:87044,CHEBI:176803	R-HSA-418594,R-HSA-420499,R-HSA-9717207,R-HSA-9717207,R-HSA-418594,R-HSA-420499,R-HSA-9717207,R-HSA-9717207,R-HSA-418594,R-HSA-420499,R-HSA-9717207,R-HSA-9717207,R-HSA-418594,R-HSA-420499,R-HSA-9717207,R-HSA-9717207,R-HSA-9969896,R-HSA-418594,R-HSA-420499,R-HSA-9717207,R-HSA-9717207,R-HSA-211976,R-HSA-6807047,R-HSA-6807062,R-HSA-9969896,R-HSA-6807062,R-HSA-9969896,R-HSA-6807062,R-HSA-6807062,R-HSA-9969896	C01054,C01724,C01902,C02141,C03428,C05108,C05109,C06083,C06309,C08615,C08616,C08624,C08627,C08628,C08637,C08748,C08794,C08795,C08796,C08797,C08800,C08830,C08898,C08902,C08942,C08946,C08972,C15808,C15911,C15914,C15915,C16144,C16145,C16146,C16147,C16148,C16280,C16340,C17148,C19832,C19839	map01100,map01110,map00100,map00909,map00996,map00999,map01060,map01062,map01070,map01100,map01110,map00100,map01100,map01110,map00100,map01060,map01062,map01070,map01100,map01110,map00100,map01100,map01110,map00100,map00909,map00906,map01100,map01110,map00100,map00100,map01110,map00909,map01110,map00909,map00909,map01100,map01110,map00909,map00999,map01062,map00996,map01062,map01110,map00996,map01062,map01110,map00909,map01062,map01110,map00909,map00996,map01062,map01110,map00996,map01110,map00996,map01110,map00996,map01110,map00996,map01062,map01110,map00996,map01100,map01110,map00100,map01060,map01060,map01100,map01110,map00999,map01110,map00999,map01100,map01110,map00999,map01100,map01110,map00100,map01110,map00906,map01110,map00906,map00100,map01100,map01110,map00906,map01100,map01110,map00906,map01100,map01110,map00906,map01100,map01110,map00906,map01100,map01110,map00906,map01100,map01110,map00906,map00906,map01100,map01110,map00999,map01110,map00909,map01100,map01110,map00906			0
Prostaglandin M	-	-	-	-	-	-	-		-	-		-	-	-					CHEBI:186746	CHEBI:186746	CHEBI:186746	CHEBI:186746										CHEBI:186746							CHEBI:186746						CHEBI:18059	R-HSA-1222556,R-HSA-1369062,R-HSA-5682294,R-HSA-804914,R-HSA-8941413	5
Kurilensoside G	-	-	-	-	-	-	-		-	-		-	-	-					CHEBI:187394	CHEBI:187394	CHEBI:187394	CHEBI:187394										CHEBI:187394							CHEBI:187394						CHEBI:35341	R-HSA-196071	1
Dihydroferulic acid 4-sulfate	RM0042921	C10H12O7S	276.0304	Organic acids	Phenylpropanoids	Cinnamic acids	187489	CHEBI:174634	HMDB0041724			UMCDODPBPQMWQP-UHFFFAOYSA-N	COc1cc(ccc1OS(=O)(=O)O)CCC(=O)O	Dihydroferulic acid 4-sulfate					CHEBI:174634	CHEBI:174634	CHEBI:174634	CHEBI:174634										CHEBI:174634							CHEBI:174634								0
Pikromycin	RM0135164	C28H47NO8	525.3302	Polyketides	Macrolides	Macrolides	5282037	CHEBI:29665		LMPK04000038	C11999	UZQBOFAUUTZOQE-VSLWXVDYSA-N	CC[C@@H]1[C@](C)(/C=C/C(=O)[C@H](C)C[C@H](C)[C@@H]([C@@H](C)C(=O)[C@@H](C)C(=O)O1)O[C@H]1[C@@H]([C@H](C[C@@H](C)O1)N(C)C)O)O	Pikromycin			C11999	map01100,map01110,map01052,map00522	CHEBI:29665,CHEBI:29665,CHEBI:76800	CHEBI:29665,CHEBI:29665,CHEBI:76800	CHEBI:29665,CHEBI:29665,CHEBI:76800	CHEBI:29665,CHEBI:76800	C11999	C11999	C11999	C11999			C11999	map01100,map01110,map01052,map00522		CHEBI:29665,CHEBI:76800	C11999			C11999	map01100,map01110,map01052,map00522		CHEBI:29665,CHEBI:76800	C11999			C11999	map01100,map01110,map01052,map00522	CHEBI:36916	R-HSA-936837	1
Rhizonin A	-	-	-	-	-	-	-		-	-		-	-	-					CHEBI:188316	CHEBI:188316	CHEBI:188316	CHEBI:188316										CHEBI:188316							CHEBI:188316						CHEBI:25676	R-HSA-1236974,R-HSA-1236977,R-HSA-1236978,R-HSA-9705671,R-HSA-983168,R-HSA-983170,R-HSA-9912633	7
Voriconazole	RM0036759	C16H14F3N5O	349.1150	Benzenoids	Benzenes	Phenylpropanes	71616	CHEBI:10023	HMDB0014720		C07622	BCEHBSKCWLPMDN-MGPLVRAMSA-N	C[C@@H](c1c(cncn1)F)[C@](Cn1cncn1)(c1ccc(cc1F)F)O	Voriconazole					CHEBI:10023	CHEBI:10023	CHEBI:10023	CHEBI:10023	C07622	C07622	C07622	C07622						CHEBI:10023	C07622						CHEBI:10023	C07622					CHEBI:30879	R-HSA-1483166,R-HSA-2022377,R-HSA-8935690	3
Estradiol valerate	RM0018330	C23H32O3	356.2351	Sterol Lipids	Steroids	C18 Steroids	13791	CHEBI:31561	HMDB0303648	LMST02010039	C12859	RSEPBGGWRJCQGY-RBRWEJTLSA-N	CCCCC(=O)O[C@H]1CC[C@H]2[C@@H]3CCc4cc(ccc4[C@H]3CC[C@]12C)O	Estradiol valerate					CHEBI:31561	CHEBI:31561	CHEBI:31561	CHEBI:31561	C12859	C12859	C12859	C12859						CHEBI:31561	C12859						CHEBI:31561	C12859					CHEBI:35341	R-HSA-196071	1
3-Indolepropionic acid	RM0136180	C11H11NO2	189.0790	Alkaloids	Tryptophan alkaloids	Indolecarboxylic acids	3744	CHEBI:43580	HMDB0002302			GOLXRNDWAUTYKT-UHFFFAOYSA-N	c1ccc2c(c1)c(CCC(=O)O)c[nH]2	3-Indolepropionic acid	CHEBI:43580	R-HSA-71240						CHEBI:43580					CHEBI:43580	R-HSA-71240			CHEBI:82916	CHEBI:43580,CHEBI:82916		CHEBI:43580	R-HSA-71240				CHEBI:43580,CHEBI:82916		CHEBI:43580	R-HSA-71240					0
N-(3-oxo-octanoyl)-homoserine lactone	RM0152796	C12H19NO4	241.1314	Fatty Acyls	Fatty amides	Fatty acyl homoserine lactones	127293			LMFA08030004	C11841	FXCMGCFNLNFLSH-JTQLQIEISA-N	CCCCCC(=O)CC(=O)N[C@H]1CCOC1=O	N-(3-Oxo-octanoyl)-homoserine lactone			C11841	map02024					C11841	C11841	C11841	C11841			C11841	map02024			C11841			C11841	map02024										0
LysoPE(0:0/22:5(4Z,7Z,10Z,13Z,16Z))	RM0174009	C27H46NO7P	527.3012	Glycerophospholipids	Glycerophosphoethanolamines	LPE								LPE 0:0/22:5(4Z,7Z,10Z,13Z,16Z)					CHEBI:138523	CHEBI:138523	CHEBI:138523	CHEBI:138523										CHEBI:138523							CHEBI:138523						CHEBI:36314	R-HSA-1482788	1
Eszopiclone	RM0200740	C17H17ClN6O3	388.1051	Alkaloids	Pyridine alkaloids	Nicotinic acid alkaloids	969472	CHEBI:53760	HMDB0014546			GBBSUAFBMRNDJC-INIZCTEOSA-N	CN1CCN(CC1)C(=O)O[C@H]1c2c(C(=O)N1c1ccc(cn1)Cl)nccn2	Eszopiclone					CHEBI:53760	CHEBI:53760	CHEBI:53760	CHEBI:53760									CHEBI:53762	CHEBI:53760,CHEBI:53762							CHEBI:53760,CHEBI:53762								0
Glucosyl (2E,6E,10x)-10,11-dihydroxy-2,6-farnesadienoate	-	-	-	-	-	-	-		-	-		-	-	-					CHEBI:167995	CHEBI:167995	CHEBI:167995	CHEBI:167995										CHEBI:167995							CHEBI:167995						CHEBI:18059	R-HSA-1222556,R-HSA-1369062,R-HSA-5682294,R-HSA-804914,R-HSA-8941413	5
Nicardipine	RM0200264	C26H29N3O6	479.2056	Organoheterocyclic compounds	Hydropyridines	Dihydropyridine carboxylic acids	4474	CHEBI:507549	HMDB0014760		C07264	ZBBHBTPTTSWHBA-UHFFFAOYSA-N	CC1=C(C(c2cccc(c2)[N+](=O)[O-])C(=C(C)N1)C(=O)OCCN(C)Cc1ccccc1)C(=O)OC	Nicardipine					CHEBI:7550	CHEBI:7550	CHEBI:7550	CHEBI:7550,CHEBI:507549	C07264	C07264	C07264	C07264	CHEBI:7550	R-HSA-5576893				CHEBI:7550,CHEBI:507549	C07264	CHEBI:7550	R-HSA-5576893				CHEBI:7550,CHEBI:507549	C07264	CHEBI:7550	R-HSA-5576893					0
Fenofibric acid	-	-	-	-	-	-	-		-	-		-	-	-					CHEBI:83469	CHEBI:83469	CHEBI:83469	CHEBI:83469										CHEBI:83469							CHEBI:83469						CHEBI:33575	R-HSA-6809371	1
??-D-Glucopyranosiduronic acid, 2-(1H-indol-4-yloxy)-1-[[(1-methylethyl)amino]methyl]ethyl	-	-	-	-	-	-	-		-	-		-	-	-																																	0
PHOME	-	-	-	-	-	-	-		-	-		-	-	-					CHEBI:188252	CHEBI:188252	CHEBI:188252	CHEBI:188252										CHEBI:188252							CHEBI:188252								0
13-OxoODE	RM0150616	C18H30O3	294.2195	Fatty Acyls	Octadecanoids	KODE	6446027	CHEBI:68947	HMDB0004668	LMFA02000016	C14765	JHXAZBBVQSRKJR-BSZOFBHHSA-N	CCCCCC(=O)/C=C/C=C\CCCCCCCC(=O)O	13-OxoODE			C14765	map00591	CHEBI:136531,CHEBI:68947,CHEBI:68947,CHEBI:72815	CHEBI:136531,CHEBI:68947,CHEBI:68947,CHEBI:72815	CHEBI:136531,CHEBI:68947,CHEBI:68947,CHEBI:72815	CHEBI:68947,CHEBI:72815,CHEBI:136531	C14765	C14765	C14765	C14765			C14765	map00591	CHEBI:90781	CHEBI:68947,CHEBI:72815,CHEBI:90781,CHEBI:136531	C14765			C14765	map00591		CHEBI:68947,CHEBI:72815,CHEBI:90781,CHEBI:136531	C14765			C14765	map00591	CHEBI:15904,CHEBI:35366	R-HSA-1369062,R-HSA-1482883,R-HSA-167826,R-HSA-192456,R-HSA-3000471,R-HSA-390247,R-HSA-422085,R-HSA-426048,R-HSA-5684045,R-HSA-6809371,R-HSA-6811436,R-HSA-77289,R-HSA-8963889,R-HSA-8963901,R-HSA-8964038,R-HSA-8964058,R-HSA-975634	17
L-Glutamic acid	RM0135893	C5H9NO4	147.0532	Organic acids	Amino acids and peptides	Amino acids	33032	CHEBI:16015	HMDB0000148		C00025	WHUUTDBJXJRKMK-VKHMYHEASA-N	C(CC(=O)O)[C@@H](C(=O)O)N	Glutamic acid			C00025	map01100,map01110,map01120,map01200,map01210,map01230,map01240,map00630,map00650,map00660,map00910,map00250,map00220,map00330,map00340,map00430,map00470,map00480,map00860,map00332,map00524,map00975,map00998,map01060,map01064,map00970,map02010,map02020,map04068,map04072,map04080,map04082,map04216,map04540,map04974,map04964,map04724,map04727,map04720,map04730,map04723,map04721,map04742,map04713,map05230,map05215,map05014,map05016,map05017,map05022,map05030,map05031,map05033,map05034	CHEBI:16015,CHEBI:16015,CHEBI:18237,CHEBI:18237,CHEBI:29972	CHEBI:16015,CHEBI:16015,CHEBI:18237,CHEBI:18237,CHEBI:29972	CHEBI:16015,CHEBI:16015,CHEBI:18237,CHEBI:18237,CHEBI:29972	CHEBI:16015,CHEBI:18237,CHEBI:29972	C00025,C00302	C00025,C00302	C00025,C00302	C00025,C00302			C00025,C00302	map01100,map01110,map01120,map01200,map01210,map01230,map01240,map00630,map00650,map00660,map00910,map00250,map00220,map00330,map00340,map00430,map00470,map00480,map00860,map00332,map00524,map00975,map00998,map01060,map01064,map00970,map02010,map02020,map04068,map04072,map04080,map04082,map04216,map04540,map04974,map04964,map04724,map04727,map04720,map04730,map04723,map04721,map04742,map04713,map05230,map05215,map05014,map05016,map05017,map05022,map05030,map05031,map05033,map05034,map01100,map00460	CHEBI:14321,CHEBI:15966,CHEBI:29973,CHEBI:29974,CHEBI:29985,CHEBI:29986,CHEBI:29987,CHEBI:29988,CHEBI:29989,CHEBI:48096	CHEBI:14321,CHEBI:15966,CHEBI:16015,CHEBI:18237,CHEBI:29972,CHEBI:29973,CHEBI:29974,CHEBI:29985,CHEBI:29986,CHEBI:29987,CHEBI:29988,CHEBI:29989,CHEBI:48096	C00025,C00217,C00302	CHEBI:29985	R-HSA-1614558,R-HSA-174403,R-HSA-196757,R-HSA-196807,R-HSA-210455,R-HSA-210500,R-HSA-2142691,R-HSA-352230,R-HSA-379716,R-HSA-379726,R-HSA-389661,R-HSA-3928662,R-HSA-3928662,R-HSA-399710,R-HSA-416476,R-HSA-418594,R-HSA-420499,R-HSA-438066,R-HSA-438066,R-HSA-442660,R-HSA-442982,R-HSA-446210,R-HSA-451307,R-HSA-451308,R-HSA-499943,R-HSA-500657,R-HSA-500753,R-HSA-5423646,R-HSA-5578999,R-HSA-5619062,R-HSA-5619067,R-HSA-5619076,R-HSA-5628897,R-HSA-5673001,R-HSA-70263,R-HSA-70268,R-HSA-70635,R-HSA-70688,R-HSA-70895,R-HSA-70921,R-HSA-71064,R-HSA-71240,R-HSA-71240,R-HSA-73817,R-HSA-8849932,R-HSA-888568,R-HSA-8955332,R-HSA-8955332,R-HSA-8963684,R-HSA-8963693,R-HSA-8964539,R-HSA-8964540,R-HSA-9026762,R-HSA-9026766,R-HSA-916853,R-HSA-9617324,R-HSA-9620244,R-HSA-9662360,R-HSA-9664535,R-HSA-9717207,R-HSA-9717207,R-HSA-9748787,R-HSA-9753281,R-HSA-977347,R-HSA-9856872,R-HSA-9955693,R-HSA-9958863	C00025,C00217,C00302	map01100,map01110,map01120,map01200,map01210,map01230,map01240,map00630,map00650,map00660,map00910,map00250,map00220,map00330,map00340,map00430,map00470,map00480,map00860,map00332,map00524,map00975,map00998,map01060,map01064,map00970,map02010,map02020,map04068,map04072,map04080,map04082,map04216,map04540,map04974,map04964,map04724,map04727,map04720,map04730,map04723,map04721,map04742,map04713,map05230,map05215,map05014,map05016,map05017,map05022,map05030,map05031,map05033,map05034,map01100,map00470,map01100,map00460	CHEBI:192079	CHEBI:14321,CHEBI:15966,CHEBI:16015,CHEBI:18237,CHEBI:29972,CHEBI:29973,CHEBI:29974,CHEBI:29985,CHEBI:29986,CHEBI:29987,CHEBI:29988,CHEBI:29989,CHEBI:48096,CHEBI:192079	C00025,C00217,C00302	CHEBI:29985	R-HSA-1614558,R-HSA-174403,R-HSA-196757,R-HSA-196807,R-HSA-210455,R-HSA-210500,R-HSA-2142691,R-HSA-352230,R-HSA-379716,R-HSA-379726,R-HSA-389661,R-HSA-3928662,R-HSA-3928662,R-HSA-399710,R-HSA-416476,R-HSA-418594,R-HSA-420499,R-HSA-438066,R-HSA-438066,R-HSA-442660,R-HSA-442982,R-HSA-446210,R-HSA-451307,R-HSA-451308,R-HSA-499943,R-HSA-500657,R-HSA-500753,R-HSA-5423646,R-HSA-5578999,R-HSA-5619062,R-HSA-5619067,R-HSA-5619076,R-HSA-5628897,R-HSA-5673001,R-HSA-70263,R-HSA-70268,R-HSA-70635,R-HSA-70688,R-HSA-70895,R-HSA-70921,R-HSA-71064,R-HSA-71240,R-HSA-71240,R-HSA-73817,R-HSA-8849932,R-HSA-888568,R-HSA-8955332,R-HSA-8955332,R-HSA-8963684,R-HSA-8963693,R-HSA-8964539,R-HSA-8964540,R-HSA-9026762,R-HSA-9026766,R-HSA-916853,R-HSA-9617324,R-HSA-9620244,R-HSA-9662360,R-HSA-9664535,R-HSA-9717207,R-HSA-9717207,R-HSA-9748787,R-HSA-9753281,R-HSA-977347,R-HSA-9856872,R-HSA-9955693,R-HSA-9958863	C00025,C00217,C00302	map01100,map01110,map01120,map01200,map01210,map01230,map01240,map00630,map00650,map00660,map00910,map00250,map00220,map00330,map00340,map00430,map00470,map00480,map00860,map00332,map00524,map00975,map00998,map01060,map01064,map00970,map02010,map02020,map04068,map04072,map04080,map04082,map04216,map04540,map04974,map04964,map04724,map04727,map04720,map04730,map04723,map04721,map04742,map04713,map05230,map05215,map05014,map05016,map05017,map05022,map05030,map05031,map05033,map05034,map01100,map00470,map01100,map00460			0
C20 Sulfatide	-	-	-	-	-	-	-		-	-		-	-	-																																	0
Visnagin	RM0052858	C13H10O4	230.0579	Polyketides	Aromatic polyketides	Benzopyranoids	6716	CHEBI:10002	HMDB0259840	LMPK13110003	C09049	NZVQLVGOZRELTG-UHFFFAOYSA-N	Cc1cc(=O)c2c(cc3c(cco3)c2OC)o1	Visnagin			C09049	map01060	CHEBI:10002	CHEBI:10002	CHEBI:10002	CHEBI:10002	C09049	C09049	C09049	C09049			C09049	map01060		CHEBI:10002	C09049			C09049	map01060		CHEBI:10002	C09049			C09049	map01060			0
ZM 447439	-	-	-	-	-	-	-		-	-		-	-	-					CHEBI:91376	CHEBI:91376	CHEBI:91376	CHEBI:91376										CHEBI:91376							CHEBI:91376								0
2-Amino-3-methyl-1-butanol	RM0224296	C5H13NO	103.1000	Organic nitrogen compounds	Amines	1,2-aminoalcohols	79019		HMDB0244984			NWYYWIJOWOLJNR-UHFFFAOYSA-N	CC(C)C(CO)N	Valinol					CHEBI:183239	CHEBI:183239	CHEBI:183239	CHEBI:183239										CHEBI:183239							CHEBI:183239						CHEBI:30879	R-HSA-1483166,R-HSA-2022377,R-HSA-8935690	3
LysoPC(22:6(4Z,7Z,10Z,13Z,16Z,19Z))	RM0180223	C30H50NO7P	567.3325	Glycerophospholipids	Glycerophosphocholines	LPC								LPC 22:6(4Z,7Z,10Z,13Z,16Z,19Z)																																	0
2,5-Furandicarboxylic acid	RM0002727	C6H4O5	156.0059	Organoheterocyclic compounds	Furoic acids	Furoic acid derivatives	76720	CHEBI:84212	HMDB0004812			CHTHALBTIRVDBM-UHFFFAOYSA-N	c1cc(C(=O)O)oc1C(=O)O	2,5-Furandicarboxylic acid					CHEBI:84212	CHEBI:84212	CHEBI:84212	CHEBI:84212									CHEBI:83389	CHEBI:83389,CHEBI:84212							CHEBI:83389,CHEBI:84212						CHEBI:33575	R-HSA-6809371	1
2,3-Dihydro-5-(5-methyl-2-furanyl)-1H-pyrrolizine	-	-	-	-	-	-	-		-	-		-	-	-																																	0
Benzamide	RM0020332	C7H7NO	121.0528	Benzenoids	Benzamides	Benzamides	2331	CHEBI:28179	HMDB0004461		C09815	KXDAEFPNCMNJSK-UHFFFAOYSA-N	c1ccc(cc1)C(=O)N	Benzamide	CHEBI:28179	R-HSA-9717207,R-HSA-9717207	C09815	map01120,map00627	CHEBI:28179,CHEBI:28179	CHEBI:28179,CHEBI:28179	CHEBI:28179,CHEBI:28179	CHEBI:28179	C09815	C09815	C09815	C09815	CHEBI:28179	R-HSA-9717207,R-HSA-9717207	C09815	map01120,map00627		CHEBI:28179	C09815	CHEBI:28179	R-HSA-9717207,R-HSA-9717207	C09815	map01120,map00627		CHEBI:28179	C09815	CHEBI:28179	R-HSA-9717207,R-HSA-9717207	C09815	map01120,map00627			0
PS(O-18:0/0:0)	RM0134443	C24H50NO8P	511.3274	Glycerophospholipids	Glycerophosphoserines	O-LPS								LPS O-18:0					CHEBI:146248,CHEBI:72738	CHEBI:146248,CHEBI:146248,CHEBI:72738,CHEBI:72738	CHEBI:146248,CHEBI:72738	CHEBI:72738,CHEBI:146248										CHEBI:72738,CHEBI:146248							CHEBI:72738,CHEBI:146248						CHEBI:37739	R-HSA-9845576	1
PS(22:4(7Z,10Z,13Z,16Z)/15:0)	RM0172703	C43H76NO10P	797.5207	Glycerophospholipids	Glycerophosphoserines	PS	52925901		HMDB0112790	LMGP03010791		CVGUYFZVGSMLAW-ZOHXUKRYSA-N	CCCCC/C=CC/C=CC/C=CC/C=CCCCCCC(=O)OC[C@H](COP(=O)(O)OC[C@@H](C(=O)O)N)OC(=O)CCCCCCCCCCCCCC	PS 22:4(7Z,10Z,13Z,16Z)/15:0					CHEBI:188288	CHEBI:188288	CHEBI:188288	CHEBI:188288										CHEBI:188288							CHEBI:188288						CHEBI:16247	R-HSA-1483206,R-HSA-202733,R-HSA-2168880,R-HSA-3000471,R-HSA-3000480,R-HSA-3000484,R-HSA-3000497,R-HSA-432142,R-HSA-5686938,R-HSA-8856825,R-HSA-8856828,R-HSA-8866423,R-HSA-8963888,R-HSA-8963896,R-HSA-8963901,R-HSA-8964011,R-HSA-8964026,R-HSA-8964038,R-HSA-8964041,R-HSA-8964046,R-HSA-8964058,R-HSA-8964572,R-HSA-9615710,R-HSA-9707616,R-HSA-975634,R-HSA-9918432,R-HSA-9918481,R-HSA-9918487,R-HSA-9920588,R-HSA-9920951	30
Serradiol	-	-	-	-	-	-	-		-	-		-	-	-																																	0
Prostaglandin E2	RM0153758	C20H32O5	352.2250	Fatty Acyls	Eicosanoids	Prostaglandins	5280360	CHEBI:15551	HMDB0001220	LMFA03010003	C00584	XEYBRNLFEZDVAW-ARSRFYASSA-N	CCCCC[C@@H](/C=C/[C@@H]1[C@@H](C/C=C\CCCC(=O)O)C(=O)C[C@H]1O)O	PGE2			C00584	map01100,map00590,map04024,map04080,map04148,map04625,map04923,map04921,map04924,map04976,map04726,map04750,map05200,map05163,map05165,map05146,map05140,map05143,map05323	CHEBI:15551	CHEBI:15551	CHEBI:15551	CHEBI:15551	C00584	C00584	C00584	C00584			C00584	map01100,map00590,map04024,map04080,map04148,map04625,map04923,map04921,map04924,map04976,map04726,map04750,map05200,map05163,map05165,map05146,map05140,map05143,map05323	CHEBI:606564	CHEBI:15551,CHEBI:606564	C00584	CHEBI:606564	R-HSA-2162123,R-HSA-2162123,R-HSA-391908,R-HSA-416476,R-HSA-418555,R-HSA-418594,R-HSA-5619095,R-HSA-879518,R-HSA-9856532	C00584	map01100,map00590,map04024,map04080,map04148,map04625,map04923,map04921,map04924,map04976,map04726,map04750,map05200,map05163,map05165,map05146,map05140,map05143,map05323		CHEBI:15551,CHEBI:606564	C00584	CHEBI:606564	R-HSA-2162123,R-HSA-2162123,R-HSA-391908,R-HSA-416476,R-HSA-418555,R-HSA-418594,R-HSA-5619095,R-HSA-879518,R-HSA-9856532	C00584	map01100,map00590,map04024,map04080,map04148,map04625,map04923,map04921,map04924,map04976,map04726,map04750,map05200,map05163,map05165,map05146,map05140,map05143,map05323			0
2-C-Methyl-D-erythritol 4-phosphate	RM0188951	C5H13O7P	216.0399	Carbohydrates	Monosaccharides	Sugar alcohols	443198	CHEBI:17764	HMDB0304061			XMWHRVNVKDKBRG-CRCLSJGQSA-N	C[C@@](CO)([C@H](COP(=O)(O)O)O)O	2-C-Methyl-D-erythritol 4-phosphate					CHEBI:17764,CHEBI:58262	CHEBI:17764,CHEBI:58262	CHEBI:17764,CHEBI:58262	CHEBI:17764,CHEBI:58262	C11434	C11434	C11434	C11434			C11434	map01100,map01110,map00900,map01060,map01062,map01070		CHEBI:17764,CHEBI:58262	C11434			C11434	map01100,map01110,map00900,map01060,map01062,map01070		CHEBI:17764,CHEBI:58262	C11434			C11434	map01100,map01110,map00900,map01060,map01062,map01070	CHEBI:25696	R-HSA-382556,R-HSA-428643,R-HSA-5690338	3
3beta-Acetoxy-4-oplopanone	-	-	-	-	-	-	-		-	-		-	-	-					CHEBI:184940	CHEBI:184940	CHEBI:184940	CHEBI:184940										CHEBI:184940							CHEBI:184940						CHEBI:18059	R-HSA-1222556,R-HSA-1369062,R-HSA-5682294,R-HSA-804914,R-HSA-8941413	5
SM(d18:1/18:0)	RM0135541	C41H83N2O6P	730.5989	Sphingolipids	Phosphosphingolipids	SM	6453725	CHEBI:83358	HMDB0001348	LMSP03010001	C00550	LKQLRGMMMAHREN-YJFXYUILSA-N	CCCCCCCCCCCCCCCCCC(=O)N[C@@H](COP(=O)([O-])OCC[N+](C)(C)C)[C@@H](/C=C/CCCCCCCCCCCCC)O	SM 18:1;O2/18:0			C00550	map01100,map00600,map04071,map04217	CHEBI:83358	CHEBI:83358	CHEBI:83358	CHEBI:83358	C00550	C00550	C00550	C00550			C00550	map01100,map00600,map04071,map04217		CHEBI:83358	C00550			C00550	map01100,map00600,map04071,map04217		CHEBI:83358	C00550			C00550	map01100,map00600,map04071,map04217	CHEBI:17636	R-HSA-1369062,R-HSA-193681,R-HSA-9840310	3
Cerarvensin	-	-	-	-	-	-	-		-	-		-	-	-					CHEBI:187983	CHEBI:187983	CHEBI:187983	CHEBI:187983										CHEBI:187983							CHEBI:187983								0
Tirandamycin	-	-	-	-	-	-	-		-	-		-	-	-					CHEBI:188071	CHEBI:188071	CHEBI:188071	CHEBI:188071										CHEBI:188071							CHEBI:188071								0
Camptothecin	RM0108772	C20H16N2O4	348.1110	Alkaloids	Tryptophan alkaloids	Pyrroloquinoline alkaloids	24360	CHEBI:27656			C01897	VSJKWCGYPAHWDS-FQEVSTJZSA-N	CC[C@@]1(c2cc3c4c(cc5ccccc5n4)Cn3c(=O)c2COC1=O)O	Camptothecin			C01897	map00996,map01063,map07042	CHEBI:27656,CHEBI:27656	CHEBI:27656,CHEBI:27656	CHEBI:27656,CHEBI:27656	CHEBI:27656	C01897	C01897	C01897	C01897			C01897	map00996,map01063,map07042		CHEBI:27656	C01897			C01897	map00996,map01063,map07042		CHEBI:27656	C01897			C01897	map00996,map01063,map07042	CHEBI:30879	R-HSA-1483166,R-HSA-2022377,R-HSA-8935690	3
22-tricosenoic acid	-	-	-	-	-	-	-		-	-		-	-	-					CHEBI:73736	CHEBI:73736	CHEBI:73736	CHEBI:73736										CHEBI:73736							CHEBI:73736						CHEBI:35366	R-HSA-1482883,R-HSA-167826,R-HSA-422085,R-HSA-426048,R-HSA-6809371,R-HSA-6811436,R-HSA-8963889,R-HSA-8964038	8
cis-Resveratrol 3-sulfate	RM0187552	C14H12O6S	308.0355	Polyketides	Aromatic polyketides	Stilbenes						DULQFFCIVGYOFH-UPHRSURJSA-N	C(=C\c1cc(cc(c1)OS(=O)(=O)O)O)\c1ccc(cc1)O	cis-Resveratrol 3-sulfate					CHEBI:168842	CHEBI:168842	CHEBI:168842	CHEBI:168842										CHEBI:168842							CHEBI:168842								0
JWH022	-	-	-	-	-	-	-		-	-		-	-	-					CHEBI:186087	CHEBI:186087	CHEBI:186087	CHEBI:186087										CHEBI:186087							CHEBI:186087								0
formyl 2,6-dimethyl-tetradecanoate	-	-	-	-	-	-	-		-	-		-	-	-					CHEBI:179967	CHEBI:179967	CHEBI:179967	CHEBI:179967										CHEBI:179967							CHEBI:179967						CHEBI:18059	R-HSA-1222556,R-HSA-1369062,R-HSA-5682294,R-HSA-804914,R-HSA-8941413	5
Peroxysimulenoline	-	-	-	-	-	-	-		-	-		-	-	-					CHEBI:188244	CHEBI:188244	CHEBI:188244	CHEBI:188244										CHEBI:188244							CHEBI:188244								0
9-oxo-9,11-seco-campest-5-en-3beta,11-diol	-	-	-	-	-	-	-		-	-		-	-	-					CHEBI:173195	CHEBI:173195	CHEBI:173195	CHEBI:173195										CHEBI:173195							CHEBI:173195						CHEBI:35341	R-HSA-196071	1
PC(22:6(4Z,7Z,10Z,13Z,16Z,19Z)/0:0)	RM0133390	C30H50NO7P	567.3325	Glycerophospholipids	Glycerophosphocholines	LPC	10415542	CHEBI:73873	HMDB0010404	LMGP01050056		LSOWKZULVQWMLY-APPDJCNMSA-N	CC/C=CC/C=CC/C=CC/C=CC/C=CC/C=CCCC(=O)OC[C@H](COP(=O)([O-])OCC[N+](C)(C)C)O	LPC 22:6(4Z,7Z,10Z,13Z,16Z,19Z)/0:0					CHEBI:73873	CHEBI:73873,CHEBI:73873	CHEBI:73873	CHEBI:73873										CHEBI:73873							CHEBI:73873						CHEBI:58168,CHEBI:64567	R-HSA-111995,R-HSA-1482839,R-HSA-1483191,R-HSA-2142753,R-HSA-6814848	5
PI(20:1(11Z)/0:0)	RM0184172	C29H53O13P	640.3224	Glycerophospholipids	Glycerophosphoinositols	LPI								LPI 20:1(11Z)/0:0					CHEBI:184786	CHEBI:184786	CHEBI:184786	CHEBI:184786										CHEBI:184786							CHEBI:184786						CHEBI:37739	R-HSA-9845576	1
PC(P-14:0/0:0)	RM0007367	C22H46NO6P	451.3063	Glycerophospholipids	Glycerophosphocholines	O-LPC								LPC P-14:0					CHEBI:184250	CHEBI:184250	CHEBI:184250	CHEBI:184250										CHEBI:184250							CHEBI:184250						CHEBI:36313	R-HSA-1482788	1
PE(12:0/0:0)	-	-	-	-	-	-	-		-	-		-	-	-					CHEBI:168574	CHEBI:168574	CHEBI:168574	CHEBI:168574										CHEBI:168574							CHEBI:168574						CHEBI:29017	R-HSA-1482798,R-HSA-1482839,R-HSA-1483152	3
3,5-Pyridinedicarboxylic acid, 2-(hydroxymethyl)-6-methyl-4-(2-nitrophenyl)-, 5-methyl ester	-	-	-	-	-	-	-		-	-		-	-	-					CHEBI:188176	CHEBI:188176	CHEBI:188176	CHEBI:188176										CHEBI:188176							CHEBI:188176								0
Calcimycin	RM0108843	C29H37N3O6	523.2682	Benzenoids	Benzenes	Aminobenzoic acids	40486	CHEBI:3305			C11309	HIYAVKIYRIFSCZ-CVXKHCKVSA-N	C[C@H]1CCC2([C@H](C)C[C@@H](C)[C@@H](C(C)C(=O)c3ccc[nH]3)O2)O[C@H]1Cc1nc2c(ccc(c2C(=O)O)NC)o1	Calcimycin					CHEBI:3305	CHEBI:3305	CHEBI:3305	CHEBI:3305	C11309	C11309	C11309	C11309						CHEBI:3305	C11309						CHEBI:3305	C11309					CHEBI:33575	R-HSA-6809371	1
OH-Chlorobactene glucoside ester	-	-	-	-	-	-	-		-	-		-	-	-					CHEBI:188312	CHEBI:188312	CHEBI:188312	CHEBI:188312										CHEBI:188312							CHEBI:188312						CHEBI:18059	R-HSA-1222556,R-HSA-1369062,R-HSA-5682294,R-HSA-804914,R-HSA-8941413	5
Formylfusarochromanone	RM0224463	C16H20N2O5	320.1372	Benzenoids	Benzopyrans	1-benzopyrans	131752501	CHEBI:175092	HMDB0038970			ZSARLQOBZZVZSB-UHFFFAOYSA-N	CC1(C)CC(=O)c2c(ccc(C(=O)CC(CO)NC=O)c2N)O1	Formylfusarochromanone					CHEBI:175092	CHEBI:175092	CHEBI:175092	CHEBI:175092										CHEBI:175092							CHEBI:175092								0
Phytolaccoside A	-	-	-	-	-	-	-		-	-		-	-	-					CHEBI:176272	CHEBI:176272	CHEBI:176272	CHEBI:176272										CHEBI:176272							CHEBI:176272						CHEBI:18059	R-HSA-1222556,R-HSA-1369062,R-HSA-5682294,R-HSA-804914,R-HSA-8941413	5
Idebenone Metabolite (Benzenebutanoic acid, 2,5-dihydroxy-3,4-dimethoxy-6-methyl-)	-	-	-	-	-	-	-		-	-		-	-	-																																	0
PC(16:1(9Z)/P-18:1(9Z))	-	-	-	-	-	-	-		-	-		-	-	-					CHEBI:89668	CHEBI:89668	CHEBI:89668	CHEBI:89668										CHEBI:89668							CHEBI:89668						CHEBI:36313	R-HSA-1482788	1
Goyaglycoside h	-	-	-	-	-	-	-		-	-		-	-	-					CHEBI:145194	CHEBI:145194	CHEBI:145194	CHEBI:145194										CHEBI:145194							CHEBI:145194						CHEBI:35341	R-HSA-196071	1
2,5-Dimethylbenzaldehyde	-	-	-	-	-	-	-		-	-		-	-	-					CHEBI:173203,CHEBI:173203	CHEBI:173203,CHEBI:173203	CHEBI:173203	CHEBI:173203										CHEBI:173203							CHEBI:173203								0
MG(18:0/0:0/0:0)[rac]	-	-	-	-	-	-	-		-	-		-	-	-					CHEBI:75557	CHEBI:75557	CHEBI:75557	CHEBI:75557										CHEBI:75557							CHEBI:75557								0
PC(20:0/20:4(8Z,11Z,14Z,17Z))	-	-	-	-	-	-	-		-	-		-	-	-					CHEBI:188168	CHEBI:188168	CHEBI:188168	CHEBI:188168										CHEBI:188168							CHEBI:188168						CHEBI:57643	R-HSA-111995,R-HSA-1369062,R-HSA-1482788,R-HSA-1482798,R-HSA-1482839,R-HSA-1483101,R-HSA-1483148,R-HSA-1483166,R-HSA-1483191,R-HSA-1483196,R-HSA-1660661,R-HSA-2029485,R-HSA-2142753,R-HSA-382556,R-HSA-5678771,R-HSA-5683678,R-HSA-5683826,R-HSA-5688399,R-HSA-6811436,R-HSA-8964058,R-HSA-9680350	21
3,5,7,9,11-dodecapentaenoic acid	-	-	-	-	-	-	-		-	-		-	-	-					CHEBI:187712	CHEBI:187712	CHEBI:187712	CHEBI:187712										CHEBI:187712							CHEBI:187712						CHEBI:59554	R-HSA-390247,R-HSA-77289	2
Nebrosteroid L	-	-	-	-	-	-	-		-	-		-	-	-					CHEBI:187976	CHEBI:187976	CHEBI:187976	CHEBI:187976										CHEBI:187976							CHEBI:187976						CHEBI:35341	R-HSA-196071	1
Trans-2, 3, 4-Trimethoxycinnamate	RM0136357	C12H14O5	238.0841	Organic acids	Phenylpropanoids	Cinnamic acids	735841	CHEBI:166597	HMDB0011721			ZYOPDNLIHHFGEC-FNORWQNLSA-N	COc1ccc(/C=C/C(=O)O)c(c1OC)OC	trans-2,3,4-Trimethoxycinnamic acid					CHEBI:166597	CHEBI:166597	CHEBI:166597	CHEBI:166597										CHEBI:166597							CHEBI:166597						CHEBI:33575	R-HSA-6809371	1
Toonacilin	RM0139107	C31H38O9	554.2516	Prenol Lipids	Isoprenoids	C30 isoprenoids	118701130	CHEBI:9632			C08785	RRBQYKQIAKFGIS-UBJOFKODSA-N	C=C1C([C@@H]([C@@H]([C@@]2(C)[C@@H](CC3[C@]12O3)c1ccoc1)OC(=O)C)OC(=O)C)[C@@]1(C)C=CC(=O)C(C)(C)[C@@H]1CC(=O)OC	Toonacilin					CHEBI:9632	CHEBI:9632	CHEBI:9632	CHEBI:9632	C08785	C08785	C08785	C08785						CHEBI:9632	C08785						CHEBI:9632	C08785					CHEBI:18059	R-HSA-1222556,R-HSA-1369062,R-HSA-5682294,R-HSA-804914,R-HSA-8941413	5
13E,17-octadecadienoic acid	RM0153342	C18H32O2	280.2402	Fatty Acyls	Fatty acids	Unsaturated FA	5312454	CHEBI:165454		LMFA01030303		ZSCQSJYYQBIMGK-AATRIKPKSA-N	C=CCC/C=C/CCCCCCCCCCCC(=O)O	13E,17-Octadecadienoic acid					CHEBI:165454	CHEBI:165454	CHEBI:165454	CHEBI:165454										CHEBI:165454							CHEBI:165454						CHEBI:15904	R-HSA-1369062,R-HSA-192456,R-HSA-3000471,R-HSA-390247,R-HSA-5684045,R-HSA-77289,R-HSA-8963901,R-HSA-8964058,R-HSA-975634	9
Alpha-CEHC	RM0136108	C16H22O4	278.1518	Benzenoids	Benzopyrans	1-benzopyrans	9943542	CHEBI:88427	HMDB0001518			AXODOWFEFKOVSH-UHFFFAOYSA-N	Cc1c(C)c2c(CCC(C)(CCC(=O)O)O2)c(C)c1O	alpha-CEHC					CHEBI:88427	CHEBI:88427	CHEBI:88427	CHEBI:88427										CHEBI:88427							CHEBI:88427								0
Difenacoum	-	-	-	-	-	-	-		-	-		-	-	-					CHEBI:80743	CHEBI:80743	CHEBI:80743	CHEBI:80743	C16807	C16807	C16807	C16807						CHEBI:80743	C16807						CHEBI:80743	C16807							0
tetranor-PGDM	RM0150270	C16H24O7	328.1522	Fatty Acyls	Eicosanoids	Prostaglandins	44600448	CHEBI:165343		LMFA03010221		VNJBSPJILLFAIC-BZPMIXESSA-N	C(CCC(=O)O)CC(=O)CC[C@@H]1[C@@H](CCC(=O)O)[C@H](CC1=O)O	Tetranor-PGDM					CHEBI:165343	CHEBI:165343	CHEBI:165343	CHEBI:165343										CHEBI:165343							CHEBI:165343						CHEBI:33575	R-HSA-6809371	1
H-1152	-	-	-	-	-	-	-		-	-		-	-	-					CHEBI:88220	CHEBI:88220	CHEBI:88220	CHEBI:88220									CHEBI:138382	CHEBI:88220,CHEBI:138382							CHEBI:88220,CHEBI:138382								0
Isopropyl tetradecanoate	RM0202327	C17H34O2	270.2559	Fatty Acyls	Fatty esters	Short fatty esters	8042	CHEBI:90027	HMDB0040392	LMFA07010677		AXISYYRBXTVTFY-UHFFFAOYSA-N	CCCCCCCCCCCCCC(=O)OC(C)C	Isopropyl tetradecanoate					CHEBI:90027	CHEBI:90027	CHEBI:90027	CHEBI:90027										CHEBI:90027							CHEBI:90027						CHEBI:18059	R-HSA-1222556,R-HSA-1369062,R-HSA-5682294,R-HSA-804914,R-HSA-8941413	5
MGDG(16:0/18:2(9Z,12Z))	RM0174761	C43H78O10	754.5595	Glycerolipids	Glycosyldiradylglycerols	MGDG								MGDG 16:0/18:2(9Z,12Z)					CHEBI:185610	CHEBI:185610	CHEBI:185610	CHEBI:185610										CHEBI:185610							CHEBI:185610								0
(1S,3R,4R)-8,10-Dihydroxyfenchone 10-O-b-D-glucoside	-	-	-	-	-	-	-		-	-		-	-	-					CHEBI:169034	CHEBI:169034	CHEBI:169034	CHEBI:169034										CHEBI:169034							CHEBI:169034						CHEBI:18059	R-HSA-1222556,R-HSA-1369062,R-HSA-5682294,R-HSA-804914,R-HSA-8941413	5
3alpha-Hydroxy-5beta-chola-7,9(11)-dien-24-oic Acid	-	-	-	-	-	-	-		-	-		-	-	-					CHEBI:176415	CHEBI:176415	CHEBI:176415	CHEBI:176415										CHEBI:176415							CHEBI:176415						CHEBI:33575,CHEBI:35341	R-HSA-196071,R-HSA-6809371	2
D-Galactose 6-sulfate	RM0013542	C6H12O9S	260.0202	Carbohydrates	Monosaccharides	Hexoses	439386	CHEBI:28525			C01067	OKUVUONOJCDUJY-PHYPRBDBSA-N	C([C@@H]1[C@@H]([C@@H]([C@H]([C@@H](O)O1)O)O)O)OS(=O)(=O)O	Galactose 6-sulfate					CHEBI:176481,CHEBI:133926,CHEBI:28525	CHEBI:176481,CHEBI:133926,CHEBI:28525	CHEBI:176481,CHEBI:133926,CHEBI:28525	CHEBI:28525,CHEBI:133926,CHEBI:176481	C01067	C01067	C01067	C01067						CHEBI:28525,CHEBI:133926,CHEBI:176481	C01067						CHEBI:28525,CHEBI:133926,CHEBI:176481	C01067							0
PC(20:5(5Z,8Z,11Z,14Z,17Z)/0:0)	RM0172516	C28H48NO7P	541.3168	Glycerophospholipids	Glycerophosphocholines	LPC								LPC 20:5(5Z,8Z,11Z,14Z,17Z)/0:0																																	0
Ganoderic acid Mb	-	-	-	-	-	-	-		-	-		-	-	-					CHEBI:188098	CHEBI:188098	CHEBI:188098	CHEBI:188098										CHEBI:188098							CHEBI:188098						CHEBI:18059	R-HSA-1222556,R-HSA-1369062,R-HSA-5682294,R-HSA-804914,R-HSA-8941413	5
(7alpha,10beta)-1(10->19)-Abeo-7-acetoxyisoobacun-3,10-olide	-	-	-	-	-	-	-		-	-		-	-	-					CHEBI:188275	CHEBI:188275	CHEBI:188275	CHEBI:188275										CHEBI:188275							CHEBI:188275								0
PI(20:2(11Z,14Z)/0:0)	-	-	-	-	-	-	-		-	-		-	-	-					CHEBI:186892	CHEBI:186892	CHEBI:186892	CHEBI:186892										CHEBI:186892							CHEBI:186892						CHEBI:37739	R-HSA-9845576	1
N??-Acetyl-L-glutamine	RM0138125	C7H12N2O4	188.0797	Organic acids	Amino acids and peptides	Amino acids	182230	CHEBI:21553	HMDB0006029			KSMRODHGGIIXDV-YFKPBYRVSA-N	CC(=O)N[C@@H](CCC(N)=O)C(O)=O	N-Acetylglutamine					CHEBI:73685	CHEBI:73685	CHEBI:73685	CHEBI:21553,CHEBI:73685									CHEBI:143879,CHEBI:143880,CHEBI:144430	CHEBI:21553,CHEBI:73685,CHEBI:143879,CHEBI:143880,CHEBI:144430							CHEBI:21553,CHEBI:73685,CHEBI:143879,CHEBI:143880,CHEBI:144430						CHEBI:33575	R-HSA-6809371	1
Cer(d18:1/14:0)	RM0135483	C32H63NO3	509.4808	Sphingolipids	Ceramides	Cer	5282310	CHEBI:34863	HMDB0011773	LMSP02010001	C00195	ZKRPGPZHULJLKJ-JHRQRACZSA-N	CCCCCCCCCCCCC/C=C/[C@H]([C@H](CO)NC(=O)CCCCCCCCCCCCC)O	Cer 18:1;O2/14:0			C00195	map01100,map00600,map04071,map04217,map04920,map04722,map05140,map05415,map04931,map04933	CHEBI:72957	CHEBI:72957	CHEBI:72957	CHEBI:34863,CHEBI:72957	C00195,C13916	C00195,C13916	C00195,C13916	C00195,C13916			C00195	map01100,map00600,map04071,map04217,map04920,map04722,map05140,map05415,map04931,map04933		CHEBI:34863,CHEBI:72957	C00195,C13916			C00195	map01100,map00600,map04071,map04217,map04920,map04722,map05140,map05415,map04931,map04933		CHEBI:34863,CHEBI:72957	C00195,C13916			C00195	map01100,map00600,map04071,map04217,map04920,map04722,map05140,map05415,map04931,map04933	CHEBI:52639	R-HSA-9840309	1
SRT 1720	-	-	-	-	-	-	-		-	-		-	-	-					CHEBI:183639	CHEBI:183639	CHEBI:183639	CHEBI:183639										CHEBI:183639							CHEBI:183639								0
3alpha,6alpha,7alpha,12alpha-Tetrahydroxy-5beta-cholest-24-en-26-oic acid	RM0135832	C27H44O6	464.3138	Sterol Lipids	Bile acids	C27 bile acids	5284281	CHEBI:166744		LMST04030128		IMILIYBIDYZFPA-VJEQXENESA-N	C[C@H](CC/C=C(\C)/C(=O)O)[C@H]1CC[C@H]2[C@H]3[C@H](C[C@@H]([C@]12C)O)[C@@]1(C)CC[C@H](C[C@H]1[C@H]([C@H]3O)O)O	3alpha,6alpha,7alpha,12alpha-Tetrahydroxy-5beta-cholest-24-en-26-oic acid					CHEBI:166744	CHEBI:166744	CHEBI:166744	CHEBI:166744										CHEBI:166744							CHEBI:166744						CHEBI:33575,CHEBI:35341	R-HSA-196071,R-HSA-6809371	2
9Z,14Z-Octadecadien-12-ynoic acid	-	-	-	-	-	-	-		-	-		-	-	-					CHEBI:188050	CHEBI:188050	CHEBI:188050	CHEBI:188050										CHEBI:188050							CHEBI:188050						CHEBI:15904	R-HSA-1369062,R-HSA-192456,R-HSA-3000471,R-HSA-390247,R-HSA-5684045,R-HSA-77289,R-HSA-8963901,R-HSA-8964058,R-HSA-975634	9
9,12,15-octadecatrienal	-	-	-	-	-	-	-		-	-		-	-	-					CHEBI:183591	CHEBI:183591	CHEBI:183591	CHEBI:183591										CHEBI:183591							CHEBI:183591						CHEBI:35746	R-HSA-1482788,R-HSA-75109	2
S-Propyl 1-propanesulfinothioate	-	-	-	-	-	-	-		-	-		-	-	-					CHEBI:91021	CHEBI:91021	CHEBI:91021	CHEBI:91021										CHEBI:91021							CHEBI:91021								0
N,N-Diethylphenylacetamide	-	-	-	-	-	-	-		-	-		-	-	-					CHEBI:27643,CHEBI:27643	CHEBI:27643,CHEBI:27643	CHEBI:27643	CHEBI:27643	C10938	C10938	C10938	C10938						CHEBI:27643	C10938						CHEBI:27643	C10938							0
C24 Sulfatide	-	-	-	-	-	-	-		-	-		-	-	-					CHEBI:188340	CHEBI:188340	CHEBI:188340	CHEBI:188340										CHEBI:188340							CHEBI:188340						CHEBI:24402,CHEBI:33563	R-HSA-9638630,R-HSA-9845576	2
formyl 2,6,10-trimethyl-tridecanoate	-	-	-	-	-	-	-		-	-		-	-	-					CHEBI:179968	CHEBI:179968	CHEBI:179968	CHEBI:179968										CHEBI:179968							CHEBI:179968						CHEBI:18059	R-HSA-1222556,R-HSA-1369062,R-HSA-5682294,R-HSA-804914,R-HSA-8941413	5
PC(O-16:0/18:2(9Z,12Z))	RM0133721	C42H82NO7P	743.5829	Glycerophospholipids	Glycerophosphocholines	O-PC	6443157	CHEBI:86231	HMDB0011151	LMGP01020039		IQACMFWAGALEAQ-WESJWMGVSA-N	CCCCC/C=CC/C=CCCCCCCCC(=O)O[C@H](COCCCCCCCCCCCCCCCC)COP(=O)([O-])OCC[N+](C)(C)C	PC O-16:0/18:2(9Z,12Z)					CHEBI:86231	CHEBI:86231	CHEBI:86231	CHEBI:86231										CHEBI:86231							CHEBI:86231						CHEBI:36313	R-HSA-1482788	1
19R-hydroxy-PGE1	RM0153785	C20H34O6	370.2355	Fatty Acyls	Eicosanoids	Prostaglandins	35021765	CHEBI:176826		LMFA03010147		QVVXWHIDRKRPMO-HESWFPMQSA-N	C[C@H](CCC[C@@H](/C=C/[C@@H]1[C@@H](CCCCCCC(=O)O)C(=O)C[C@H]1O)O)O	19R-Hydroxy-PGE1					CHEBI:165312	CHEBI:165312	CHEBI:165312	CHEBI:165312,CHEBI:176826										CHEBI:165312,CHEBI:176826							CHEBI:165312,CHEBI:176826						CHEBI:18059	R-HSA-1222556,R-HSA-1369062,R-HSA-5682294,R-HSA-804914,R-HSA-8941413	5
Cyanidin 3-(6''-p-coumarylsambubioside)	-	-	-	-	-	-	-		-	-		-	-	-					CHEBI:183044	CHEBI:183044	CHEBI:183044	CHEBI:183044										CHEBI:183044							CHEBI:183044						CHEBI:36916	R-HSA-936837	1
Isotrichodermin	-	-	-	-	-	-	-		-	-		-	-	-					CHEBI:157608	CHEBI:157608	CHEBI:157608	CHEBI:157608										CHEBI:157608							CHEBI:157608						CHEBI:18059	R-HSA-1222556,R-HSA-1369062,R-HSA-5682294,R-HSA-804914,R-HSA-8941413	5
Avideoxycholic acid	-	-	-	-	-	-	-		-	-		-	-	-					CHEBI:186792	CHEBI:186792	CHEBI:186792	CHEBI:186792	C20867	C20867	C20867	C20867			C20867	map00121		CHEBI:186792	C20867			C20867	map00121		CHEBI:186792	C20867			C20867	map00121	CHEBI:35341	R-HSA-196071	1
PE(18:4(6Z,9Z,12Z,15Z)/22:6(4Z,7Z,10Z,13Z,16Z,19Z))	RM0172576	C45H70NO8P	783.4839	Glycerophospholipids	Glycerophosphoethanolamines	PE	52924469		HMDB0009210	LMGP02010768		DQDAIXPCMNDLGF-SKXXZZILSA-N	CC/C=CC/C=CC/C=CC/C=CC/C=CC/C=CCCC(=O)O[C@H](COC(=O)CCCC/C=CC/C=CC/C=CC/C=CCC)COP(=O)(O)OCCN	PE 18:4(6Z,9Z,12Z,15Z)/22:6(4Z,7Z,10Z,13Z,16Z,19Z)					CHEBI:184926	CHEBI:184926	CHEBI:184926	CHEBI:184926										CHEBI:184926							CHEBI:184926						CHEBI:36314	R-HSA-1482788	1
[Nitrilotris(methylene)]trisphosphonic acid	-	-	-	-	-	-	-		-	-		-	-	-					CHEBI:168957	CHEBI:168957	CHEBI:168957	CHEBI:168957										CHEBI:168957							CHEBI:168957						CHEBI:33575	R-HSA-6809371	1
Bacampicillin	RM0200627	C21H27N3O7S	465.1570	Organoheterocyclic compounds	Beta lactams	Penicillins	441397	CHEBI:2968	HMDB0015540		C08122	PFOLLRNADZZWEX-FFGRCDKISA-N	CCOC(=O)OC(C)OC(=O)[C@H]1C(C)(C)S[C@@H]2[C@@H](C(=O)N12)NC(=O)[C@@H](c1ccccc1)N	Bacampicillin	CHEBI:2968	R-HSA-9678110			CHEBI:2968	CHEBI:2968	CHEBI:2968	CHEBI:2968	C08122	C08122	C08122	C08122	CHEBI:2968	R-HSA-9678110				CHEBI:2968	C08122	CHEBI:2968	R-HSA-9678110				CHEBI:2968	C08122	CHEBI:2968	R-HSA-9678110					0
Hydroxytinidazole	-	-	-	-	-	-	-		-	-		-	-	-																																	0
N-pentadecanoyl-L-Homoserine lactone	RM0224344	C19H35NO3	325.2617	Fatty Acyls	Fatty amides	Fatty acyl homoserine lactones	68865575	CHEBI:188239				UPSONEVYPXSPEI-KRWDZBQOSA-N	CCCCCCCCCCCCCCC(=O)N[C@H]1CCOC1=O	N-Pentadecanoyl-L-homoserine lactone					CHEBI:188239	CHEBI:188239	CHEBI:188239	CHEBI:188239										CHEBI:188239							CHEBI:188239						CHEBI:33575	R-HSA-6809371	1
Nebrosteroid K	-	-	-	-	-	-	-		-	-		-	-	-					CHEBI:188204	CHEBI:188204	CHEBI:188204	CHEBI:188204										CHEBI:188204							CHEBI:188204						CHEBI:35341	R-HSA-196071	1
Plicamine	-	-	-	-	-	-	-		-	-		-	-	-																																	0
Geissospermine	RM0139047	C40H48N4O3	632.3726	Alkaloids	Tryptophan alkaloids	Strychnos alkaloids	5281401	CHEBI:27776				ISDWYSGTYITCHG-OCNKQYNFSA-N	CC[C@@H]1CN2CC[C@@]34c5ccccc5N5[C@H]4[C@@H](CO[C@H]5[C@@H]([C@H]4C[C@H]5c6c(CCN5C/C/4=C/C)c4ccccc4[nH]6)C(=O)OC)[C@H]1C[C@H]23	Geissospermine					CHEBI:27776,CHEBI:27776	CHEBI:27776,CHEBI:27776	CHEBI:27776,CHEBI:27776	CHEBI:27776	C09200	C09200	C09200	C09200						CHEBI:27776	C09200						CHEBI:27776	C09200							0
10-[5]-ladderane-decanoic acid	-	-	-	-	-	-	-		-	-		-	-	-					CHEBI:188223	CHEBI:188223	CHEBI:188223	CHEBI:188223										CHEBI:188223							CHEBI:188223						CHEBI:59554	R-HSA-390247,R-HSA-77289	2
2-(6'-Methylthio)hexylmalic acid	-	-	-	-	-	-	-		-	-		-	-	-					CHEBI:80972	CHEBI:80972	CHEBI:80972	CHEBI:80972	C17226	C17226	C17226	C17226			C17226	map01210,map00966		CHEBI:80972	C17226			C17226	map01210,map00966		CHEBI:80972	C17226			C17226	map01210,map00966	CHEBI:33575	R-HSA-6809371	1
L-lysine	RM0135903	C6H14N2O2	146.1055	Organic acids	Amino acids and peptides	Amino acids	5962	CHEBI:18019	HMDB0000182		C00047	KDXKERNSBIXSRK-YFKPBYRVSA-N	C(CCN)C[C@@H](C(=O)O)N	Lysine			C00047	map01100,map01110,map01120,map01210,map01230,map00300,map00310,map00470,map00780,map00960,map00975,map00997,map01060,map01064,map00970,map02010,map04974	CHEBI:18019,CHEBI:25094,CHEBI:133538,CHEBI:29967,CHEBI:32551	CHEBI:18019,CHEBI:25094,CHEBI:133538,CHEBI:29967,CHEBI:32551	CHEBI:18019,CHEBI:25094,CHEBI:133538,CHEBI:29967,CHEBI:32551	CHEBI:18019,CHEBI:25094,CHEBI:29967,CHEBI:32551,CHEBI:133538	C00047,C16440	C00047,C16440	C00047,C16440	C00047,C16440	CHEBI:32551	R-HSA-196780,R-HSA-264876,R-HSA-352230,R-HSA-379716,R-HSA-379726,R-HSA-416476,R-HSA-420499,R-HSA-442660,R-HSA-5223345,R-HSA-5619094,R-HSA-5619113,R-HSA-5660883,R-HSA-5689603,R-HSA-71064	C00047	map01100,map01110,map01120,map01210,map01230,map00300,map00310,map00470,map00780,map00960,map00975,map00997,map01060,map01064,map00970,map02010,map04974	CHEBI:16855,CHEBI:29968,CHEBI:29969,CHEBI:29970,CHEBI:32550,CHEBI:32552,CHEBI:32556,CHEBI:32557,CHEBI:32558,CHEBI:32563,CHEBI:32564,CHEBI:32565,CHEBI:194466	CHEBI:16855,CHEBI:18019,CHEBI:25094,CHEBI:29967,CHEBI:29968,CHEBI:29969,CHEBI:29970,CHEBI:32550,CHEBI:32551,CHEBI:32552,CHEBI:32556,CHEBI:32557,CHEBI:32558,CHEBI:32563,CHEBI:32564,CHEBI:32565,CHEBI:133538,CHEBI:194466	C00047,C00739,C16440	CHEBI:32551	R-HSA-196780,R-HSA-264876,R-HSA-352230,R-HSA-379716,R-HSA-379726,R-HSA-416476,R-HSA-420499,R-HSA-442660,R-HSA-5223345,R-HSA-5619094,R-HSA-5619113,R-HSA-5660883,R-HSA-5689603,R-HSA-71064	C00047,C00739	map01100,map01110,map01120,map01210,map01230,map00300,map00310,map00470,map00780,map00960,map00975,map00997,map01060,map01064,map00970,map02010,map04974,map01100,map01120,map00310,map00470		CHEBI:16855,CHEBI:18019,CHEBI:25094,CHEBI:29967,CHEBI:29968,CHEBI:29969,CHEBI:29970,CHEBI:32550,CHEBI:32551,CHEBI:32552,CHEBI:32556,CHEBI:32557,CHEBI:32558,CHEBI:32563,CHEBI:32564,CHEBI:32565,CHEBI:133538,CHEBI:194466	C00047,C00739,C16440	CHEBI:32551	R-HSA-196780,R-HSA-264876,R-HSA-352230,R-HSA-379716,R-HSA-379726,R-HSA-416476,R-HSA-420499,R-HSA-442660,R-HSA-5223345,R-HSA-5619094,R-HSA-5619113,R-HSA-5660883,R-HSA-5689603,R-HSA-71064	C00047,C00739	map01100,map01110,map01120,map01210,map01230,map00300,map00310,map00470,map00780,map00960,map00975,map00997,map01060,map01064,map00970,map02010,map04974,map01100,map01120,map00310,map00470			0
LysoPC(20:5(5Z,8Z,11Z,14Z,17Z))	RM0180209	C28H48NO7P	541.3168	Glycerophospholipids	Glycerophosphocholines	LPC								LPC 20:5(5Z,8Z,11Z,14Z,17Z)					CHEBI:88686	CHEBI:88686	CHEBI:88686	CHEBI:88686										CHEBI:88686							CHEBI:88686						CHEBI:60479	R-HSA-1483115,R-HSA-3000471,R-HSA-3000480,R-HSA-3000484,R-HSA-5686938,R-HSA-6814848	6
Glutamylphenylalanine	RM0129813	C14H18N2O5	294.1216	Organic acids	Amino acids and peptides	Dipeptides	18653118	CHEBI:157850	HMDB0029156			XMBSYZWANAQXEV-QWRGUYRKSA-N	c1ccc(cc1)C[C@@H](C(=O)O)NC(=O)[C@H](CCC(=O)O)N	Glu-Phe					CHEBI:157850	CHEBI:157850	CHEBI:157850	CHEBI:157850										CHEBI:157850							CHEBI:157850						CHEBI:46761	R-HSA-427975	1
(4E,8E,d18:2) sphingosine	-	-	-	-	-	-	-		-	-		-	-	-						CHEBI:72800	CHEBI:72800	CHEBI:72800									CHEBI:72758	CHEBI:72758,CHEBI:72800							CHEBI:72758,CHEBI:72800						CHEBI:35785	R-HSA-1660661	1
Sophoracoumestan A	RM0135229	C20H14O5	334.0841	Polyketides	Flavonoids	Coumestan flavonoids	14630492	CHEBI:166609		LMPK12090013		JOMJKDWBAPDZIF-UHFFFAOYSA-N	CC1(C)C=Cc2cc3c(cc2O1)oc1c2ccc(cc2oc(=O)c31)O	Sophoracoumestan A					CHEBI:166609	CHEBI:166609	CHEBI:166609	CHEBI:166609										CHEBI:166609							CHEBI:166609								0
pregnenolone sulfate	RM0138917	C21H32O5S	396.1970	Sterol Lipids	Steroids	C21 Steroids	105074	CHEBI:35420	HMDB0060382	LMST05020014	C18044	DIJBBUIOWGGQOP-QGVNFLHTSA-N	CC(=O)[C@H]1CC[C@H]2[C@@H]3CC=C4C[C@H](CC[C@]4(C)[C@H]3CC[C@]12C)OS(=O)(=O)O	Pregnenolone sulfate	CHEBI:35420	R-HSA-156584	C18044	map01100,map00140	CHEBI:133000,CHEBI:35420,CHEBI:35420	CHEBI:133000,CHEBI:35420,CHEBI:35420	CHEBI:133000,CHEBI:35420,CHEBI:35420	CHEBI:35420,CHEBI:133000	C18044	C18044	C18044	C18044	CHEBI:35420	R-HSA-156584	C18044	map01100,map00140		CHEBI:35420,CHEBI:133000	C18044	CHEBI:35420	R-HSA-156584	C18044	map01100,map00140		CHEBI:35420,CHEBI:133000	C18044	CHEBI:35420	R-HSA-156584	C18044	map01100,map00140			0
Leucodelphinidin 3-O-(beta-D-glucopyranosyl-(1->4)-alpha-L-rhamnopyranoside)	-	-	-	-	-	-	-		-	-		-	-	-					CHEBI:168213	CHEBI:168213	CHEBI:168213	CHEBI:168213										CHEBI:168213							CHEBI:168213								0
Ustilic acid A	RM0071961	C16H32O4	288.2301	Fatty Acyls	Fatty acids	Hydroxy FA	5282925	CHEBI:165423		LMFA01050084		LFTOYWCRNBAZKX-UHFFFAOYSA-N	C(CCCCCCC(CO)O)CCCCCCC(=O)O	Ustilic acid A					CHEBI:165423	CHEBI:165423	CHEBI:165423	CHEBI:165423										CHEBI:165423							CHEBI:165423						CHEBI:15904	R-HSA-1369062,R-HSA-192456,R-HSA-3000471,R-HSA-390247,R-HSA-5684045,R-HSA-77289,R-HSA-8963901,R-HSA-8964058,R-HSA-975634	9
Risperidone	RM0049283	C23H27FN4O2	410.2118	Nucleic acids	Pyrimidines	Other pyrimidines	5073	CHEBI:8871	HMDB0005020		C06861	RAPZEAPATHNIPO-UHFFFAOYSA-N	Cc1c(CCN2CCC(CC2)c2c3ccc(cc3on2)F)c(=O)n2CCCCc2n1	Risperidone	CHEBI:8871	R-HSA-390651,R-HSA-390666			CHEBI:8871	CHEBI:8871	CHEBI:8871	CHEBI:8871	C06861	C06861	C06861	C06861	CHEBI:8871	R-HSA-390651,R-HSA-390666				CHEBI:8871	C06861	CHEBI:8871	R-HSA-390651,R-HSA-390666				CHEBI:8871	C06861	CHEBI:8871	R-HSA-390651,R-HSA-390666					0
trans-vaccenic acid	RM0152793	C18H34O2	282.2559	Fatty Acyls	Fatty acids	Unsaturated FA	5281127	CHEBI:28727	HMDB0003231	LMFA01030077	C08367	UWHZIFQPPBDJPM-BQYQJAHWSA-N	CCCCCC/C=C/CCCCCCCCCC(=O)O	trans-Vaccenic acid					CHEBI:28727	CHEBI:28727	CHEBI:28727	CHEBI:28727	C08367	C08367	C08367	C08367					CHEBI:30828	CHEBI:28727,CHEBI:30828	C08367						CHEBI:28727,CHEBI:30828	C08367					CHEBI:15904,CHEBI:35366	R-HSA-1369062,R-HSA-1482883,R-HSA-167826,R-HSA-192456,R-HSA-3000471,R-HSA-390247,R-HSA-422085,R-HSA-426048,R-HSA-5684045,R-HSA-6809371,R-HSA-6811436,R-HSA-77289,R-HSA-8963889,R-HSA-8963901,R-HSA-8964038,R-HSA-8964058,R-HSA-975634	17
(1R,3S,4S,6R)-6,9-Dihydroxyfenchone 6-O-b-D-glucoside	-	-	-	-	-	-	-		-	-		-	-	-					CHEBI:168601	CHEBI:168601	CHEBI:168601	CHEBI:168601										CHEBI:168601							CHEBI:168601						CHEBI:18059	R-HSA-1222556,R-HSA-1369062,R-HSA-5682294,R-HSA-804914,R-HSA-8941413	5
9-oxo-24-methylene-9,11-seco-cholest-5-en-3beta,11-diol	-	-	-	-	-	-	-		-	-		-	-	-					CHEBI:186966	CHEBI:186966	CHEBI:186966	CHEBI:186966										CHEBI:186966							CHEBI:186966						CHEBI:35341	R-HSA-196071	1
S-Furanopetasitin	-	-	-	-	-	-	-		-	-		-	-	-					CHEBI:169731	CHEBI:169731	CHEBI:169731	CHEBI:169731										CHEBI:169731							CHEBI:169731						CHEBI:18059	R-HSA-1222556,R-HSA-1369062,R-HSA-5682294,R-HSA-804914,R-HSA-8941413	5
