Input name	RefMet_ID	Formula	Exact mass	Super class	Main class	Sub class	PubChem_CID	ChEBI_ID	HMDB_ID	LM_ID	KEGG_ID	INCHI_KEY	SMILES	Standardized name	ChEBI_ID_Step1_reactome	Reactome_Pathways_Step1	KEGG_Compounds_Step1	KEGG_Pathways_Step1	CHEBI_Exact_From_Names	CHEBI_Fuzzy_From_Names	CHEBI_From_Names_All	CHEBI_ID_Step2	KEGG_Exact_From_Names	KEGG_Fuzzy_From_Names	KEGG_From_Names_All	KEGG_ID_Step2	ChEBI_ID_Step2_reactome	Reactome_Pathways_Step2	KEGG_Compounds_Step2	KEGG_Pathways_Step2	CHEBI_RO_Equivalents	CHEBI_ID_Step3	KEGG_ID_Step3	ChEBI_ID_Step3_reactome	Reactome_Pathways_Step3	KEGG_Compounds_Step3	KEGG_Pathways_Step3	CHEBI_is_a_Equivalents	CHEBI_ID_Step4	KEGG_ID_Step4	ChEBI_ID_Step4_reactome	Reactome_Pathways_Step4	KEGG_Compounds_Step4	KEGG_Pathways_Step4	CHEBI_IsA_Generalisation	Reactome_Pathways_IsA_Generalisation	n_pathways_isa_generalisation
cysteine s-sulfate	RM0041317	C3H7NO5S2	200.9766	Organic acids	Amino acids and peptides	Amino acids	115015	CHEBI:27891	HMDB0000731		C05824	NOKPBJYHPHHWAN-REOHCLBHSA-N	C([C@@H](C(=O)O)N)SS(=O)(=O)O	Cysteine-S-sulfate			C05824	map01100,map01230,map00270	CHEBI:27891	CHEBI:27891	CHEBI:27891	CHEBI:27891	C05824	C05824	C05824	C05824			C05824	map01100,map01230,map00270	CHEBI:62225	CHEBI:27891,CHEBI:62225	C05824			C05824	map01100,map01230,map00270		CHEBI:27891,CHEBI:62225	C05824			C05824	map01100,map01230,map00270	CHEBI:33575	R-HSA-6809371	1
levulinate (4-oxovalerate)	RM0152340	C5H8O3	116.0473	Fatty Acyls	Fatty acids	Oxo FA	11579	CHEBI:45630	HMDB0000720	LMFA01060006		JOOXCMJARBKPKM-UHFFFAOYSA-N	CC(=O)CCC(=O)O	Levulinic acid					CHEBI:45630	CHEBI:45630	CHEBI:45630	CHEBI:45630									CHEBI:39150	CHEBI:39150,CHEBI:45630							CHEBI:39150,CHEBI:45630						CHEBI:35366	R-HSA-1482883,R-HSA-167826,R-HSA-422085,R-HSA-426048,R-HSA-6809371,R-HSA-6811436,R-HSA-8963889,R-HSA-8964038	8
inosine	RM0135908	C10H12N4O5	268.0808	Nucleic acids	Purines	Purine ribonucleosides	135398641	CHEBI:17596	HMDB0000195		C00294	UGQMRVRMYYASKQ-KQYNXXCUSA-N	C([C@@H]1[C@H]([C@H]([C@H](n2cnc3c2ncnc3O)O1)O)O)O	Inosine	CHEBI:17596	R-HSA-2161541,R-HSA-5619063,R-HSA-5683826,R-HSA-74217,R-HSA-74259,R-HSA-83936,R-HSA-9735763,R-HSA-9755088	C00294	map01100,map01232,map00230,map02010	CHEBI:17596,CHEBI:17596,CHEBI:17596	CHEBI:17596,CHEBI:17596,CHEBI:17596	CHEBI:17596,CHEBI:17596,CHEBI:17596	CHEBI:17596	C00294	C00294	C00294	C00294	CHEBI:17596	R-HSA-2161541,R-HSA-5619063,R-HSA-5683826,R-HSA-74217,R-HSA-74259,R-HSA-83936,R-HSA-9735763,R-HSA-9755088	C00294	map01100,map01232,map00230,map02010		CHEBI:17596	C00294	CHEBI:17596	R-HSA-2161541,R-HSA-5619063,R-HSA-5683826,R-HSA-74217,R-HSA-74259,R-HSA-83936,R-HSA-9735763,R-HSA-9755088	C00294	map01100,map01232,map00230,map02010		CHEBI:17596	C00294	CHEBI:17596	R-HSA-2161541,R-HSA-5619063,R-HSA-5683826,R-HSA-74217,R-HSA-74259,R-HSA-83936,R-HSA-9735763,R-HSA-9755088	C00294	map01100,map01232,map00230,map02010			0
beta-citrylglutamate	RM0132229	C11H15NO10	321.0696	Organic acids	Amino acids and peptides	Amino acids	21125622	CHEBI:77065	HMDB0013220			GAQNUGISBQJMKO-UHFFFAOYSA-N	C(CC(=O)O)C(C(=O)O)NC(=O)C(CC(=O)O)(CC(=O)O)O	Beta-Citryl-glutamic acid					CHEBI:76942	CHEBI:76942	CHEBI:76942	CHEBI:76942,CHEBI:77065										CHEBI:76942,CHEBI:77065							CHEBI:76942,CHEBI:77065						CHEBI:25696,CHEBI:33575	R-HSA-382556,R-HSA-428643,R-HSA-5690338,R-HSA-6809371	4
N-acetylneuraminate	RM0135920	C11H19NO9	309.1060	Carbohydrates	Monosaccharides	Sugar acids	445063	CHEBI:45744	HMDB0000230		C19910	SQVRNKJHWKZAKO-PFQGKNLYSA-N	CC(=O)N[C@@H]1[C@H](C[C@](C(=O)O)(O)O[C@H]1[C@@H]([C@@H](CO)O)O)O	N-Acetylneuraminic acid					CHEBI:17012,CHEBI:17012,CHEBI:173082,CHEBI:173083,CHEBI:21619,CHEBI:35418	CHEBI:17012,CHEBI:17012,CHEBI:173082,CHEBI:173083,CHEBI:21619,CHEBI:35418	CHEBI:17012,CHEBI:17012,CHEBI:173082,CHEBI:173083,CHEBI:21619,CHEBI:35418	CHEBI:17012,CHEBI:21619,CHEBI:35418,CHEBI:45744,CHEBI:173082,CHEBI:173083	C00270,C19910	C00270,C19910	C00270,C19910	C00270,C19910	CHEBI:17012,CHEBI:35418	R-HSA-975577,R-HSA-4085001,R-HSA-428643,R-HSA-5619035,R-HSA-9840310	C00270	map01100,map01250,map00541	CHEBI:58705	CHEBI:17012,CHEBI:21619,CHEBI:35418,CHEBI:45744,CHEBI:58705,CHEBI:173082,CHEBI:173083	C00270,C19910	CHEBI:17012,CHEBI:35418	R-HSA-975577,R-HSA-4085001,R-HSA-428643,R-HSA-5619035,R-HSA-9840310	C00270	map01100,map01250,map00541	CHEBI:28062,CHEBI:28695,CHEBI:49026,CHEBI:58770,CHEBI:229228,CHEBI:229229,CHEBI:234417	CHEBI:17012,CHEBI:21619,CHEBI:28062,CHEBI:28695,CHEBI:35418,CHEBI:45744,CHEBI:49026,CHEBI:58705,CHEBI:58770,CHEBI:173082,CHEBI:173083,CHEBI:229228,CHEBI:229229,CHEBI:234417	C00270,C04521,C04580,C19910	CHEBI:17012,CHEBI:35418	R-HSA-975577,R-HSA-4085001,R-HSA-428643,R-HSA-5619035,R-HSA-9840310	C00270	map01100,map01250,map00541			0
6-oxopiperidine-2-carboxylate	RM0002464	C6H9NO3	143.0582	Organic acids	Amino acids and peptides	Amino acids	3014237	CHEBI:87998	HMDB0061705			FZXCPFJMYOQZCA-UHFFFAOYSA-N	C1CC(C(=O)O)NC(=O)C1	6-Oxopipecolinic acid					CHEBI:133178	CHEBI:133178	CHEBI:133178	CHEBI:87998,CHEBI:133178										CHEBI:87998,CHEBI:133178							CHEBI:87998,CHEBI:133178						CHEBI:25696,CHEBI:33575	R-HSA-382556,R-HSA-428643,R-HSA-5690338,R-HSA-6809371	4
4-hydroxyphenylpyruvate	RM0020531	C9H8O4	180.0423	Organic acids	Phenylpropanoids	Cinnamic acids	979	CHEBI:15999	HMDB0000707		C01179	KKADPXVIOXHVKN-UHFFFAOYSA-N	c1cc(ccc1CC(=O)C(=O)O)O	4-Hydroxyphenylpyruvic acid			C01179	map01100,map01110,map01210,map01230,map01240,map00350,map00400,map00130,map01055,map00950,map00261,map00401,map00998,map01060,map01063	CHEBI:15999,CHEBI:36242	CHEBI:15999,CHEBI:36242	CHEBI:15999,CHEBI:36242	CHEBI:15999,CHEBI:36242	C01179	C01179	C01179	C01179	CHEBI:36242	R-HSA-2142789,R-HSA-8963684	C01179	map01100,map01110,map01210,map01230,map01240,map00350,map00400,map00130,map01055,map00950,map00261,map00401,map00998,map01060,map01063		CHEBI:15999,CHEBI:36242	C01179	CHEBI:36242	R-HSA-2142789,R-HSA-8963684	C01179	map01100,map01110,map01210,map01230,map01240,map00350,map00400,map00130,map01055,map00950,map00261,map00401,map00998,map01060,map01063		CHEBI:15999,CHEBI:36242	C01179	CHEBI:36242	R-HSA-2142789,R-HSA-8963684	C01179	map01100,map01110,map01210,map01230,map01240,map00350,map00400,map00130,map01055,map00950,map00261,map00401,map00998,map01060,map01063			0
dodecadienoate (12:2)	RM0151474	C12H20O2	196.1463	Fatty Acyls	Fatty acids	Unsaturated FA								Dodecadienoic acid					CHEBI:37211	CHEBI:37211	CHEBI:37211	CHEBI:37211										CHEBI:37211						CHEBI:37210,CHEBI:37212	CHEBI:37210,CHEBI:37211,CHEBI:37212						CHEBI:59554	R-HSA-390247,R-HSA-77289	2
branched-chain, straight-chain, or cyclopropyl 12:1 fatty acid	-	-	-	-	-	-	-		-	-		-	-	-																																	0
10-undecenoate (11:1n1)	RM0153615	C11H20O2	184.1463	Fatty Acyls	Fatty acids	Unsaturated FA	5634	CHEBI:35045	HMDB0033724	LMFA01030036	C13910	FRPZMMHWLSIFAZ-UHFFFAOYSA-N	C=CCCCCCCCCC(=O)O	10-Hendecenoic acid					CHEBI:35045	CHEBI:35045	CHEBI:35045	CHEBI:35045	C13910	C13910	C13910	C13910					CHEBI:83041	CHEBI:35045,CHEBI:83041	C13910						CHEBI:35045,CHEBI:83041	C13910					CHEBI:59554	R-HSA-390247,R-HSA-77289	2
iminodiacetate (IDA)	RM0136360	C4H7NO4	133.0375	Organic acids	Amino acids and peptides	Amino acids	8897	CHEBI:24786	HMDB0011753		C19911	NBZBKCUXIYYUSX-UHFFFAOYSA-N	C(C(=O)O)NCC(=O)O	Iminodiacetic acid					CHEBI:24786	CHEBI:24786	CHEBI:24786	CHEBI:24786	C19911	C19911	C19911	C19911					CHEBI:24785,CHEBI:62745	CHEBI:24785,CHEBI:24786,CHEBI:62745	C19911						CHEBI:24785,CHEBI:24786,CHEBI:62745	C19911					CHEBI:33575	R-HSA-6809371	1
5-methyluridine (ribothymidine)	RM0138932	C10H14N2O6	258.0852	Nucleic acids	Pyrimidines	Pyrimidine ribonucleosides	445408	CHEBI:45996	HMDB0000884			DWRXFEITVBNRMK-JXOAFFINSA-N	Cc1cn([C@H]2[C@@H]([C@@H]([C@@H](CO)O2)O)O)c(=O)[nH]c1=O	Ribothymidine					CHEBI:45996	CHEBI:45996	CHEBI:45996	CHEBI:45996										CHEBI:45996							CHEBI:45996								0
3-hydroxylaurate	RM0155761	C12H24O3	216.1725	Fatty Acyls	Fatty acids	Hydroxy FA	94216	CHEBI:36206	HMDB0000387	LMFA01050037		MUCMKTPAZLSKTL-UHFFFAOYSA-N	CCCCCCCCCC(CC(=O)O)O	3-Hydroxydodecanoic acid					CHEBI:36206,CHEBI:76616	CHEBI:36206,CHEBI:76616	CHEBI:36206,CHEBI:76616	CHEBI:36206,CHEBI:76616										CHEBI:36206,CHEBI:76616						CHEBI:36210,CHEBI:43197	CHEBI:36206,CHEBI:36210,CHEBI:43197,CHEBI:76616						CHEBI:28868,CHEBI:59554	R-HSA-1222387,R-HSA-1222556,R-HSA-1483191,R-HSA-167826,R-HSA-390247,R-HSA-77289,R-HSA-8941413,R-HSA-9840310,R-HSA-9845614	9
3-carboxy-4-methyl-5-pentyl-2-furanpropionate (3-CMPFP)	RM0153253	C14H20O5	268.1311	Fatty Acyls	Fatty acids	Heterocyclic FA	194501	CHEBI:165398	HMDB0061643	LMFA01150047		RIJDKRLRDVBUHJ-UHFFFAOYSA-N	CCCCCc1c(C)c(c(CCC(=O)O)o1)C(=O)O	3-Carboxy-4-methyl-5-pentyl-2-furanpropanoic acid					CHEBI:165398	CHEBI:165398	CHEBI:165398	CHEBI:165398										CHEBI:165398							CHEBI:165398						CHEBI:35366	R-HSA-1482883,R-HSA-167826,R-HSA-422085,R-HSA-426048,R-HSA-6809371,R-HSA-6811436,R-HSA-8963889,R-HSA-8964038	8
1-palmitoyl-2-oleoyl-GPE (16:0/18:1)	RM0015006	C39H76NO8P	717.5309	Glycerophospholipids	Glycerophosphoethanolamines	PE								PE 16:0/18:1						CHEBI:136148,CHEBI:84833,CHEBI:84835,CHEBI:73124	CHEBI:136148,CHEBI:84833,CHEBI:84835,CHEBI:73124	CHEBI:73124,CHEBI:84833,CHEBI:84835,CHEBI:136148	C13877	C13877	C13877	C13877					CHEBI:73007	CHEBI:73007,CHEBI:73124,CHEBI:84833,CHEBI:84835,CHEBI:136148	C13877						CHEBI:73007,CHEBI:73124,CHEBI:84833,CHEBI:84835,CHEBI:136148	C13877					CHEBI:36314,CHEBI:64612	R-HSA-1482788,R-HSA-1660661	2
2-hydroxyglutarate	RM0153554	C5H8O5	148.0372	Fatty Acyls	Fatty acids	Dicarboxylic acids	43	CHEBI:17084	HMDB0059655	LMFA01050483	C02630	HWXBTNAVRSUOJR-UHFFFAOYSA-N	C(CC(=O)O)C(C(=O)O)O	2-Hydroxyglutaric acid			C02630	map01100,map00650,map00660	CHEBI:17084,CHEBI:132941,CHEBI:11596	CHEBI:17084,CHEBI:132941,CHEBI:11596	CHEBI:17084,CHEBI:132941,CHEBI:11596	CHEBI:11596,CHEBI:17084,CHEBI:132941	C02630	C02630	C02630	C02630			C02630	map01100,map00650,map00660	CHEBI:36149	CHEBI:11596,CHEBI:17084,CHEBI:36149,CHEBI:132941	C02630			C02630	map01100,map00650,map00660	CHEBI:15801,CHEBI:16782,CHEBI:32796,CHEBI:32797	CHEBI:11596,CHEBI:15801,CHEBI:16782,CHEBI:17084,CHEBI:32796,CHEBI:32797,CHEBI:36149,CHEBI:132941	C01087,C02630,C03196	CHEBI:15801,CHEBI:16782	R-HSA-2978092,R-HSA-880009,R-HSA-880009	C01087,C02630,C03196	map01100,map01120,map00310,map01100,map00650,map00660,map01100,map01120,map00310			0
3-hydroxymyristate	RM0138976	C14H28O3	244.2038	Fatty Acyls	Fatty acids	Hydroxy FA	16064	CHEBI:85148	HMDB0061656	LMFA01050175		ATRNZOYKSNPPBF-UHFFFAOYSA-N	CCCCCCCCCCCC(CC(=O)O)O	3-Hydroxytetradecanoic acid					CHEBI:85148,CHEBI:84197	CHEBI:85148,CHEBI:84197	CHEBI:85148,CHEBI:84197	CHEBI:84197,CHEBI:85148										CHEBI:84197,CHEBI:85148						CHEBI:37374,CHEBI:42539,CHEBI:85635,CHEBI:138437	CHEBI:37374,CHEBI:42539,CHEBI:84197,CHEBI:85148,CHEBI:85635,CHEBI:138437						CHEBI:15904,CHEBI:57560	R-HSA-1369062,R-HSA-1482788,R-HSA-1482798,R-HSA-1482801,R-HSA-1482839,R-HSA-1482883,R-HSA-1482922,R-HSA-1482925,R-HSA-1483115,R-HSA-1483152,R-HSA-1483166,R-HSA-162791,R-HSA-163560,R-HSA-166187,R-HSA-192456,R-HSA-211945,R-HSA-3000471,R-HSA-390247,R-HSA-434313,R-HSA-5684045,R-HSA-6814848,R-HSA-77289,R-HSA-8963901,R-HSA-8964038,R-HSA-8964058,R-HSA-975634	26
threonate	RM0049431	C4H8O5	136.0372	Carbohydrates	Monosaccharides	Sugar acids	5460407	CHEBI:15908	HMDB0000943		C01620	JPIJQSOTBSSVTP-STHAYSLISA-N	C([C@@H]([C@H](C(=O)O)O)O)O	Threonic acid			C01620	map01100,map00053	CHEBI:26984,CHEBI:15243	CHEBI:26984,CHEBI:15243	CHEBI:26984,CHEBI:15243	CHEBI:15243,CHEBI:15908,CHEBI:26984	C01620	C01620	C01620	C01620			C01620	map01100,map00053	CHEBI:45912,CHEBI:49059,CHEBI:57561	CHEBI:15243,CHEBI:15908,CHEBI:26984,CHEBI:45912,CHEBI:49059,CHEBI:57561	C01620	CHEBI:57561	R-HSA-196836	C01620	map01100,map00053		CHEBI:15243,CHEBI:15908,CHEBI:26984,CHEBI:45912,CHEBI:49059,CHEBI:57561	C01620	CHEBI:57561	R-HSA-196836	C01620	map01100,map00053			0
sphingomyelin (d18:1/21:0, d17:1/22:0, d16:1/23:0)	RM0120989	C44H89N2O6P	772.6458	Sphingolipids	Phosphosphingolipids	SM								SM 39:1;O2																																	0
hypotaurine	RM0136027	C2H7NO2S	109.0198	Organic acids	Sulfinic acids	Sulfinic acids	107812	CHEBI:16668	HMDB0000965		C00519	VVIUBCNYACGLLV-UHFFFAOYSA-N	C(CS(=O)O)N	Hypotaurine			C00519	map01100,map00430	CHEBI:16668,CHEBI:16668,CHEBI:57853	CHEBI:16668,CHEBI:16668,CHEBI:57853	CHEBI:16668,CHEBI:16668,CHEBI:57853	CHEBI:16668,CHEBI:57853	C00519	C00519	C00519	C00519	CHEBI:57853	R-HSA-1614558,R-HSA-1614558,R-HSA-8963693	C00519	map01100,map00430	CHEBI:140741	CHEBI:16668,CHEBI:57853,CHEBI:140741	C00519	CHEBI:57853	R-HSA-1614558,R-HSA-1614558,R-HSA-8963693	C00519	map01100,map00430		CHEBI:16668,CHEBI:57853,CHEBI:140741	C00519	CHEBI:57853	R-HSA-1614558,R-HSA-1614558,R-HSA-8963693	C00519	map01100,map00430			0
(N(1) + N(8))-acetylspermidine	RM0135724	C4H8N2O3	132.0535	Organic acids	Amino acids and peptides	Amino acids	6267	CHEBI:17196	HMDB0000168		C00152	DCXYFEDJOCDNAF-REOHCLBHSA-N	C([C@@H](C(=O)O)N)C(=O)N	Asparagine			C00152	map01100,map01110,map01230,map00250,map00460,map01060,map00970,map04974,map04978,map05230	CHEBI:17196,CHEBI:22653,CHEBI:50347,CHEBI:50348	CHEBI:17196,CHEBI:22653,CHEBI:50347,CHEBI:50348	CHEBI:17196,CHEBI:22653,CHEBI:50347,CHEBI:50348	CHEBI:17196,CHEBI:22653,CHEBI:50347,CHEBI:50348	C00152,C16438	C00152,C16438	C00152,C16438	C00152,C16438			C00152	map01100,map01110,map01230,map00250,map00460,map01060,map00970,map04974,map04978,map05230	CHEBI:28159,CHEBI:32650,CHEBI:32651,CHEBI:32653,CHEBI:32656,CHEBI:32657,CHEBI:32660,CHEBI:32661,CHEBI:50349,CHEBI:58048,CHEBI:74337	CHEBI:17196,CHEBI:22653,CHEBI:28159,CHEBI:32650,CHEBI:32651,CHEBI:32653,CHEBI:32656,CHEBI:32657,CHEBI:32660,CHEBI:32661,CHEBI:50347,CHEBI:50348,CHEBI:50349,CHEBI:58048,CHEBI:74337	C00152,C01905,C16438	CHEBI:58048	R-HSA-352230,R-HSA-379716,R-HSA-379726,R-HSA-442660,R-HSA-5676934,R-HSA-8963693	C00152	map01100,map01110,map01230,map00250,map00460,map01060,map00970,map04974,map04978,map05230		CHEBI:17196,CHEBI:22653,CHEBI:28159,CHEBI:32650,CHEBI:32651,CHEBI:32653,CHEBI:32656,CHEBI:32657,CHEBI:32660,CHEBI:32661,CHEBI:50347,CHEBI:50348,CHEBI:50349,CHEBI:58048,CHEBI:74337	C00152,C01905,C16438	CHEBI:58048	R-HSA-352230,R-HSA-379716,R-HSA-379726,R-HSA-442660,R-HSA-5676934,R-HSA-8963693	C00152	map01100,map01110,map01230,map00250,map00460,map01060,map00970,map04974,map04978,map05230			0
hydantoin-5-propionate	RM0136076	C6H8N2O4	172.0484	Organoheterocyclic compounds	Azoles	Imidazolidines	782	CHEBI:28297	HMDB0001212		C05565	VWFWNXQAMGDPGG-UHFFFAOYSA-N	C(CC(=O)O)C1C(=O)NC(=O)N1	Hydantoin-5-propionic acid			C05565	map00340	CHEBI:28297,CHEBI:133476	CHEBI:28297,CHEBI:133476	CHEBI:28297,CHEBI:133476	CHEBI:28297,CHEBI:133476	C05565	C05565	C05565	C05565			C05565	map00340		CHEBI:28297,CHEBI:133476	C05565			C05565	map00340		CHEBI:28297,CHEBI:133476	C05565			C05565	map00340	CHEBI:25696,CHEBI:33575	R-HSA-382556,R-HSA-428643,R-HSA-5690338,R-HSA-6809371	4
quinolinate	RM0135916	C7H5NO4	167.0219	Alkaloids	Pyridine alkaloids	Nicotinic acid alkaloids	1066	CHEBI:16675	HMDB0000232		C03722	GJAWHXHKYYXBSV-UHFFFAOYSA-N	c1cc(c(C(=O)O)nc1)C(=O)O	Quinolinic acid			C03722	map01100,map01240,map00380,map00410,map00760,map01060,map01064	CHEBI:16675,CHEBI:16675,CHEBI:16675,CHEBI:132942,CHEBI:29959	CHEBI:16675,CHEBI:16675,CHEBI:16675,CHEBI:132942,CHEBI:29959	CHEBI:16675,CHEBI:16675,CHEBI:16675,CHEBI:132942,CHEBI:29959	CHEBI:16675,CHEBI:29959,CHEBI:132942	C03722	C03722	C03722	C03722	CHEBI:29959	R-HSA-196807	C03722	map01100,map01240,map00380,map00410,map00760,map01060,map01064	CHEBI:46828	CHEBI:16675,CHEBI:29959,CHEBI:46828,CHEBI:132942	C03722	CHEBI:29959	R-HSA-196807	C03722	map01100,map01240,map00380,map00410,map00760,map01060,map01064	CHEBI:46832,CHEBI:46833	CHEBI:16675,CHEBI:29959,CHEBI:46828,CHEBI:46832,CHEBI:46833,CHEBI:132942	C03722	CHEBI:29959	R-HSA-196807	C03722	map01100,map01240,map00380,map00410,map00760,map01060,map01064			0
1-carboxyethylphenylalanine	RM0002438	C12H15NO4	237.1001	Organic acids	Amino acids and peptides	Amino acids	59100900		HMDB0240628			MSBSJGQKNVMMQB-HTLJXXAVSA-N	CC(C(=O)O)N[C@@H](Cc1ccccc1)C(=O)O	1-Carboxyethylphenylalanine					CHEBI:232927	CHEBI:232927	CHEBI:232927	CHEBI:232927										CHEBI:232927							CHEBI:232927								0
3-ureidopropionate	RM0135867	C4H8N2O3	132.0535	Organic nitrogen compounds	Organonitrogen compounds	Ureas	111	CHEBI:18261	HMDB0000026		C02642	JSJWCHRYRHKBBW-UHFFFAOYSA-N	C(CNC(=O)N)C(=O)O	Ureidopropionic acid			C02642	map01100,map00240,map00410,map00770	CHEBI:18261,CHEBI:11892	CHEBI:18261,CHEBI:11892	CHEBI:18261,CHEBI:11892	CHEBI:11892,CHEBI:18261	C02642	C02642	C02642	C02642	CHEBI:11892	R-HSA-73621	C02642	map01100,map00240,map00410,map00770		CHEBI:11892,CHEBI:18261	C02642	CHEBI:11892	R-HSA-73621	C02642	map01100,map00240,map00410,map00770		CHEBI:11892,CHEBI:18261	C02642	CHEBI:11892	R-HSA-73621	C02642	map01100,map00240,map00410,map00770			0
1-palmitoyl-2-arachidonoyl-GPE (16:0/20:4)	RM0015037	C41H74NO8P	739.5152	Glycerophospholipids	Glycerophosphoethanolamines	PE								PE 16:0/20:4						CHEBI:136152,CHEBI:73117	CHEBI:136152,CHEBI:73117	CHEBI:73117,CHEBI:136152									CHEBI:73009	CHEBI:73009,CHEBI:73117,CHEBI:136152							CHEBI:73009,CHEBI:73117,CHEBI:136152						CHEBI:36314	R-HSA-1482788	1
sphingosine	RM0135443	C18H37NO2	299.2824	Sphingolipids	Sphingoid bases	Sphingosines	5280335	CHEBI:16393	HMDB0000252	LMSP01010001	C00319	WWUZIQQURGPMPG-KRWOKUGFSA-N	CCCCCCCCCCCCC/C=C/[C@H]([C@H](CO)N)O	Sphingosine			C00319	map01100,map00600,map04071,map04210,map04217	CHEBI:16393,CHEBI:16393,CHEBI:45719	CHEBI:16393,CHEBI:16393,CHEBI:45719	CHEBI:16393,CHEBI:16393,CHEBI:45719	CHEBI:16393,CHEBI:45719	C00319	C00319	C00319	C00319			C00319	map01100,map00600,map04071,map04210,map04217	CHEBI:46962,CHEBI:46967,CHEBI:57756,CHEBI:77956	CHEBI:16393,CHEBI:45719,CHEBI:46962,CHEBI:46967,CHEBI:57756,CHEBI:77956	C00319	CHEBI:57756	R-HSA-9845614	C00319	map01100,map00600,map04071,map04210,map04217		CHEBI:16393,CHEBI:45719,CHEBI:46962,CHEBI:46967,CHEBI:57756,CHEBI:77956	C00319	CHEBI:57756	R-HSA-9845614	C00319	map01100,map00600,map04071,map04210,map04217			0
sphingomyelin (d18:1/25:0, d19:0/24:1, d20:1/23:0, d19:1/24:0)	RM0122662	C48H97N2O6P	828.7084	Sphingolipids	Phosphosphingolipids	SM								SM 43:1;O2																																	0
1-stearoyl-GPC (18:0)	RM0048621	C26H54NO7P	523.3638	Glycerophospholipids	Glycerophosphocholines	LPC								LPC 18:0/0:0					CHEBI:73858	CHEBI:73858,CHEBI:73858,CHEBI:91313	CHEBI:73858,CHEBI:91313	CHEBI:73858,CHEBI:91313										CHEBI:73858,CHEBI:91313							CHEBI:73858,CHEBI:91313						CHEBI:58168	R-HSA-111995,R-HSA-1482839,R-HSA-2142753,R-HSA-6814848	4
N-acetylmethionine	RM0161627	C7H13NO3S	191.0616	Organic acids	Amino acids and peptides	Amino acids	448580	CHEBI:21557	HMDB0011745		C02712	XUYPXLNMDZIRQH-LURJTMIESA-N	CC(=O)N[C@@H](CCSC)C(=O)O	N-Acetylmethionine					CHEBI:132958,CHEBI:21557	CHEBI:132958,CHEBI:21557	CHEBI:132958,CHEBI:21557	CHEBI:21557,CHEBI:132958	C02712	C02712	C02712	C02712					CHEBI:71670,CHEBI:85210,CHEBI:85220,CHEBI:132957	CHEBI:21557,CHEBI:71670,CHEBI:85210,CHEBI:85220,CHEBI:132957,CHEBI:132958	C02712						CHEBI:21557,CHEBI:71670,CHEBI:85210,CHEBI:85220,CHEBI:132957,CHEBI:132958	C02712					CHEBI:33575	R-HSA-6809371	1
5-methylthioadenosine (MTA)	RM0136067	C11H15N5O3S	297.0896	Nucleic acids	Purines	Purine ribonucleosides	439176	CHEBI:17509	HMDB0001173		C00170	WUUGFSXJNOTRMR-IOSLPCCCSA-N	CSC[C@@H]1[C@H]([C@H]([C@H](n2cnc3c(N)ncnc23)O1)O)O	5'-Methylthioadenosine	CHEBI:17509	R-HSA-1237112,R-HSA-351202,R-HSA-5358493,R-HSA-6782861,R-HSA-6790901	C00170	map01100,map00270,map00908,map01060	CHEBI:17509	CHEBI:17509	CHEBI:17509	CHEBI:17509	C00170	C00170	C00170	C00170	CHEBI:17509	R-HSA-1237112,R-HSA-351202,R-HSA-5358493,R-HSA-6782861,R-HSA-6790901	C00170	map01100,map00270,map00908,map01060		CHEBI:17509	C00170	CHEBI:17509	R-HSA-1237112,R-HSA-351202,R-HSA-5358493,R-HSA-6782861,R-HSA-6790901	C00170	map01100,map00270,map00908,map01060		CHEBI:17509	C00170	CHEBI:17509	R-HSA-1237112,R-HSA-351202,R-HSA-5358493,R-HSA-6782861,R-HSA-6790901	C00170	map01100,map00270,map00908,map01060			0
sarcosine	RM0135925	C3H7NO2	89.0477	Organic acids	Amino acids and peptides	Amino acids	1088	CHEBI:15611	HMDB0000271		C00213	FSYKKLYZXJSNPZ-UHFFFAOYSA-N	CNCC(=O)O	Sarcosine			C00213	map01100,map00260,map00330,map00670	CHEBI:15611,CHEBI:15611,CHEBI:15611,CHEBI:57433	CHEBI:15611,CHEBI:15611,CHEBI:15611,CHEBI:57433	CHEBI:15611,CHEBI:15611,CHEBI:15611,CHEBI:57433	CHEBI:15611,CHEBI:57433	C00213	C00213	C00213	C00213	CHEBI:57433	R-HSA-2408508,R-HSA-389661,R-HSA-6798163	C00213	map01100,map00260,map00330,map00670	CHEBI:46842,CHEBI:46915	CHEBI:15611,CHEBI:46842,CHEBI:46915,CHEBI:57433	C00213	CHEBI:57433	R-HSA-2408508,R-HSA-389661,R-HSA-6798163	C00213	map01100,map00260,map00330,map00670		CHEBI:15611,CHEBI:46842,CHEBI:46915,CHEBI:57433	C00213	CHEBI:57433	R-HSA-2408508,R-HSA-389661,R-HSA-6798163	C00213	map01100,map00260,map00330,map00670			0
(2 or 3)-decenoate (10:1n7 or n8)	RM0073673	C10H18O2	170.1307	Fatty Acyls	Fatty acids	Unsaturated FA								Decenoic acid					CHEBI:36003	CHEBI:36003	CHEBI:36003	CHEBI:36003										CHEBI:36003						CHEBI:32380,CHEBI:32381,CHEBI:33161,CHEBI:33163,CHEBI:37809,CHEBI:50465,CHEBI:50466,CHEBI:50467,CHEBI:61200,CHEBI:143529,CHEBI:232780	CHEBI:32380,CHEBI:32381,CHEBI:33161,CHEBI:33163,CHEBI:36003,CHEBI:37809,CHEBI:50465,CHEBI:50466,CHEBI:50467,CHEBI:61200,CHEBI:143529,CHEBI:232780						CHEBI:59554	R-HSA-390247,R-HSA-77289	2
tetradecadienoate (14:2)	RM0140195	C14H24O2	224.1776	Fatty Acyls	Fatty acids	Unsaturated FA								Tetradecadienoic acid																																	0
1-palmitoyl-2-linoleoyl-GPE (16:0/18:2)	RM0014999	C39H74NO8P	715.5152	Glycerophospholipids	Glycerophosphoethanolamines	PE								PE 16:0/18:2					CHEBI:73008	CHEBI:136149,CHEBI:73121,CHEBI:73008	CHEBI:136149,CHEBI:73121,CHEBI:73008	CHEBI:73008,CHEBI:73121,CHEBI:136149										CHEBI:73008,CHEBI:73121,CHEBI:136149							CHEBI:73008,CHEBI:73121,CHEBI:136149						CHEBI:36314,CHEBI:64612	R-HSA-1482788,R-HSA-1660661	2
3-phosphoglycerate	RM0136842	C3H7O7P	185.9929	Organic acids	Short-chain acids	Short-chain acids	439183	CHEBI:17794	HMDB0060180		C00197	OSJPPGNTCRNQQC-UWTATZPHSA-N	C([C@H](C(=O)O)O)OP(=O)(O)O	3-Phosphoglyceric acid			C00197	map01100,map01110,map01120,map01200,map01230,map01240,map00010,map00030,map00630,map00710,map00680,map00561,map00260,map00270,map00998,map01060,map01061,map01062,map01063,map01064,map01065,map01066,map01070,map04922,map05230	CHEBI:17050,CHEBI:132960,CHEBI:17794,CHEBI:57998	CHEBI:17050,CHEBI:132960,CHEBI:17794,CHEBI:57998	CHEBI:17050,CHEBI:132960,CHEBI:17794,CHEBI:57998	CHEBI:17050,CHEBI:17794,CHEBI:57998,CHEBI:132960	C00197,C00597	C00197,C00597	C00197,C00597	C00197,C00597			C00197	map01100,map01110,map01120,map01200,map01230,map01240,map00010,map00030,map00630,map00710,map00680,map00561,map00260,map00270,map00998,map01060,map01061,map01062,map01063,map01064,map01065,map01066,map01070,map04922,map05230	CHEBI:58272,CHEBI:88005	CHEBI:17050,CHEBI:17794,CHEBI:57998,CHEBI:58272,CHEBI:88005,CHEBI:132960	C00197,C00597	CHEBI:58272	R-HSA-70171,R-HSA-70263,R-HSA-70350,R-HSA-977347	C00197	map01100,map01110,map01120,map01200,map01230,map01240,map00010,map00030,map00630,map00710,map00680,map00561,map00260,map00270,map00998,map01060,map01061,map01062,map01063,map01064,map01065,map01066,map01070,map04922,map05230		CHEBI:17050,CHEBI:17794,CHEBI:57998,CHEBI:58272,CHEBI:88005,CHEBI:132960	C00197,C00597	CHEBI:58272	R-HSA-70171,R-HSA-70263,R-HSA-70350,R-HSA-977347	C00197	map01100,map01110,map01120,map01200,map01230,map01240,map00010,map00030,map00630,map00710,map00680,map00561,map00260,map00270,map00998,map01060,map01061,map01062,map01063,map01064,map01065,map01066,map01070,map04922,map05230			0
1-stearoyl-2-oleoyl-GPS (18:0/18:1)	RM0015035	C42H80NO10P	789.5520	Glycerophospholipids	Glycerophosphoserines	PS								PS 18:0/18:1						CHEBI:79096,CHEBI:90433	CHEBI:79096,CHEBI:90433	CHEBI:79096,CHEBI:90433									CHEBI:78260	CHEBI:78260,CHEBI:79096,CHEBI:90433							CHEBI:78260,CHEBI:79096,CHEBI:90433						CHEBI:11750	R-HSA-114516,R-HSA-1169091,R-HSA-1250196,R-HSA-1482801,R-HSA-1483101,R-HSA-1483213,R-HSA-198933,R-HSA-3000471,R-HSA-3000480,R-HSA-3000497,R-HSA-4086398,R-HSA-416993,R-HSA-418597,R-HSA-5099900,R-HSA-76005,R-HSA-936837,R-HSA-9918476,R-HSA-9918485,R-HSA-9920588	19
1-(1-enyl-palmitoyl)-2-dihomo-linolenoyl-GPC (P-16:0/20:3)	RM0017318	C44H82NO7P	767.5829	Glycerophospholipids	Glycerophosphocholines	O-PC								PC P-16:0/20:3																																	0
sphingosine 1-phosphate	RM0138834	C18H38NO5P	379.2488	Sphingolipids	Sphingoid bases	Sphingoid base 1-P	5283560	CHEBI:37550	HMDB0000277	LMSP01050001	C06124	DUYSYHSSBDVJSM-KRWOKUGFSA-N	CCCCCCCCCCCCC/C=C/[C@H]([C@H](COP(=O)(O)O)N)O	Sphingosine 1-phosphate			C06124	map01100,map00600,map04371,map04020,map04072,map04071,map04080,map04148,map04666,map05152	CHEBI:37550,CHEBI:37550	CHEBI:37550,CHEBI:37550	CHEBI:37550,CHEBI:37550	CHEBI:37550	C06124	C06124	C06124	C06124			C06124	map01100,map00600,map04371,map04020,map04072,map04071,map04080,map04148,map04666,map05152	CHEBI:60119	CHEBI:37550,CHEBI:60119	C06124	CHEBI:60119	R-HSA-1660661,R-HSA-418594,R-HSA-419408,R-HSA-5218921,R-HSA-9009391,R-HSA-9845614	C06124	map01100,map00600,map04371,map04020,map04072,map04071,map04080,map04148,map04666,map05152		CHEBI:37550,CHEBI:60119	C06124	CHEBI:60119	R-HSA-1660661,R-HSA-418594,R-HSA-419408,R-HSA-5218921,R-HSA-9009391,R-HSA-9845614	C06124	map01100,map00600,map04371,map04020,map04072,map04071,map04080,map04148,map04666,map05152			0
aspartate	RM0135905	C4H7NO4	133.0375	Organic acids	Amino acids and peptides	Amino acids	5960	CHEBI:17053	HMDB0000191		C00049	CKLJMWTZIZZHCS-REOHCLBHSA-N	C([C@@H](C(=O)O)N)C(=O)O	Aspartic acid			C00049	map01100,map01110,map01120,map01200,map01210,map01230,map01240,map00630,map00710,map00250,map00260,map00270,map00300,map00220,map00340,map00410,map00460,map00470,map00760,map00770,map00261,map00998,map00999,map00997,map01060,map01064,map01070,map00970,map02010,map02020,map04080,map02030,map04974,map05230	CHEBI:17053,CHEBI:22660,CHEBI:22660,CHEBI:132943,CHEBI:29995,CHEBI:72314	CHEBI:17053,CHEBI:22660,CHEBI:22660,CHEBI:132943,CHEBI:29995,CHEBI:72314	CHEBI:17053,CHEBI:22660,CHEBI:22660,CHEBI:132943,CHEBI:29995,CHEBI:72314	CHEBI:17053,CHEBI:22660,CHEBI:29995,CHEBI:72314,CHEBI:132943	C00049,C16433	C00049,C16433	C00049,C16433	C00049,C16433			C00049	map01100,map01110,map01120,map01200,map01210,map01230,map01240,map00630,map00710,map00250,map00260,map00270,map00300,map00220,map00340,map00410,map00460,map00470,map00760,map00770,map00261,map00998,map00999,map00997,map01060,map01064,map01070,map00970,map02010,map02020,map04080,map02030,map04974,map05230	CHEBI:17364,CHEBI:29990,CHEBI:29991,CHEBI:29993,CHEBI:29994,CHEBI:35391	CHEBI:17053,CHEBI:17364,CHEBI:22660,CHEBI:29990,CHEBI:29991,CHEBI:29993,CHEBI:29994,CHEBI:29995,CHEBI:35391,CHEBI:72314,CHEBI:132943	C00049,C00402,C16433	CHEBI:29990,CHEBI:29991	R-HSA-389661,R-HSA-5619062,R-HSA-5619067,R-HSA-9958863,R-HSA-2024101,R-HSA-379716,R-HSA-379726,R-HSA-500753,R-HSA-5619062,R-HSA-5619067,R-HSA-5676934,R-HSA-70635,R-HSA-73817,R-HSA-8963693,R-HSA-8964208,R-HSA-8964539,R-HSA-9717207,R-HSA-9717207,R-HSA-9856872,R-HSA-9956520,R-HSA-9958863	C00049,C00402	map01100,map01110,map01120,map01200,map01210,map01230,map01240,map00630,map00710,map00250,map00260,map00270,map00300,map00220,map00340,map00410,map00460,map00470,map00760,map00770,map00261,map00998,map00999,map00997,map01060,map01064,map01070,map00970,map02010,map02020,map04080,map02030,map04974,map05230,map01100,map00250,map00470	CHEBI:176631,CHEBI:176632,CHEBI:176633,CHEBI:192076	CHEBI:17053,CHEBI:17364,CHEBI:22660,CHEBI:29990,CHEBI:29991,CHEBI:29993,CHEBI:29994,CHEBI:29995,CHEBI:35391,CHEBI:72314,CHEBI:132943,CHEBI:176631,CHEBI:176632,CHEBI:176633,CHEBI:192076	C00049,C00402,C16433	CHEBI:29990,CHEBI:29991	R-HSA-389661,R-HSA-5619062,R-HSA-5619067,R-HSA-9958863,R-HSA-2024101,R-HSA-379716,R-HSA-379726,R-HSA-500753,R-HSA-5619062,R-HSA-5619067,R-HSA-5676934,R-HSA-70635,R-HSA-73817,R-HSA-8963693,R-HSA-8964208,R-HSA-8964539,R-HSA-9717207,R-HSA-9717207,R-HSA-9856872,R-HSA-9956520,R-HSA-9958863	C00049,C00402	map01100,map01110,map01120,map01200,map01210,map01230,map01240,map00630,map00710,map00250,map00260,map00270,map00300,map00220,map00340,map00410,map00460,map00470,map00760,map00770,map00261,map00998,map00999,map00997,map01060,map01064,map01070,map00970,map02010,map02020,map04080,map02030,map04974,map05230,map01100,map00250,map00470			0
1-(1-enyl-palmitoyl)-2-linoleoyl-GPC (P-16:0/18:2)	RM0092662	C42H80NO7P	741.5672	Glycerophospholipids	Glycerophosphocholines	O-PC								PC P-16:0/18:2					CHEBI:84557	CHEBI:84557	CHEBI:84557	CHEBI:84557										CHEBI:84557							CHEBI:84557						CHEBI:17810	R-HSA-1482788	1
citrate	RM0135884	C6H8O7	192.0270	Organic acids	TCA acids	TCA acids	311	CHEBI:30769	HMDB0000094		C00158	KRKNYBCHXYNGOX-UHFFFAOYSA-N	C(C(=O)O)C(CC(=O)O)(C(=O)O)O	Citric acid			C00158	map01100,map01110,map01120,map01200,map01210,map01230,map01240,map00020,map00630,map00720,map00250,map00975,map01060,map01061,map01062,map01063,map01064,map01065,map01066,map01070,map02020,map04922,map04742,map05230	CHEBI:30769,CHEBI:30769,CHEBI:30769,CHEBI:133748,CHEBI:16947,CHEBI:50744	CHEBI:30769,CHEBI:30769,CHEBI:30769,CHEBI:133748,CHEBI:16947,CHEBI:50744	CHEBI:30769,CHEBI:30769,CHEBI:30769,CHEBI:133748,CHEBI:16947,CHEBI:50744	CHEBI:16947,CHEBI:30769,CHEBI:50744,CHEBI:133748	C00158	C00158	C00158	C00158	CHEBI:16947	R-HSA-200425,R-HSA-389542,R-HSA-428643,R-HSA-70171,R-HSA-71403,R-HSA-75105,R-HSA-9729555,R-HSA-9955298	C00158	map01100,map01110,map01120,map01200,map01210,map01230,map01240,map00020,map00630,map00720,map00250,map00975,map01060,map01061,map01062,map01063,map01064,map01065,map01066,map01070,map02020,map04922,map04742,map05230	CHEBI:35804,CHEBI:35808,CHEBI:132362	CHEBI:16947,CHEBI:30769,CHEBI:35804,CHEBI:35808,CHEBI:50744,CHEBI:132362,CHEBI:133748	C00158	CHEBI:16947	R-HSA-200425,R-HSA-389542,R-HSA-428643,R-HSA-70171,R-HSA-71403,R-HSA-75105,R-HSA-9729555,R-HSA-9955298	C00158	map01100,map01110,map01120,map01200,map01210,map01230,map01240,map00020,map00630,map00720,map00250,map00975,map01060,map01061,map01062,map01063,map01064,map01065,map01066,map01070,map02020,map04922,map04742,map05230	CHEBI:35802,CHEBI:35806,CHEBI:35809,CHEBI:35810	CHEBI:16947,CHEBI:30769,CHEBI:35802,CHEBI:35804,CHEBI:35806,CHEBI:35808,CHEBI:35809,CHEBI:35810,CHEBI:50744,CHEBI:132362,CHEBI:133748	C00158	CHEBI:16947	R-HSA-200425,R-HSA-389542,R-HSA-428643,R-HSA-70171,R-HSA-71403,R-HSA-75105,R-HSA-9729555,R-HSA-9955298	C00158	map01100,map01110,map01120,map01200,map01210,map01230,map01240,map00020,map00630,map00720,map00250,map00975,map01060,map01061,map01062,map01063,map01064,map01065,map01066,map01070,map02020,map04922,map04742,map05230			0
tricosanoyl sphingomyelin (d18:1/23:0)	RM0060143	C46H93N2O6P	800.6771	Sphingolipids	Phosphosphingolipids	SM	46891684	CHEBI:83880	HMDB0012105	LMSP03010078		SXZWBNWTCVLZJN-NMIJJABPSA-N	CCCCCCCCCCCCCCCCCCCCCCC(=O)N[C@@H](COP(=O)([O-])OCC[N+](C)(C)C)[C@@H](/C=C/CCCCCCCCCCCCC)O	SM 18:1;O2/23:0								CHEBI:83880										CHEBI:83880							CHEBI:83880						CHEBI:64583	R-HSA-1660661	1
laurylcarnitine (C12)	RM0154012	C19H37NO4	343.2723	Fatty Acyls	Fatty esters	Acyl carnitines	168381	CHEBI:77086	HMDB0002250	LMFA07070062		FUJLYHJROOYKRA-QGZVFWFLSA-N	CCCCCCCCCCCC(=O)O[C@H](CC(=O)[O-])C[N+](C)(C)C	CAR 12:0	CHEBI:77086	R-HSA-200425						CHEBI:77086					CHEBI:77086	R-HSA-200425				CHEBI:77086		CHEBI:77086	R-HSA-200425			CHEBI:192249	CHEBI:77086,CHEBI:192249		CHEBI:77086	R-HSA-200425					0
1-(1-enyl-palmitoyl)-2-arachidonoyl-GPC (P-16:0/20:4)	RM0017340	C44H80NO7P	765.5672	Glycerophospholipids	Glycerophosphocholines	O-PC								PC P-16:0/20:4					CHEBI:77292	CHEBI:136135,CHEBI:77292	CHEBI:136135,CHEBI:77292	CHEBI:77292,CHEBI:136135										CHEBI:77292,CHEBI:136135							CHEBI:77292,CHEBI:136135						CHEBI:17810	R-HSA-1482788	1
kynurenine	RM0132226	C10H12N2O3	208.0848	Organic acids	Amino acids and peptides	Amino acids	161166	CHEBI:16946	HMDB0000684		C00328	YGPSJZOEDVAXAB-QMMMGPOBSA-N	c1ccc(c(c1)C(=O)C[C@@H](C(=O)O)N)N	Kynurenine			C00328	map01100,map01240,map00380,map05143	CHEBI:16946,CHEBI:28683,CHEBI:28683	CHEBI:16946,CHEBI:28683,CHEBI:28683	CHEBI:16946,CHEBI:28683,CHEBI:28683	CHEBI:16946,CHEBI:28683	C00328,C01718	C00328,C01718	C00328,C01718	C00328,C01718			C00328	map01100,map01240,map00380,map05143	CHEBI:57959,CHEBI:67008,CHEBI:67010,CHEBI:86262	CHEBI:16946,CHEBI:28683,CHEBI:57959,CHEBI:67008,CHEBI:67010,CHEBI:86262	C00328,C01718	CHEBI:57959	R-HSA-71240,R-HSA-71240	C00328	map01100,map01240,map00380,map05143		CHEBI:16946,CHEBI:28683,CHEBI:57959,CHEBI:67008,CHEBI:67010,CHEBI:86262	C00328,C01718	CHEBI:57959	R-HSA-71240,R-HSA-71240	C00328	map01100,map01240,map00380,map05143			0
1-palmitoyl-GPC (16:0)	RM0135071	C24H50NO7P	495.3325	Glycerophospholipids	Glycerophosphocholines	LPC	460602	CHEBI:72998	HMDB0010382	LMGP01050018	C04230	ASWBNKHCZGQVJV-HSZRJFAPSA-N	CCCCCCCCCCCCCCCC(=O)OC[C@H](COP(=O)([O-])OCC[N+](C)(C)C)O	LPC 16:0/0:0			C04230	map00564,map04148,map05231	CHEBI:72998	CHEBI:72998,CHEBI:72998	CHEBI:72998	CHEBI:72998	C04230	C04230	C04230	C04230			C04230	map00564,map04148,map05231		CHEBI:72998	C04230			C04230	map00564,map04148,map05231		CHEBI:72998	C04230			C04230	map00564,map04148,map05231	CHEBI:58168	R-HSA-111995,R-HSA-1482839,R-HSA-2142753,R-HSA-6814848	4
1-(1-enyl-palmitoyl)-GPC (P-16:0)	RM0133228	C24H50NO6P	479.3376	Glycerophospholipids	Glycerophosphocholines	O-LPC								LPC P-16:0					CHEBI:140773	CHEBI:140773,CHEBI:140773	CHEBI:140773	CHEBI:140773										CHEBI:140773						CHEBI:73841,CHEBI:73850	CHEBI:73841,CHEBI:73850,CHEBI:140773						CHEBI:16247,CHEBI:36313	R-HSA-1482788,R-HSA-1483206,R-HSA-202733,R-HSA-2168880,R-HSA-3000471,R-HSA-3000480,R-HSA-3000484,R-HSA-3000497,R-HSA-432142,R-HSA-5686938,R-HSA-8856825,R-HSA-8856828,R-HSA-8866423,R-HSA-8963888,R-HSA-8963896,R-HSA-8963901,R-HSA-8964011,R-HSA-8964026,R-HSA-8964038,R-HSA-8964041,R-HSA-8964046,R-HSA-8964058,R-HSA-8964572,R-HSA-9615710,R-HSA-9707616,R-HSA-975634,R-HSA-9918432,R-HSA-9918481,R-HSA-9918487,R-HSA-9920588,R-HSA-9920951	31
uridine	RM0135933	C9H12N2O6	244.0695	Nucleic acids	Pyrimidines	Pyrimidine ribonucleosides	6029	CHEBI:16704	HMDB0000296		C00299	DRTQHJPVMGBUCF-XVFCMESISA-N	c1cn([C@H]2[C@@H]([C@@H]([C@@H](CO)O2)O)O)c(=O)[nH]c1=O	Uridine	CHEBI:16704	R-HSA-5619063,R-HSA-73614,R-HSA-73621,R-HSA-83936	C00299	map01100,map01232,map00240,map02010	CHEBI:16704,CHEBI:16704,CHEBI:16704	CHEBI:16704,CHEBI:16704,CHEBI:16704	CHEBI:16704,CHEBI:16704,CHEBI:16704	CHEBI:16704	C00299	C00299	C00299	C00299	CHEBI:16704	R-HSA-5619063,R-HSA-73614,R-HSA-73621,R-HSA-83936	C00299	map01100,map01232,map00240,map02010		CHEBI:16704	C00299	CHEBI:16704	R-HSA-5619063,R-HSA-73614,R-HSA-73621,R-HSA-83936	C00299	map01100,map01232,map00240,map02010		CHEBI:16704	C00299	CHEBI:16704	R-HSA-5619063,R-HSA-73614,R-HSA-73621,R-HSA-83936	C00299	map01100,map01232,map00240,map02010			0
1,2-dipalmitoyl-GPC (16:0/16:0)	RM0135046	C40H80NO8P	733.5622	Glycerophospholipids	Glycerophosphocholines	PC	452110	CHEBI:72999	HMDB0000564	LMGP01010564	C00157	KILNVBDSWZSGLL-KXQOOQHDSA-N	CCCCCCCCCCCCCCCC(=O)OC[C@H](COP(=O)([O-])OCC[N+](C)(C)C)OC(=O)CCCCCCCCCCCCCCC	PC 16:0/16:0			C00157	map01100,map01110,map00564,map00590,map00591,map00592,map04981,map04723,map05231	CHEBI:72999	CHEBI:40265,CHEBI:89009,CHEBI:72999,CHEBI:72999	CHEBI:72999,CHEBI:40265,CHEBI:89009	CHEBI:40265,CHEBI:72999,CHEBI:89009	C00157	C00157	C00157	C00157			C00157	map01100,map01110,map00564,map00590,map00591,map00592,map04981,map04723,map05231		CHEBI:40265,CHEBI:72999,CHEBI:89009	C00157			C00157	map01100,map01110,map00564,map00590,map00591,map00592,map04981,map04723,map05231		CHEBI:40265,CHEBI:72999,CHEBI:89009	C00157			C00157	map01100,map01110,map00564,map00590,map00591,map00592,map04981,map04723,map05231	CHEBI:36313,CHEBI:36916,CHEBI:57643	R-HSA-111995,R-HSA-1369062,R-HSA-1482788,R-HSA-1482798,R-HSA-1482839,R-HSA-1483101,R-HSA-1483148,R-HSA-1483166,R-HSA-1483191,R-HSA-1483196,R-HSA-1660661,R-HSA-2029485,R-HSA-2142753,R-HSA-382556,R-HSA-5678771,R-HSA-5683678,R-HSA-5683826,R-HSA-5688399,R-HSA-6811436,R-HSA-8964058,R-HSA-936837,R-HSA-9680350	22
decanoylcarnitine (C10)	RM0153849	C17H33NO4	315.2410	Fatty Acyls	Fatty esters	Acyl carnitines	11953821	CHEBI:28717	HMDB0000651	LMFA07070006	C03299	LZOSYCMHQXPBFU-OAHLLOKOSA-N	CCCCCCCCCC(=O)O[C@H](CC(=O)[O-])C[N+](C)(C)C	CAR 10:0								CHEBI:28717	C03299	C03299	C03299	C03299						CHEBI:28717	C03299					CHEBI:192248	CHEBI:28717,CHEBI:192248	C03299					CHEBI:18059	R-HSA-1222556,R-HSA-1369062,R-HSA-5682294,R-HSA-804914,R-HSA-8941413	5
phenylalanine	RM0135897	C9H11NO2	165.0790	Organic acids	Amino acids and peptides	Amino acids	6140	CHEBI:17295	HMDB0000159		C00079	COLNVLDHVKWLRT-QMMMGPOBSA-N	c1ccc(cc1)C[C@@H](C(=O)O)N	Phenylalanine			C00079	map01100,map01110,map01210,map01230,map00360,map00400,map00460,map00470,map00904,map00940,map00960,map00996,map00966,map00999,map00997,map01060,map01061,map01063,map01064,map01070,map00970,map02010,map04974,map04978,map05230	CHEBI:17295,CHEBI:28044,CHEBI:28044,CHEBI:58095	CHEBI:17295,CHEBI:28044,CHEBI:28044,CHEBI:58095	CHEBI:17295,CHEBI:28044,CHEBI:28044,CHEBI:58095	CHEBI:17295,CHEBI:28044,CHEBI:58095	C00079,C02057	C00079,C02057	C00079,C02057	C00079,C02057	CHEBI:58095	R-HSA-1474151,R-HSA-2022377,R-HSA-2160456,R-HSA-352230,R-HSA-379716,R-HSA-379726,R-HSA-442660,R-HSA-5619044,R-HSA-5659735,R-HSA-71240,R-HSA-8964208,R-HSA-9673163	C00079	map01100,map01110,map01210,map01230,map00360,map00400,map00460,map00470,map00904,map00940,map00960,map00996,map00966,map00999,map00997,map01060,map01061,map01063,map01064,map01070,map00970,map02010,map04974,map04978,map05230	CHEBI:16998,CHEBI:32486,CHEBI:32487,CHEBI:32494,CHEBI:32495,CHEBI:32504,CHEBI:32505,CHEBI:57981	CHEBI:16998,CHEBI:17295,CHEBI:28044,CHEBI:32486,CHEBI:32487,CHEBI:32494,CHEBI:32495,CHEBI:32504,CHEBI:32505,CHEBI:57981,CHEBI:58095	C00079,C02057,C02265	CHEBI:58095	R-HSA-1474151,R-HSA-2022377,R-HSA-2160456,R-HSA-352230,R-HSA-379716,R-HSA-379726,R-HSA-442660,R-HSA-5619044,R-HSA-5659735,R-HSA-71240,R-HSA-8964208,R-HSA-9673163	C00079,C02265	map01100,map01110,map01210,map01230,map00360,map00400,map00460,map00470,map00904,map00940,map00960,map00996,map00966,map00999,map00997,map01060,map01061,map01063,map01064,map01070,map00970,map02010,map04974,map04978,map05230,map01100,map00360,map00470,map04742	CHEBI:192084	CHEBI:16998,CHEBI:17295,CHEBI:28044,CHEBI:32486,CHEBI:32487,CHEBI:32494,CHEBI:32495,CHEBI:32504,CHEBI:32505,CHEBI:57981,CHEBI:58095,CHEBI:192084	C00079,C02057,C02265	CHEBI:58095	R-HSA-1474151,R-HSA-2022377,R-HSA-2160456,R-HSA-352230,R-HSA-379716,R-HSA-379726,R-HSA-442660,R-HSA-5619044,R-HSA-5659735,R-HSA-71240,R-HSA-8964208,R-HSA-9673163	C00079,C02265	map01100,map01110,map01210,map01230,map00360,map00400,map00460,map00470,map00904,map00940,map00960,map00996,map00966,map00999,map00997,map01060,map01061,map01063,map01064,map01070,map00970,map02010,map04974,map04978,map05230,map01100,map00360,map00470,map04742			0
1-(1-enyl-palmitoyl)-2-docosahexaenoyl-GPC (P-16:0/22:6)	RM0017380	C46H80NO7P	789.5672	Glycerophospholipids	Glycerophosphocholines	O-PC								PC P-16:0/22:6					CHEBI:133636	CHEBI:133636,CHEBI:136136	CHEBI:133636,CHEBI:136136	CHEBI:133636,CHEBI:136136										CHEBI:133636,CHEBI:136136							CHEBI:133636,CHEBI:136136						CHEBI:17810	R-HSA-1482788	1
1-stearoyl-2-arachidonoyl-GPE (18:0/20:4)	RM0134755	C43H78NO8P	767.5465	Glycerophospholipids	Glycerophosphoethanolamines	PE								PE 18:0/20:4					CHEBI:78268	CHEBI:136168,CHEBI:78268,CHEBI:79110,CHEBI:84837	CHEBI:136168,CHEBI:78268,CHEBI:79110,CHEBI:84837	CHEBI:78268,CHEBI:79110,CHEBI:84837,CHEBI:136168										CHEBI:78268,CHEBI:79110,CHEBI:84837,CHEBI:136168							CHEBI:78268,CHEBI:79110,CHEBI:84837,CHEBI:136168						CHEBI:36314,CHEBI:64612	R-HSA-1482788,R-HSA-1660661	2
1-(1-enyl-stearoyl)-2-linoleoyl-GPC (P-18:0/18:2)	RM0134873	C44H84NO7P	769.5985	Glycerophospholipids	Glycerophosphocholines	O-PC								PC P-18:0/18:2					CHEBI:84555	CHEBI:84555	CHEBI:84555	CHEBI:84555										CHEBI:84555							CHEBI:84555						CHEBI:17810	R-HSA-1482788	1
1-stearoyl-2-oleoyl-GPE (18:0/18:1)	RM0015038	C41H80NO8P	745.5622	Glycerophospholipids	Glycerophosphoethanolamines	PE								PE 18:0/18:1					CHEBI:75038	CHEBI:136162,CHEBI:75038	CHEBI:136162,CHEBI:75038	CHEBI:75038,CHEBI:136162										CHEBI:75038,CHEBI:136162							CHEBI:75038,CHEBI:136162						CHEBI:36314,CHEBI:64612	R-HSA-1482788,R-HSA-1660661	2
phosphoethanolamine	RM0060581	C2H8NO4P	141.0191	Organic acids	Phosphate esters	Phosphoethanolamines	1015	CHEBI:17553	HMDB0000224		C00346	SUHOOTKUPISOBE-UHFFFAOYSA-N	C(COP(=O)(O)O)N	Phosphoethanolamine	CHEBI:17553	R-HSA-1483213,R-HSA-9845614	C00346	map01100,map00564,map00600,map00563,map04071,map01503	CHEBI:17553,CHEBI:36711,CHEBI:58190	CHEBI:17553,CHEBI:36711,CHEBI:58190	CHEBI:17553,CHEBI:36711,CHEBI:58190	CHEBI:17553,CHEBI:36711,CHEBI:58190	C00346	C00346	C00346	C00346	CHEBI:17553	R-HSA-1483213,R-HSA-9845614	C00346	map01100,map00564,map00600,map00563,map04071,map01503		CHEBI:17553,CHEBI:36711,CHEBI:58190	C00346	CHEBI:17553	R-HSA-1483213,R-HSA-9845614	C00346	map01100,map00564,map00600,map00563,map04071,map01503	CHEBI:16463,CHEBI:19029,CHEBI:28293,CHEBI:28390,CHEBI:57781,CHEBI:58563	CHEBI:16463,CHEBI:17553,CHEBI:19029,CHEBI:28293,CHEBI:28390,CHEBI:36711,CHEBI:57781,CHEBI:58190,CHEBI:58563	C00346,C01210,C04122,C04126	CHEBI:17553	R-HSA-1483213,R-HSA-9845614	C00346,C01210,C04122	map01100,map00564,map00600,map00563,map04071,map01503,map00564,map01100,map00860			0
1-pentadecanoyl-GPC (15:0)	RM0161552	C23H48NO7P	481.3168	Glycerophospholipids	Glycerophosphocholines	LPC								LPC 15:0/0:0						CHEBI:131924	CHEBI:131924	CHEBI:131924										CHEBI:131924							CHEBI:131924						CHEBI:58168	R-HSA-111995,R-HSA-1482839,R-HSA-2142753,R-HSA-6814848	4
1-myristoyl-GPC (14:0)	RM0134470	C22H46NO7P	467.3012	Glycerophospholipids	Glycerophosphocholines	LPC								LPC 14:0/0:0						CHEBI:64489	CHEBI:64489	CHEBI:64489										CHEBI:64489							CHEBI:64489						CHEBI:58168,CHEBI:64483	R-HSA-111995,R-HSA-1482839,R-HSA-1483191,R-HSA-2142753,R-HSA-6814848	5
1-margaroyl-GPC (17:0)	RM0048622	C25H52NO7P	509.3481	Glycerophospholipids	Glycerophosphocholines	LPC								LPC 17:0/0:0					CHEBI:74340	CHEBI:74340,CHEBI:74340,CHEBI:74340	CHEBI:74340	CHEBI:74340										CHEBI:74340							CHEBI:74340						CHEBI:60479	R-HSA-1483115,R-HSA-3000471,R-HSA-3000480,R-HSA-3000484,R-HSA-5686938,R-HSA-6814848	6
carotene diol	RM0002290	C40H56O2	568.4280	Prenol Lipids	Isoprenoids	C40 isoprenoids								Carotene diol					CHEBI:233022	CHEBI:233022	CHEBI:233022	CHEBI:233022										CHEBI:233022							CHEBI:233022						CHEBI:18059	R-HSA-1222556,R-HSA-1369062,R-HSA-5682294,R-HSA-804914,R-HSA-8941413	5
N-acetylvaline	RM0013320	C7H13NO3	159.0895	Organic acids	Amino acids and peptides	Amino acids	66789					IHYJTAOFMMMOPX-LURJTMIESA-N	CC(C)C(C(=O)O)NC(=O)C	N-Acetylvaline					CHEBI:21565	CHEBI:21565	CHEBI:21565	CHEBI:21565									CHEBI:133716	CHEBI:21565,CHEBI:133716							CHEBI:21565,CHEBI:133716						CHEBI:33575	R-HSA-6809371	1
myristoyl dihydrosphingomyelin (d18:0/14:0)	RM0135552	C37H77N2O6P	676.5519	Sphingolipids	Phosphosphingolipids	SM	44260138	CHEBI:89482	HMDB0012085	LMSP03010030		MJAFYELZQYPMQG-MPQUPPDSSA-N	CCCCCCCCCCCCCCC[C@H]([C@H](COP(=O)([O-])OCC[N+](C)(C)C)NC(=O)CCCCCCCCCCCCC)O	SM 18:0;O2/14:0								CHEBI:89482										CHEBI:89482							CHEBI:89482						CHEBI:64583	R-HSA-1660661	1
perfluorooctanoate (PFOA)	RM0033243	C8HF15O2	413.9737	Organohalogen compounds	Alkyl halides	Perfluoroalkyl carboxylic acids	9554	CHEBI:35549	HMDB0059587			SNGREZUHAYWORS-UHFFFAOYSA-N	C(=O)(C(C(C(C(C(C(C(F)(F)F)(F)F)(F)F)(F)F)(F)F)(F)F)(F)F)O	Perfluorooctanoic acid					CHEBI:35549	CHEBI:35549	CHEBI:35549	CHEBI:35549										CHEBI:35549							CHEBI:35549						CHEBI:33575	R-HSA-6809371	1
N-acetylserine	RM0128505	C5H9NO4	147.0532	Organic acids	Amino acids and peptides	Amino acids	65249	CHEBI:45441	HMDB0002931			JJIHLJJYMXLCOY-BYPYZUCNSA-N	CC(=O)N[C@@H](CO)C(=O)O	N-Acetylserine					CHEBI:45441	CHEBI:45441	CHEBI:45441	CHEBI:45441										CHEBI:45441							CHEBI:45441						CHEBI:33575	R-HSA-6809371	1
glycocholate	RM0135849	C26H43NO6	465.3090	Sterol Lipids	Bile acids	C24 bile acids	10140	CHEBI:17687	HMDB0000138	LMST05030001	C01921	RFDAIACWWDREDC-FRVQLJSFSA-N	C[C@H](CCC(=O)NCC(=O)O)[C@H]1CC[C@H]2[C@H]3[C@H](C[C@@H]([C@]12C)O)[C@@]1(C)CC[C@H](C[C@H]1C[C@H]3O)O	Glycocholic acid			C01921	map01100,map00120,map00121,map04976,map04979	CHEBI:17687,CHEBI:17687,CHEBI:17687,CHEBI:29746	CHEBI:17687,CHEBI:17687,CHEBI:17687,CHEBI:29746	CHEBI:17687,CHEBI:17687,CHEBI:17687,CHEBI:29746	CHEBI:17687,CHEBI:29746	C01921	C01921	C01921	C01921	CHEBI:29746	R-HSA-159418,R-HSA-192456,R-HSA-193368,R-HSA-5678520,R-HSA-879518	C01921	map01100,map00120,map00121,map04976,map04979		CHEBI:17687,CHEBI:29746	C01921	CHEBI:29746	R-HSA-159418,R-HSA-192456,R-HSA-193368,R-HSA-5678520,R-HSA-879518	C01921	map01100,map00120,map00121,map04976,map04979	CHEBI:192783	CHEBI:17687,CHEBI:29746,CHEBI:192783	C01921	CHEBI:29746	R-HSA-159418,R-HSA-192456,R-HSA-193368,R-HSA-5678520,R-HSA-879518	C01921	map01100,map00120,map00121,map04976,map04979			0
eicosanedioate (C20-DC)	RM0149936	C20H38O4	342.2770	Fatty Acyls	Fatty acids	Dicarboxylic acids	75502	CHEBI:73728	HMDB0242141	LMFA01170035		JJOJFIHJIRWASH-UHFFFAOYSA-N	C(CCCCCCCCCC(=O)O)CCCCCCCCC(=O)O	Eicosanedioic acid					CHEBI:73728	CHEBI:73728	CHEBI:73728	CHEBI:73728										CHEBI:73728							CHEBI:73728						CHEBI:33575	R-HSA-6809371	1
1,2-dilinoleoyl-GPC (18:2/18:2)	RM0134908	C44H80NO8P	781.5622	Glycerophospholipids	Glycerophosphocholines	PC								PC 18:2/18:2						CHEBI:136085,CHEBI:42027,CHEBI:89866	CHEBI:136085,CHEBI:42027,CHEBI:89866	CHEBI:42027,CHEBI:89866,CHEBI:136085										CHEBI:42027,CHEBI:89866,CHEBI:136085							CHEBI:42027,CHEBI:89866,CHEBI:136085						CHEBI:36313,CHEBI:57643	R-HSA-111995,R-HSA-1369062,R-HSA-1482788,R-HSA-1482798,R-HSA-1482839,R-HSA-1483101,R-HSA-1483148,R-HSA-1483166,R-HSA-1483191,R-HSA-1483196,R-HSA-1660661,R-HSA-2029485,R-HSA-2142753,R-HSA-382556,R-HSA-5678771,R-HSA-5683678,R-HSA-5683826,R-HSA-5688399,R-HSA-6811436,R-HSA-8964058,R-HSA-9680350	21
sphingomyelin (d18:1/22:1, d18:2/22:0, d16:1/24:1)	RM0122299	C45H89N2O6P	784.6458	Sphingolipids	Phosphosphingolipids	SM								SM 40:2;O2																																	0
1-palmitoleoyl-2-eicosapentaenoyl-GPC (16:1/20:5)	RM0162068	C44H76NO8P	777.5309	Glycerophospholipids	Glycerophosphocholines	PC								PC 16:1/20:5						CHEBI:134642,CHEBI:89739	CHEBI:134642,CHEBI:89739	CHEBI:89739,CHEBI:134642										CHEBI:89739,CHEBI:134642							CHEBI:89739,CHEBI:134642						CHEBI:57643	R-HSA-111995,R-HSA-1369062,R-HSA-1482788,R-HSA-1482798,R-HSA-1482839,R-HSA-1483101,R-HSA-1483148,R-HSA-1483166,R-HSA-1483191,R-HSA-1483196,R-HSA-1660661,R-HSA-2029485,R-HSA-2142753,R-HSA-382556,R-HSA-5678771,R-HSA-5683678,R-HSA-5683826,R-HSA-5688399,R-HSA-6811436,R-HSA-8964058,R-HSA-9680350	21
sphingomyelin (d18:1/20:0, d16:1/22:0)	RM0134157	C43H87N2O6P	758.6302	Sphingolipids	Phosphosphingolipids	SM								SM 38:1;O2																																	0
tetrahydrocortisone glucuronide	-	-	-	-	-	-	-		-	-		-	-	-					CHEBI:233733	CHEBI:233733	CHEBI:233733	CHEBI:233733										CHEBI:233733							CHEBI:233733						CHEBI:35341	R-HSA-196071	1
3-hydroxydecanoate	RM0138800	C10H20O3	188.1412	Fatty Acyls	Fatty acids	Hydroxy FA	26612	CHEBI:132983	HMDB0002203	LMFA01050153		FYSSBMZUBSBFJL-UHFFFAOYSA-N	CCCCCCCC(CC(=O)O)O	3-Hydroxydecanoic acid					CHEBI:132983,CHEBI:132979	CHEBI:132983,CHEBI:132979	CHEBI:132983,CHEBI:132979	CHEBI:132979,CHEBI:132983										CHEBI:132979,CHEBI:132983							CHEBI:132979,CHEBI:132983						CHEBI:28868,CHEBI:59554	R-HSA-1222387,R-HSA-1222556,R-HSA-1483191,R-HSA-167826,R-HSA-390247,R-HSA-77289,R-HSA-8941413,R-HSA-9840310,R-HSA-9845614	9
arachidonoyl ethanolamide	RM0153077	C22H37NO2	347.2824	Fatty Acyls	Fatty amides	NAE	5281969	CHEBI:2700	HMDB0004080	LMFA08040001	C11695	LGEQQWMQCRIYKG-DOFZRALJSA-N	CCCCC/C=C\C/C=C\C/C=C\C/C=C\CCCC(=O)NCCO	Arachidonoyl-EA	CHEBI:2700	R-HSA-112310,R-HSA-2142753,R-HSA-373076,R-HSA-418594	C11695	map04080,map04723,map04750,map04361,map04714	CHEBI:2700	CHEBI:2700	CHEBI:2700	CHEBI:2700	C11695	C11695	C11695	C11695	CHEBI:2700	R-HSA-112310,R-HSA-2142753,R-HSA-373076,R-HSA-418594	C11695	map04080,map04723,map04750,map04361,map04714		CHEBI:2700	C11695	CHEBI:2700	R-HSA-112310,R-HSA-2142753,R-HSA-373076,R-HSA-418594	C11695	map04080,map04723,map04750,map04361,map04714		CHEBI:2700	C11695	CHEBI:2700	R-HSA-112310,R-HSA-2142753,R-HSA-373076,R-HSA-418594	C11695	map04080,map04723,map04750,map04361,map04714			0
lignoceroyl sphingomyelin (d18:1/24:0)	RM0060142	C47H95N2O6P	814.6928	Sphingolipids	Phosphosphingolipids	SM	44260127	CHEBI:83360	HMDB0011697	LMSP03010008		QEDPUVGSSDPBMD-XTAIVQBESA-N	CCCCCCCCCCCCCCCCCCCCCCCC(=O)N[C@@H](COP(=O)([O-])OCC[N+](C)(C)C)[C@@H](/C=C/CCCCCCCCCCCCC)O	SM 18:1;O2/24:0								CHEBI:83360										CHEBI:83360							CHEBI:83360						CHEBI:17636	R-HSA-1369062,R-HSA-193681,R-HSA-9840310	3
5-hydroxylysine	RM0135950	C6H14N2O3	162.1004	Organic acids	Amino acids and peptides	Amino acids	3032849	CHEBI:18040	HMDB0000450		C16741	YSMODUONRAFBET-UHNVWZDZSA-N	C(C[C@@H](C(=O)O)N)[C@H](CN)O	5-Hydroxylysine			C16741	map01100,map00310	CHEBI:133574,CHEBI:18040,CHEBI:60175	CHEBI:133574,CHEBI:18040,CHEBI:60175	CHEBI:133574,CHEBI:18040,CHEBI:60175	CHEBI:18040,CHEBI:60175,CHEBI:133574	C16741	C16741	C16741	C16741			C16741	map01100,map00310	CHEBI:58357,CHEBI:62979	CHEBI:18040,CHEBI:58357,CHEBI:60175,CHEBI:62979,CHEBI:133574	C16741	CHEBI:58357	R-HSA-71064	C16741	map01100,map00310	CHEBI:64035,CHEBI:64316	CHEBI:18040,CHEBI:58357,CHEBI:60175,CHEBI:62979,CHEBI:64035,CHEBI:64316,CHEBI:133574	C16741,C16742	CHEBI:58357	R-HSA-71064	C16741	map01100,map00310			0
glycochenodeoxycholate	RM0135850	C26H43NO5	449.3141	Sterol Lipids	Bile acids	C24 bile acids	12544	CHEBI:36274	HMDB0000637	LMST05030008	C05466	GHCZAUBVMUEKKP-GYPHWSFCSA-N	C[C@H](CCC(=O)NCC(=O)O)[C@H]1CC[C@H]2[C@H]3[C@H](CC[C@]12C)[C@@]1(C)CC[C@H](C[C@H]1C[C@H]3O)O	Glycochenodeoxycholic acid			C05466	map00120,map00121,map04976,map04979	CHEBI:36274,CHEBI:36274,CHEBI:36274,CHEBI:36252	CHEBI:36274,CHEBI:36274,CHEBI:36274,CHEBI:36252	CHEBI:36274,CHEBI:36274,CHEBI:36274,CHEBI:36252	CHEBI:36252,CHEBI:36274	C05466	C05466	C05466	C05466	CHEBI:36252	R-HSA-159418,R-HSA-192456,R-HSA-193368,R-HSA-5678520,R-HSA-879518	C05466	map00120,map00121,map04976,map04979		CHEBI:36252,CHEBI:36274	C05466	CHEBI:36252	R-HSA-159418,R-HSA-192456,R-HSA-193368,R-HSA-5678520,R-HSA-879518	C05466	map00120,map00121,map04976,map04979		CHEBI:36252,CHEBI:36274	C05466	CHEBI:36252	R-HSA-159418,R-HSA-192456,R-HSA-193368,R-HSA-5678520,R-HSA-879518	C05466	map00120,map00121,map04976,map04979			0
bilirubin	RM0135872	C33H36N4O6	584.2635	Organoheterocyclic compounds	Bilirubins	Bilirubins	5280352	CHEBI:16990	HMDB0000054		C00486	BPYKTIZUTYGOLE-IFADSCNNSA-N	C=CC1=C(C)C(=O)N/C/1=C\c1c(C)c(CCC(=O)O)c(Cc2c(CCC(=O)O)c(C)c(/C=C\3/C(=C(C=C)C(=O)N3)C)[nH]2)[nH]1	Bilirubin			C00486	map01100,map01110,map00860,map04976	CHEBI:16990,CHEBI:16990	CHEBI:16990,CHEBI:16990	CHEBI:16990,CHEBI:16990	CHEBI:16990	C00486	C00486	C00486	C00486			C00486	map01100,map01110,map00860,map04976	CHEBI:57977	CHEBI:16990,CHEBI:57977	C00486	CHEBI:57977	R-HSA-1368108,R-HSA-156588,R-HSA-189483,R-HSA-1989781,R-HSA-1989781,R-HSA-2151201,R-HSA-2426168,R-HSA-381340,R-HSA-400206,R-HSA-5579002,R-HSA-5579016,R-HSA-5619058,R-HSA-5619110,R-HSA-9707564,R-HSA-9707616,R-HSA-9931509,R-HSA-9933387	C00486	map01100,map01110,map00860,map04976		CHEBI:16990,CHEBI:57977	C00486	CHEBI:57977	R-HSA-1368108,R-HSA-156588,R-HSA-189483,R-HSA-1989781,R-HSA-1989781,R-HSA-2151201,R-HSA-2426168,R-HSA-381340,R-HSA-400206,R-HSA-5579002,R-HSA-5579016,R-HSA-5619058,R-HSA-5619110,R-HSA-9707564,R-HSA-9707616,R-HSA-9931509,R-HSA-9933387	C00486	map01100,map01110,map00860,map04976			0
sphingomyelin (d18:2/14:0, d18:1/14:1)	RM0134093	C37H73N2O6P	672.5206	Sphingolipids	Phosphosphingolipids	SM								SM 32:2;O2																																	0
6-bromotryptophan	RM0128537	C11H11BrN2O2	282.0004	Organic acids	Amino acids and peptides	Amino acids	9856996	CHEBI:47276	HMDB0242168			OAORYCZPERQARS-VIFPVBQESA-N	c1cc2c(C[C@@H](C(=O)O)N)c[nH]c2cc1Br	6-Bromotryptophan								CHEBI:47276									CHEBI:61893	CHEBI:47276,CHEBI:61893							CHEBI:47276,CHEBI:61893						CHEBI:33575	R-HSA-6809371	1
eicosapentaenoate (EPA; 20:5n3)	RM0153919	C20H30O2	302.2246	Fatty Acyls	Fatty acids	Unsaturated FA	446284	CHEBI:28364	HMDB0001999	LMFA01030759	C06428	JAZBEHYOTPTENJ-JLNKQSITSA-N	CC/C=C\C/C=C\C/C=C\C/C=C\C/C=C\CCCC(=O)O	EPA			C06428	map01040	CHEBI:28364	CHEBI:28364	CHEBI:28364	CHEBI:28364	C06428	C06428	C06428	C06428			C06428	map01040	CHEBI:58562	CHEBI:28364,CHEBI:58562	C06428	CHEBI:58562	R-HSA-1368108,R-HSA-1989781,R-HSA-1989781,R-HSA-2151201,R-HSA-2426168,R-HSA-381340,R-HSA-381771,R-HSA-400206,R-HSA-416476,R-HSA-444209,R-HSA-9018679,R-HSA-9018896,R-HSA-9027604,R-HSA-9707564,R-HSA-9707616,R-HSA-9931509,R-HSA-9933387	C06428	map01040		CHEBI:28364,CHEBI:58562	C06428	CHEBI:58562	R-HSA-1368108,R-HSA-1989781,R-HSA-1989781,R-HSA-2151201,R-HSA-2426168,R-HSA-381340,R-HSA-381771,R-HSA-400206,R-HSA-416476,R-HSA-444209,R-HSA-9018679,R-HSA-9018896,R-HSA-9027604,R-HSA-9707564,R-HSA-9707616,R-HSA-9931509,R-HSA-9933387	C06428	map01040			0
3-hydroxy-3-methylglutarate	RM0155771	C6H10O5	162.0528	Fatty Acyls	Fatty acids	Dicarboxylic acids	1662	CHEBI:16831	HMDB0000355		C03761	NPOAOTPXWNWTSH-UHFFFAOYSA-N	CC(CC(=O)O)(CC(=O)O)O	3-Hydroxymethylglutaric acid	CHEBI:16831	R-HSA-9969896			CHEBI:138367,CHEBI:17325	CHEBI:138367,CHEBI:17325	CHEBI:138367,CHEBI:17325	CHEBI:16831,CHEBI:17325,CHEBI:138367	C03761	C03761	C03761	C03761	CHEBI:16831	R-HSA-9969896			CHEBI:30920	CHEBI:16831,CHEBI:17325,CHEBI:30920,CHEBI:138367	C03761	CHEBI:16831	R-HSA-9969896				CHEBI:16831,CHEBI:17325,CHEBI:30920,CHEBI:138367	C03761	CHEBI:16831	R-HSA-9969896					0
sphingomyelin (d18:1/14:0, d16:1/16:0)	RM0134150	C37H75N2O6P	674.5363	Sphingolipids	Phosphosphingolipids	SM								SM 32:1;O2																																	0
1-linoleoyl-2-docosahexaenoyl-GPC (18:2/22:6)	RM0134910	C48H80NO8P	829.5622	Glycerophospholipids	Glycerophosphocholines	PC								PC 18:2/22:6						CHEBI:136091	CHEBI:136091	CHEBI:136091										CHEBI:136091						CHEBI:137153	CHEBI:136091,CHEBI:137153						CHEBI:57643	R-HSA-111995,R-HSA-1369062,R-HSA-1482788,R-HSA-1482798,R-HSA-1482839,R-HSA-1483101,R-HSA-1483148,R-HSA-1483166,R-HSA-1483191,R-HSA-1483196,R-HSA-1660661,R-HSA-2029485,R-HSA-2142753,R-HSA-382556,R-HSA-5678771,R-HSA-5683678,R-HSA-5683826,R-HSA-5688399,R-HSA-6811436,R-HSA-8964058,R-HSA-9680350	21
3-hydroxyoctanoylcarnitine	RM0154062	C15H29NO5	303.2046	Fatty Acyls	Fatty esters	Acyl carnitines	86583357	CHEBI:84100	HMDB0061634			LUBMSOHGUAAXAM-ZGTCLIOFSA-N	CCCCCC(CC(=O)O[C@H](CC(=O)[O-])C[N+](C)(C)C)O	CAR 8:0;3OH					CHEBI:84100	CHEBI:84100	CHEBI:84100	CHEBI:84100										CHEBI:84100							CHEBI:84100								0
imidazole propionate	RM0030004	C6H7N2O2	139.0508	Alkaloids	Histidine alkaloids	Imidazole alkaloids	6984337	CHEBI:72991				VSFNAZLYGOOSEY-UHFFFAOYSA-M	C(Cn1ccnc1)C(=O)[O-]	Imidazole propanoate					CHEBI:72991	CHEBI:72991	CHEBI:72991	CHEBI:72991									CHEBI:73087	CHEBI:72991,CHEBI:73087							CHEBI:72991,CHEBI:73087						CHEBI:25696	R-HSA-382556,R-HSA-428643,R-HSA-5690338	3
1-arachidoyl-GPC (20:0)	RM0134479	C28H58NO7P	551.3951	Glycerophospholipids	Glycerophosphocholines	LPC								LPC 20:0/0:0					CHEBI:74968	CHEBI:74968	CHEBI:74968	CHEBI:74968										CHEBI:74968							CHEBI:74968						CHEBI:58168	R-HSA-111995,R-HSA-1482839,R-HSA-2142753,R-HSA-6814848	4
1-(1-enyl-stearoyl)-2-linoleoyl-GPE (P-18:0/18:2)	RM0092659	C41H78NO7P	727.5516	Glycerophospholipids	Glycerophosphoethanolamines	O-PE								PE P-18:0/18:2					CHEBI:90483,CHEBI:133675	CHEBI:136207,CHEBI:90483,CHEBI:133675	CHEBI:90483,CHEBI:136207,CHEBI:133675	CHEBI:90483,CHEBI:133675,CHEBI:136207										CHEBI:90483,CHEBI:133675,CHEBI:136207							CHEBI:90483,CHEBI:133675,CHEBI:136207						CHEBI:17476,CHEBI:18059	R-HSA-1222556,R-HSA-1369062,R-HSA-1482788,R-HSA-5682294,R-HSA-804914,R-HSA-8941413	6
1-(1-enyl-stearoyl)-2-arachidonoyl-GPC (P-18:0/20:4)	RM0017384	C46H84NO7P	793.5985	Glycerophospholipids	Glycerophosphocholines	O-PC								PC P-18:0/20:4						CHEBI:84828	CHEBI:84828	CHEBI:84828										CHEBI:84828							CHEBI:84828						CHEBI:17810	R-HSA-1482788	1
cystine	RM0135906	C6H12N2O4S2	240.0239	Organic acids	Amino acids and peptides	Amino acids	67678	CHEBI:16283	HMDB0000192		C00491	LEVWYRKDKASIDU-IMJSIDKUSA-N	C([C@@H](C(=O)O)N)SSC[C@@H](C(=O)O)N	Cystine			C00491	map01100,map00270,map02010,map04216,map04974	CHEBI:17376,CHEBI:17376	CHEBI:17376,CHEBI:17376	CHEBI:17376,CHEBI:17376	CHEBI:16283,CHEBI:17376	C00491,C01420	C00491,C01420	C00491,C01420	C00491,C01420			C00491	map01100,map00270,map02010,map04216,map04974	CHEBI:35491,CHEBI:35492,CHEBI:35494,CHEBI:63163,CHEBI:145813	CHEBI:16283,CHEBI:17376,CHEBI:35491,CHEBI:35492,CHEBI:35494,CHEBI:63163,CHEBI:145813	C00491,C01420	CHEBI:35491	R-HSA-352230,R-HSA-5223345,R-HSA-5619113,R-HSA-5660883,R-HSA-9959399	C00491	map01100,map00270,map02010,map04216,map04974		CHEBI:16283,CHEBI:17376,CHEBI:35491,CHEBI:35492,CHEBI:35494,CHEBI:63163,CHEBI:145813	C00491,C01420	CHEBI:35491	R-HSA-352230,R-HSA-5223345,R-HSA-5619113,R-HSA-5660883,R-HSA-9959399	C00491	map01100,map00270,map02010,map04216,map04974			0
1-(1-enyl-oleoyl)-GPC (P-18:1)	RM0092658	C26H52NO6P	505.3532	Glycerophospholipids	Glycerophosphocholines	O-LPC								LPC P-18:1					CHEBI:136124,CHEBI:84753	CHEBI:136124,CHEBI:136124,CHEBI:84753	CHEBI:136124,CHEBI:84753	CHEBI:84753,CHEBI:136124										CHEBI:84753,CHEBI:136124						CHEBI:136125	CHEBI:84753,CHEBI:136124,CHEBI:136125						CHEBI:16247,CHEBI:36313	R-HSA-1482788,R-HSA-1483206,R-HSA-202733,R-HSA-2168880,R-HSA-3000471,R-HSA-3000480,R-HSA-3000484,R-HSA-3000497,R-HSA-432142,R-HSA-5686938,R-HSA-8856825,R-HSA-8856828,R-HSA-8866423,R-HSA-8963888,R-HSA-8963896,R-HSA-8963901,R-HSA-8964011,R-HSA-8964026,R-HSA-8964038,R-HSA-8964041,R-HSA-8964046,R-HSA-8964058,R-HSA-8964572,R-HSA-9615710,R-HSA-9707616,R-HSA-975634,R-HSA-9918432,R-HSA-9918481,R-HSA-9918487,R-HSA-9920588,R-HSA-9920951	31
C-glycosyltryptophan	RM0139331	C17H22N2O7	366.1427	Organic acids	Amino acids and peptides	Amino acids	21775807	CHEBI:165856				CPXSBHKDEPPWIX-NJORQXHJSA-N	c1ccc2c(c1)c(C[C@@H](C(=O)O)N)c(C1C(C(C(C(CO)O1)O)O)O)[nH]2	C-Glycosyltryptophan					CHEBI:165856	CHEBI:165856	CHEBI:165856	CHEBI:165856										CHEBI:165856							CHEBI:165856						CHEBI:33575	R-HSA-6809371	1
N-acetylglutamate	RM0136738	C7H11NO5	189.0637	Organic acids	Amino acids and peptides	Amino acids	70914	CHEBI:17533	HMDB0001138		C00624	RFMMMVDNIPUKGG-YFKPBYRVSA-N	CC(=O)N[C@@H](CCC(=O)O)C(=O)O	N-Acetylglutamic acid	CHEBI:17533	R-HSA-70635	C00624	map01100,map01110,map01210,map01230,map00220,map00470	CHEBI:17533	CHEBI:17533	CHEBI:17533	CHEBI:17533	C00624	C00624	C00624	C00624	CHEBI:17533	R-HSA-70635	C00624	map01100,map01110,map01210,map01230,map00220,map00470	CHEBI:21549,CHEBI:44337,CHEBI:195260	CHEBI:17533,CHEBI:21549,CHEBI:44337,CHEBI:195260	C00624	CHEBI:17533	R-HSA-70635	C00624	map01100,map01110,map01210,map01230,map00220,map00470		CHEBI:17533,CHEBI:21549,CHEBI:44337,CHEBI:195260	C00624	CHEBI:17533	R-HSA-70635	C00624	map01100,map01110,map01210,map01230,map00220,map00470			0
N-stearoyl-sphingosine (d18:1/18:0)	RM0135486	C36H71NO3	565.5434	Sphingolipids	Ceramides	Cer	5283565	CHEBI:72961	HMDB0004950	LMSP02010006	C00195	VODZWWMEJITOND-NXCSZAMKSA-N	CCCCCCCCCCCCCCCCCC(=O)N[C@@H](CO)[C@@H](/C=C/CCCCCCCCCCCCC)O	Cer 18:1;O2/18:0			C00195	map01100,map00600,map04071,map04217,map04920,map04722,map05140,map05415,map04931,map04933				CHEBI:72961	C00195	C00195	C00195	C00195			C00195	map01100,map00600,map04071,map04217,map04920,map04722,map05140,map05415,map04931,map04933		CHEBI:72961	C00195			C00195	map01100,map00600,map04071,map04217,map04920,map04722,map05140,map05415,map04931,map04933		CHEBI:72961	C00195			C00195	map01100,map00600,map04071,map04217,map04920,map04722,map05140,map05415,map04931,map04933	CHEBI:52639	R-HSA-9840309	1
1-palmitoleoyl-GPC (16:1)	RM0048628	C24H48NO7P	493.3168	Glycerophospholipids	Glycerophosphocholines	LPC								LPC 16:1/0:0						CHEBI:134604,CHEBI:91305	CHEBI:134604,CHEBI:91305	CHEBI:91305,CHEBI:134604										CHEBI:91305,CHEBI:134604						CHEBI:84752	CHEBI:84752,CHEBI:91305,CHEBI:134604						CHEBI:58168	R-HSA-111995,R-HSA-1482839,R-HSA-2142753,R-HSA-6814848	4
picolinate	RM0136177	C6H5NO2	123.0320	Alkaloids	Pyridine alkaloids	Nicotinic acid alkaloids	1018	CHEBI:28747	HMDB0002243		C10164	SIOXPEMLGUPBBT-UHFFFAOYSA-N	c1ccnc(c1)C(=O)O	Picolinic acid			C10164	map01100,map00380	CHEBI:28747,CHEBI:28747,CHEBI:38184	CHEBI:28747,CHEBI:28747,CHEBI:38184	CHEBI:28747,CHEBI:28747,CHEBI:38184	CHEBI:28747,CHEBI:38184	C10164	C10164	C10164	C10164			C10164	map01100,map00380		CHEBI:28747,CHEBI:38184	C10164			C10164	map01100,map00380		CHEBI:28747,CHEBI:38184	C10164			C10164	map01100,map00380	CHEBI:25696,CHEBI:33575	R-HSA-382556,R-HSA-428643,R-HSA-5690338,R-HSA-6809371	4
2-aminooctanoate	RM0140624	C8H17NO2	159.1259	Fatty Acyls	Fatty acids	Amino FA	69522	CHEBI:75145	HMDB0000991	LMFA01100056		AKVBCGQVQXPRLD-UHFFFAOYSA-N	CCCCCCC(C(=O)O)N	2-Aminocaprylic acid					CHEBI:75145,CHEBI:142420	CHEBI:75145,CHEBI:142420	CHEBI:75145,CHEBI:142420	CHEBI:75145,CHEBI:142420									CHEBI:133660,CHEBI:142421	CHEBI:75145,CHEBI:133660,CHEBI:142420,CHEBI:142421							CHEBI:75145,CHEBI:133660,CHEBI:142420,CHEBI:142421						CHEBI:25696,CHEBI:33575,CHEBI:35366	R-HSA-1482883,R-HSA-167826,R-HSA-382556,R-HSA-422085,R-HSA-426048,R-HSA-428643,R-HSA-5690338,R-HSA-6809371,R-HSA-6811436,R-HSA-8963889,R-HSA-8964038	11
taurocholate	RM0033602	C26H45NO7S	515.2917	Sterol Lipids	Bile acids	C24 bile acids	6675	CHEBI:28865	HMDB0000036	LMST05040001	C05122	WBWWGRHZICKQGZ-HZAMXZRMSA-N	C[C@H](CCC(=O)NCCS(=O)(=O)O)[C@H]1CC[C@H]2[C@H]3[C@H](C[C@@H]([C@]12C)O)[C@@]1(C)CC[C@H](C[C@H]1C[C@H]3O)O	Taurocholic acid			C05122	map01100,map00120,map00121,map00430,map04976,map04979	CHEBI:28865,CHEBI:28865,CHEBI:36257	CHEBI:28865,CHEBI:28865,CHEBI:36257	CHEBI:28865,CHEBI:28865,CHEBI:36257	CHEBI:28865,CHEBI:36257	C05122	C05122	C05122	C05122	CHEBI:36257	R-HSA-159418,R-HSA-192456,R-HSA-193368,R-HSA-5678520,R-HSA-879518	C05122	map01100,map00120,map00121,map00430,map04976,map04979		CHEBI:28865,CHEBI:36257	C05122	CHEBI:36257	R-HSA-159418,R-HSA-192456,R-HSA-193368,R-HSA-5678520,R-HSA-879518	C05122	map01100,map00120,map00121,map00430,map04976,map04979		CHEBI:28865,CHEBI:36257	C05122	CHEBI:36257	R-HSA-159418,R-HSA-192456,R-HSA-193368,R-HSA-5678520,R-HSA-879518	C05122	map01100,map00120,map00121,map00430,map04976,map04979			0
docosahexaenoate (DHA; 22:6n3)	RM0153631	C22H32O2	328.2402	Fatty Acyls	Fatty acids	Unsaturated FA	445580	CHEBI:28125	HMDB0002183	LMFA01030185	C06429	MBMBGCFOFBJSGT-KUBAVDMBSA-N	CC/C=C\C/C=C\C/C=C\C/C=C\C/C=C\C/C=C\CCC(=O)O	DHA			C06429	map01040	CHEBI:16016,CHEBI:28125,CHEBI:28689,CHEBI:36005	CHEBI:16016,CHEBI:28125,CHEBI:28689,CHEBI:36005	CHEBI:16016,CHEBI:28125,CHEBI:28689,CHEBI:36005	CHEBI:16016,CHEBI:28125,CHEBI:28689,CHEBI:36005	C00184,C01227,C06429	C00184,C01227,C06429	C00184,C01227,C06429	C00184,C01227,C06429	CHEBI:28689	R-HSA-156584,R-HSA-193048	C00184,C01227,C06429	map01100,map01110,map01120,map01200,map00680,map00561,map01100,map01120,map00140,map00984,map04913,map05200,map05215,map01040	CHEBI:77016,CHEBI:78060	CHEBI:16016,CHEBI:28125,CHEBI:28689,CHEBI:36005,CHEBI:77016,CHEBI:78060	C00184,C01227,C06429	CHEBI:28689,CHEBI:77016	R-HSA-156584,R-HSA-193048,R-HSA-2046106,R-HSA-211976,R-HSA-2453902,R-HSA-381771,R-HSA-416476,R-HSA-444209,R-HSA-9018677,R-HSA-9027307,R-HSA-9027604,R-HSA-9841922,R-HSA-9841922,R-HSA-9844594	C00184,C01227,C06429	map01100,map01110,map01120,map01200,map00680,map00561,map01100,map01120,map00140,map00984,map04913,map05200,map05215,map01040		CHEBI:16016,CHEBI:28125,CHEBI:28689,CHEBI:36005,CHEBI:77016,CHEBI:78060	C00184,C01227,C06429	CHEBI:28689,CHEBI:77016	R-HSA-156584,R-HSA-193048,R-HSA-2046106,R-HSA-211976,R-HSA-2453902,R-HSA-381771,R-HSA-416476,R-HSA-444209,R-HSA-9018677,R-HSA-9027307,R-HSA-9027604,R-HSA-9841922,R-HSA-9841922,R-HSA-9844594	C00184,C01227,C06429	map01100,map01110,map01120,map01200,map00680,map00561,map01100,map01120,map00140,map00984,map04913,map05200,map05215,map01040			0
maleate	RM0153373	C4H4O4	116.0110	Fatty Acyls	Fatty acids	Dicarboxylic acids	444266	CHEBI:18300	HMDB0000176		C01384	VZCYOOQTPOCHFL-UPHRSURJSA-N	C(=C\C(=O)O)\C(=O)O	Maleic acid			C01384	map01100,map01120,map00650,map00350,map00760	CHEBI:18300,CHEBI:18300,CHEBI:18300,CHEBI:132951,CHEBI:30780	CHEBI:18300,CHEBI:18300,CHEBI:18300,CHEBI:132951,CHEBI:30780	CHEBI:18300,CHEBI:18300,CHEBI:18300,CHEBI:132951,CHEBI:30780	CHEBI:18300,CHEBI:30780,CHEBI:132951	C01384	C01384	C01384	C01384			C01384	map01100,map01120,map00650,map00350,map00760	CHEBI:37156	CHEBI:18300,CHEBI:30780,CHEBI:37156,CHEBI:132951	C01384			C01384	map01100,map01120,map00650,map00350,map00760		CHEBI:18300,CHEBI:30780,CHEBI:37156,CHEBI:132951	C01384			C01384	map01100,map01120,map00650,map00350,map00760	CHEBI:25696,CHEBI:33575	R-HSA-382556,R-HSA-428643,R-HSA-5690338,R-HSA-6809371	4
hexadecadienoate (16:2n6)	RM0153653	C16H28O2	252.2089	Fatty Acyls	Fatty acids	Unsaturated FA	13932172	CHEBI:86147	HMDB0000477	LMFA01030807		WPJGPAAPSBVXNU-HZJYTTRNSA-N	CCCCC/C=C\C/C=C\CCCCCC(=O)O	7Z,10Z-Hexadecadienoic acid					CHEBI:86147	CHEBI:86147	CHEBI:86147	CHEBI:86147										CHEBI:86147							CHEBI:86147						CHEBI:15904	R-HSA-1369062,R-HSA-192456,R-HSA-3000471,R-HSA-390247,R-HSA-5684045,R-HSA-77289,R-HSA-8963901,R-HSA-8964058,R-HSA-975634	9
1-oleoyl-2-arachidonoyl-GPE (18:1/20:4)	RM0015036	C43H76NO8P	765.5309	Glycerophospholipids	Glycerophosphoethanolamines	PE								PE 18:1/20:4						CHEBI:85000	CHEBI:85000	CHEBI:85000										CHEBI:85000							CHEBI:85000						CHEBI:36314	R-HSA-1482788	1
glucuronate	RM0155912	C6H10O7	194.0427	Carbohydrates	Monosaccharides	Sugar acids	94715	CHEBI:47952	HMDB0000127		C00191	AEMOLEFTQBMNLQ-AQKNRBDQSA-N	[C@@H]1([C@@H]([C@@H](C(=O)O)OC([C@@H]1O)O)O)O	Glucuronic acid			C00191	map01100,map01120,map01250,map01240,map00040,map00053,map00562,map00520	CHEBI:24298,CHEBI:47952,CHEBI:4178,CHEBI:15748,CHEBI:24297	CHEBI:24298,CHEBI:47952,CHEBI:4178,CHEBI:15748,CHEBI:24297	CHEBI:24298,CHEBI:47952,CHEBI:4178,CHEBI:15748,CHEBI:24297	CHEBI:4178,CHEBI:15748,CHEBI:24297,CHEBI:24298,CHEBI:47952	C00191	C00191	C00191	C00191	CHEBI:4178,CHEBI:15748	R-HSA-2024101,R-HSA-2160916,R-HSA-156588,R-HSA-189483,R-HSA-5661270	C00191	map01100,map01120,map01250,map01240,map00040,map00053,map00562,map00520	CHEBI:58720,CHEBI:79049	CHEBI:4178,CHEBI:15748,CHEBI:24297,CHEBI:24298,CHEBI:47952,CHEBI:58720,CHEBI:79049	C00191	CHEBI:4178,CHEBI:15748,CHEBI:58720	R-HSA-2024101,R-HSA-2160916,R-HSA-156588,R-HSA-189483,R-HSA-5661270,R-HSA-1855183,R-HSA-2160916,R-HSA-5083627,R-HSA-9754706	C00191	map01100,map01120,map01250,map01240,map00040,map00053,map00562,map00520	CHEBI:28860,CHEBI:42717,CHEBI:43832,CHEBI:47953,CHEBI:53688,CHEBI:85313,CHEBI:142686,CHEBI:189642	CHEBI:4178,CHEBI:15748,CHEBI:24297,CHEBI:24298,CHEBI:28860,CHEBI:42717,CHEBI:43832,CHEBI:47952,CHEBI:47953,CHEBI:53688,CHEBI:58720,CHEBI:79049,CHEBI:85313,CHEBI:142686,CHEBI:189642	C00191,C08350,C16245	CHEBI:4178,CHEBI:15748,CHEBI:58720	R-HSA-2024101,R-HSA-2160916,R-HSA-156588,R-HSA-189483,R-HSA-5661270,R-HSA-1855183,R-HSA-2160916,R-HSA-5083627,R-HSA-9754706	C00191	map01100,map01120,map01250,map01240,map00040,map00053,map00562,map00520			0
2-ketocaprylate	RM0139458	C8H14O3	158.0943	Fatty Acyls	Fatty acids	Oxo FA	67600	CHEBI:173668	HMDB0013211	LMFA01060016		GPPUPQFYDYLTIY-UHFFFAOYSA-N	CCCCCCC(=O)C(=O)O	2-Keto-octanoic acid								CHEBI:173668									CHEBI:176689	CHEBI:173668,CHEBI:176689							CHEBI:173668,CHEBI:176689						CHEBI:33575	R-HSA-6809371	1
1-(1-enyl-oleoyl)-GPE (P-18:1)	RM0133225	C23H46NO6P	463.3063	Glycerophospholipids	Glycerophosphoethanolamines	O-LPE								LPE P-18:1					CHEBI:133229	CHEBI:133229,CHEBI:133229	CHEBI:133229	CHEBI:133229										CHEBI:133229							CHEBI:133229						CHEBI:36314	R-HSA-1482788	1
1-carboxyethylleucine	RM0132227	C9H17NO4	203.1158	Organic acids	Amino acids and peptides	Amino acids	145884707		HMDB0240626			DBYZWPUDPKAERO-MLWJPKLSSA-N	CC(C)C[C@@H](C(=O)O)NC(C)C(=O)O	1-Carboxyethylleucine					CHEBI:232926	CHEBI:232926	CHEBI:232926	CHEBI:232926										CHEBI:232926							CHEBI:232926								0
retinol (Vitamin A)	RM0118412	C20H30O	286.2297	Prenol Lipids	Isoprenoids	Retinoids	445354	CHEBI:17336	HMDB0000305	LMPR01090001	C00473	FPIPGXGPPPQFEQ-OVSJKPMPSA-N	C/C(=C\C=C\C(=C\CO)\C)/C=C/C1=C(C)CCCC1(C)C	Retinol	CHEBI:17336	R-HSA-163560,R-HSA-192456,R-HSA-2187335,R-HSA-2187335,R-HSA-2453902,R-HSA-2453902,R-HSA-5365859,R-HSA-6809583,R-HSA-9640463,R-HSA-975634,R-HSA-975634,R-HSA-9918442,R-HSA-9918449	C00473	map01100,map01240,map00830,map04977	CHEBI:17336,CHEBI:45479,CHEBI:50211	CHEBI:17336,CHEBI:45479,CHEBI:50211	CHEBI:17336,CHEBI:45479,CHEBI:50211	CHEBI:17336,CHEBI:45479,CHEBI:50211	C00473,C17276	C00473,C17276	C00473,C17276	C00473,C17276	CHEBI:17336	R-HSA-163560,R-HSA-192456,R-HSA-2187335,R-HSA-2187335,R-HSA-2453902,R-HSA-2453902,R-HSA-5365859,R-HSA-6809583,R-HSA-9640463,R-HSA-975634,R-HSA-975634,R-HSA-9918442,R-HSA-9918449	C00473	map01100,map01240,map00830,map04977		CHEBI:17336,CHEBI:45479,CHEBI:50211	C00473,C17276	CHEBI:17336	R-HSA-163560,R-HSA-192456,R-HSA-2187335,R-HSA-2187335,R-HSA-2453902,R-HSA-2453902,R-HSA-5365859,R-HSA-6809583,R-HSA-9640463,R-HSA-975634,R-HSA-975634,R-HSA-9918442,R-HSA-9918449	C00473	map01100,map01240,map00830,map04977	CHEBI:16302,CHEBI:52075,CHEBI:78272	CHEBI:16302,CHEBI:17336,CHEBI:45479,CHEBI:50211,CHEBI:52075,CHEBI:78272	C00473,C00899,C15492,C16682,C17276	CHEBI:16302,CHEBI:17336,CHEBI:52075	R-HSA-2187335,R-HSA-2187335,R-HSA-2453902,R-HSA-5365859,R-HSA-9918438,R-HSA-163560,R-HSA-192456,R-HSA-2187335,R-HSA-2187335,R-HSA-2453902,R-HSA-2453902,R-HSA-5365859,R-HSA-6809583,R-HSA-9640463,R-HSA-975634,R-HSA-975634,R-HSA-9918442,R-HSA-9918449,R-HSA-975634	C00473,C00899,C15492,C16682	map01100,map01240,map00830,map04977,map01100,map00830,map00830,map01100,map00830			0
1-palmityl-GPC (O-16:0)	RM0133233	C24H52NO6P	481.3532	Glycerophospholipids	Glycerophosphocholines	O-LPC	162126	CHEBI:64496		LMGP01060010	C04317	VLBPIWYTPAXCFJ-XMMPIXPASA-N	CCCCCCCCCCCCCCCCOC[C@H](COP(=O)([O-])OCC[N+](C)(C)C)O	LPC O-16:0			C04317	map01100,map00565	CHEBI:64593	CHEBI:64593,CHEBI:64593	CHEBI:64593	CHEBI:64496,CHEBI:64593	C04317	C04317	C04317	C04317			C04317	map01100,map00565		CHEBI:64496,CHEBI:64593	C04317			C04317	map01100,map00565		CHEBI:64496,CHEBI:64593	C04317			C04317	map01100,map00565	CHEBI:36313	R-HSA-1482788	1
taurochenodeoxycholate	RM0128369	C26H45NO6S	499.2968	Sterol Lipids	Bile acids	C24 bile acids	387316	CHEBI:16525	HMDB0000951	LMST05040005	C05465	BHTRKEVKTKCXOH-BJLOMENOSA-N	C[C@H](CCC(=O)NCCS(=O)(=O)O)[C@H]1CC[C@H]2[C@H]3[C@H](CC[C@]12C)[C@@]1(C)CC[C@H](C[C@H]1C[C@H]3O)O	Taurochenodeoxycholic acid	CHEBI:16525	R-HSA-159418,R-HSA-193368,R-HSA-5678520,R-HSA-879518	C05465	map00120,map00121,map04976,map04979	CHEBI:16525,CHEBI:16525,CHEBI:9407,CHEBI:9407	CHEBI:16525,CHEBI:16525,CHEBI:9407,CHEBI:9407	CHEBI:16525,CHEBI:16525,CHEBI:9407	CHEBI:9407,CHEBI:16525	C05465	C05465	C05465	C05465	CHEBI:9407,CHEBI:16525	R-HSA-159418,R-HSA-192456,R-HSA-193368,R-HSA-879518,R-HSA-159418,R-HSA-193368,R-HSA-5678520,R-HSA-879518	C05465	map00120,map00121,map04976,map04979		CHEBI:9407,CHEBI:16525	C05465	CHEBI:9407,CHEBI:16525	R-HSA-159418,R-HSA-192456,R-HSA-193368,R-HSA-879518,R-HSA-159418,R-HSA-193368,R-HSA-5678520,R-HSA-879518	C05465	map00120,map00121,map04976,map04979	CHEBI:192786	CHEBI:9407,CHEBI:16525,CHEBI:192786	C05465	CHEBI:9407,CHEBI:16525	R-HSA-159418,R-HSA-192456,R-HSA-193368,R-HSA-879518,R-HSA-159418,R-HSA-193368,R-HSA-5678520,R-HSA-879518	C05465	map00120,map00121,map04976,map04979			0
octanoylcarnitine (C8)	RM0154093	C15H29NO4	287.2097	Fatty Acyls	Fatty esters	Acyl carnitines	11953814	CHEBI:18102	HMDB0000791	LMFA07070002	C02838	CXTATJFJDMJMIY-CYBMUJFWSA-N	CCCCCCCC(=O)O[C@H](CC(=O)[O-])C[N+](C)(C)C	CAR 8:0								CHEBI:18102	C02838	C02838	C02838	C02838					CHEBI:86051	CHEBI:18102,CHEBI:86051	C02838					CHEBI:192247	CHEBI:18102,CHEBI:86051,CHEBI:192247	C02838					CHEBI:18059	R-HSA-1222556,R-HSA-1369062,R-HSA-5682294,R-HSA-804914,R-HSA-8941413	5
cytidine	RM0138922	C9H13N3O5	243.0855	Nucleic acids	Pyrimidines	Pyrimidine ribonucleosides	6175	CHEBI:17562	HMDB0000089		C00475	UHDGCWIWMRVCDJ-XVFCMESISA-N	c1cn([C@H]2[C@@H]([C@@H]([C@@H](CO)O2)O)O)c(=O)nc1N	Cytidine	CHEBI:17562	R-HSA-5619063,R-HSA-73614,R-HSA-73621,R-HSA-83936	C00475	map01100,map01232,map00240,map02010	CHEBI:17562,CHEBI:17562	CHEBI:17562,CHEBI:17562	CHEBI:17562,CHEBI:17562	CHEBI:17562	C00475	C00475	C00475	C00475	CHEBI:17562	R-HSA-5619063,R-HSA-73614,R-HSA-73621,R-HSA-83936	C00475	map01100,map01232,map00240,map02010		CHEBI:17562	C00475	CHEBI:17562	R-HSA-5619063,R-HSA-73614,R-HSA-73621,R-HSA-83936	C00475	map01100,map01232,map00240,map02010		CHEBI:17562	C00475	CHEBI:17562	R-HSA-5619063,R-HSA-73614,R-HSA-73621,R-HSA-83936	C00475	map01100,map01232,map00240,map02010			0
S-methylcysteine sulfoxide	RM0136616	C4H9NO3S	151.0303	Organic acids	Amino acids and peptides	Amino acids	82142	CHEBI:137271	HMDB0029432			ZZLHPCSGGOGHFW-UHFFFAOYSA-N	CS(=O)CC(C(=O)O)N	2-amino-3-methanesulfinylpropanoic acid								CHEBI:137271										CHEBI:137271							CHEBI:137271						CHEBI:33575	R-HSA-6809371	1
1-(1-enyl-palmitoyl)-2-linoleoyl-GPE (P-16:0/18:2)	RM0134762	C39H74NO7P	699.5203	Glycerophospholipids	Glycerophosphoethanolamines	O-PE								PE P-16:0/18:2					CHEBI:167284,CHEBI:133649	CHEBI:136189,CHEBI:167284,CHEBI:167284,CHEBI:84532,CHEBI:133649	CHEBI:167284,CHEBI:136189,CHEBI:84532,CHEBI:133649	CHEBI:84532,CHEBI:133649,CHEBI:136189,CHEBI:167284										CHEBI:84532,CHEBI:133649,CHEBI:136189,CHEBI:167284							CHEBI:84532,CHEBI:133649,CHEBI:136189,CHEBI:167284						CHEBI:17476,CHEBI:18059	R-HSA-1222556,R-HSA-1369062,R-HSA-1482788,R-HSA-5682294,R-HSA-804914,R-HSA-8941413	6
glycochenodeoxycholate 3-sulfate	RM0138951	C26H43NO8S	529.2709	Sterol Lipids	Bile acids	C24 bile acids	21125002	CHEBI:72733	HMDB0002497			DKXXSIJHWWVNMO-GYPHWSFCSA-N	C[C@H](CCC(=O)NCC(=O)O)[C@H]1CC[C@H]2[C@H]3[C@H](CC[C@]12C)[C@@]1(C)CC[C@H](C[C@H]1C[C@H]3O)OS(=O)(=O)O	Glycochenodeoxycholic acid 3-sulfate					CHEBI:234533	CHEBI:234533	CHEBI:234533	CHEBI:72733,CHEBI:234533										CHEBI:72733,CHEBI:234533							CHEBI:72733,CHEBI:234533						CHEBI:35341,CHEBI:59696	R-HSA-196071	1
behenoyl sphingomyelin (d18:1/22:0)	RM0138870	C45H91N2O6P	786.6615	Sphingolipids	Phosphosphingolipids	SM	44260125	CHEBI:74532	HMDB0012103	LMSP03010006		FJJANLYCZUNFSE-TWKUQIQBSA-N	CCCCCCCCCCCCCCCCCCCCCC(=O)N[C@@H](COP(=O)([O-])OCC[N+](C)(C)C)[C@@H](/C=C/CCCCCCCCCCCCC)O	SM 18:1;O2/22:0					CHEBI:74532	CHEBI:74532	CHEBI:74532	CHEBI:74532										CHEBI:74532							CHEBI:74532						CHEBI:17636	R-HSA-1369062,R-HSA-193681,R-HSA-9840310	3
sphingomyelin (d18:2/23:0, d18:1/23:1, d17:1/24:1)	RM0134158	C46H91N2O6P	798.6615	Sphingolipids	Phosphosphingolipids	SM								SM 41:2;O2																																	0
1-oleoyl-GPC (18:1)	RM0048632	C26H52NO7P	521.3481	Glycerophospholipids	Glycerophosphocholines	LPC								LPC 18:1/0:0						CHEBI:131739	CHEBI:131739	CHEBI:131739										CHEBI:131739						CHEBI:28610,CHEBI:72589,CHEBI:86255,CHEBI:143713	CHEBI:28610,CHEBI:72589,CHEBI:86255,CHEBI:131739,CHEBI:143713	C03916					CHEBI:58168	R-HSA-111995,R-HSA-1482839,R-HSA-2142753,R-HSA-6814848	4
arachidonate (20:4n6)	RM0153612	C20H32O2	304.2402	Fatty Acyls	Fatty acids	Unsaturated FA	444899	CHEBI:15843	HMDB0001043	LMFA01030001	C00219	YZXBAPSDXZZRGB-DOFZRALJSA-N	CCCCC/C=C\C/C=C\C/C=C\C/C=C\CCCC(=O)O	Arachidonic acid			C00219	map01100,map00590,map00591,map01040,map04216,map04217,map04611,map04664,map04666,map04923,map04912,map04913,map04921,map04925,map04270,map04726,map04730,map04723,map04745,map04750,map05146,map05140,map07034	CHEBI:15843,CHEBI:15843,CHEBI:15843	CHEBI:15843,CHEBI:15843,CHEBI:15843	CHEBI:15843,CHEBI:15843,CHEBI:15843	CHEBI:15843	C00219	C00219	C00219	C00219			C00219	map01100,map00590,map00591,map01040,map04216,map04217,map04611,map04664,map04666,map04923,map04912,map04913,map04921,map04925,map04270,map04726,map04730,map04723,map04745,map04750,map05146,map05140,map07034	CHEBI:32395	CHEBI:15843,CHEBI:32395	C00219	CHEBI:32395	R-HSA-111995,R-HSA-112310,R-HSA-1368108,R-HSA-140180,R-HSA-1989781,R-HSA-1989781,R-HSA-2029485,R-HSA-211935,R-HSA-211958,R-HSA-2142670,R-HSA-2142688,R-HSA-2142691,R-HSA-2142696,R-HSA-2142712,R-HSA-2142753,R-HSA-2142753,R-HSA-2142770,R-HSA-2142816,R-HSA-2151201,R-HSA-2162123,R-HSA-2426168,R-HSA-381340,R-HSA-400206,R-HSA-426048,R-HSA-5579011,R-HSA-5668599,R-HSA-75876,R-HSA-9707564,R-HSA-9707616,R-HSA-9931509,R-HSA-9933387	C00219	map01100,map00590,map00591,map01040,map04216,map04217,map04611,map04664,map04666,map04923,map04912,map04913,map04921,map04925,map04270,map04726,map04730,map04723,map04745,map04750,map05146,map05140,map07034		CHEBI:15843,CHEBI:32395	C00219	CHEBI:32395	R-HSA-111995,R-HSA-112310,R-HSA-1368108,R-HSA-140180,R-HSA-1989781,R-HSA-1989781,R-HSA-2029485,R-HSA-211935,R-HSA-211958,R-HSA-2142670,R-HSA-2142688,R-HSA-2142691,R-HSA-2142696,R-HSA-2142712,R-HSA-2142753,R-HSA-2142753,R-HSA-2142770,R-HSA-2142816,R-HSA-2151201,R-HSA-2162123,R-HSA-2426168,R-HSA-381340,R-HSA-400206,R-HSA-426048,R-HSA-5579011,R-HSA-5668599,R-HSA-75876,R-HSA-9707564,R-HSA-9707616,R-HSA-9931509,R-HSA-9933387	C00219	map01100,map00590,map00591,map01040,map04216,map04217,map04611,map04664,map04666,map04923,map04912,map04913,map04921,map04925,map04270,map04726,map04730,map04723,map04745,map04750,map05146,map05140,map07034			0
thioproline	RM0013708	C4H7NO2S	133.0197	Organic acids	Amino acids and peptides	Amino acids	93176	CHEBI:45171	HMDB0062164			DZLNHFMRPBPULJ-VKHMYHEASA-N	C1[C@@H](C(=O)O)NCS1	Thioproline					CHEBI:64564	CHEBI:64564	CHEBI:64564	CHEBI:45171,CHEBI:64564									CHEBI:133584	CHEBI:45171,CHEBI:64564,CHEBI:133584						CHEBI:64562	CHEBI:45171,CHEBI:64562,CHEBI:64564,CHEBI:133584						CHEBI:33575	R-HSA-6809371	1
1-oleoyl-2-docosahexaenoyl-GPC (18:1/22:6)	RM0091736	C48H82NO8P	831.5778	Glycerophospholipids	Glycerophosphocholines	PC								PC 18:1/22:6					CHEBI:84814	CHEBI:136081,CHEBI:84812,CHEBI:84814	CHEBI:136081,CHEBI:84812,CHEBI:84814	CHEBI:84812,CHEBI:84814,CHEBI:136081										CHEBI:84812,CHEBI:84814,CHEBI:136081							CHEBI:84812,CHEBI:84814,CHEBI:136081						CHEBI:57643	R-HSA-111995,R-HSA-1369062,R-HSA-1482788,R-HSA-1482798,R-HSA-1482839,R-HSA-1483101,R-HSA-1483148,R-HSA-1483166,R-HSA-1483191,R-HSA-1483196,R-HSA-1660661,R-HSA-2029485,R-HSA-2142753,R-HSA-382556,R-HSA-5678771,R-HSA-5683678,R-HSA-5683826,R-HSA-5688399,R-HSA-6811436,R-HSA-8964058,R-HSA-9680350	21
1-(1-enyl-palmitoyl)-2-palmitoyl-GPC (P-16:0/16:0)	RM0017336	C40H80NO7P	717.5672	Glycerophospholipids	Glycerophosphocholines	O-PC	11146967	CHEBI:133672	HMDB0011206	LMGP01030025		PEWXKAOBUSBJLD-MCBGMKGZSA-N	CCCCCCCCCCCCCC/C=COC[C@H](COP(=O)([O-])OCC[N+](C)(C)C)OC(=O)CCCCCCCCCCCCCCC	PC P-16:0/16:0					CHEBI:133672	CHEBI:133672	CHEBI:133672	CHEBI:133672										CHEBI:133672							CHEBI:133672						CHEBI:17810	R-HSA-1482788	1
1-stearoyl-2-linoleoyl-GPE (18:0/18:2)	RM0134753	C41H78NO8P	743.5465	Glycerophospholipids	Glycerophosphoethanolamines	PE								PE 18:0/18:2						CHEBI:133599,CHEBI:133600,CHEBI:136163	CHEBI:133599,CHEBI:133600,CHEBI:136163	CHEBI:133599,CHEBI:133600,CHEBI:136163										CHEBI:133599,CHEBI:133600,CHEBI:136163							CHEBI:133599,CHEBI:133600,CHEBI:136163						CHEBI:36314,CHEBI:64612	R-HSA-1482788,R-HSA-1660661	2
4-vinylphenol sulfate	RM0161661	C8H8O	120.0575	Benzenoids	Benzenes	Styrenes	62453	CHEBI:1883	HMDB0004072		C05627	FUGYGGDSWSUORM-UHFFFAOYSA-N	C=Cc1ccc(cc1)O	4-Hydroxystyrene			C05627	map01110,map00940	CHEBI:1883,CHEBI:1883,CHEBI:82931	CHEBI:1883,CHEBI:1883,CHEBI:82931	CHEBI:1883,CHEBI:1883,CHEBI:82931	CHEBI:1883,CHEBI:82931	C05627	C05627	C05627	C05627			C05627	map01110,map00940		CHEBI:1883,CHEBI:82931	C05627			C05627	map01110,map00940		CHEBI:1883,CHEBI:82931	C05627			C05627	map01110,map00940			0
1-myristoyl-2-docosahexaenoyl-GPC (14:0/22:6)	RM0162077	C44H76NO8P	777.5309	Glycerophospholipids	Glycerophosphocholines	PC								PC 14:0/22:6						CHEBI:134581,CHEBI:86162	CHEBI:134581,CHEBI:86162	CHEBI:86162,CHEBI:134581										CHEBI:86162,CHEBI:134581							CHEBI:86162,CHEBI:134581						CHEBI:57643	R-HSA-111995,R-HSA-1369062,R-HSA-1482788,R-HSA-1482798,R-HSA-1482839,R-HSA-1483101,R-HSA-1483148,R-HSA-1483166,R-HSA-1483191,R-HSA-1483196,R-HSA-1660661,R-HSA-2029485,R-HSA-2142753,R-HSA-382556,R-HSA-5678771,R-HSA-5683678,R-HSA-5683826,R-HSA-5688399,R-HSA-6811436,R-HSA-8964058,R-HSA-9680350	21
dimethylglycine	RM0135883	C4H9NO2	103.0633	Organic acids	Amino acids and peptides	Amino acids	673	CHEBI:17724	HMDB0000092		C01026	FFDGPVCHZBVARC-UHFFFAOYSA-N	CN(C)CC(=O)O	Dimethylglycine			C01026	map01100,map00260,map00670,map04981	CHEBI:17724	CHEBI:17724	CHEBI:17724	CHEBI:17724	C01026	C01026	C01026	C01026			C01026	map01100,map00260,map00670,map04981	CHEBI:58251	CHEBI:17724,CHEBI:58251	C01026	CHEBI:58251	R-HSA-1614635,R-HSA-6798163	C01026	map01100,map00260,map00670,map04981		CHEBI:17724,CHEBI:58251	C01026	CHEBI:58251	R-HSA-1614635,R-HSA-6798163	C01026	map01100,map00260,map00670,map04981			0
5-dodecenoate (12:1n7)	RM0153633	C12H22O2	198.1620	Fatty Acyls	Fatty acids	Unsaturated FA	5312378	CHEBI:86595	HMDB0000529	LMFA01030226		IJBFSOLHRKELLR-FPLPWBNLSA-N	CCCCCC/C=C\CCCC(=O)O	5-Dodecenoic acid					CHEBI:83044	CHEBI:83044	CHEBI:83044	CHEBI:83044,CHEBI:86595									CHEBI:83046	CHEBI:83044,CHEBI:83046,CHEBI:86595							CHEBI:83044,CHEBI:83046,CHEBI:86595						CHEBI:59554	R-HSA-390247,R-HSA-77289	2
1-(1-enyl-palmitoyl)-2-oleoyl-GPC (P-16:0/18:1)	RM0134916	C42H82NO7P	743.5829	Glycerophospholipids	Glycerophosphocholines	O-PC								PC P-16:0/18:1						CHEBI:136133	CHEBI:136133	CHEBI:136133										CHEBI:136133							CHEBI:136133						CHEBI:17810	R-HSA-1482788	1
sphinganine-1-phosphate	RM0135449	C18H40NO5P	381.2644	Sphingolipids	Sphingoid bases	Sphingoid base 1-P	644260	CHEBI:16893	HMDB0001383	LMSP01050002	C01120	YHEDRJPUIRMZMP-ZWKOTPCHSA-N	CCCCCCCCCCCCCCC[C@H]([C@H](COP(=O)(O)O)N)O	Sphinganine 1-phosphate			C01120	map01100,map00600,map04080	CHEBI:16893,CHEBI:16893,CHEBI:57939	CHEBI:16893,CHEBI:16893,CHEBI:57939	CHEBI:16893,CHEBI:16893,CHEBI:57939	CHEBI:16893,CHEBI:57939	C01120	C01120	C01120	C01120	CHEBI:57939	R-HSA-9845614	C01120	map01100,map00600,map04080		CHEBI:16893,CHEBI:57939	C01120	CHEBI:57939	R-HSA-9845614	C01120	map01100,map00600,map04080		CHEBI:16893,CHEBI:57939	C01120	CHEBI:57939	R-HSA-9845614	C01120	map01100,map00600,map04080			0
docosapentaenoate (n3 DPA; 22:5n3)	RM0153164	C22H34O2	330.2559	Fatty Acyls	Fatty acids	Unsaturated FA	5497182	CHEBI:53488	HMDB0006528	LMFA04000044	C16513	YUFFSWGQGVEMMI-JLNKQSITSA-N	CC/C=C\C/C=C\C/C=C\C/C=C\C/C=C\CCCCCC(=O)O	DPA			C16513	map01040	CHEBI:4640,CHEBI:34936,CHEBI:51676,CHEBI:53488,CHEBI:39867	CHEBI:4640,CHEBI:34936,CHEBI:51676,CHEBI:53488,CHEBI:39867	CHEBI:4640,CHEBI:34936,CHEBI:51676,CHEBI:53488,CHEBI:39867	CHEBI:4640,CHEBI:34936,CHEBI:39867,CHEBI:51676,CHEBI:53488	C07185,C11016,C14229,C16513	C07185,C11016,C14229,C16513	C07185,C11016,C14229,C16513	C07185,C11016,C14229,C16513	CHEBI:39867	R-HSA-3214815,R-HSA-9679191	C07185,C16513	map00982,map04976,map01040	CHEBI:77224	CHEBI:4640,CHEBI:34936,CHEBI:39867,CHEBI:51676,CHEBI:53488,CHEBI:77224	C07185,C11016,C14229,C16513	CHEBI:39867,CHEBI:77224	R-HSA-3214815,R-HSA-9679191,R-HSA-381771,R-HSA-416476,R-HSA-444209,R-HSA-9025094,R-HSA-9026286,R-HSA-9026290,R-HSA-9027604	C07185,C16513	map00982,map04976,map01040		CHEBI:4640,CHEBI:34936,CHEBI:39867,CHEBI:51676,CHEBI:53488,CHEBI:77224	C07185,C11016,C14229,C16513	CHEBI:39867,CHEBI:77224	R-HSA-3214815,R-HSA-9679191,R-HSA-381771,R-HSA-416476,R-HSA-444209,R-HSA-9025094,R-HSA-9026286,R-HSA-9026290,R-HSA-9027604	C07185,C16513	map00982,map04976,map01040			0
N-acetylisoleucine	RM0132242	C8H15NO3	173.1052	Organic acids	Amino acids and peptides	Amino acids	7036275	CHEBI:21555	HMDB0061684			JDTWZSUNGHMMJM-FSPLSTOPSA-N	CC[C@H](C)[C@@H](C(=O)O)NC(=O)C	N-Acetylisoleucine					CHEBI:84056	CHEBI:84056	CHEBI:84056	CHEBI:21555,CHEBI:84056									CHEBI:133735	CHEBI:21555,CHEBI:84056,CHEBI:133735							CHEBI:21555,CHEBI:84056,CHEBI:133735						CHEBI:33575	R-HSA-6809371	1
phenylalanyltryptophan	RM0012532	C20H21N3O3	351.1583	Organic acids	Amino acids and peptides	Dipeptides	134906	CHEBI:74751	HMDB0029006			JMCOUWKXLXDERB-WMZOPIPTSA-N	c1ccc(cc1)C[C@@H](C(=O)N[C@@H](Cc1c[nH]c2ccccc12)C(=O)O)N	Phe-Trp					CHEBI:74751	CHEBI:74751	CHEBI:74751	CHEBI:74751										CHEBI:74751							CHEBI:74751						CHEBI:46761	R-HSA-427975	1
2-aminoadipate	RM0134983	C6H11NO4	161.0688	Organic acids	Amino acids and peptides	Amino acids	469	CHEBI:37024	HMDB0302754	LMFA01170098	C00956	OYIFNHCXNCRBQI-UHFFFAOYSA-N	C(CC(C(=O)O)N)CC(=O)O	alpha-Aminoadipic acid			C00956	map01100,map01110,map01120,map01210,map01230,map00300,map00310,map00311	CHEBI:37024,CHEBI:37024	CHEBI:37024,CHEBI:37024	CHEBI:37024,CHEBI:37024	CHEBI:37024	C00956	C00956	C00956	C00956			C00956	map01100,map01110,map01120,map01210,map01230,map00300,map00310,map00311	CHEBI:84981	CHEBI:37024,CHEBI:84981	C00956			C00956	map01100,map01110,map01120,map01210,map01230,map00300,map00310,map00311	CHEBI:17082,CHEBI:37023,CHEBI:37025,CHEBI:58672	CHEBI:17082,CHEBI:37023,CHEBI:37024,CHEBI:37025,CHEBI:58672,CHEBI:84981	C00956	CHEBI:58672	R-HSA-71064	C00956	map01100,map01110,map01120,map01210,map01230,map00300,map00310,map00311			0
docosadioate (C22-DC)	RM0153698	C22H42O4	370.3083	Fatty Acyls	Fatty acids	Dicarboxylic acids	244872	CHEBI:76319	HMDB0242127	LMFA01170037		DGXRZJSPDXZJFG-UHFFFAOYSA-N	C(CCCCCCCCCCC(=O)O)CCCCCCCCCC(=O)O	Docosanedioic acid					CHEBI:76319	CHEBI:76319	CHEBI:76319	CHEBI:76319	C19625	C19625	C19625	C19625			C19625	map00073	CHEBI:76299	CHEBI:76299,CHEBI:76319	C19625			C19625	map00073		CHEBI:76299,CHEBI:76319	C19625			C19625	map00073	CHEBI:18059,CHEBI:33575	R-HSA-1222556,R-HSA-1369062,R-HSA-5682294,R-HSA-6809371,R-HSA-804914,R-HSA-8941413	6
epiandrosterone sulfate	RM0128374	C19H30O2	290.2246	Sterol Lipids	Steroids	C19 Steroids	441302	CHEBI:541975	HMDB0000365	LMST02020023	C07635	QGXBDMJGAMFCBF-LUJOEAJASA-N	C[C@]12CC[C@@H](C[C@@H]1CC[C@H]1[C@@H]3CCC(=O)[C@@]3(C)CC[C@H]21)O	Epiandrosterone			C07635	map01120,map00984	CHEBI:541975,CHEBI:83040	CHEBI:541975,CHEBI:83040	CHEBI:541975,CHEBI:83040	CHEBI:83040,CHEBI:541975	C07635	C07635	C07635	C07635			C07635	map01120,map00984		CHEBI:83040,CHEBI:541975	C07635			C07635	map01120,map00984		CHEBI:83040,CHEBI:541975	C07635			C07635	map01120,map00984	CHEBI:35341	R-HSA-196071	1
fructose	RM0136734	C6H12O6	180.0634	Carbohydrates	Monosaccharides	Hexoses	2723872	CHEBI:37714	HMDB0062538		C00095	LKDRXBCSQODPBY-VRPWFDPXSA-N	C1[C@H]([C@H]([C@@H](C(CO)(O)O1)O)O)O	Fructose			C00095	map01100,map01110,map01120,map01250,map00051,map00052,map00500,map00520,map02010,map02060,map04973,map04742,map05415,map04931	CHEBI:28645,CHEBI:28757,CHEBI:28757	CHEBI:28645,CHEBI:28757,CHEBI:28757	CHEBI:28645,CHEBI:28757,CHEBI:28757	CHEBI:28645,CHEBI:28757,CHEBI:37714	C00095,C01496,C02336	C00095,C01496,C02336	C00095,C01496,C02336	C00095,C01496,C02336	CHEBI:28645	R-HSA-70350	C00095	map01100,map01110,map01120,map01250,map00051,map00052,map00500,map00520,map02010,map02060,map04973,map04742,map05415,map04931	CHEBI:43703	CHEBI:28645,CHEBI:28757,CHEBI:37714,CHEBI:43703	C00095,C01496,C02336	CHEBI:28645	R-HSA-70350	C00095	map01100,map01110,map01120,map01250,map00051,map00052,map00500,map00520,map02010,map02060,map04973,map04742,map05415,map04931	CHEBI:15824,CHEBI:28120,CHEBI:28614,CHEBI:37715,CHEBI:37719,CHEBI:37720,CHEBI:37721,CHEBI:37722,CHEBI:37723,CHEBI:37724,CHEBI:37725,CHEBI:37727,CHEBI:37728,CHEBI:37729,CHEBI:41005,CHEBI:48095	CHEBI:15824,CHEBI:28120,CHEBI:28614,CHEBI:28645,CHEBI:28757,CHEBI:37714,CHEBI:37715,CHEBI:37719,CHEBI:37720,CHEBI:37721,CHEBI:37722,CHEBI:37723,CHEBI:37724,CHEBI:37725,CHEBI:37727,CHEBI:37728,CHEBI:37729,CHEBI:41005,CHEBI:43703,CHEBI:48095	C00095,C01496,C01719,C02336,C05003,C10906	CHEBI:15824,CHEBI:28645,CHEBI:48095	R-HSA-189085,R-HSA-189200,R-HSA-196791,R-HSA-211916,R-HSA-418594,R-HSA-420499,R-HSA-5619047,R-HSA-5619098,R-HSA-5657562,R-HSA-8981373,R-HSA-9717207,R-HSA-9717207,R-HSA-70350,R-HSA-5652227	C00095	map01100,map01110,map01120,map01250,map00051,map00052,map00500,map00520,map02010,map02060,map04973,map04742,map05415,map04931			0
N-acetyl-2-aminooctanoate	RM0034891	C10H19NO3	201.1365	Organic acids	Amino acids and peptides	Amino acids	95555	CHEBI:89901	HMDB0059745			JJGNMSOJTSABGA-UHFFFAOYSA-N	CCCCCCC(C(=O)O)NC(=O)C	N-Acetyl-2-aminooctanoic acid								CHEBI:89901										CHEBI:89901							CHEBI:89901						CHEBI:33575	R-HSA-6809371	1
N-stearoyl-sphinganine (d18:0/18:0)	RM0135507	C36H73NO3	567.5590	Sphingolipids	Ceramides	DHCer	5283573	CHEBI:67033	HMDB0011761	LMSP02020008		KZTJQXAANJHSCE-OIDHKYIRSA-N	CCCCCCCCCCCCCCCCCC(=O)N[C@@H](CO)[C@@H](CCCCCCCCCCCCCCC)O	Cer 18:0;O2/18:0								CHEBI:67033										CHEBI:67033							CHEBI:67033						CHEBI:83273,CHEBI:139048	R-HSA-1660661,R-HSA-193681,R-HSA-198933,R-HSA-9840309,R-HSA-9840310,R-HSA-9845576,R-HSA-9845614	7
biliverdin	RM0136810	C33H34N4O6	582.2478	Organoheterocyclic compounds	Bilirubins	Bilirubins	5280353	CHEBI:17033	HMDB0001008		C00500	QBUVFDKTZJNUPP-BBROENKCSA-N	C=CC1=C(C)C(=O)N/C/1=C\c1c(C)c(CCC(=O)O)c(/C=C\2/C(=C(C)C(=N2)/C=C\2/C(=C(C=C)C(=O)N2)C)CCC(=O)O)[nH]1	Biliverdin			C00500	map01100,map01110,map00860	CHEBI:17033,CHEBI:17033	CHEBI:17033,CHEBI:17033	CHEBI:17033,CHEBI:17033	CHEBI:17033	C00500	C00500	C00500	C00500			C00500	map01100,map01110,map00860	CHEBI:57991	CHEBI:17033,CHEBI:57991	C00500	CHEBI:57991	R-HSA-189483,R-HSA-917937,R-HSA-9707564	C00500	map01100,map01110,map00860		CHEBI:17033,CHEBI:57991	C00500	CHEBI:57991	R-HSA-189483,R-HSA-917937,R-HSA-9707564	C00500	map01100,map01110,map00860			0
1-palmityl-2-linoleoyl-GPC (O-16:0/18:2)	RM0053527	C42H82NO7P	743.5829	Glycerophospholipids	Glycerophosphocholines	O-PC								PC O-16:0/18:2																																	0
ribitol	RM0155896	C5H12O5	152.0685	Carbohydrates	Monosaccharides	Sugar alcohols	6912	CHEBI:15963	HMDB0000508		C00474	HEBKCHPVOIAQTA-ZXFHETKHSA-N	C([C@@H]([C@@H]([C@@H](CO)O)O)O)O	Ribitol			C00474	map01100,map00040,map00740	CHEBI:15963,CHEBI:15963	CHEBI:15963,CHEBI:15963	CHEBI:15963,CHEBI:15963	CHEBI:15963	C00474	C00474	C00474	C00474			C00474	map01100,map00040,map00740		CHEBI:15963	C00474			C00474	map01100,map00040,map00740		CHEBI:15963	C00474			C00474	map01100,map00040,map00740			0
beta-hydroxyisovalerate	RM0152879	C5H10O3	118.0630	Fatty Acyls	Fatty acids	Hydroxy FA	69362	CHEBI:37084	HMDB0000754	LMFA01050396		AXFYFNCPONWUHW-UHFFFAOYSA-N	CC(C)(CC(=O)O)O	3-Hydroxyisovaleric acid					CHEBI:37084,CHEBI:82957	CHEBI:37084,CHEBI:82957	CHEBI:37084,CHEBI:82957	CHEBI:37084,CHEBI:82957										CHEBI:37084,CHEBI:82957							CHEBI:37084,CHEBI:82957						CHEBI:25696,CHEBI:33575	R-HSA-382556,R-HSA-428643,R-HSA-5690338,R-HSA-6809371	4
sphingomyelin (d18:2/18:1)	RM0134146	C41H79N2O6P	726.5676	Sphingolipids	Phosphosphingolipids	SM								SM 18:2;O2/18:1						CHEBI:105799,CHEBI:140887	CHEBI:105799,CHEBI:140887	CHEBI:105799,CHEBI:140887										CHEBI:105799,CHEBI:140887							CHEBI:105799,CHEBI:140887						CHEBI:64583	R-HSA-1660661	1
guanidinoacetate	RM0040234	C3H7N3O2	117.0538	Organic acids	Amino acids and peptides	Amino acids	763	CHEBI:16344	HMDB0000128		C00581	BPMFZUMJYQTVII-UHFFFAOYSA-N	C(C(=O)O)NC(=N)N	Guanidoacetic acid	CHEBI:16344	R-HSA-71288	C00581	map01100,map00260,map00330	CHEBI:16344,CHEBI:131444,CHEBI:57742	CHEBI:16344,CHEBI:131444,CHEBI:57742	CHEBI:16344,CHEBI:131444,CHEBI:57742	CHEBI:16344,CHEBI:57742,CHEBI:131444	C00581	C00581	C00581	C00581	CHEBI:16344	R-HSA-71288	C00581	map01100,map00260,map00330		CHEBI:16344,CHEBI:57742,CHEBI:131444	C00581	CHEBI:16344	R-HSA-71288	C00581	map01100,map00260,map00330		CHEBI:16344,CHEBI:57742,CHEBI:131444	C00581	CHEBI:16344	R-HSA-71288	C00581	map01100,map00260,map00330			0
palmitoyl-oleoyl-glycerol (16:0/18:1)	RM0034278	C37H70O5	594.5223	Glycerolipids	Diradylglycerols	DAG								DG 16:0_18:1																																	0
alpha-ketoglutaramate	RM0136114	C5H7NO4	145.0375	Organic acids	Keto acids	Short-chain keto acids	48	CHEBI:30882	HMDB0001552		C00940	COJBGNAUUSNXHX-UHFFFAOYSA-N	C(CC(=O)N)C(=O)C(=O)O	2-Keto-glutaramic acid			C00940	map01100,map00250	CHEBI:16769,CHEBI:30882	CHEBI:16769,CHEBI:30882	CHEBI:16769,CHEBI:30882	CHEBI:16769,CHEBI:30882	C00940	C00940	C00940	C00940	CHEBI:16769	R-HSA-8964539	C00940	map01100,map00250		CHEBI:16769,CHEBI:30882	C00940	CHEBI:16769	R-HSA-8964539	C00940	map01100,map00250		CHEBI:16769,CHEBI:30882	C00940	CHEBI:16769	R-HSA-8964539	C00940	map01100,map00250			0
1-linoleoyl-GPC (18:2)	RM0134486	C26H50NO7P	519.3325	Glycerophospholipids	Glycerophosphocholines	LPC								LPC 18:2/0:0					CHEBI:28733	CHEBI:136082,CHEBI:28733,CHEBI:91309	CHEBI:136082,CHEBI:28733,CHEBI:91309	CHEBI:28733,CHEBI:91309,CHEBI:136082	C04100	C04100	C04100	C04100						CHEBI:28733,CHEBI:91309,CHEBI:136082	C04100						CHEBI:28733,CHEBI:91309,CHEBI:136082	C04100					CHEBI:58168,CHEBI:60479	R-HSA-111995,R-HSA-1482839,R-HSA-1483115,R-HSA-2142753,R-HSA-3000471,R-HSA-3000480,R-HSA-3000484,R-HSA-5686938,R-HSA-6814848	9
1-myristoyl-2-arachidonoyl-GPC (14:0/20:4)	RM0098444	C42H76NO8P	753.5309	Glycerophospholipids	Glycerophosphocholines	PC								PC 14:0/20:4						CHEBI:86102,CHEBI:89512	CHEBI:86102,CHEBI:89512	CHEBI:86102,CHEBI:89512										CHEBI:86102,CHEBI:89512							CHEBI:86102,CHEBI:89512						CHEBI:57643	R-HSA-111995,R-HSA-1369062,R-HSA-1482788,R-HSA-1482798,R-HSA-1482839,R-HSA-1483101,R-HSA-1483148,R-HSA-1483166,R-HSA-1483191,R-HSA-1483196,R-HSA-1660661,R-HSA-2029485,R-HSA-2142753,R-HSA-382556,R-HSA-5678771,R-HSA-5683678,R-HSA-5683826,R-HSA-5688399,R-HSA-6811436,R-HSA-8964058,R-HSA-9680350	21
piperine	RM0043248	C17H19NO3	285.1365	Alkaloids	Lysine alkaloids	Piperidine alkaloids	638024	CHEBI:28821	HMDB0029377		C03882	MXXWOMGUGJBKIW-YPCIICBESA-N	C1CCN(CC1)C(=O)/C=C/C=C/c1ccc2c(c1)OCO2	Piperine			C03882	map00960,map01064	CHEBI:28821,CHEBI:28821	CHEBI:28821,CHEBI:28821	CHEBI:28821,CHEBI:28821	CHEBI:28821	C03882	C03882	C03882	C03882			C03882	map00960,map01064		CHEBI:28821	C03882			C03882	map00960,map01064		CHEBI:28821	C03882			C03882	map00960,map01064			0
adenine	RM0049281	C5H5N5	135.0545	Nucleic acids	Purines	Aminopurines	190	CHEBI:16708	HMDB0000034		C00147	GFFGJBXGBJISGV-UHFFFAOYSA-N	c1nc2c(N)ncnc2[nH]1	Adenine	CHEBI:16708	R-HSA-110331,R-HSA-1237112,R-HSA-5619063,R-HSA-74217,R-HSA-83936,R-HSA-9734195	C00147	map01100,map01110,map01232,map00230,map00908	CHEBI:16708,CHEBI:16708,CHEBI:16708	CHEBI:16708,CHEBI:16708,CHEBI:16708	CHEBI:16708,CHEBI:16708,CHEBI:16708	CHEBI:16708	C00147	C00147	C00147	C00147	CHEBI:16708	R-HSA-110331,R-HSA-1237112,R-HSA-5619063,R-HSA-74217,R-HSA-83936,R-HSA-9734195	C00147	map01100,map01110,map01232,map00230,map00908		CHEBI:16708	C00147	CHEBI:16708	R-HSA-110331,R-HSA-1237112,R-HSA-5619063,R-HSA-74217,R-HSA-83936,R-HSA-9734195	C00147	map01100,map01110,map01232,map00230,map00908		CHEBI:16708	C00147	CHEBI:16708	R-HSA-110331,R-HSA-1237112,R-HSA-5619063,R-HSA-74217,R-HSA-83936,R-HSA-9734195	C00147	map01100,map01110,map01232,map00230,map00908			0
N-acetylphenylalanine	RM0138929	C11H13NO3	207.0895	Organic acids	Amino acids and peptides	Amino acids	74839	CHEBI:16259	HMDB0000512		C03519	CBQJSKKFNMDLON-JTQLQIEISA-N	CC(=O)N[C@@H](Cc1ccccc1)C(=O)O	N-Acetylphenylalanine			C03519	map01100,map00360	CHEBI:16259,CHEBI:21626	CHEBI:16259,CHEBI:21626	CHEBI:16259,CHEBI:21626	CHEBI:16259,CHEBI:21626	C03519	C03519	C03519	C03519			C03519	map01100,map00360	CHEBI:28203,CHEBI:57702,CHEBI:143878	CHEBI:16259,CHEBI:21626,CHEBI:28203,CHEBI:57702,CHEBI:143878	C03519,C05620			C03519,C05620	map01100,map00360,map01100,map00470		CHEBI:16259,CHEBI:21626,CHEBI:28203,CHEBI:57702,CHEBI:143878	C03519,C05620			C03519,C05620	map01100,map00360,map01100,map00470	CHEBI:33575	R-HSA-6809371	1
undecenoylcarnitine (C11:1)	RM0154087	C18H33NO4	327.2410	Fatty Acyls	Fatty esters	Acyl carnitines								CAR 11:1																																	0
1-pentadecanoyl-2-docosahexaenoyl-GPC (15:0/22:6)	RM0001022	C45H78NO8P	791.5465	Glycerophospholipids	Glycerophosphocholines	PC								PC 15:0/22:6																																	0
1-carboxyethylvaline	RM0002522	C8H15NO4	189.1001	Organic acids	Amino acids and peptides	Amino acids	145900340		HMDB0240627			MHWYRGPPKCKIQY-GDVGLLTNSA-N	CC(C)[C@@H](C(=O)O)NC(C)C(=O)O	1-Carboxyethylvaline					CHEBI:232929	CHEBI:232929	CHEBI:232929	CHEBI:232929										CHEBI:232929							CHEBI:232929								0
1-myristoyl-2-linoleoyl-GPC (14:0/18:2)	RM0011396	C40H76NO8P	729.5309	Glycerophospholipids	Glycerophosphocholines	PC								PC 14:0/18:2						CHEBI:134579,CHEBI:86094	CHEBI:134579,CHEBI:86094	CHEBI:86094,CHEBI:134579										CHEBI:86094,CHEBI:134579							CHEBI:86094,CHEBI:134579						CHEBI:57643	R-HSA-111995,R-HSA-1369062,R-HSA-1482788,R-HSA-1482798,R-HSA-1482839,R-HSA-1483101,R-HSA-1483148,R-HSA-1483166,R-HSA-1483191,R-HSA-1483196,R-HSA-1660661,R-HSA-2029485,R-HSA-2142753,R-HSA-382556,R-HSA-5678771,R-HSA-5683678,R-HSA-5683826,R-HSA-5688399,R-HSA-6811436,R-HSA-8964058,R-HSA-9680350	21
1-eicosenoyl-GPC (20:1)	RM0134487	C28H56NO7P	549.3794	Glycerophospholipids	Glycerophosphocholines	LPC								LPC 20:1/0:0					CHEBI:131982	CHEBI:131982	CHEBI:131982	CHEBI:131982										CHEBI:131982						CHEBI:88685	CHEBI:88685,CHEBI:131982						CHEBI:58168	R-HSA-111995,R-HSA-1482839,R-HSA-2142753,R-HSA-6814848	4
myristoleoylcarnitine (C14:1)	RM0154190	C21H39NO4	369.2879	Fatty Acyls	Fatty esters	Acyl carnitines								CAR 14:1																																	0
3-decenoylcarnitine	RM0154082	C17H31NO4	313.2253	Fatty Acyls	Fatty esters	Acyl carnitines								CAR 10:1																																	0
sebacate (C10-DC)	RM0153047	C10H18O4	202.1205	Fatty Acyls	Fatty acids	Dicarboxylic acids	5192	CHEBI:41865	HMDB0000792	LMFA01170006	C08277	CXMXRPHRNRROMY-UHFFFAOYSA-N	C(CCCCC(=O)O)CCCC(=O)O	Sebacic acid					CHEBI:41865,CHEBI:41865,CHEBI:41865	CHEBI:41865,CHEBI:41865,CHEBI:41865	CHEBI:41865,CHEBI:41865,CHEBI:41865	CHEBI:41865	C08277	C08277	C08277	C08277					CHEBI:76283	CHEBI:41865,CHEBI:76283	C08277						CHEBI:41865,CHEBI:76283	C08277					CHEBI:18059,CHEBI:33575	R-HSA-1222556,R-HSA-1369062,R-HSA-5682294,R-HSA-6809371,R-HSA-804914,R-HSA-8941413	6
N6-carbamoylthreonyladenosine	RM0156427	C15H20N6O8	412.1343	Nucleic acids	Purines	Purine ribonucleosides	161466	CHEBI:21440	HMDB0041623			UNUYMBPXEFMLNW-DWVDDHQFSA-N	C[C@H]([C@@H](C(=O)O)NC(=O)Nc1c2c(ncn1)n(cn2)[C@H]1[C@@H]([C@@H]([C@@H](CO)O1)O)O)O	N6-Carbamoyl-L-threonyladenosine					CHEBI:21440	CHEBI:21440	CHEBI:21440	CHEBI:21440									CHEBI:133071	CHEBI:21440,CHEBI:133071							CHEBI:21440,CHEBI:133071								0
N-palmitoyl-sphinganine (d18:0/16:0)	RM0135506	C34H69NO3	539.5277	Sphingolipids	Ceramides	DHCer	5283572	CHEBI:67042	HMDB0011760	LMSP02020001		GCGTXOVNNFGTPQ-JHOUSYSJSA-N	CCCCCCCCCCCCCCC[C@H]([C@H](CO)NC(=O)CCCCCCCCCCCCCCC)O	Cer 18:0;O2/16:0	CHEBI:67042	R-HSA-1660661						CHEBI:67042					CHEBI:67042	R-HSA-1660661				CHEBI:67042		CHEBI:67042	R-HSA-1660661				CHEBI:67042		CHEBI:67042	R-HSA-1660661					0
adipoylcarnitine (C6-DC)	RM0154030	C13H23NO6	289.1525	Fatty Acyls	Fatty esters	Acyl carnitines	71296139	CHEBI:68568	HMDB0061677	LMFA07070087		BSVHAXJKBCWVDA-UHFFFAOYSA-N	C[N+](C)(C)CC(CC(=O)[O-])OC(=O)CCCCC(=O)O	CAR DC6:0								CHEBI:68568									CHEBI:77082	CHEBI:68568,CHEBI:77082						CHEBI:86507	CHEBI:68568,CHEBI:77082,CHEBI:86507								0
choline phosphate	RM0007522	C5H14NO4P	183.0660	Organic nitrogen compounds	Cholines	Cholines	135437	CHEBI:18132	HMDB0001565			YHHSONZFOIEMCP-UHFFFAOYSA-N	C[N+](C)(C)CCOP(=O)(O)[O-]	Choline phosphate	CHEBI:18132	R-HSA-193681,R-HSA-6814848,R-HSA-9680350,R-HSA-9840310			CHEBI:18132	CHEBI:18132	CHEBI:18132	CHEBI:18132	C00588	C00588	C00588	C00588	CHEBI:18132	R-HSA-193681,R-HSA-6814848,R-HSA-9680350,R-HSA-9840310	C00588	map01100,map00564,map00552,map05231	CHEBI:295975	CHEBI:18132,CHEBI:295975	C00588	CHEBI:18132,CHEBI:295975	R-HSA-193681,R-HSA-6814848,R-HSA-9680350,R-HSA-9840310,R-HSA-9840310	C00588	map01100,map00564,map00552,map05231		CHEBI:18132,CHEBI:295975	C00588	CHEBI:18132,CHEBI:295975	R-HSA-193681,R-HSA-6814848,R-HSA-9680350,R-HSA-9840310,R-HSA-9840310	C00588	map01100,map00564,map00552,map05231			0
1-arachidonoyl-GPC (20:4n6)	RM0048623	C28H50NO7P	543.3325	Glycerophospholipids	Glycerophosphocholines	LPC								LPC 20:4/0:0						CHEBI:86259,CHEBI:91310	CHEBI:86259,CHEBI:91310	CHEBI:86259,CHEBI:91310										CHEBI:86259,CHEBI:91310						CHEBI:74344	CHEBI:74344,CHEBI:86259,CHEBI:91310						CHEBI:58168	R-HSA-111995,R-HSA-1482839,R-HSA-2142753,R-HSA-6814848	4
ceramide (d18:1/17:0, d17:1/18:0)	-	-	-	-	-	-	-		-	-		-	-	-																																	0
tryptophan betaine	RM0108718	C14H18N2O2	246.1368	Alkaloids	Tryptophan alkaloids	Tryptamines	442106	CHEBI:5832	HMDB0061115		C09213	AOHCBEAZXHZMOR-ZDUSSCGKSA-N	C[N+](C)(C)[C@@H](Cc1c[nH]c2ccccc12)C(=O)[O-]	Lenticin					CHEBI:5832	CHEBI:5832	CHEBI:5832	CHEBI:5832	C09213	C09213	C09213	C09213						CHEBI:5832	C09213						CHEBI:5832	C09213							0
1-(1-enyl-stearoyl)-GPE (P-18:0)	RM0133224	C23H48NO6P	465.3219	Glycerophospholipids	Glycerophosphoethanolamines	O-LPE								LPE P-18:0					CHEBI:155821,CHEBI:133141	CHEBI:155821,CHEBI:155821,CHEBI:133141	CHEBI:155821,CHEBI:133141	CHEBI:133141,CHEBI:155821									CHEBI:133142	CHEBI:133141,CHEBI:133142,CHEBI:155821							CHEBI:133141,CHEBI:133142,CHEBI:155821						CHEBI:18059,CHEBI:36314,CHEBI:52575	R-HSA-1222556,R-HSA-1369062,R-HSA-1482788,R-HSA-5682294,R-HSA-75109,R-HSA-804914,R-HSA-8941413	7
2-myristoyl-GPC (14:0)	RM0048631	C22H46NO7P	467.3012	Glycerophospholipids	Glycerophosphocholines	LPC								LPC 0:0/14:0																																	0
1-dihomo-linolenoyl-GPC (20:3n3 or 6)	RM0161621	C28H52NO7P	545.3481	Glycerophospholipids	Glycerophosphocholines	LPC								LPC 20:3/0:0						CHEBI:136084,CHEBI:64488	CHEBI:136084,CHEBI:64488	CHEBI:64488,CHEBI:136084										CHEBI:64488,CHEBI:136084						CHEBI:86256	CHEBI:64488,CHEBI:86256,CHEBI:136084						CHEBI:60479	R-HSA-1483115,R-HSA-3000471,R-HSA-3000480,R-HSA-3000484,R-HSA-5686938,R-HSA-6814848	6
1-(1-enyl-oleoyl)-2-docosahexaenoyl-GPE (P-18:1/22:6)	RM0008718	C45H76NO7P	773.5359	Glycerophospholipids	Glycerophosphoethanolamines	O-PE								PE P-18:1/22:6					CHEBI:90487	CHEBI:136216,CHEBI:90487	CHEBI:90487,CHEBI:136216	CHEBI:90487,CHEBI:136216										CHEBI:90487,CHEBI:136216							CHEBI:90487,CHEBI:136216						CHEBI:17476	R-HSA-1482788	1
myristoleate (14:1n5)	RM0153354	C14H26O2	226.1933	Fatty Acyls	Fatty acids	Unsaturated FA	5281119	CHEBI:27781	HMDB0002000	LMFA01030051	C08322	YWWVWXASSLXJHU-WAYWQWQTSA-N	CCCC/C=C\CCCCCCCC(=O)O	Myristoleic acid					CHEBI:27781,CHEBI:27781	CHEBI:27781,CHEBI:27781	CHEBI:27781,CHEBI:27781	CHEBI:27781	C08322	C08322	C08322	C08322					CHEBI:32370	CHEBI:27781,CHEBI:32370	C08322						CHEBI:27781,CHEBI:32370	C08322					CHEBI:15904	R-HSA-1369062,R-HSA-192456,R-HSA-3000471,R-HSA-390247,R-HSA-5684045,R-HSA-77289,R-HSA-8963901,R-HSA-8964058,R-HSA-975634	9
cis-4-decenoylcarnitine (C10:1)	RM0154082	C17H31NO4	313.2253	Fatty Acyls	Fatty esters	Acyl carnitines								CAR 10:1																																	0
hypoxanthine	RM0135895	C5H4N4O	136.0385	Nucleic acids	Purines	Hypoxanthines	135398638	CHEBI:17368	HMDB0000157		C00262	FDGQSTZJBFJUBT-UHFFFAOYSA-N	c1[nH]c2c(n1)nc[nH]c2=O	Hypoxanthine	CHEBI:17368	R-HSA-110331,R-HSA-74217,R-HSA-74259,R-HSA-83936,R-HSA-9734281	C00262	map01100,map01232,map00230	CHEBI:17368,CHEBI:17368,CHEBI:17368	CHEBI:17368,CHEBI:17368,CHEBI:17368	CHEBI:17368,CHEBI:17368,CHEBI:17368	CHEBI:17368	C00262	C00262	C00262	C00262	CHEBI:17368	R-HSA-110331,R-HSA-74217,R-HSA-74259,R-HSA-83936,R-HSA-9734281	C00262	map01100,map01232,map00230		CHEBI:17368	C00262	CHEBI:17368	R-HSA-110331,R-HSA-74217,R-HSA-74259,R-HSA-83936,R-HSA-9734281	C00262	map01100,map01232,map00230		CHEBI:17368	C00262	CHEBI:17368	R-HSA-110331,R-HSA-74217,R-HSA-74259,R-HSA-83936,R-HSA-9734281	C00262	map01100,map01232,map00230			0
adenosine	RM0135870	C10H13N5O4	267.0968	Nucleic acids	Purines	Purine ribonucleosides	60961	CHEBI:16335	HMDB0000050		C00212	OIRDTQYFTABQOQ-KQYNXXCUSA-N	C([C@@H]1[C@H]([C@H]([C@H](n2cnc3c(N)ncnc23)O1)O)O)O	Adenosine	CHEBI:16335	R-HSA-156581,R-HSA-1614635,R-HSA-187024,R-HSA-2161541,R-HSA-2408508,R-HSA-417973,R-HSA-418555,R-HSA-418594,R-HSA-5619063,R-HSA-5683826,R-HSA-73943,R-HSA-74217,R-HSA-74259,R-HSA-83936,R-HSA-9660821,R-HSA-9734735	C00212	map01100,map01232,map00230,map00670,map02010,map04071,map04024,map04022,map04080,map04082,map04923,map04924,map04270,map05012,map05032,map05034	CHEBI:16335,CHEBI:16335,CHEBI:16335	CHEBI:16335,CHEBI:16335,CHEBI:16335	CHEBI:16335,CHEBI:16335,CHEBI:16335	CHEBI:16335	C00212	C00212	C00212	C00212	CHEBI:16335	R-HSA-156581,R-HSA-1614635,R-HSA-187024,R-HSA-2161541,R-HSA-2408508,R-HSA-417973,R-HSA-418555,R-HSA-418594,R-HSA-5619063,R-HSA-5683826,R-HSA-73943,R-HSA-74217,R-HSA-74259,R-HSA-83936,R-HSA-9660821,R-HSA-9734735	C00212	map01100,map01232,map00230,map00670,map02010,map04071,map04024,map04022,map04080,map04082,map04923,map04924,map04270,map05012,map05032,map05034		CHEBI:16335	C00212	CHEBI:16335	R-HSA-156581,R-HSA-1614635,R-HSA-187024,R-HSA-2161541,R-HSA-2408508,R-HSA-417973,R-HSA-418555,R-HSA-418594,R-HSA-5619063,R-HSA-5683826,R-HSA-73943,R-HSA-74217,R-HSA-74259,R-HSA-83936,R-HSA-9660821,R-HSA-9734735	C00212	map01100,map01232,map00230,map00670,map02010,map04071,map04024,map04022,map04080,map04082,map04923,map04924,map04270,map05012,map05032,map05034		CHEBI:16335	C00212	CHEBI:16335	R-HSA-156581,R-HSA-1614635,R-HSA-187024,R-HSA-2161541,R-HSA-2408508,R-HSA-417973,R-HSA-418555,R-HSA-418594,R-HSA-5619063,R-HSA-5683826,R-HSA-73943,R-HSA-74217,R-HSA-74259,R-HSA-83936,R-HSA-9660821,R-HSA-9734735	C00212	map01100,map01232,map00230,map00670,map02010,map04071,map04024,map04022,map04080,map04082,map04923,map04924,map04270,map05012,map05032,map05034			0
suberoylcarnitine (C8-DC)	RM0154187	C15H27NO6	317.1838	Fatty Acyls	Fatty esters	Acyl carnitines	71752223	CHEBI:165630				YVWVEIPYMGBQPE-GFCCVEGCSA-N	C[N+](C)(C)C[C@@H](CC(=O)[O-])OC(=O)CCCCCCC(=O)O	CAR DC8:0						CHEBI:165630	CHEBI:165630	CHEBI:165630										CHEBI:165630							CHEBI:165630								0
N-acetylleucine	RM0136362	C8H15NO3	173.1052	Organic acids	Amino acids and peptides	Amino acids	70912	CHEBI:17786	HMDB0011756		C02710	WXNXCEHXYPACJF-ZETCQYMHSA-N	CC(C)C[C@@H](C(=O)O)NC(=O)C	N-Acetylleucine					CHEBI:17786	CHEBI:17786	CHEBI:17786	CHEBI:17786	C02710	C02710	C02710	C02710					CHEBI:58270,CHEBI:145946,CHEBI:146296	CHEBI:17786,CHEBI:58270,CHEBI:145946,CHEBI:146296	C02710						CHEBI:17786,CHEBI:58270,CHEBI:145946,CHEBI:146296	C02710					CHEBI:33575	R-HSA-6809371	1
phosphatidylcholine (16:0/22:5n3, 18:1/20:4)	-	-	-	-	-	-	-		-	-		-	-	-																																	0
dihomo-linolenate (20:3n3 or n6)	RM0153916	C20H34O2	306.2559	Fatty Acyls	Fatty acids	Unsaturated FA	5280581	CHEBI:53486	HMDB0002925	LMFA01030158	C03242	HOBAELRKJCKHQD-QNEBEIHSSA-N	CCCCC/C=C\C/C=C\C/C=C\CCCCCCC(=O)O	Dihomo-gamma-linolenic acid	CHEBI:53486	R-HSA-381771,R-HSA-416476,R-HSA-444209	C03242	map01100,map00591,map01040	CHEBI:53486,CHEBI:53486	CHEBI:53486,CHEBI:53486	CHEBI:53486,CHEBI:53486	CHEBI:53486	C03242	C03242	C03242	C03242	CHEBI:53486	R-HSA-381771,R-HSA-416476,R-HSA-444209	C03242	map01100,map00591,map01040	CHEBI:71589	CHEBI:53486,CHEBI:71589	C03242	CHEBI:53486	R-HSA-381771,R-HSA-416476,R-HSA-444209	C03242	map01100,map00591,map01040		CHEBI:53486,CHEBI:71589	C03242	CHEBI:53486	R-HSA-381771,R-HSA-416476,R-HSA-444209	C03242	map01100,map00591,map01040			0
1-stearyl-GPC (O-18:0)	RM0135072	C26H56NO6P	509.3845	Glycerophospholipids	Glycerophosphocholines	O-LPC	2733532	CHEBI:75216	HMDB0011149	LMGP01060014	C04317	XKBJVQHMEXMFDZ-AREMUKBSSA-N	CCCCCCCCCCCCCCCCCCOC[C@H](COP(=O)([O-])OCC[N+](C)(C)C)O	LPC O-18:0			C04317	map01100,map00565	CHEBI:131991,CHEBI:75216	CHEBI:131991,CHEBI:131991,CHEBI:75216	CHEBI:131991,CHEBI:75216	CHEBI:75216,CHEBI:131991	C04317	C04317	C04317	C04317			C04317	map01100,map00565		CHEBI:75216,CHEBI:131991	C04317			C04317	map01100,map00565		CHEBI:75216,CHEBI:131991	C04317			C04317	map01100,map00565	CHEBI:36313	R-HSA-1482788	1
1-(1-enyl-palmitoyl)-2-myristoyl-GPC (P-16:0/14:0)	RM0134899	C38H76NO7P	689.5359	Glycerophospholipids	Glycerophosphocholines	O-PC	52923874	CHEBI:133669	HMDB0011203	LMGP01030021		SOUFUEMRDVBNJD-APMJBGCSSA-N	CCCCCCCCCCCCCC/C=COC[C@H](COP(=O)([O-])OCC[N+](C)(C)C)OC(=O)CCCCCCCCCCCCC	PC P-16:0/14:0					CHEBI:133669	CHEBI:133669	CHEBI:133669	CHEBI:133669										CHEBI:133669							CHEBI:133669						CHEBI:17810	R-HSA-1482788	1
nicotinamide	RM0156450	C6H6N2O	122.0480	Alkaloids	Pyridine alkaloids	Nicotinic acid alkaloids	936	CHEBI:17154	HMDB0001406		C00153	DFPAKSUCGFBDDF-UHFFFAOYSA-N	c1cc(cnc1)C(=O)N	Niacinamide	CHEBI:17154	R-HSA-110362,R-HSA-196807,R-HSA-204174,R-HSA-2151201,R-HSA-2173795,R-HSA-2408508,R-HSA-2995383,R-HSA-3371453,R-HSA-427359,R-HSA-427359,R-HSA-4641257,R-HSA-5336415,R-HSA-5685939,R-HSA-5693607,R-HSA-5696394,R-HSA-70635,R-HSA-70635,R-HSA-8948751,R-HSA-9617629,R-HSA-9617629,R-HSA-9637698,R-HSA-9683610,R-HSA-9694631,R-HSA-9854311,R-HSA-9856649,R-HSA-9956593	C00153	map01100,map01240,map00760,map04977,map04212	CHEBI:17154	CHEBI:17154	CHEBI:17154	CHEBI:17154	C00153	C00153	C00153	C00153	CHEBI:17154	R-HSA-110362,R-HSA-196807,R-HSA-204174,R-HSA-2151201,R-HSA-2173795,R-HSA-2408508,R-HSA-2995383,R-HSA-3371453,R-HSA-427359,R-HSA-427359,R-HSA-4641257,R-HSA-5336415,R-HSA-5685939,R-HSA-5693607,R-HSA-5696394,R-HSA-70635,R-HSA-70635,R-HSA-8948751,R-HSA-9617629,R-HSA-9617629,R-HSA-9637698,R-HSA-9683610,R-HSA-9694631,R-HSA-9854311,R-HSA-9856649,R-HSA-9956593	C00153	map01100,map01240,map00760,map04977,map04212		CHEBI:17154	C00153	CHEBI:17154	R-HSA-110362,R-HSA-196807,R-HSA-204174,R-HSA-2151201,R-HSA-2173795,R-HSA-2408508,R-HSA-2995383,R-HSA-3371453,R-HSA-427359,R-HSA-427359,R-HSA-4641257,R-HSA-5336415,R-HSA-5685939,R-HSA-5693607,R-HSA-5696394,R-HSA-70635,R-HSA-70635,R-HSA-8948751,R-HSA-9617629,R-HSA-9617629,R-HSA-9637698,R-HSA-9683610,R-HSA-9694631,R-HSA-9854311,R-HSA-9856649,R-HSA-9956593	C00153	map01100,map01240,map00760,map04977,map04212		CHEBI:17154	C00153	CHEBI:17154	R-HSA-110362,R-HSA-196807,R-HSA-204174,R-HSA-2151201,R-HSA-2173795,R-HSA-2408508,R-HSA-2995383,R-HSA-3371453,R-HSA-427359,R-HSA-427359,R-HSA-4641257,R-HSA-5336415,R-HSA-5685939,R-HSA-5693607,R-HSA-5696394,R-HSA-70635,R-HSA-70635,R-HSA-8948751,R-HSA-9617629,R-HSA-9617629,R-HSA-9637698,R-HSA-9683610,R-HSA-9694631,R-HSA-9854311,R-HSA-9856649,R-HSA-9956593	C00153	map01100,map01240,map00760,map04977,map04212			0
1-(1-enyl-palmitoyl)-2-docosahexaenoyl-GPE (P-16:0/22:6)	RM0092661	C43H74NO7P	747.5203	Glycerophospholipids	Glycerophosphoethanolamines	O-PE								PE P-16:0/22:6					CHEBI:167287,CHEBI:133646	CHEBI:140501,CHEBI:167287,CHEBI:167287,CHEBI:90479,CHEBI:133646	CHEBI:167287,CHEBI:140501,CHEBI:90479,CHEBI:133646	CHEBI:90479,CHEBI:133646,CHEBI:140501,CHEBI:167287										CHEBI:90479,CHEBI:133646,CHEBI:140501,CHEBI:167287							CHEBI:90479,CHEBI:133646,CHEBI:140501,CHEBI:167287						CHEBI:17476,CHEBI:18059	R-HSA-1222556,R-HSA-1369062,R-HSA-1482788,R-HSA-5682294,R-HSA-804914,R-HSA-8941413	6
1-(1-enyl-palmitoyl)-2-palmitoleoyl-GPC (P-16:0/16:1)	RM0017338	C40H78NO7P	715.5516	Glycerophospholipids	Glycerophosphocholines	O-PC								PC P-16:0/16:1					CHEBI:84562	CHEBI:136127,CHEBI:84562	CHEBI:136127,CHEBI:84562	CHEBI:84562,CHEBI:136127										CHEBI:84562,CHEBI:136127							CHEBI:84562,CHEBI:136127						CHEBI:17810	R-HSA-1482788	1
1-eicosapentaenoyl-GPC (20:5)	RM0048629	C28H48NO7P	541.3168	Glycerophospholipids	Glycerophosphocholines	LPC								LPC 20:5/0:0					CHEBI:91311	CHEBI:88686,CHEBI:91311	CHEBI:88686,CHEBI:91311	CHEBI:88686,CHEBI:91311										CHEBI:88686,CHEBI:91311							CHEBI:88686,CHEBI:91311						CHEBI:58168,CHEBI:60479	R-HSA-111995,R-HSA-1482839,R-HSA-1483115,R-HSA-2142753,R-HSA-3000471,R-HSA-3000480,R-HSA-3000484,R-HSA-5686938,R-HSA-6814848	9
oleoyl ethanolamide	RM0153033	C20H39NO2	325.2981	Fatty Acyls	Fatty amides	NAE	5283454	CHEBI:71466	HMDB0002088	LMFA08040015		BOWVQLFMWHZBEF-KTKRTIGZSA-N	CCCCCCCC/C=C\CCCCCCCC(=O)NCCO	Oleoyl-EA	CHEBI:71466	R-HSA-112310,R-HSA-381771,R-HSA-400511			CHEBI:71466	CHEBI:71466	CHEBI:71466	CHEBI:71466					CHEBI:71466	R-HSA-112310,R-HSA-381771,R-HSA-400511				CHEBI:71466		CHEBI:71466	R-HSA-112310,R-HSA-381771,R-HSA-400511				CHEBI:71466		CHEBI:71466	R-HSA-112310,R-HSA-381771,R-HSA-400511					0
N1-methyladenosine	RM0156409	C11H15N5O4	281.1124	Nucleic acids	Purines	Purine ribonucleosides	27476	CHEBI:16020	HMDB0003331		C02494	GFYLSDSUCHVORB-IOSLPCCCSA-N	Cn1cnc2c(c1=N)ncn2[C@H]1[C@@H]([C@@H]([C@@H](CO)O1)O)O	1-Methyladenosine					CHEBI:16020,CHEBI:16020	CHEBI:16020,CHEBI:16020	CHEBI:16020,CHEBI:16020	CHEBI:16020	C02494	C02494	C02494	C02494						CHEBI:16020	C02494						CHEBI:16020	C02494							0
nonanoylcarnitine (C9)	RM0153881	C16H31NO4	301.2253	Fatty Acyls	Fatty esters	Acyl carnitines	53481660	CHEBI:70997	HMDB0013288	LMFA07070082		MPSPNFAQQQMFLK-UHFFFAOYSA-N	CCCCCCCCC(=O)OC(CC(=O)[O-])C[N+](C)(C)C	CAR 9:0								CHEBI:70997										CHEBI:70997						CHEBI:85527	CHEBI:70997,CHEBI:85527								0
1-dihomo-linoleoyl-GPC (20:2)	RM0161655	C28H54NO7P	547.3638	Glycerophospholipids	Glycerophosphocholines	LPC								LPC 20:2/0:0					CHEBI:83055	CHEBI:136083,CHEBI:83055	CHEBI:136083,CHEBI:83055	CHEBI:83055,CHEBI:136083										CHEBI:83055,CHEBI:136083							CHEBI:83055,CHEBI:136083						CHEBI:60479	R-HSA-1483115,R-HSA-3000471,R-HSA-3000480,R-HSA-3000484,R-HSA-5686938,R-HSA-6814848	6
1-(1-enyl-stearoyl)-2-docosahexaenoyl-GPC (P-18:0/22:6)	RM0052603	C48H84NO7P	817.5985	Glycerophospholipids	Glycerophosphocholines	O-PC								PC P-18:0/22:6					CHEBI:133664	CHEBI:133664,CHEBI:136138	CHEBI:133664,CHEBI:136138	CHEBI:133664,CHEBI:136138										CHEBI:133664,CHEBI:136138							CHEBI:133664,CHEBI:136138						CHEBI:17810	R-HSA-1482788	1
lanthionine	RM0041410	C6H12N2O4S	208.0518	Organic acids	Amino acids and peptides	Amino acids	98504	CHEBI:21347	HMDB0240656			DWPCPZJAHOETAG-IMJSIDKUSA-N	C([C@@H](C(=O)O)N)SC[C@@H](C(=O)O)N	Lanthionine					CHEBI:25013	CHEBI:25013	CHEBI:25013	CHEBI:21347,CHEBI:25013									CHEBI:178193	CHEBI:21347,CHEBI:25013,CHEBI:178193		CHEBI:178193	R-HSA-1614558			CHEBI:25205	CHEBI:21347,CHEBI:25013,CHEBI:25205,CHEBI:178193		CHEBI:178193	R-HSA-1614558					0
dehydroepiandrosterone sulfate (DHEA-S)	RM0028118	C19H28O5S	368.1657	Sterol Lipids	Steroids	C19 Steroids	12594	CHEBI:16814	HMDB0001032	LMST05020010	C04555	CZWCKYRVOZZJNM-USOAJAOKSA-N	C[C@]12CC[C@@H](CC1=CC[C@H]1[C@@H]3CCC(=O)[C@@]3(C)CC[C@H]21)OS(=O)(=O)O	Dehydroepiandrosterone sulfate			C04555	map01100,map00140,map04976	CHEBI:16814,CHEBI:16814	CHEBI:16814,CHEBI:16814	CHEBI:16814,CHEBI:16814	CHEBI:16814	C04555	C04555	C04555	C04555			C04555	map01100,map00140,map04976	CHEBI:57905	CHEBI:16814,CHEBI:57905	C04555	CHEBI:57905	R-HSA-156584,R-HSA-561048,R-HSA-879518	C04555	map01100,map00140,map04976		CHEBI:16814,CHEBI:57905	C04555	CHEBI:57905	R-HSA-156584,R-HSA-561048,R-HSA-879518	C04555	map01100,map00140,map04976			0
1-palmitoyl-2-docosahexaenoyl-GPE (16:0/22:6)	RM0135699	C43H74NO8P	763.5152	Glycerophospholipids	Glycerophosphoethanolamines	PE								PE 16:0/22:6					CHEBI:78261	CHEBI:136154,CHEBI:78261,CHEBI:79097	CHEBI:136154,CHEBI:78261,CHEBI:79097	CHEBI:78261,CHEBI:79097,CHEBI:136154										CHEBI:78261,CHEBI:79097,CHEBI:136154							CHEBI:78261,CHEBI:79097,CHEBI:136154						CHEBI:36314,CHEBI:64612	R-HSA-1482788,R-HSA-1660661	2
N-acetyltaurine	RM0023264	C4H9NO4S	167.0252	Organic acids	Organosulfonic acids	Organosulfonic acids	159864	CHEBI:84415	HMDB0240253			CXJAAWRLVGAKDV-UHFFFAOYSA-N	CC(=O)NCCS(=O)(=O)O	N-Acetyltaurine					CHEBI:133737,CHEBI:84415	CHEBI:133737,CHEBI:84415	CHEBI:133737,CHEBI:84415	CHEBI:84415,CHEBI:133737										CHEBI:84415,CHEBI:133737							CHEBI:84415,CHEBI:133737						CHEBI:25696	R-HSA-382556,R-HSA-428643,R-HSA-5690338	3
4-hydroxychlorothalonil	RM0002547	C8HCl3N2O	245.9154	Benzenoids	Benzenes	Other benzenes	34217	CHEBI:133542	HMDB0240624			MDQKYGOECVSPIW-UHFFFAOYSA-N	C(#N)c1c(c(C#N)c(c(c1Cl)Cl)O)Cl	4-Hydroxychlorothalonil					CHEBI:133542,CHEBI:156267	CHEBI:133542,CHEBI:156267	CHEBI:133542,CHEBI:156267	CHEBI:133542,CHEBI:156267										CHEBI:133542,CHEBI:156267							CHEBI:133542,CHEBI:156267						CHEBI:25696	R-HSA-382556,R-HSA-428643,R-HSA-5690338	3
2-palmitoyl-GPC (16:0)	RM0134494	C24H50NO7P	495.3325	Glycerophospholipids	Glycerophosphocholines	LPC								LPC 0:0/16:0						CHEBI:91297	CHEBI:91297	CHEBI:91297										CHEBI:91297						CHEBI:76078	CHEBI:76078,CHEBI:91297						CHEBI:60479	R-HSA-1483115,R-HSA-3000471,R-HSA-3000480,R-HSA-3000484,R-HSA-5686938,R-HSA-6814848	6
palmitoyl-arachidonoyl-glycerol (16:0/20:4)	RM0134345	C39H68O5	616.5067	Glycerolipids	Diradylglycerols	DAG								DG 16:0_20:4																																	0
1,7-dimethylurate	RM0033507	C7H8N4O3	196.0596	Nucleic acids	Purines	Xanthines	91611	CHEBI:68449	HMDB0011103		C16356	NOFNCLGCUJJPKU-UHFFFAOYSA-N	Cn1c2c([nH]c1=O)[nH]c(=O)n(C)c2=O	1,7-Dimethyluric acid			C16356	map01100,map01110,map00232	CHEBI:68449	CHEBI:68449	CHEBI:68449	CHEBI:68449	C16356	C16356	C16356	C16356			C16356	map01100,map01110,map00232		CHEBI:68449	C16356			C16356	map01100,map01110,map00232		CHEBI:68449	C16356			C16356	map01100,map01110,map00232			0
ornithine	RM0135912	C5H12N2O2	132.0899	Organic acids	Amino acids and peptides	Amino acids	6262	CHEBI:15729	HMDB0000214		C00077	AHLPHDHHMVZTML-BYPYZUCNSA-N	C(C[C@@H](C(=O)O)N)CN	Ornithine			C00077	map01100,map01110,map01210,map01230,map00220,map00330,map00470,map00480,map00975,map00998,map01060,map01064,map02010,map04148	CHEBI:18257,CHEBI:18257,CHEBI:44667	CHEBI:18257,CHEBI:18257,CHEBI:44667	CHEBI:18257,CHEBI:18257,CHEBI:44667	CHEBI:15729,CHEBI:18257,CHEBI:44667	C00077,C01602	C00077,C01602	C00077,C01602	C00077,C01602			C00077	map01100,map01110,map01210,map01230,map00220,map00330,map00470,map00480,map00975,map00998,map01060,map01064,map02010,map04148	CHEBI:16176,CHEBI:32964,CHEBI:46911,CHEBI:46912,CHEBI:46913,CHEBI:46914,CHEBI:57668	CHEBI:15729,CHEBI:16176,CHEBI:18257,CHEBI:32964,CHEBI:44667,CHEBI:46911,CHEBI:46912,CHEBI:46913,CHEBI:46914,CHEBI:57668	C00077,C00515,C01602	CHEBI:46911	R-HSA-351202,R-HSA-352230,R-HSA-416476,R-HSA-420499,R-HSA-70635,R-HSA-71288,R-HSA-8964539,R-HSA-9956508,R-HSA-9956553	C00077,C00515	map01100,map01110,map01210,map01230,map00220,map00330,map00470,map00480,map00975,map00998,map01060,map01064,map02010,map04148,map01100,map01110,map00470,map00975	CHEBI:192081	CHEBI:15729,CHEBI:16176,CHEBI:18257,CHEBI:32964,CHEBI:44667,CHEBI:46911,CHEBI:46912,CHEBI:46913,CHEBI:46914,CHEBI:57668,CHEBI:192081	C00077,C00515,C01602	CHEBI:46911	R-HSA-351202,R-HSA-352230,R-HSA-416476,R-HSA-420499,R-HSA-70635,R-HSA-71288,R-HSA-8964539,R-HSA-9956508,R-HSA-9956553	C00077,C00515	map01100,map01110,map01210,map01230,map00220,map00330,map00470,map00480,map00975,map00998,map01060,map01064,map02010,map04148,map01100,map01110,map00470,map00975			0
sphingomyelin (d18:2/21:0, d16:2/23:0)	RM0060121	C44H87N2O6P	770.6302	Sphingolipids	Phosphosphingolipids	SM								SM 39:2;O2																																	0
1-palmitoylglycerol (16:0)	RM0075518	C19H38O4	330.2770	Glycerolipids	Monoradylglycerols	MAG	3084463	CHEBI:75542	HMDB0011564	LMGL01010009		QHZLMUACJMDIAE-SFHVURJKSA-N	CCCCCCCCCCCCCCCC(=O)OC[C@H](CO)O	MG 16:0/0:0/0:0						CHEBI:75542	CHEBI:75542	CHEBI:75542									CHEBI:64757	CHEBI:64757,CHEBI:75542							CHEBI:64757,CHEBI:75542						CHEBI:17408	R-HSA-1482883,R-HSA-1483206,R-HSA-192456,R-HSA-6814848	4
N-palmitoyl-sphingosine (d18:1/16:0)	RM0135485	C34H67NO3	537.5121	Sphingolipids	Ceramides	Cer	5283564	CHEBI:72959	HMDB0004949	LMSP02010004		YDNKGFDKKRUKPY-TURZORIXSA-N	CCCCCCCCCCCCC/C=C/[C@H]([C@H](CO)NC(=O)CCCCCCCCCCCCCCC)O	Cer 18:1;O2/16:0								CHEBI:72959										CHEBI:72959							CHEBI:72959						CHEBI:52639	R-HSA-9840309	1
1-docosapentaenoyl-GPC (22:5n3)	-	-	-	-	-	-	-		-	-		-	-	-					CHEBI:133734	CHEBI:133734	CHEBI:133734	CHEBI:133734										CHEBI:133734							CHEBI:133734						CHEBI:58168	R-HSA-111995,R-HSA-1482839,R-HSA-2142753,R-HSA-6814848	4
glycosyl-N-behenoyl-sphingadienine (d18:2/22:0)	RM0044705	C46H87NO8	781.6432	Sphingolipids	Glycosphingolipids	HexCer								HexCer 18:2;O2/22:0																																	0
myristate (14:0)	RM0153483	C14H28O2	228.2089	Fatty Acyls	Fatty acids	Saturated FA	11005	CHEBI:28875	HMDB0000806	LMFA01010014	C06424	TUNFSRHWOTWDNC-UHFFFAOYSA-N	CCCCCCCCCCCCCC(=O)O	Myristic acid	CHEBI:28875	R-HSA-112310,R-HSA-381771,R-HSA-416476,R-HSA-444209,R-HSA-5619108,R-HSA-804914	C06424	map01100,map00061	CHEBI:28875,CHEBI:28875,CHEBI:28875	CHEBI:28875,CHEBI:28875,CHEBI:28875	CHEBI:28875,CHEBI:28875,CHEBI:28875	CHEBI:28875	C06424	C06424	C06424	C06424	CHEBI:28875	R-HSA-112310,R-HSA-381771,R-HSA-416476,R-HSA-444209,R-HSA-5619108,R-HSA-804914	C06424	map01100,map00061	CHEBI:30807	CHEBI:28875,CHEBI:30807	C06424	CHEBI:28875	R-HSA-112310,R-HSA-381771,R-HSA-416476,R-HSA-444209,R-HSA-5619108,R-HSA-804914	C06424	map01100,map00061		CHEBI:28875,CHEBI:30807	C06424	CHEBI:28875	R-HSA-112310,R-HSA-381771,R-HSA-416476,R-HSA-444209,R-HSA-5619108,R-HSA-804914	C06424	map01100,map00061			0
1-stearoyl-2-docosapentaenoyl-GPE (18:0/22:5n3)	RM0133798	C45H80NO8P	793.5622	Glycerophospholipids	Glycerophosphoethanolamines	PE								PE 18:0/22:5(4Z,7Z,10Z,13Z,16Z)						CHEBI:131665	CHEBI:131665	CHEBI:131665										CHEBI:131665							CHEBI:131665						CHEBI:36314	R-HSA-1482788	1
1-stearoyl-2-dihomo-linolenoyl-GPI (18:0/20:3n3 or 6)	RM0162501	C47H85O13P	888.5728	Glycerophospholipids	Glycerophosphoinositols	PI								PI 18:0/20:3					CHEBI:140368	CHEBI:140368,CHEBI:140368,CHEBI:88580,CHEBI:88581	CHEBI:140368,CHEBI:88580,CHEBI:88581	CHEBI:88580,CHEBI:88581,CHEBI:140368										CHEBI:88580,CHEBI:88581,CHEBI:140368							CHEBI:88580,CHEBI:88581,CHEBI:140368						CHEBI:28874	R-HSA-198933	1
oleate (18:1)	-	-	-	-	-	-	-		-	-		-	-	-																																	0
succinylcarnitine (C4-DC)	RM0154186	C11H19NO6	261.1212	Fatty Acyls	Fatty esters	Acyl carnitines	71464481	CHEBI:73034	HMDB0061717	LMFA07070101		HAEVNYBCYZZDFL-UHFFFAOYSA-N	C[N+](C)(C)CC(CC(=O)[O-])OC(=O)CCC(=O)O	CAR DC4:0								CHEBI:73034										CHEBI:73034							CHEBI:73034						CHEBI:33575	R-HSA-6809371	1
methionine sulfoxide	RM0050489	C5H11NO3S	165.0460	Organic acids	Amino acids and peptides	Amino acids	10062737	CHEBI:49032	HMDB0002005			QEFRNWWLZKMPFJ-ZXPFJRLXSA-N	C[S@@](=O)CC[C@@H](C(=O)O)N	Methionine sulfoxide	CHEBI:49032	R-HSA-5676934			CHEBI:45764,CHEBI:49033,CHEBI:87824	CHEBI:45764,CHEBI:49033,CHEBI:87824	CHEBI:45764,CHEBI:49033,CHEBI:87824	CHEBI:45764,CHEBI:49032,CHEBI:49033,CHEBI:87824	C15998	C15998	C15998	C15998	CHEBI:49032	R-HSA-5676934			CHEBI:21363,CHEBI:49036,CHEBI:58706,CHEBI:58773	CHEBI:21363,CHEBI:45764,CHEBI:49032,CHEBI:49033,CHEBI:49036,CHEBI:58706,CHEBI:58773,CHEBI:87824	C15998	CHEBI:21363,CHEBI:49032	R-HSA-5676934,R-HSA-5676934			CHEBI:17016,CHEBI:49031,CHEBI:49034,CHEBI:49035,CHEBI:58772	CHEBI:17016,CHEBI:21363,CHEBI:45764,CHEBI:49031,CHEBI:49032,CHEBI:49033,CHEBI:49034,CHEBI:49035,CHEBI:49036,CHEBI:58706,CHEBI:58772,CHEBI:58773,CHEBI:87824	C02989,C15998,C15999	CHEBI:21363,CHEBI:49031,CHEBI:49032	R-HSA-5676934,R-HSA-5676934,R-HSA-5676934	C02989	map01100,map00270			0
1-oleoyl-2-dihomo-linolenoyl-GPC (18:1/20:3)	RM0011394	C46H84NO8P	809.5935	Glycerophospholipids	Glycerophosphocholines	PC								PC 18:1/20:3					CHEBI:234271	CHEBI:89463,CHEBI:89464,CHEBI:89690,CHEBI:89695,CHEBI:89923,CHEBI:89928,CHEBI:234271	CHEBI:89463,CHEBI:89464,CHEBI:89690,CHEBI:89695,CHEBI:89923,CHEBI:89928,CHEBI:234271	CHEBI:89463,CHEBI:89464,CHEBI:89690,CHEBI:89695,CHEBI:89923,CHEBI:89928,CHEBI:234271										CHEBI:89463,CHEBI:89464,CHEBI:89690,CHEBI:89695,CHEBI:89923,CHEBI:89928,CHEBI:234271							CHEBI:89463,CHEBI:89464,CHEBI:89690,CHEBI:89695,CHEBI:89923,CHEBI:89928,CHEBI:234271						CHEBI:36313,CHEBI:57643	R-HSA-111995,R-HSA-1369062,R-HSA-1482788,R-HSA-1482798,R-HSA-1482839,R-HSA-1483101,R-HSA-1483148,R-HSA-1483166,R-HSA-1483191,R-HSA-1483196,R-HSA-1660661,R-HSA-2029485,R-HSA-2142753,R-HSA-382556,R-HSA-5678771,R-HSA-5683678,R-HSA-5683826,R-HSA-5688399,R-HSA-6811436,R-HSA-8964058,R-HSA-9680350	21
linoleate (18:2n6)	RM0149976	C18H32O2	280.2402	Fatty Acyls	Fatty acids	Unsaturated FA	5280450	CHEBI:17351	HMDB0000673	LMFA01030120	C01595	OYHQOLUKZRVURQ-HZJYTTRNSA-N	CCCCC/C=C\C/C=C\CCCCCCCC(=O)O	Linoleic acid	CHEBI:17351	R-HSA-1368108,R-HSA-1989781,R-HSA-1989781,R-HSA-2046105,R-HSA-2151201,R-HSA-2426168,R-HSA-2453902,R-HSA-381340,R-HSA-400206,R-HSA-5619108,R-HSA-804914,R-HSA-9707564,R-HSA-9707616,R-HSA-975634,R-HSA-9931509,R-HSA-9933387	C01595	map01100,map00591,map01040,map01060	CHEBI:17351,CHEBI:17351,CHEBI:17351	CHEBI:17351,CHEBI:17351,CHEBI:17351	CHEBI:17351,CHEBI:17351,CHEBI:17351	CHEBI:17351	C01595	C01595	C01595	C01595	CHEBI:17351	R-HSA-1368108,R-HSA-1989781,R-HSA-1989781,R-HSA-2046105,R-HSA-2151201,R-HSA-2426168,R-HSA-2453902,R-HSA-381340,R-HSA-400206,R-HSA-5619108,R-HSA-804914,R-HSA-9707564,R-HSA-9707616,R-HSA-975634,R-HSA-9931509,R-HSA-9933387	C01595	map01100,map00591,map01040,map01060	CHEBI:30245	CHEBI:17351,CHEBI:30245	C01595	CHEBI:17351	R-HSA-1368108,R-HSA-1989781,R-HSA-1989781,R-HSA-2046105,R-HSA-2151201,R-HSA-2426168,R-HSA-2453902,R-HSA-381340,R-HSA-400206,R-HSA-5619108,R-HSA-804914,R-HSA-9707564,R-HSA-9707616,R-HSA-975634,R-HSA-9931509,R-HSA-9933387	C01595	map01100,map00591,map01040,map01060		CHEBI:17351,CHEBI:30245	C01595	CHEBI:17351	R-HSA-1368108,R-HSA-1989781,R-HSA-1989781,R-HSA-2046105,R-HSA-2151201,R-HSA-2426168,R-HSA-2453902,R-HSA-381340,R-HSA-400206,R-HSA-5619108,R-HSA-804914,R-HSA-9707564,R-HSA-9707616,R-HSA-975634,R-HSA-9931509,R-HSA-9933387	C01595	map01100,map00591,map01040,map01060			0
1-carboxyethylisoleucine	RM0002552	C9H17NO4	203.1158	Organic acids	Amino acids and peptides	Amino acids	146171344		HMDB0242158			SGRBVWIYXFFROW-LOJRBXKRSA-N	CC[C@H](C)[C@@H](C(=O)O)NC(C)C(=O)O	1-Carboxyethylisoleucine					CHEBI:232925	CHEBI:232925	CHEBI:232925	CHEBI:232925										CHEBI:232925							CHEBI:232925								0
N,N-dimethyl-pro-pro	RM0190006	C12H21N2O3	241.1552	Organic acids	Amino acids and peptides	Dipeptides	172880058	CHEBI:233685				VOWFCBSRZKGKTF-UWVGGRQHSA-O	C[N+]1(C)CCC[C@H]1C(=O)N1CCC[C@H]1C(=O)O	N,N-Dimethyl-Pro-Pro					CHEBI:233685	CHEBI:233685	CHEBI:233685	CHEBI:233685										CHEBI:233685							CHEBI:233685						CHEBI:46761	R-HSA-427975	1
pentadecanoate (15:0)	RM0153573	C15H30O2	242.2246	Fatty Acyls	Fatty acids	Saturated FA	13849	CHEBI:42504	HMDB0000826	LMFA01010015	C16537	WQEPLUUGTLDZJY-UHFFFAOYSA-N	CCCCCCCCCCCCCCC(=O)O	Pentadecylic acid					CHEBI:42504,CHEBI:42504	CHEBI:42504,CHEBI:42504	CHEBI:42504,CHEBI:42504	CHEBI:42504	C16537	C16537	C16537	C16537					CHEBI:78795	CHEBI:42504,CHEBI:78795	C16537	CHEBI:78795	R-HSA-381771,R-HSA-400511,R-HSA-416476,R-HSA-434316,R-HSA-444209				CHEBI:42504,CHEBI:78795	C16537	CHEBI:78795	R-HSA-381771,R-HSA-400511,R-HSA-416476,R-HSA-434316,R-HSA-444209					0
1-methylxanthine	RM0136343	C6H6N4O2	166.0491	Nucleic acids	Purines	Xanthines	80220	CHEBI:68444	HMDB0010738		C16358	MVOYJPOZRLFTCP-UHFFFAOYSA-N	Cn1c(=O)c2c(nc[nH]2)[nH]c1=O	1-Methylxanthine			C16358	map01100,map01110,map01120,map00232	CHEBI:68443	CHEBI:68443	CHEBI:68443	CHEBI:68443,CHEBI:68444	C16358	C16358	C16358	C16358			C16358	map01100,map01110,map01120,map00232		CHEBI:68443,CHEBI:68444	C16358			C16358	map01100,map01110,map01120,map00232		CHEBI:68443,CHEBI:68444	C16358			C16358	map01100,map01110,map01120,map00232			0
1-(1-enyl-palmitoyl)-GPE (P-16:0)	RM0092657	C21H44NO6P	437.2906	Glycerophospholipids	Glycerophosphoethanolamines	O-LPE								LPE P-16:0					CHEBI:155820,CHEBI:133139	CHEBI:155820,CHEBI:155820,CHEBI:133139	CHEBI:155820,CHEBI:133139	CHEBI:133139,CHEBI:155820									CHEBI:133140	CHEBI:133139,CHEBI:133140,CHEBI:155820							CHEBI:133139,CHEBI:133140,CHEBI:155820						CHEBI:18059,CHEBI:36314,CHEBI:52575	R-HSA-1222556,R-HSA-1369062,R-HSA-1482788,R-HSA-5682294,R-HSA-75109,R-HSA-804914,R-HSA-8941413	7
2-linoleoyl-GPC (18:2)	RM0103832	C26H50NO7P	519.3325	Glycerophospholipids	Glycerophosphocholines	LPC								LPC 0:0/18:2						CHEBI:91302	CHEBI:91302	CHEBI:91302										CHEBI:91302						CHEBI:76084	CHEBI:76084,CHEBI:91302						CHEBI:60479	R-HSA-1483115,R-HSA-3000471,R-HSA-3000480,R-HSA-3000484,R-HSA-5686938,R-HSA-6814848	6
5-dodecenoylcarnitine (C12:1)	RM0154008	C19H35NO4	341.2566	Fatty Acyls	Fatty esters	Acyl carnitines	156961751		HMDB0241212			PETYOUXDCHQKTQ-QGZVFWFLSA-N	CCCCCCC=CCCCC(=O)O[C@H](CC(=O)[O-])C[N+](C)(C)C	CAR 12:1(5)																																	0
N-acetyl-isoputreanine	RM0016311	C9H18N2O3	202.1317	Alkaloids	Ornithine alkaloids	Polyamines	131802901	CHEBI:176478	HMDB0094713			YGIAGXACEXFIDU-UHFFFAOYSA-N	CC(=O)NCCCNCCCC(=O)O	N-Acetylisoputreanine					CHEBI:176478	CHEBI:176478	CHEBI:176478	CHEBI:176478										CHEBI:176478							CHEBI:176478								0
1-(1-enyl-stearoyl)-2-oleoyl-GPC (P-18:0/18:1)	RM0017381	C44H86NO7P	771.6142	Glycerophospholipids	Glycerophosphocholines	O-PC								PC P-18:0/18:1					CHEBI:86241	CHEBI:136137,CHEBI:86241	CHEBI:136137,CHEBI:86241	CHEBI:86241,CHEBI:136137										CHEBI:86241,CHEBI:136137							CHEBI:86241,CHEBI:136137						CHEBI:17810	R-HSA-1482788	1
homoarginine	RM0135972	C7H16N4O2	188.1273	Organic acids	Amino acids and peptides	Amino acids	9085	CHEBI:27747	HMDB0000670		C01924	QUOGESRFPZDMMT-YFKPBYRVSA-N	C(CCNC(=N)N)C[C@@H](C(=O)O)N	Homoarginine	CHEBI:27747	R-HSA-352230			CHEBI:24606,CHEBI:27747	CHEBI:24606,CHEBI:27747	CHEBI:24606,CHEBI:27747	CHEBI:24606,CHEBI:27747	C01924	C01924	C01924	C01924	CHEBI:27747	R-HSA-352230			CHEBI:143006	CHEBI:24606,CHEBI:27747,CHEBI:143006	C01924	CHEBI:27747	R-HSA-352230			CHEBI:27429,CHEBI:231270	CHEBI:24606,CHEBI:27429,CHEBI:27747,CHEBI:143006,CHEBI:231270	C01924,C08286	CHEBI:27747	R-HSA-352230					0
cysteine-glutathione disulfide	RM0160927	C13H22N4O8S2	426.0879	Organic acids	Amino acids and peptides	Oligopeptides	10455148	CHEBI:21264	HMDB0000656		C05526	BNRXZEPOHPEEAS-FXQIFTODSA-N	C(CC(=O)N[C@@H](CSSC[C@@H](C(=O)O)N)C(=O)NCC(=O)O)[C@@H](C(=O)O)N	S-Glutathionyl-cysteine			C05526	map01100,map00270				CHEBI:21264	C05526	C05526	C05526	C05526			C05526	map01100,map00270		CHEBI:21264	C05526			C05526	map01100,map00270		CHEBI:21264	C05526			C05526	map01100,map00270			0
glycodeoxycholate 3-sulfate	RM0156465	C26H43NO8S	529.2709	Sterol Lipids	Bile acids	C24 bile acids	101602538	CHEBI:133678				QJZCNFGUZPMYAX-BUXLTGKBSA-N	C[C@H](CCC(=O)NCC(=O)O)[C@H]1CC[C@H]2[C@@H]3CC[C@@H]4C[C@@H](CC[C@]4(C)[C@H]3C[C@@H]([C@]12C)O)OS(=O)(=O)O	Glycodeoxycholic acid 3-sulfate					CHEBI:133678,CHEBI:195624	CHEBI:133678,CHEBI:195624	CHEBI:133678,CHEBI:195624	CHEBI:133678,CHEBI:195624										CHEBI:133678,CHEBI:195624							CHEBI:133678,CHEBI:195624						CHEBI:35341,CHEBI:59696	R-HSA-196071	1
linolenate [alpha or gamma; (18:3n3 or 6)]	RM0139661	C18H30O2	278.2246	Fatty Acyls	Fatty acids	Unsaturated FA								Octadecatrienoic acid					CHEBI:25633	CHEBI:25633	CHEBI:25633	CHEBI:25633									CHEBI:36434	CHEBI:25633,CHEBI:36434						CHEBI:8638,CHEBI:10275,CHEBI:27432,CHEBI:28661,CHEBI:32387,CHEBI:32391,CHEBI:38382,CHEBI:38383,CHEBI:38384,CHEBI:38386,CHEBI:38387,CHEBI:38388,CHEBI:38389,CHEBI:38390,CHEBI:38391,CHEBI:38392,CHEBI:38396,CHEBI:38403,CHEBI:38413,CHEBI:44602,CHEBI:48907,CHEBI:80463,CHEBI:86136,CHEBI:86148,CHEBI:88438,CHEBI:89388,CHEBI:165448,CHEBI:165488,CHEBI:165491,CHEBI:165492,CHEBI:165777,CHEBI:165778,CHEBI:171729,CHEBI:173125,CHEBI:180171,CHEBI:180172,CHEBI:180174,CHEBI:180175,CHEBI:180176,CHEBI:180177,CHEBI:180178,CHEBI:180179,CHEBI:180180,CHEBI:180181,CHEBI:180182,CHEBI:180183,CHEBI:180184,CHEBI:180185,CHEBI:180186,CHEBI:180187,CHEBI:180188,CHEBI:180189,CHEBI:186633,CHEBI:187071,CHEBI:189773,CHEBI:190317,CHEBI:192930	CHEBI:8638,CHEBI:10275,CHEBI:25633,CHEBI:27432,CHEBI:28661,CHEBI:32387,CHEBI:32391,CHEBI:36434,CHEBI:38382,CHEBI:38383,CHEBI:38384,CHEBI:38386,CHEBI:38387,CHEBI:38388,CHEBI:38389,CHEBI:38390,CHEBI:38391,CHEBI:38392,CHEBI:38396,CHEBI:38403,CHEBI:38413,CHEBI:44602,CHEBI:48907,CHEBI:80463,CHEBI:86136,CHEBI:86148,CHEBI:88438,CHEBI:89388,CHEBI:165448,CHEBI:165488,CHEBI:165491,CHEBI:165492,CHEBI:165777,CHEBI:165778,CHEBI:171729,CHEBI:173125,CHEBI:180171,CHEBI:180172,CHEBI:180174,CHEBI:180175,CHEBI:180176,CHEBI:180177,CHEBI:180178,CHEBI:180179,CHEBI:180180,CHEBI:180181,CHEBI:180182,CHEBI:180183,CHEBI:180184,CHEBI:180185,CHEBI:180186,CHEBI:180187,CHEBI:180188,CHEBI:180189,CHEBI:186633,CHEBI:187071,CHEBI:189773,CHEBI:190317,CHEBI:192930	C06426,C06427,C08315,C08364,C16346	CHEBI:27432,CHEBI:28661	R-HSA-1368108,R-HSA-1989781,R-HSA-1989781,R-HSA-2046106,R-HSA-2151201,R-HSA-2426168,R-HSA-381340,R-HSA-381771,R-HSA-400206,R-HSA-416476,R-HSA-444209,R-HSA-9707564,R-HSA-9707616,R-HSA-9931509,R-HSA-9933387,R-HSA-381771,R-HSA-416476,R-HSA-444209	C06426,C06427,C16346	map01100,map00591,map01040,map01100,map01110,map00592,map01040,map01060,map01070,map00592			0
1-palmitoyl-2-eicosapentaenoyl-GPC (16:0/20:5)	RM0001126	C44H78NO8P	779.5465	Glycerophospholipids	Glycerophosphocholines	PC								PC 16:0/20:5					CHEBI:86137	CHEBI:132327,CHEBI:86137	CHEBI:132327,CHEBI:86137	CHEBI:86137,CHEBI:132327										CHEBI:86137,CHEBI:132327							CHEBI:86137,CHEBI:132327						CHEBI:57643	R-HSA-111995,R-HSA-1369062,R-HSA-1482788,R-HSA-1482798,R-HSA-1482839,R-HSA-1483101,R-HSA-1483148,R-HSA-1483166,R-HSA-1483191,R-HSA-1483196,R-HSA-1660661,R-HSA-2029485,R-HSA-2142753,R-HSA-382556,R-HSA-5678771,R-HSA-5683678,R-HSA-5683826,R-HSA-5688399,R-HSA-6811436,R-HSA-8964058,R-HSA-9680350	21
sphingomyelin (d18:1/19:0, d19:1/18:0)	RM0138770	C42H85N2O6P	744.6145	Sphingolipids	Phosphosphingolipids	SM								SM 37:1;O2																																	0
phenyllactate (PLA)	RM0012471	C9H10O3	166.0630	Organic acids	Phenylpropanoids	Cinnamic acids	444718	CHEBI:43065	HMDB0000563			VOXXWSYKYCBWHO-QMMMGPOBSA-N	c1ccc(cc1)C[C@@H](C(=O)O)O	Phenyllactic acid								CHEBI:43065									CHEBI:11009,CHEBI:32978,CHEBI:32979	CHEBI:11009,CHEBI:32978,CHEBI:32979,CHEBI:43065	C05607			C05607	map01100,map01110,map00360,map00960,map01064		CHEBI:11009,CHEBI:32978,CHEBI:32979,CHEBI:43065	C05607			C05607	map01100,map01110,map00360,map00960,map01064	CHEBI:33575	R-HSA-6809371	1
phosphatidylcholine (18:0/20:5, 16:0/22:5n6)	-	-	-	-	-	-	-		-	-		-	-	-																																	0
spermidine	RM0041813	C7H19N3	145.1579	Alkaloids	Ornithine alkaloids	Polyamines	1102	CHEBI:16610	HMDB0001257		C00315	ATHGHQPFGPMSJY-UHFFFAOYSA-N	C(CCNCCCN)CN	Spermidine			C00315	map01100,map01110,map00330,map00410,map00480,map00940,map00975,map02010,map04976	CHEBI:16610,CHEBI:16610,CHEBI:16610,CHEBI:57834	CHEBI:16610,CHEBI:16610,CHEBI:16610,CHEBI:57834	CHEBI:16610,CHEBI:16610,CHEBI:16610,CHEBI:57834	CHEBI:16610,CHEBI:57834	C00315	C00315	C00315	C00315	CHEBI:57834	R-HSA-141334,R-HSA-204626,R-HSA-351200,R-HSA-351202,R-HSA-549127	C00315	map01100,map01110,map00330,map00410,map00480,map00940,map00975,map02010,map04976		CHEBI:16610,CHEBI:57834	C00315	CHEBI:57834	R-HSA-141334,R-HSA-204626,R-HSA-351200,R-HSA-351202,R-HSA-549127	C00315	map01100,map01110,map00330,map00410,map00480,map00940,map00975,map02010,map04976	CHEBI:195243	CHEBI:16610,CHEBI:57834,CHEBI:195243	C00315	CHEBI:57834	R-HSA-141334,R-HSA-204626,R-HSA-351200,R-HSA-351202,R-HSA-549127	C00315	map01100,map01110,map00330,map00410,map00480,map00940,map00975,map02010,map04976			0
dihomo-linolenoyl-choline	RM0186596	C25H46NO2	392.3529	Organic nitrogen compounds	Cholines	Acyl cholines	156960908		HMDB0240646			CPIZQONKXRTJBX-YOILPLPUSA-N	CCCCC/C=C\C/C=C\C/C=C\CCCCCCC(=O)OCC[N+](C)(C)C	Dihomo-gamma-linolenoylcholine					CHEBI:232971	CHEBI:232971	CHEBI:232971	CHEBI:232971										CHEBI:232971							CHEBI:232971						CHEBI:36916	R-HSA-936837	1
pyroglutamylvaline	RM0132870	C10H16N2O4	228.1110	Organic acids	Amino acids and peptides	Dipeptides	152416	CHEBI:132991	HMDB0094651			DTSWLLBBGHRXQH-XPUUQOCRSA-N	CC(C)[C@@H](C(=O)O)NC(=O)[C@@H]1CCC(=O)N1	PyroGlu-Val					CHEBI:191162,CHEBI:132991	CHEBI:191162,CHEBI:132991	CHEBI:191162,CHEBI:132991	CHEBI:132991,CHEBI:191162									CHEBI:132993	CHEBI:132991,CHEBI:132993,CHEBI:191162							CHEBI:132991,CHEBI:132993,CHEBI:191162						CHEBI:16670,CHEBI:46761	R-HSA-1222556,R-HSA-1236977,R-HSA-1236978,R-HSA-3000480,R-HSA-3000497,R-HSA-427975,R-HSA-445989,R-HSA-6803157,R-HSA-879415,R-HSA-8941413,R-HSA-933542	11
N-acetylalanine	RM0135990	C5H9NO3	131.0582	Organic acids	Amino acids and peptides	Amino acids	88064	CHEBI:40992	HMDB0000766			KTHDTJVBEPMMGL-VKHMYHEASA-N	C[C@@H](C(=O)O)NC(=O)C	N-Acetylalanine					CHEBI:40992	CHEBI:40992	CHEBI:40992	CHEBI:40992									CHEBI:133520	CHEBI:40992,CHEBI:133520							CHEBI:40992,CHEBI:133520						CHEBI:33575	R-HSA-6809371	1
2-hydroxydecanoate	RM0152225	C10H20O3	188.1412	Fatty Acyls	Fatty acids	Hydroxy FA	21488	CHEBI:133172	HMDB0242148	LMFA01050029		GHPVDCPCKSNJDR-UHFFFAOYSA-N	CCCCCCCCC(C(=O)O)O	2-Hydroxycapric acid					CHEBI:133172,CHEBI:133174	CHEBI:133172,CHEBI:133174	CHEBI:133172,CHEBI:133174	CHEBI:133172,CHEBI:133174										CHEBI:133172,CHEBI:133174							CHEBI:133172,CHEBI:133174						CHEBI:28868,CHEBI:59554	R-HSA-1222387,R-HSA-1222556,R-HSA-1483191,R-HSA-167826,R-HSA-390247,R-HSA-77289,R-HSA-8941413,R-HSA-9840310,R-HSA-9845614	9
phenylalanylphenylalanine	RM0137544	C18H20N2O3	312.1474	Organic acids	Amino acids and peptides	Dipeptides	6993090	CHEBI:72723	HMDB0013302			GKZIWHRNKRBEOH-HOTGVXAUSA-N	c1ccc(cc1)C[C@@H](C(=O)N[C@@H](Cc1ccccc1)C(=O)O)N	Phe-Phe					CHEBI:72723	CHEBI:72723	CHEBI:72723	CHEBI:72723									CHEBI:191205	CHEBI:72723,CHEBI:191205							CHEBI:72723,CHEBI:191205						CHEBI:46761	R-HSA-427975	1
orotidine	RM0136002	C10H12N2O8	288.0594	Nucleic acids	Pyrimidines	Pyrimidine ribonucleosides	92751	CHEBI:25722	HMDB0000788		C01103	FKCRAVPPBFWEJD-XVFCMESISA-N	c1c(C(=O)O)n([C@H]2[C@@H]([C@@H]([C@@H](CO)O2)O)O)c(=O)[nH]c1=O	Orotidine			C01103	map01100,map01240,map00240	CHEBI:25722	CHEBI:25722	CHEBI:25722	CHEBI:25722	C01103	C01103	C01103	C01103			C01103	map01100,map01240,map00240		CHEBI:25722	C01103			C01103	map01100,map01240,map00240		CHEBI:25722	C01103			C01103	map01100,map01240,map00240	CHEBI:33575	R-HSA-6809371	1
cis-4-decenoate (10:1n6)	RM0153287	C10H18O2	170.1307	Fatty Acyls	Fatty acids	Unsaturated FA	5312351	CHEBI:32380	HMDB0004980	LMFA01030199		XKZKQTCECFWKBN-SREVYHEPSA-N	CCCCC/C=C\CCC(=O)O	4Z-Decenoic acid								CHEBI:32380									CHEBI:33161	CHEBI:32380,CHEBI:33161							CHEBI:32380,CHEBI:33161						CHEBI:59554	R-HSA-390247,R-HSA-77289	2
N1-methylinosine	RM0032910	C11H14N4O5	282.0964	Nucleic acids	Purines	Purine ribonucleosides	65095	CHEBI:19065	HMDB0002721			WJNGQIYEQLPJMN-IOSLPCCCSA-N	Cn1cnc2c(c1=O)ncn2[C@H]1[C@@H]([C@@H]([C@@H](CO)O1)O)O	1-Methylinosine					CHEBI:19065	CHEBI:19065	CHEBI:19065	CHEBI:19065										CHEBI:19065							CHEBI:19065								0
isobutyrylcarnitine (C4)	RM0153770	C11H21NO4	231.1471	Fatty Acyls	Fatty esters	Acyl carnitines	10177002	CHEBI:73017	HMDB0000736	LMFA07070075		LRCNOZRCYBNMEP-UHFFFAOYSA-N	CC(C)C(=O)OC(CC(=O)[O-])C[N+](C)(C)C	CAR 3:0;2Me								CHEBI:73017										CHEBI:73017						CHEBI:84838	CHEBI:73017,CHEBI:84838								0
4-hydroxy-2-oxoglutaric acid	RM0153110	C5H6O6	162.0164	Fatty Acyls	Fatty acids	Dicarboxylic acids	440853	CHEBI:4083	HMDB0060466			WXSKVKPSMAHCSG-UWTATZPHSA-N	C([C@H](C(=O)O)O)C(=O)C(=O)O	4-Hydroxy-2-oxoglutaric acid					CHEBI:30923,CHEBI:30923	CHEBI:30923,CHEBI:30923	CHEBI:30923,CHEBI:30923	CHEBI:4083,CHEBI:30923	C01127,C05946	C01127,C05946	C01127,C05946	C01127,C05946			C01127,C05946	map01100,map00630,map01100,map00330	CHEBI:17742,CHEBI:36148,CHEBI:62213	CHEBI:4083,CHEBI:17742,CHEBI:30923,CHEBI:36148,CHEBI:62213	C01127,C05946	CHEBI:17742	R-HSA-389661	C01127,C05946	map01100,map00630,map01100,map00330	CHEBI:71685,CHEBI:71689	CHEBI:4083,CHEBI:17742,CHEBI:30923,CHEBI:36148,CHEBI:62213,CHEBI:71685,CHEBI:71689	C01127,C05946	CHEBI:17742	R-HSA-389661	C01127,C05946	map01100,map00630,map01100,map00330			0
N-acetylthreonine	RM0139149	C6H11NO4	161.0688	Organic acids	Amino acids and peptides	Amino acids	152204	CHEBI:45826	HMDB0062557			PEDXUVCGOLSNLQ-WUJLRWPWSA-N	C[C@H]([C@@H](C(=O)O)NC(=O)C)O	N-Acetylthreonine					CHEBI:45826	CHEBI:45826	CHEBI:45826	CHEBI:45826									CHEBI:133549	CHEBI:45826,CHEBI:133549							CHEBI:45826,CHEBI:133549						CHEBI:33575	R-HSA-6809371	1
1-linolenoyl-GPC (18:3)	RM0163374	C26H48NO7P	517.3168	Glycerophospholipids	Glycerophosphocholines	LPC								LPC 18:3/0:0					CHEBI:133456	CHEBI:131741,CHEBI:133456,CHEBI:88697,CHEBI:88698	CHEBI:131741,CHEBI:133456,CHEBI:88697,CHEBI:88698	CHEBI:88697,CHEBI:88698,CHEBI:131741,CHEBI:133456										CHEBI:88697,CHEBI:88698,CHEBI:131741,CHEBI:133456							CHEBI:88697,CHEBI:88698,CHEBI:131741,CHEBI:133456						CHEBI:58168,CHEBI:60479	R-HSA-111995,R-HSA-1482839,R-HSA-1483115,R-HSA-2142753,R-HSA-3000471,R-HSA-3000480,R-HSA-3000484,R-HSA-5686938,R-HSA-6814848	9
1-docosahexaenoyl-GPC (22:6)	RM0134489	C30H50NO7P	567.3325	Glycerophospholipids	Glycerophosphocholines	LPC								LPC 22:6/0:0						CHEBI:131986	CHEBI:131986	CHEBI:131986										CHEBI:131986						CHEBI:73873	CHEBI:73873,CHEBI:131986						CHEBI:58168,CHEBI:64567	R-HSA-111995,R-HSA-1482839,R-HSA-1483191,R-HSA-2142753,R-HSA-6814848	5
1-linoleoyl-2-linolenoyl-GPC (18:2/18:3)	RM0015041	C44H78NO8P	779.5465	Glycerophospholipids	Glycerophosphocholines	PC								PC 18:2/18:3						CHEBI:136086,CHEBI:89577,CHEBI:89578	CHEBI:136086,CHEBI:89577,CHEBI:89578	CHEBI:89577,CHEBI:89578,CHEBI:136086										CHEBI:89577,CHEBI:89578,CHEBI:136086							CHEBI:89577,CHEBI:89578,CHEBI:136086						CHEBI:57643	R-HSA-111995,R-HSA-1369062,R-HSA-1482788,R-HSA-1482798,R-HSA-1482839,R-HSA-1483101,R-HSA-1483148,R-HSA-1483166,R-HSA-1483191,R-HSA-1483196,R-HSA-1660661,R-HSA-2029485,R-HSA-2142753,R-HSA-382556,R-HSA-5678771,R-HSA-5683678,R-HSA-5683826,R-HSA-5688399,R-HSA-6811436,R-HSA-8964058,R-HSA-9680350	21
cystathionine	RM0135885	C7H14N2O4S	222.0674	Organic acids	Amino acids and peptides	Amino acids	439258	CHEBI:17482	HMDB0000099		C02291	ILRYLPWNYFXEMH-WHFBIAKZSA-N	C(CSC[C@@H](C(=O)O)N)[C@@H](C(=O)O)N	Cystathionine			C02291	map01100,map01110,map01230,map01240,map00260,map00270,map00670	CHEBI:17755,CHEBI:17755	CHEBI:17755,CHEBI:17755	CHEBI:17755,CHEBI:17755	CHEBI:17482,CHEBI:17755	C00542,C02291	C00542,C02291	C00542,C02291	C00542,C02291			C02291	map01100,map01110,map01230,map01240,map00260,map00270,map00670	CHEBI:58161	CHEBI:17482,CHEBI:17755,CHEBI:58161	C00542,C02291	CHEBI:58161	R-HSA-1614603	C02291	map01100,map01110,map01230,map01240,map00260,map00270,map00670		CHEBI:17482,CHEBI:17755,CHEBI:58161	C00542,C02291	CHEBI:58161	R-HSA-1614603	C02291	map01100,map01110,map01230,map01240,map00260,map00270,map00670			0
methylsuccinoylcarnitine	-	-	-	-	-	-	-		-	-		-	-	-					CHEBI:233911	CHEBI:233911	CHEBI:233911	CHEBI:233911										CHEBI:233911							CHEBI:233911						CHEBI:33575	R-HSA-6809371	1
3-(3-amino-3-carboxypropyl)uridine	RM0032850	C13H19N3O8	345.1172	Nucleic acids	Pyrimidines	Pyrimidine ribonucleosides	171198	CHEBI:19928	HMDB0242130			YXNIEZJFCGTDKV-JANFQQFMSA-N	C(Cn1c(=O)ccn([C@H]2[C@@H]([C@@H]([C@@H](CO)O2)O)O)c1=O)C(C(=O)O)N	3-(3-amino-3-carboxypropyl)uridine					CHEBI:19928	CHEBI:19928	CHEBI:19928	CHEBI:19928										CHEBI:19928							CHEBI:19928								0
sphingomyelin (d18:1/20:1, d18:2/20:0)	RM0059717	C43H85N2O6P	756.6145	Sphingolipids	Phosphosphingolipids	SM								SM 38:2;O2																																	0
cis-3,4-methyleneheptanoate	-	-	-	-	-	-	-		-	-		-	-	-																																	0
1-pentadecanoyl-2-linoleoyl-GPC (15:0/18:2)	RM0161910	C41H78NO8P	743.5465	Glycerophospholipids	Glycerophosphocholines	PC								PC 15:0/18:2					CHEBI:133617	CHEBI:133617,CHEBI:134586	CHEBI:133617,CHEBI:134586	CHEBI:133617,CHEBI:134586										CHEBI:133617,CHEBI:134586							CHEBI:133617,CHEBI:134586						CHEBI:57643	R-HSA-111995,R-HSA-1369062,R-HSA-1482788,R-HSA-1482798,R-HSA-1482839,R-HSA-1483101,R-HSA-1483148,R-HSA-1483166,R-HSA-1483191,R-HSA-1483196,R-HSA-1660661,R-HSA-2029485,R-HSA-2142753,R-HSA-382556,R-HSA-5678771,R-HSA-5683678,R-HSA-5683826,R-HSA-5688399,R-HSA-6811436,R-HSA-8964058,R-HSA-9680350	21
linoleoyl ethanolamide	RM0140131	C20H37NO2	323.2824	Fatty Acyls	Fatty amides	NAE	5283446	CHEBI:64032	HMDB0012252	LMFA08040004		KQXDGUVSAAQARU-HZJYTTRNSA-N	CCCCC/C=C\C/C=C\CCCCCCCC(=O)NCCO	Linoleoyl-EA					CHEBI:64032,CHEBI:89605	CHEBI:64032,CHEBI:89605	CHEBI:64032,CHEBI:89605	CHEBI:64032,CHEBI:89605										CHEBI:64032,CHEBI:89605							CHEBI:64032,CHEBI:89605						CHEBI:18059,CHEBI:30879	R-HSA-1222556,R-HSA-1369062,R-HSA-1483166,R-HSA-2022377,R-HSA-5682294,R-HSA-804914,R-HSA-8935690,R-HSA-8941413	8
1-oleoyl-2-linoleoyl-GPE (18:1/18:2)	RM0015039	C41H76NO8P	741.5309	Glycerophospholipids	Glycerophosphoethanolamines	PE								PE 18:1/18:2					CHEBI:74977	CHEBI:136171,CHEBI:74977	CHEBI:136171,CHEBI:74977	CHEBI:74977,CHEBI:136171									CHEBI:84543	CHEBI:74977,CHEBI:84543,CHEBI:136171							CHEBI:74977,CHEBI:84543,CHEBI:136171						CHEBI:36314,CHEBI:64612	R-HSA-1482788,R-HSA-1660661	2
citrulline	RM0136022	C6H13N3O3	175.0957	Organic acids	Amino acids and peptides	Amino acids	9750	CHEBI:16349	HMDB0000904		C00327	RHGKLRLOHDJJDR-BYPYZUCNSA-N	C(C[C@@H](C(=O)O)N)CNC(=O)N	Citrulline			C00327	map01100,map01110,map01230,map00220	CHEBI:16349,CHEBI:16349,CHEBI:18211,CHEBI:18211	CHEBI:16349,CHEBI:16349,CHEBI:18211,CHEBI:18211	CHEBI:16349,CHEBI:16349,CHEBI:18211,CHEBI:18211	CHEBI:16349,CHEBI:18211	C00327	C00327	C00327	C00327			C00327	map01100,map01110,map01230,map00220	CHEBI:49007,CHEBI:57743,CHEBI:66922	CHEBI:16349,CHEBI:18211,CHEBI:49007,CHEBI:57743,CHEBI:66922	C00327	CHEBI:57743	R-HSA-1222556,R-HSA-203615,R-HSA-392154,R-HSA-5218920,R-HSA-70635,R-HSA-9009391,R-HSA-9956508,R-HSA-9956520	C00327	map01100,map01110,map01230,map00220	CHEBI:192078	CHEBI:16349,CHEBI:18211,CHEBI:49007,CHEBI:57743,CHEBI:66922,CHEBI:192078	C00327	CHEBI:57743	R-HSA-1222556,R-HSA-203615,R-HSA-392154,R-HSA-5218920,R-HSA-70635,R-HSA-9009391,R-HSA-9956508,R-HSA-9956520	C00327	map01100,map01110,map01230,map00220			0
theophylline	RM0136130	C7H8N4O2	180.0647	Nucleic acids	Purines	Xanthines	2153	CHEBI:28177	HMDB0001889		C07130	ZFXYFBGIUFBOJW-UHFFFAOYSA-N	Cn1c2c(c(=O)n(C)c1=O)[nH]cn2	Theophylline			C07130	map01100,map01110,map01120,map00232,map01060,map01065	CHEBI:28177,CHEBI:28177,CHEBI:28177	CHEBI:28177,CHEBI:28177,CHEBI:28177	CHEBI:28177,CHEBI:28177,CHEBI:28177	CHEBI:28177	C07130	C07130	C07130	C07130			C07130	map01100,map01110,map01120,map00232,map01060,map01065		CHEBI:28177	C07130			C07130	map01100,map01110,map01120,map00232,map01060,map01065		CHEBI:28177	C07130			C07130	map01100,map01110,map01120,map00232,map01060,map01065			0
glycochenodeoxycholate glucuronide	RM0125960	C32H51NO11	625.3462	Sterol Lipids	Bile acids	C24 bile acids	44263370	CHEBI:166729	HMDB0002579	LMST05010048		ABFZMYIIUREPLL-ASWJIRIHSA-N	C[C@H](CCC(=O)NCC(=O)O)[C@H]1CC[C@H]2[C@H]3[C@H](CC[C@]12C)[C@@]1(C)CC[C@H](C[C@H]1C[C@H]3O)O[C@H]1[C@@H]([C@H]([C@@H]([C@@H](C(=O)O)O1)O)O)O	Glycochenodeoxycholic acid 3-glucuronide					CHEBI:166729,CHEBI:133684	CHEBI:166729,CHEBI:133684	CHEBI:166729,CHEBI:133684	CHEBI:133684,CHEBI:166729										CHEBI:133684,CHEBI:166729							CHEBI:133684,CHEBI:166729						CHEBI:25696,CHEBI:35341	R-HSA-196071,R-HSA-382556,R-HSA-428643,R-HSA-5690338	4
alpha-tocopherol	RM0135430	C29H50O2	430.3811	Prenol Lipids	Quinones and hydroquinones	Vitamin E	14985	CHEBI:18145	HMDB0001893	LMPR02020001	C02477	GVJHHUAWPYXKBD-IEOSBIPESA-N	CC(C)CCC[C@@H](C)CCC[C@@H](C)CCC[C@]1(C)CCc2c(C)c(c(C)c(C)c2O1)O	alpha-Tocopherol	CHEBI:18145	R-HSA-8877627	C02477	map01100,map01110,map01240,map00130,map01060,map04216,map04977	CHEBI:18145,CHEBI:22470	CHEBI:18145,CHEBI:22470	CHEBI:18145,CHEBI:22470	CHEBI:18145,CHEBI:22470	C02477	C02477	C02477	C02477	CHEBI:18145	R-HSA-8877627	C02477	map01100,map01110,map01240,map00130,map01060,map04216,map04977	CHEBI:46430	CHEBI:18145,CHEBI:22470,CHEBI:46430	C02477	CHEBI:18145	R-HSA-8877627	C02477	map01100,map01110,map01240,map00130,map01060,map04216,map04977	CHEBI:177081,CHEBI:177084,CHEBI:177085,CHEBI:177086,CHEBI:177089,CHEBI:177090	CHEBI:18145,CHEBI:22470,CHEBI:46430,CHEBI:177081,CHEBI:177084,CHEBI:177085,CHEBI:177086,CHEBI:177089,CHEBI:177090	C02477	CHEBI:18145	R-HSA-8877627	C02477	map01100,map01110,map01240,map00130,map01060,map04216,map04977			0
EDTA	RM0030846	C10H16N2O8	292.0907	Organic acids	Carboxylic acids	Tetracarboxylic acids	6049	CHEBI:4735	HMDB0015109		C00284	KCXVZYZYPLLWCC-UHFFFAOYSA-N	C(CN(CC(=O)O)CC(=O)O)N(CC(=O)O)CC(=O)O	EDTA					CHEBI:4735,CHEBI:64755	CHEBI:4735,CHEBI:64755	CHEBI:4735,CHEBI:64755	CHEBI:4735,CHEBI:64755	C00284	C00284	C00284	C00284					CHEBI:42191,CHEBI:63131	CHEBI:4735,CHEBI:42191,CHEBI:63131,CHEBI:64755	C00284						CHEBI:4735,CHEBI:42191,CHEBI:63131,CHEBI:64755	C00284					CHEBI:25696,CHEBI:33575	R-HSA-382556,R-HSA-428643,R-HSA-5690338,R-HSA-6809371	4
3-phenylpropionate (hydrocinnamate)	RM0028119	C9H10O2	150.0681	Organic acids	Phenylpropanoids	Cinnamic acids	107	CHEBI:28631	HMDB0000764		C05629	XMIIGOLPHOKFCH-UHFFFAOYSA-N	c1ccc(cc1)CCC(=O)O	Hydrocinnamic acid			C05629	map01100,map01120,map01220,map00360	CHEBI:28631	CHEBI:28631	CHEBI:28631	CHEBI:28631	C05629	C05629	C05629	C05629			C05629	map01100,map01120,map01220,map00360	CHEBI:51057	CHEBI:28631,CHEBI:51057	C05629			C05629	map01100,map01120,map01220,map00360		CHEBI:28631,CHEBI:51057	C05629			C05629	map01100,map01120,map01220,map00360	CHEBI:33575	R-HSA-6809371	1
stearoylcarnitine (C18)	RM0153850	C25H49NO4	427.3662	Fatty Acyls	Fatty esters	Acyl carnitines	52922056	CHEBI:84644	HMDB0000848	LMFA07070008		FNPHNLNTJNMAEE-HSZRJFAPSA-N	CCCCCCCCCCCCCCCCCC(=O)O[C@H](CC(=O)[O-])C[N+](C)(C)C	CAR 18:0								CHEBI:84644										CHEBI:84644							CHEBI:84644						CHEBI:18059	R-HSA-1222556,R-HSA-1369062,R-HSA-5682294,R-HSA-804914,R-HSA-8941413	5
paraxanthine	RM0047891	C7H8N4O2	180.0647	Nucleic acids	Purines	Xanthines	4687	CHEBI:25858	HMDB0001860		C13747	QUNWUDVFRNGTCO-UHFFFAOYSA-N	Cn1cnc2c1c(=O)n(C)c(=O)[nH]2	Paraxanthine	CHEBI:25858	R-HSA-156582,R-HSA-211957	C13747	map01100,map01110,map01120,map00232,map01060	CHEBI:25858	CHEBI:25858	CHEBI:25858	CHEBI:25858	C13747	C13747	C13747	C13747	CHEBI:25858	R-HSA-156582,R-HSA-211957	C13747	map01100,map01110,map01120,map00232,map01060		CHEBI:25858	C13747	CHEBI:25858	R-HSA-156582,R-HSA-211957	C13747	map01100,map01110,map01120,map00232,map01060		CHEBI:25858	C13747	CHEBI:25858	R-HSA-156582,R-HSA-211957	C13747	map01100,map01110,map01120,map00232,map01060			0
1-stearoyl-2-docosahexaenoyl-GPE (18:0/22:6)	RM0091733	C45H78NO8P	791.5465	Glycerophospholipids	Glycerophosphoethanolamines	PE								PE 18:0/22:6					CHEBI:90470,CHEBI:78266	CHEBI:78266,CHEBI:79109,CHEBI:90470,CHEBI:90470	CHEBI:90470,CHEBI:78266,CHEBI:79109	CHEBI:78266,CHEBI:79109,CHEBI:90470										CHEBI:78266,CHEBI:79109,CHEBI:90470							CHEBI:78266,CHEBI:79109,CHEBI:90470						CHEBI:36314,CHEBI:64612	R-HSA-1482788,R-HSA-1660661	2
androsterone sulfate	RM0125907	C19H30O5S	370.1814	Sterol Lipids	Steroids	C19 Steroids	159663	CHEBI:83037	HMDB0002759	LMST05020001	C04555	ZMITXKRGXGRMKS-HLUDHZFRSA-N	C[C@]12CC[C@H](C[C@@H]1CC[C@H]1[C@@H]3CCC(=O)[C@@]3(C)CC[C@H]21)OS(=O)(=O)O	5alpha-Androstane-3alpha-ol-17-one sulfate			C04555	map01100,map00140,map04976	CHEBI:83037	CHEBI:83037	CHEBI:83037	CHEBI:83037	C04555	C04555	C04555	C04555			C04555	map01100,map00140,map04976	CHEBI:133003	CHEBI:83037,CHEBI:133003	C04555			C04555	map01100,map00140,map04976		CHEBI:83037,CHEBI:133003	C04555			C04555	map01100,map00140,map04976	CHEBI:35341	R-HSA-196071	1
lignoceroylcarnitine (C24)	RM0154152	C31H61NO4	511.4601	Fatty Acyls	Fatty esters	Acyl carnitines	145720495	CHEBI:165601				YDUFZFUYBBPVLJ-GDLZYMKVSA-N	CCCCCCCCCCCCCCCCCCCCCCCC(=O)O[C@H](CC(=O)[O-])C[N+](C)(C)C	CAR 24:0						CHEBI:165601	CHEBI:165601	CHEBI:165601										CHEBI:165601							CHEBI:165601								0
cerotoylcarnitine (C26)	RM0154153	C33H65NO4	539.4914	Fatty Acyls	Fatty esters	Acyl carnitines	145720497	CHEBI:165602	HMDB0006347			KOCKWDDTAHPJSX-WJOKGBTCSA-N	CCCCCCCCCCCCCCCCCCCCCCCCCC(=O)O[C@H](CC(=O)[O-])C[N+](C)(C)C	CAR 26:0						CHEBI:165602	CHEBI:165602	CHEBI:165602										CHEBI:165602							CHEBI:165602								0
indolepropionate	RM0136180	C11H11NO2	189.0790	Alkaloids	Tryptophan alkaloids	Indolecarboxylic acids	3744	CHEBI:43580	HMDB0002302			GOLXRNDWAUTYKT-UHFFFAOYSA-N	c1ccc2c(c1)c(CCC(=O)O)c[nH]2	3-Indolepropionic acid	CHEBI:43580	R-HSA-71240			CHEBI:82916	CHEBI:82916	CHEBI:82916	CHEBI:43580,CHEBI:82916					CHEBI:43580	R-HSA-71240				CHEBI:43580,CHEBI:82916		CHEBI:43580	R-HSA-71240				CHEBI:43580,CHEBI:82916		CHEBI:43580	R-HSA-71240					0
1-pentadecanoyl-2-arachidonoyl-GPC (15:0/20:4)	RM0162036	C43H78NO8P	767.5465	Glycerophospholipids	Glycerophosphocholines	PC								PC 15:0/20:4						CHEBI:134589	CHEBI:134589	CHEBI:134589										CHEBI:134589							CHEBI:134589						CHEBI:57643	R-HSA-111995,R-HSA-1369062,R-HSA-1482788,R-HSA-1482798,R-HSA-1482839,R-HSA-1483101,R-HSA-1483148,R-HSA-1483166,R-HSA-1483191,R-HSA-1483196,R-HSA-1660661,R-HSA-2029485,R-HSA-2142753,R-HSA-382556,R-HSA-5678771,R-HSA-5683678,R-HSA-5683826,R-HSA-5688399,R-HSA-6811436,R-HSA-8964058,R-HSA-9680350	21
cortolone glucuronide	RM0160419	C27H42O11	542.2727	Sterol Lipids	Steroids	C21 Steroids	15160317	CHEBI:88773	HMDB0010320			INMJYSGZRBTEOR-LJXUKTIOSA-N	C[C@]12CC[C@H](C[C@@H]1CC[C@H]1[C@@H]3CC[C@]([C@H](CO)O)([C@@]3(C)CC(=O)[C@H]21)O)O[C@H]1[C@@H]([C@H]([C@@H]([C@@H](C(=O)O)O1)O)O)O	Cortolone-3-glucuronide					CHEBI:88773	CHEBI:88773	CHEBI:88773	CHEBI:88773										CHEBI:88773							CHEBI:88773						CHEBI:35341	R-HSA-196071	1
linoleoylcarnitine (C18:2)	RM0154158	C25H45NO4	423.3349	Fatty Acyls	Fatty esters	Acyl carnitines								CAR 18:2																																	0
1-erucoyl-GPC (22:1)	RM0161650	C30H60NO7P	577.4107	Glycerophospholipids	Glycerophosphocholines	LPC								LPC 22:1/0:0						CHEBI:88684	CHEBI:88684	CHEBI:88684										CHEBI:88684							CHEBI:88684						CHEBI:60479	R-HSA-1483115,R-HSA-3000471,R-HSA-3000480,R-HSA-3000484,R-HSA-5686938,R-HSA-6814848	6
N2,N2-dimethylguanosine	RM0136278	C12H17N5O5	311.1230	Nucleic acids	Purines	Purine ribonucleosides	135501639	CHEBI:19289	HMDB0004824			RSPURTUNRHNVGF-IOSLPCCCSA-N	CN(C)c1nc2c(c(=O)[nH]1)ncn2[C@H]1[C@@H]([C@@H]([C@@H](CO)O1)O)O	N2,N2-Dimethylguanosine								CHEBI:19289										CHEBI:19289							CHEBI:19289								0
tridecenedioate (C13:1-DC)	-	-	-	-	-	-	-		-	-		-	-	-																																	0
propionylcarnitine (C3)	RM0154041	C10H19NO4	217.1314	Fatty Acyls	Fatty esters	Acyl carnitines	188824	CHEBI:53210	HMDB0062514	LMFA07070005	C03017	UFAHZIUFPNSHSL-MRVPVSSYSA-N	CCC(=O)O[C@H](CC(=O)[O-])C[N+](C)(C)C	CAR 3:0	CHEBI:53210	R-HSA-389887						CHEBI:53210	C03017	C03017	C03017	C03017	CHEBI:53210	R-HSA-389887				CHEBI:53210	C03017	CHEBI:53210	R-HSA-389887			CHEBI:192090	CHEBI:53210,CHEBI:192090	C03017	CHEBI:53210	R-HSA-389887					0
xanthosine	RM0161017	C10H12N4O6	284.0757	Nucleic acids	Purines	Purine ribonucleosides	64959	CHEBI:18107	HMDB0000299			UBORTCNDUKBEOP-UUOKFMHZSA-N	C([C@@H]1[C@H]([C@H]([C@H](n2cnc3c2[nH]c(=O)[nH]c3=O)O1)O)O)O	Xanthosine					CHEBI:18107,CHEBI:18107	CHEBI:18107,CHEBI:18107	CHEBI:18107,CHEBI:18107	CHEBI:18107	C01762	C01762	C01762	C01762			C01762	map01100,map01110,map01232,map00230,map00232,map01065,map02010		CHEBI:18107	C01762			C01762	map01100,map01110,map01232,map00230,map00232,map01065,map02010		CHEBI:18107	C01762			C01762	map01100,map01110,map01232,map00230,map00232,map01065,map02010			0
1-stearoyl-2-adrenoyl-GPE (18:0/22:4)	RM0162163	C45H82NO8P	795.5778	Glycerophospholipids	Glycerophosphoethanolamines	PE								PE 18:0/22:4						CHEBI:74484	CHEBI:74484	CHEBI:74484										CHEBI:74484							CHEBI:74484						CHEBI:36314	R-HSA-1482788	1
S-methylcysteine	RM0012952	C4H9NO2S	135.0354	Organic acids	Amino acids and peptides	Amino acids	24417	CHEBI:45658	HMDB0302211			IDIDJDIHTAOVLG-VKHMYHEASA-N	CSC[C@@H](C(=O)O)N	Methylcysteine					CHEBI:229268,CHEBI:45658,CHEBI:45658	CHEBI:229268,CHEBI:45658,CHEBI:45658	CHEBI:229268,CHEBI:45658	CHEBI:45658,CHEBI:229268									CHEBI:133545	CHEBI:45658,CHEBI:133545,CHEBI:229268							CHEBI:45658,CHEBI:133545,CHEBI:229268						CHEBI:33575	R-HSA-6809371	1
sphingomyelin (d17:1/16:0, d18:1/15:0, d16:1/17:0)	RM0134154	C38H77N2O6P	688.5519	Sphingolipids	Phosphosphingolipids	SM								SM 33:1;O2																																	0
palmitoyl-docosahexaenoyl-glycerol (16:0/22:6)	RM0134353	C41H68O5	640.5067	Glycerolipids	Diradylglycerols	DAG								DG 16:0_22:6																																	0
stearidonate (18:4n3)	RM0153201	C18H28O2	276.2089	Fatty Acyls	Fatty acids	Unsaturated FA	5312508	CHEBI:32389	HMDB0006547	LMFA01030357	C16300	JIWBIWFOSCKQMA-LTKCOYKYSA-N	CC/C=C\C/C=C\C/C=C\C/C=C\CCCCC(=O)O	Stearidonic acid			C16300	map01110,map00592	CHEBI:32389,CHEBI:77222	CHEBI:32389,CHEBI:77222	CHEBI:32389,CHEBI:77222	CHEBI:32389,CHEBI:77222	C16300	C16300	C16300	C16300			C16300	map01110,map00592		CHEBI:32389,CHEBI:77222	C16300			C16300	map01110,map00592		CHEBI:32389,CHEBI:77222	C16300			C16300	map01110,map00592	CHEBI:15904,CHEBI:57560	R-HSA-1369062,R-HSA-1482788,R-HSA-1482798,R-HSA-1482801,R-HSA-1482839,R-HSA-1482883,R-HSA-1482922,R-HSA-1482925,R-HSA-1483115,R-HSA-1483152,R-HSA-1483166,R-HSA-162791,R-HSA-163560,R-HSA-166187,R-HSA-192456,R-HSA-211945,R-HSA-3000471,R-HSA-390247,R-HSA-434313,R-HSA-5684045,R-HSA-6814848,R-HSA-77289,R-HSA-8963901,R-HSA-8964038,R-HSA-8964058,R-HSA-975634	26
1,3-dimethylurate	RM0136120	C7H8N4O3	196.0596	Nucleic acids	Purines	Xanthines	70346	CHEBI:68447	HMDB0001857			OTSBKHHWSQYEHK-UHFFFAOYSA-N	Cn1c2c(c(=O)n(C)c1=O)[nH]c(=O)[nH]2	1,3-Dimethyluric acid					CHEBI:68447	CHEBI:68447	CHEBI:68447	CHEBI:68447										CHEBI:68447							CHEBI:68447								0
etiocholanolone glucuronide	RM0135838	C25H38O8	466.2567	Sterol Lipids	Steroids	C19 Steroids	114833	CHEBI:28832	HMDB0002829	LMST05010013	C11135	VFUIRAVTUVCQTF-BSOWLZGZSA-N	C[C@]12CC[C@H](C[C@@H]1CC[C@H]1[C@@H]3CCC(=O)[C@@]3(C)CC[C@H]21)O[C@H]1[C@@H]([C@H]([C@@H]([C@@H](C(=O)O)O1)O)O)O	Androsterone 3-glucuronide			C11135	map01100,map00140	CHEBI:28832,CHEBI:133504	CHEBI:28832,CHEBI:133504	CHEBI:28832,CHEBI:133504	CHEBI:28832,CHEBI:133504	C11135	C11135	C11135	C11135			C11135	map01100,map00140	CHEBI:133505	CHEBI:28832,CHEBI:133504,CHEBI:133505	C11135			C11135	map01100,map00140		CHEBI:28832,CHEBI:133504,CHEBI:133505	C11135			C11135	map01100,map00140	CHEBI:35341	R-HSA-196071	1
behenoylcarnitine (C22)	RM0153896	C29H57NO4	483.4288	Fatty Acyls	Fatty esters	Acyl carnitines	71464577	CHEBI:73105	HMDB0062468	LMFA07070089		IUMXSSOVGPXXJL-UHFFFAOYSA-N	CCCCCCCCCCCCCCCCCCCCCC(=O)OC(CC(=O)[O-])C[N+](C)(C)C	CAR 22:0								CHEBI:73105										CHEBI:73105							CHEBI:73105								0
cinnamoylglycine	RM0041850	C11H11NO3	205.0739	Organic acids	Phenylpropanoids	Cinnamic acids	709625	CHEBI:68616	HMDB0011621			YAADMLWHGMUGQL-VOTSOKGWSA-N	c1ccc(cc1)/C=C/C(=O)NCC(=O)O	Cinnamoylglycine								CHEBI:68616									CHEBI:133605	CHEBI:68616,CHEBI:133605							CHEBI:68616,CHEBI:133605						CHEBI:33575	R-HSA-6809371	1
3-hydroxyoctanoate	RM0139998	C8H16O3	160.1099	Fatty Acyls	Fatty acids	Hydroxy FA	26613	CHEBI:37098	HMDB0001954	LMFA01050021		NDPLAKGOSZHTPH-UHFFFAOYSA-N	CCCCCC(CC(=O)O)O	3-Hydroxyoctanoic acid	CHEBI:37098	R-HSA-3296197,R-HSA-418594			CHEBI:37098,CHEBI:133511	CHEBI:37098,CHEBI:133511	CHEBI:37098,CHEBI:133511	CHEBI:37098,CHEBI:133511					CHEBI:37098	R-HSA-3296197,R-HSA-418594				CHEBI:37098,CHEBI:133511		CHEBI:37098	R-HSA-3296197,R-HSA-418594			CHEBI:37099,CHEBI:37100	CHEBI:37098,CHEBI:37099,CHEBI:37100,CHEBI:133511		CHEBI:37098	R-HSA-3296197,R-HSA-418594					0
N6-succinyladenosine	RM0136023	C14H17N5O8	383.1077	Nucleic acids	Purines	Purine ribonucleosides	20849086	CHEBI:71169	HMDB0000912			VKGZCEJTCKHMRL-VWJPMABRSA-N	C([C@@H](C(=O)O)Nc1c2c(ncn1)n(cn2)[C@H]1[C@@H]([C@@H]([C@@H](CO)O1)O)O)C(=O)O	Succinyladenosine					CHEBI:71169	CHEBI:71169	CHEBI:71169	CHEBI:71169										CHEBI:71169							CHEBI:71169						CHEBI:33575	R-HSA-6809371	1
arachidoylcarnitine (C20)	RM0154165	C27H53NO4	455.3975	Fatty Acyls	Fatty esters	Acyl carnitines	90659870	CHEBI:73100	HMDB0006460	LMFA07070052		SVJLJQBGUITFLI-RUZDIDTESA-N	CCCCCCCCCCCCCCCCCCCC(=O)OC(CC(=O)[O-])C[N+](C)(C)C	CAR 20:0								CHEBI:73100										CHEBI:73100							CHEBI:73100								0
1-stearoyl-2-linoleoyl-GPC (18:0/18:2)	RM0000873	C44H84NO8P	785.5935	Glycerophospholipids	Glycerophosphocholines	PC								PC 18:0/18:2					CHEBI:84822	CHEBI:136063,CHEBI:84819,CHEBI:84820,CHEBI:84821,CHEBI:84822,CHEBI:89895	CHEBI:136063,CHEBI:84819,CHEBI:84820,CHEBI:84821,CHEBI:84822,CHEBI:89895	CHEBI:84819,CHEBI:84820,CHEBI:84821,CHEBI:84822,CHEBI:89895,CHEBI:136063										CHEBI:84819,CHEBI:84820,CHEBI:84821,CHEBI:84822,CHEBI:89895,CHEBI:136063							CHEBI:84819,CHEBI:84820,CHEBI:84821,CHEBI:84822,CHEBI:89895,CHEBI:136063						CHEBI:36313,CHEBI:57643	R-HSA-111995,R-HSA-1369062,R-HSA-1482788,R-HSA-1482798,R-HSA-1482839,R-HSA-1483101,R-HSA-1483148,R-HSA-1483166,R-HSA-1483191,R-HSA-1483196,R-HSA-1660661,R-HSA-2029485,R-HSA-2142753,R-HSA-382556,R-HSA-5678771,R-HSA-5683678,R-HSA-5683826,R-HSA-5688399,R-HSA-6811436,R-HSA-8964058,R-HSA-9680350	21
1-stearoyl-2-arachidonoyl-GPC (18:0/20:4)	RM0000648	C46H84NO8P	809.5935	Glycerophospholipids	Glycerophosphocholines	PC								PC 18:0/20:4					CHEBI:74965	CHEBI:136066,CHEBI:84823,CHEBI:89672,CHEBI:89955,CHEBI:74965	CHEBI:136066,CHEBI:84823,CHEBI:89672,CHEBI:89955,CHEBI:74965	CHEBI:74965,CHEBI:84823,CHEBI:89672,CHEBI:89955,CHEBI:136066										CHEBI:74965,CHEBI:84823,CHEBI:89672,CHEBI:89955,CHEBI:136066							CHEBI:74965,CHEBI:84823,CHEBI:89672,CHEBI:89955,CHEBI:136066						CHEBI:36313,CHEBI:57643,CHEBI:75063	R-HSA-111995,R-HSA-1369062,R-HSA-1482788,R-HSA-1482798,R-HSA-1482839,R-HSA-1483101,R-HSA-1483148,R-HSA-1483166,R-HSA-1483191,R-HSA-1483196,R-HSA-1660661,R-HSA-2029485,R-HSA-2142753,R-HSA-382556,R-HSA-5678771,R-HSA-5683678,R-HSA-5683826,R-HSA-5688399,R-HSA-6811436,R-HSA-8964058,R-HSA-9680350	21
myristoylcarnitine (C14)	RM0154013	C21H41NO4	371.3036	Fatty Acyls	Fatty esters	Acyl carnitines	53477791	CHEBI:84634	HMDB0005066	LMFA07070107		PSHXNVGSVNEJBD-LJQANCHMSA-N	CCCCCCCCCCCCCC(=O)O[C@H](CC(=O)[O-])C[N+](C)(C)C	CAR 14:0								CHEBI:84634										CHEBI:84634						CHEBI:192250	CHEBI:84634,CHEBI:192250						CHEBI:18059	R-HSA-1222556,R-HSA-1369062,R-HSA-5682294,R-HSA-804914,R-HSA-8941413	5
androsterone glucuronide	RM0135838	C25H38O8	466.2567	Sterol Lipids	Steroids	C19 Steroids	114833	CHEBI:28832	HMDB0002829	LMST05010013	C11135	VFUIRAVTUVCQTF-BSOWLZGZSA-N	C[C@]12CC[C@H](C[C@@H]1CC[C@H]1[C@@H]3CCC(=O)[C@@]3(C)CC[C@H]21)O[C@H]1[C@@H]([C@H]([C@@H]([C@@H](C(=O)O)O1)O)O)O	Androsterone 3-glucuronide			C11135	map01100,map00140	CHEBI:28832	CHEBI:28832	CHEBI:28832	CHEBI:28832	C11135	C11135	C11135	C11135			C11135	map01100,map00140		CHEBI:28832	C11135			C11135	map01100,map00140		CHEBI:28832	C11135			C11135	map01100,map00140	CHEBI:35341	R-HSA-196071	1
mannitol	RM0155938	C6H14O6	182.0790	Carbohydrates	Monosaccharides	Sugar alcohols	6251	CHEBI:16899	HMDB0000765		C00392	FBPFZTCFMRRESA-KVTDHHQDSA-N	C([C@H]([C@H]([C@@H]([C@@H](CO)O)O)O)O)O	Mannitol			C00392	map01100,map00051,map02010,map02060	CHEBI:16899,CHEBI:16899,CHEBI:29864	CHEBI:16899,CHEBI:16899,CHEBI:29864	CHEBI:16899,CHEBI:16899,CHEBI:29864	CHEBI:16899,CHEBI:29864	C00392	C00392	C00392	C00392			C00392	map01100,map00051,map02010,map02060		CHEBI:16899,CHEBI:29864	C00392			C00392	map01100,map00051,map02010,map02060	CHEBI:38030	CHEBI:16899,CHEBI:29864,CHEBI:38030	C00392			C00392	map01100,map00051,map02010,map02060			0
N-formylmethionine	RM0136031	C6H11NO3S	177.0460	Organic acids	Amino acids and peptides	Amino acids	6995182	CHEBI:16552	HMDB0001015		C03145	PYUSHNKNPOHWEZ-RXMQYKEDSA-N	CSCC[C@H](C(=O)O)NC=O	N-Formylmethionine			C03145	map00270	CHEBI:16552,CHEBI:49298	CHEBI:16552,CHEBI:49298	CHEBI:16552,CHEBI:49298	CHEBI:16552,CHEBI:49298	C03145	C03145	C03145	C03145			C03145	map00270	CHEBI:57809	CHEBI:16552,CHEBI:49298,CHEBI:57809	C03145			C03145	map00270		CHEBI:16552,CHEBI:49298,CHEBI:57809	C03145			C03145	map00270	CHEBI:33575,CHEBI:33708	R-HSA-3247509,R-HSA-6809371	2
behenoyl dihydrosphingomyelin (d18:0/22:0)	RM0135549	C45H93N2O6P	788.6771	Sphingolipids	Phosphosphingolipids	SM	44260132	CHEBI:89490	HMDB0012091	LMSP03010022		FONAXCRWZQFJHY-JCGOJSMZSA-N	CCCCCCCCCCCCCCCCCCCCCC(=O)N[C@@H](COP(=O)([O-])OCC[N+](C)(C)C)[C@@H](CCCCCCCCCCCCCCC)O	SM 18:0;O2/22:0								CHEBI:89490										CHEBI:89490							CHEBI:89490						CHEBI:64583	R-HSA-1660661	1
phenylpyruvate	RM0040766	C9H8O3	164.0473	Organic acids	Phenylpropanoids	Cinnamic acids	997	CHEBI:30851	HMDB0000205		C00166	BTNMPGBKDVTSJY-UHFFFAOYSA-N	c1ccc(cc1)CC(=O)C(=O)O	Phenylpyruvic acid			C00166	map01100,map01110,map01210,map01230,map00360,map00400,map00470,map00960,map01060	CHEBI:30851,CHEBI:26008	CHEBI:30851,CHEBI:26008	CHEBI:30851,CHEBI:26008	CHEBI:26008,CHEBI:30851	C00166	C00166	C00166	C00166			C00166	map01100,map01110,map01210,map01230,map00360,map00400,map00470,map00960,map01060	CHEBI:16815,CHEBI:18005,CHEBI:32815	CHEBI:16815,CHEBI:18005,CHEBI:26008,CHEBI:30851,CHEBI:32815	C00166,C02763	CHEBI:18005	R-HSA-8964208	C00166,C02763	map01100,map01110,map01210,map01230,map00360,map00400,map00470,map00960,map01060,map01100,map00360		CHEBI:16815,CHEBI:18005,CHEBI:26008,CHEBI:30851,CHEBI:32815	C00166,C02763	CHEBI:18005	R-HSA-8964208	C00166,C02763	map01100,map01110,map01210,map01230,map00360,map00400,map00470,map00960,map01060,map01100,map00360			0
2,3-dihydroxy-5-methylthio-4-pentenoate (DMTPA)	RM0073934	C6H10O4S	178.0300	Fatty Acyls	Fatty acids	Hydroxy FA	154603736		HMDB0240388			XMZBEAXQGSBWLG-BKDNXVRYSA-N	CS/C=C/[C@H]([C@H](C(=O)O)O)O	2,3-Dihydroxy-5-methylthio-4-pentenoic acid					CHEBI:233861	CHEBI:233861	CHEBI:233861	CHEBI:233861										CHEBI:233861							CHEBI:233861						CHEBI:24654	R-HSA-3000471,R-HSA-3000480,R-HSA-3000484,R-HSA-5686938	4
N-acetylglucosamine	RM0042984	C8H15NO6	221.0899	Carbohydrates	Monosaccharides	Amino sugars	439174	CHEBI:506227	HMDB0000215		C00140	OVRNDRQMDRJTHS-RTRLPJTCSA-N	CC(=O)N[C@@H]1[C@H]([C@@H]([C@@H](CO)OC1O)O)O	N-Acetylglucosamine			C00140	map01100,map01250,map00520,map02010,map02060	CHEBI:28009,CHEBI:59640	CHEBI:28009,CHEBI:59640	CHEBI:28009,CHEBI:59640	CHEBI:28009,CHEBI:59640,CHEBI:506227	C00140,C03878	C00140,C03878	C00140,C03878	C00140,C03878	CHEBI:28009,CHEBI:59640	R-HSA-166662,R-HSA-166663,R-HSA-2855086,R-HSA-6803157,R-HSA-8941413,R-HSA-6803157	C00140	map01100,map01250,map00520,map02010,map02060		CHEBI:28009,CHEBI:59640,CHEBI:506227	C00140,C03878	CHEBI:28009,CHEBI:59640	R-HSA-166662,R-HSA-166663,R-HSA-2855086,R-HSA-6803157,R-HSA-8941413,R-HSA-6803157	C00140	map01100,map01250,map00520,map02010,map02060	CHEBI:17411,CHEBI:44278	CHEBI:17411,CHEBI:28009,CHEBI:44278,CHEBI:59640,CHEBI:506227	C00140,C03878,C20328	CHEBI:17411,CHEBI:28009,CHEBI:59640	R-HSA-189085,R-HSA-2022857,R-HSA-2024096,R-HSA-2160916,R-HSA-3000480,R-HSA-446210,R-HSA-6803157,R-HSA-8853383,R-HSA-166662,R-HSA-166663,R-HSA-2855086,R-HSA-6803157,R-HSA-8941413,R-HSA-6803157	C00140	map01100,map01250,map00520,map02010,map02060			0
pro-hydroxy-pro	RM0136316	C10H16N2O4	228.1110	Organic acids	Amino acids and peptides	Dipeptides	11902893	CHEBI:74767	HMDB0006695			ONPXCLZMBSJLSP-CSMHCCOUSA-N	C1C[C@@H](C(=O)N2C[C@@H](C[C@H]2C(=O)O)O)NC1	Pro-hydroxyPro					CHEBI:133733	CHEBI:133733	CHEBI:133733	CHEBI:74767,CHEBI:133733										CHEBI:74767,CHEBI:133733							CHEBI:74767,CHEBI:133733						CHEBI:46761,CHEBI:90799	R-HSA-427975	1
1-methyl-5-imidazolelactate	RM0189057	C7H10N2O3	170.0691	Alkaloids	Histidine alkaloids	Imidazole alkaloids	165904486					MXETUSMIYKMMAT-UHFFFAOYSA-N	Cn1cncc1CC(C(=O)O)O	1-Methyl-5-imidazolelactate																																	0
2-methylbutyrylcarnitine (C5)	RM0154070	C12H23NO4	245.1627	Fatty Acyls	Fatty esters	Acyl carnitines	6426901	CHEBI:73026	HMDB0000378	LMFA07070034		IHCPDBBYTYJYIL-UHFFFAOYSA-N	CCC(C)C(=O)OC(CC(=O)[O-])C[N+](C)(C)C	CAR 4:0;2Me								CHEBI:73026										CHEBI:73026						CHEBI:84840	CHEBI:73026,CHEBI:84840								0
phosphatidylethanolamine (P-18:1/20:4, P-16:0/22:5n3)	-	-	-	-	-	-	-		-	-		-	-	-																																	0
4-methyl-2-oxopentanoate	RM0135977	C6H10O3	130.0630	Organic acids	Keto acids	Short-chain keto acids	70	CHEBI:48430	HMDB0000695		C00233	BKAJNAXTPSGJCU-UHFFFAOYSA-N	CC(C)CC(=O)C(=O)O	Ketoleucine			C00233	map01100,map01110,map01210,map01230,map00280,map00290,map00785,map00966	CHEBI:48430,CHEBI:17865	CHEBI:48430,CHEBI:17865	CHEBI:48430,CHEBI:17865	CHEBI:17865,CHEBI:48430	C00233	C00233	C00233	C00233	CHEBI:17865	R-HSA-70895,R-HSA-9859138,R-HSA-9865125	C00233	map01100,map01110,map01210,map01230,map00280,map00290,map00785,map00966		CHEBI:17865,CHEBI:48430	C00233	CHEBI:17865	R-HSA-70895,R-HSA-9859138,R-HSA-9865125	C00233	map01100,map01110,map01210,map01230,map00280,map00290,map00785,map00966		CHEBI:17865,CHEBI:48430	C00233	CHEBI:17865	R-HSA-70895,R-HSA-9859138,R-HSA-9865125	C00233	map01100,map01110,map01210,map01230,map00280,map00290,map00785,map00966			0
3-methoxycatechol sulfate	RM0186650	C7H8O6S	220.0042	Benzenoids	Phenols	Benzenetriols								3-Methoxycatechol sulfate					CHEBI:233875	CHEBI:233875	CHEBI:233875	CHEBI:233875										CHEBI:233875							CHEBI:233875								0
2-oleoyl-GPC (18:1)	RM0048633	C26H52NO7P	521.3481	Glycerophospholipids	Glycerophosphocholines	LPC								LPC 0:0/18:1						CHEBI:131740	CHEBI:131740	CHEBI:131740										CHEBI:131740							CHEBI:131740						CHEBI:60479	R-HSA-1483115,R-HSA-3000471,R-HSA-3000480,R-HSA-3000484,R-HSA-5686938,R-HSA-6814848	6
7-methylxanthine	RM0033054	C6H6N4O2	166.0491	Nucleic acids	Purines	Xanthines	68374	CHEBI:48991	HMDB0001991		C16353	PFWLFWPASULGAN-UHFFFAOYSA-N	Cn1cnc2c1c(=O)[nH]c(=O)[nH]2	7-Methylxanthine			C16353	map01100,map01110,map01120,map00232	CHEBI:48991	CHEBI:48991	CHEBI:48991	CHEBI:48991	C16353	C16353	C16353	C16353			C16353	map01100,map01110,map01120,map00232		CHEBI:48991	C16353			C16353	map01100,map01110,map01120,map00232		CHEBI:48991	C16353			C16353	map01100,map01110,map01120,map00232			0
2-hydroxysebacate	RM0153116	C10H18O5	218.1154	Fatty Acyls	Fatty acids	Dicarboxylic acids	128458	CHEBI:89312	HMDB0000424	LMFA01170076		LPIOYESQKJFWPQ-UHFFFAOYSA-N	C(CCCC(C(=O)O)O)CCCC(=O)O	2-Hydroxy-decanedioic acid					CHEBI:89312	CHEBI:89312	CHEBI:89312	CHEBI:89312										CHEBI:89312							CHEBI:89312								0
laurate (12:0)	RM0149943	C12H24O2	200.1776	Fatty Acyls	Fatty acids	Saturated FA	3893	CHEBI:30805	HMDB0000638	LMFA01010012	C02679	POULHZVOKOAJMA-UHFFFAOYSA-N	CCCCCCCCCCCC(=O)O	Lauric acid			C02679	map01100,map01110,map00061,map00333	CHEBI:30805,CHEBI:30805,CHEBI:30805	CHEBI:30805,CHEBI:30805,CHEBI:30805	CHEBI:30805,CHEBI:30805,CHEBI:30805	CHEBI:30805	C02679	C02679	C02679	C02679			C02679	map01100,map01110,map00061,map00333	CHEBI:18262	CHEBI:18262,CHEBI:30805	C02679	CHEBI:18262	R-HSA-112310,R-HSA-211935,R-HSA-381753,R-HSA-381753,R-HSA-381771,R-HSA-400511,R-HSA-416476,R-HSA-434316,R-HSA-444209,R-HSA-5619108,R-HSA-804914	C02679	map01100,map01110,map00061,map00333		CHEBI:18262,CHEBI:30805	C02679	CHEBI:18262	R-HSA-112310,R-HSA-211935,R-HSA-381753,R-HSA-381753,R-HSA-381771,R-HSA-400511,R-HSA-416476,R-HSA-434316,R-HSA-444209,R-HSA-5619108,R-HSA-804914	C02679	map01100,map01110,map00061,map00333			0
sulfate of piperine metabolite C18H21NO3	-	-	-	-	-	-	-		-	-		-	-	-																																	0
N6-acetyllysine	RM0135910	C8H16N2O3	188.1161	Organic acids	Amino acids and peptides	Amino acids	92832	CHEBI:17752	HMDB0000206		C02727	DTERQYGMUDWYAZ-ZETCQYMHSA-N	CC(=O)NCCCC[C@@H](C(=O)O)N	N6-Acetyllysine			C02727	map01100,map00310				CHEBI:17752	C02727	C02727	C02727	C02727			C02727	map01100,map00310	CHEBI:58260	CHEBI:17752,CHEBI:58260	C02727			C02727	map01100,map00310		CHEBI:17752,CHEBI:58260	C02727			C02727	map01100,map00310	CHEBI:33575	R-HSA-6809371	1
1-palmityl-2-arachidonoyl-GPC (O-16:0/20:4)	RM0053653	C44H82NO7P	767.5829	Glycerophospholipids	Glycerophosphocholines	O-PC								PC O-16:0/20:4					CHEBI:138448	CHEBI:138448,CHEBI:138448,CHEBI:55430	CHEBI:138448,CHEBI:55430	CHEBI:55430,CHEBI:138448										CHEBI:55430,CHEBI:138448							CHEBI:55430,CHEBI:138448						CHEBI:36313	R-HSA-1482788	1
taurodeoxycholate	RM0135855	C26H45NO6S	499.2968	Sterol Lipids	Bile acids	C24 bile acids	2733768	CHEBI:9410	HMDB0000896	LMST05040013	C05463	AWDRATDZQPNJFN-VAYUFCLWSA-N	C[C@H](CCC(=O)NCCS(=O)(=O)O)[C@H]1CC[C@H]2[C@@H]3CC[C@@H]4C[C@@H](CC[C@]4(C)[C@H]3C[C@@H]([C@]12C)O)O	Taurodeoxycholic acid					CHEBI:9410,CHEBI:36261	CHEBI:9410,CHEBI:36261	CHEBI:9410,CHEBI:36261	CHEBI:9410,CHEBI:36261	C05463	C05463	C05463	C05463						CHEBI:9410,CHEBI:36261	C05463					CHEBI:192787	CHEBI:9410,CHEBI:36261,CHEBI:192787	C05463					CHEBI:25696,CHEBI:35341	R-HSA-196071,R-HSA-382556,R-HSA-428643,R-HSA-5690338	4
glycine conjugate of C10H14O2	-	-	-	-	-	-	-		-	-		-	-	-																																	0
sphinganine	RM0135445	C18H39NO2	301.2981	Sphingolipids	Sphingoid bases	Sphinganines	91486	CHEBI:16566	HMDB0000269	LMSP01020001	C00836	OTKJDMGTUTTYMP-ZWKOTPCHSA-N	CCCCCCCCCCCCCCC[C@H]([C@H](CO)N)O	Sphinganine			C00836	map01100,map00600,map04071,map04382	CHEBI:16566,CHEBI:16566,CHEBI:57817	CHEBI:16566,CHEBI:16566,CHEBI:57817	CHEBI:16566,CHEBI:16566,CHEBI:57817	CHEBI:16566,CHEBI:57817	C00836	C00836	C00836	C00836			C00836	map01100,map00600,map04071,map04382		CHEBI:16566,CHEBI:57817	C00836			C00836	map01100,map00600,map04071,map04382		CHEBI:16566,CHEBI:57817	C00836			C00836	map01100,map00600,map04071,map04382	CHEBI:35785,CHEBI:84410	R-HSA-1660661,R-HSA-5218921,R-HSA-9009391,R-HSA-9840310,R-HSA-9845614	5
1,2-dilinoleoyl-GPE (18:2/18:2)	RM0008639	C41H74NO8P	739.5152	Glycerophospholipids	Glycerophosphoethanolamines	PE								PE 18:2/18:2						CHEBI:136176,CHEBI:84846,CHEBI:84848	CHEBI:136176,CHEBI:84846,CHEBI:84848	CHEBI:84846,CHEBI:84848,CHEBI:136176									CHEBI:172403	CHEBI:84846,CHEBI:84848,CHEBI:136176,CHEBI:172403							CHEBI:84846,CHEBI:84848,CHEBI:136176,CHEBI:172403						CHEBI:36314	R-HSA-1482788	1
N-(2-furoyl)glycine	RM0157457	C7H7NO4	169.0375	Organic acids	Amino acids and peptides	Amino acids	21863	CHEBI:82912	HMDB0000439			KSPQDMRTZZYQLM-UHFFFAOYSA-N	c1cc(C(=O)NCC(=O)O)oc1	2-Furoylglycine					CHEBI:82912	CHEBI:82912	CHEBI:82912	CHEBI:82912									CHEBI:133665	CHEBI:82912,CHEBI:133665							CHEBI:82912,CHEBI:133665						CHEBI:33575	R-HSA-6809371	1
hydroxy-N6,N6,N6-trimethyllysine	RM0136098	C9H21N2O3	205.1552	Organic acids	Amino acids and peptides	Amino acids	439460	CHEBI:15786	HMDB0001422		C01259	ZRJHLGYVUCPZNH-MQWKRIRWSA-O	C[N+](C)(C)CCCC([C@@H](C(=O)O)N)O	3-Hydroxy-N6,N6,N6-trimethyl-lysine			C01259	map01100,map00310				CHEBI:15786	C01259	C01259	C01259	C01259			C01259	map01100,map00310	CHEBI:57515	CHEBI:15786,CHEBI:57515	C01259			C01259	map01100,map00310	CHEBI:141499	CHEBI:15786,CHEBI:57515,CHEBI:141499	C01259	CHEBI:141499	R-HSA-71262	C01259	map01100,map00310			0
myo-inositol	RM0136735	C6H12O6	180.0634	Organic oxygen compounds	Alcohols and polyols	Inositols	892	CHEBI:17268	HMDB0000211		C00137	CDAISMWEOUEBRE-GPIVLXJGSA-N	[C@@H]1([C@@H]([C@H]([C@@H]([C@H]([C@H]1O)O)O)O)O)O	Myo-inositol	CHEBI:17268	R-HSA-1483226,R-HSA-1855183,R-HSA-429593,R-HSA-6814848	C00137	map01100,map01110,map01120,map01250,map00052,map00053,map00562,map00521,map02010,map04070	CHEBI:17268,CHEBI:17268	CHEBI:17268,CHEBI:17268	CHEBI:17268,CHEBI:17268	CHEBI:17268	C00137	C00137	C00137	C00137	CHEBI:17268	R-HSA-1483226,R-HSA-1855183,R-HSA-429593,R-HSA-6814848	C00137	map01100,map01110,map01120,map01250,map00052,map00053,map00562,map00521,map02010,map04070		CHEBI:17268	C00137	CHEBI:17268	R-HSA-1483226,R-HSA-1855183,R-HSA-429593,R-HSA-6814848	C00137	map01100,map01110,map01120,map01250,map00052,map00053,map00562,map00521,map02010,map04070		CHEBI:17268	C00137	CHEBI:17268	R-HSA-1483226,R-HSA-1855183,R-HSA-429593,R-HSA-6814848	C00137	map01100,map01110,map01120,map01250,map00052,map00053,map00562,map00521,map02010,map04070			0
gamma-glutamylphenylalanine	RM0020395	C14H18N2O5	294.1216	Organic acids	Amino acids and peptides	Dipeptides	111299	CHEBI:89582	HMDB0000594			XHHOHZPNYFQJKL-QWRGUYRKSA-N	c1ccc(cc1)C[C@@H](C(=O)O)NC(=O)CC[C@@H](C(=O)O)N	gamma-Glutamylphenylalanine					CHEBI:82966,CHEBI:89582,CHEBI:89582	CHEBI:82966,CHEBI:89582,CHEBI:89582	CHEBI:82966,CHEBI:89582,CHEBI:89582	CHEBI:82966,CHEBI:89582									CHEBI:133692	CHEBI:82966,CHEBI:89582,CHEBI:133692							CHEBI:82966,CHEBI:89582,CHEBI:133692						CHEBI:46761	R-HSA-427975	1
sphingomyelin (d18:0/20:0, d16:0/22:0)	RM0134102	C43H89N2O6P	760.6458	Sphingolipids	Phosphosphingolipids	SM								SM 38:0;O2																																	0
2-hydroxyoctanoate	RM0155767	C8H16O3	160.1099	Fatty Acyls	Fatty acids	Hydroxy FA	94180	CHEBI:86543	HMDB0000711	LMFA01050020		JKRDADVRIYVCCY-UHFFFAOYSA-N	CCCCCCC(C(=O)O)O	2-Hydroxyoctanoic acid					CHEBI:86543,CHEBI:133514	CHEBI:86543,CHEBI:133514	CHEBI:86543,CHEBI:133514	CHEBI:86543,CHEBI:133514										CHEBI:86543,CHEBI:133514						CHEBI:232387	CHEBI:86543,CHEBI:133514,CHEBI:232387						CHEBI:24654,CHEBI:28868	R-HSA-1222387,R-HSA-1222556,R-HSA-1483191,R-HSA-167826,R-HSA-3000471,R-HSA-3000480,R-HSA-3000484,R-HSA-5686938,R-HSA-8941413,R-HSA-9840310,R-HSA-9845614	11
N-formylphenylalanine	RM0052734	C10H11NO3	193.0739	Organic acids	Amino acids and peptides	Amino acids	759256	CHEBI:133534	HMDB0240317			NSTPXGARCQOSAU-VIFPVBQESA-N	c1ccc(cc1)C[C@@H](C(=O)O)NC=O	N-Formylphenylalanine					CHEBI:133534,CHEBI:133536	CHEBI:133534,CHEBI:133536	CHEBI:133534,CHEBI:133536	CHEBI:133534,CHEBI:133536										CHEBI:133534,CHEBI:133536							CHEBI:133534,CHEBI:133536						CHEBI:25696,CHEBI:33575	R-HSA-382556,R-HSA-428643,R-HSA-5690338,R-HSA-6809371	4
3-formylindole	RM0170863	C9H7NO	145.0528	Alkaloids	Tryptophan alkaloids	Simple indole alkaloids	10256	CHEBI:28238	HMDB0029737		C08493	OLNJUISKUQQNIM-UHFFFAOYSA-N	c1ccc2c(c1)c(c[nH]2)C=O	1H-Indole-3-carboxaldehyde					CHEBI:28238	CHEBI:28238	CHEBI:28238	CHEBI:28238	C08493	C08493	C08493	C08493						CHEBI:28238	C08493						CHEBI:28238	C08493							0
N4-acetylcytidine	RM0136296	C11H15N3O6	285.0961	Nucleic acids	Pyrimidines	Pyrimidine ribonucleosides	107461	CHEBI:70989	HMDB0005923			NIDVTARKFBZMOT-PEBGCTIMSA-N	CC(=O)Nc1ccn([C@H]2[C@@H]([C@@H]([C@@H](CO)O2)O)O)c(=O)n1	N4-Acetylcytidine								CHEBI:70989										CHEBI:70989							CHEBI:70989								0
galactonate	RM0013490	C6H12O7	196.0583	Carbohydrates	Monosaccharides	Sugar acids	128869	CHEBI:16534	HMDB0000565		C00880	RGHNJXZEOKUKBD-MGCNEYSASA-N	C([C@H]([C@@H]([C@@H]([C@H](C(=O)O)O)O)O)O)O	Galactonic acid			C00880	map01100,map01120,map00052	CHEBI:24149,CHEBI:24148	CHEBI:24149,CHEBI:24148	CHEBI:24149,CHEBI:24148	CHEBI:16534,CHEBI:24148,CHEBI:24149	C00880	C00880	C00880	C00880			C00880	map01100,map01120,map00052	CHEBI:12931,CHEBI:37425,CHEBI:53071	CHEBI:12931,CHEBI:16534,CHEBI:24148,CHEBI:24149,CHEBI:37425,CHEBI:53071	C00880,C15930			C00880,C15930	map01100,map01120,map00052,map01100,map01120,map01240,map00040,map00053		CHEBI:12931,CHEBI:16534,CHEBI:24148,CHEBI:24149,CHEBI:37425,CHEBI:53071	C00880,C15930			C00880,C15930	map01100,map01120,map00052,map01100,map01120,map01240,map00040,map00053	CHEBI:25696,CHEBI:33575	R-HSA-382556,R-HSA-428643,R-HSA-5690338,R-HSA-6809371	4
1-stearoyl-2-dihomo-linolenoyl-GPC (18:0/20:3n3 or 6)	RM0162198	C46H86NO8P	811.6091	Glycerophospholipids	Glycerophosphocholines	PC								PC 18:0/20:3						CHEBI:136064,CHEBI:86176,CHEBI:86177,CHEBI:89953,CHEBI:89956	CHEBI:136064,CHEBI:86176,CHEBI:86177,CHEBI:89953,CHEBI:89956	CHEBI:86176,CHEBI:86177,CHEBI:89953,CHEBI:89956,CHEBI:136064										CHEBI:86176,CHEBI:86177,CHEBI:89953,CHEBI:89956,CHEBI:136064							CHEBI:86176,CHEBI:86177,CHEBI:89953,CHEBI:89956,CHEBI:136064						CHEBI:36313,CHEBI:57643	R-HSA-111995,R-HSA-1369062,R-HSA-1482788,R-HSA-1482798,R-HSA-1482839,R-HSA-1483101,R-HSA-1483148,R-HSA-1483166,R-HSA-1483191,R-HSA-1483196,R-HSA-1660661,R-HSA-2029485,R-HSA-2142753,R-HSA-382556,R-HSA-5678771,R-HSA-5683678,R-HSA-5683826,R-HSA-5688399,R-HSA-6811436,R-HSA-8964058,R-HSA-9680350	21
glucuronide of piperine metabolite C17H21NO3	-	-	-	-	-	-	-		-	-		-	-	-																																	0
tryptophan	RM0136024	C11H12N2O2	204.0899	Organic acids	Amino acids and peptides	Amino acids	6305	CHEBI:16828	HMDB0000929		C00078	QIVBCDIJIAJPQS-VIFPVBQESA-N	c1ccc2c(c1)c(C[C@@H](C(=O)O)N)c[nH]2	Tryptophan			C00078	map01100,map01110,map01210,map01230,map01240,map00260,map00380,map00400,map00901,map00996,map00966,map00404,map00999,map00997,map01060,map01061,map01063,map01070,map00970,map04974,map04978,map04726,map04361,map05230,map05143	CHEBI:16828,CHEBI:16828,CHEBI:16828,CHEBI:27897,CHEBI:27897,CHEBI:57719,CHEBI:57912	CHEBI:16828,CHEBI:16828,CHEBI:16828,CHEBI:27897,CHEBI:27897,CHEBI:57719,CHEBI:57912	CHEBI:16828,CHEBI:16828,CHEBI:16828,CHEBI:27897,CHEBI:27897,CHEBI:57719,CHEBI:57912	CHEBI:16828,CHEBI:27897,CHEBI:57719,CHEBI:57912	C00078,C00806	C00078,C00806	C00078,C00806	C00078,C00806	CHEBI:57912	R-HSA-209931,R-HSA-352230,R-HSA-379716,R-HSA-379726,R-HSA-442660,R-HSA-5619044,R-HSA-5619094,R-HSA-5659735,R-HSA-71240	C00078	map01100,map01110,map01210,map01230,map01240,map00260,map00380,map00400,map00901,map00996,map00966,map00404,map00999,map00997,map01060,map01061,map01063,map01070,map00970,map04974,map04978,map04726,map04361,map05230,map05143	CHEBI:16296,CHEBI:32702,CHEBI:32704,CHEBI:32716,CHEBI:32717,CHEBI:32727,CHEBI:32728,CHEBI:64554	CHEBI:16296,CHEBI:16828,CHEBI:27897,CHEBI:32702,CHEBI:32704,CHEBI:32716,CHEBI:32717,CHEBI:32727,CHEBI:32728,CHEBI:57719,CHEBI:57912,CHEBI:64554	C00078,C00525,C00806	CHEBI:16296,CHEBI:57912	R-HSA-418594,R-HSA-420499,R-HSA-9717207,R-HSA-9717207,R-HSA-209931,R-HSA-352230,R-HSA-379716,R-HSA-379726,R-HSA-442660,R-HSA-5619044,R-HSA-5619094,R-HSA-5659735,R-HSA-71240	C00078	map01100,map01110,map01210,map01230,map01240,map00260,map00380,map00400,map00901,map00996,map00966,map00404,map00999,map00997,map01060,map01061,map01063,map01070,map00970,map04974,map04978,map04726,map04361,map05230,map05143		CHEBI:16296,CHEBI:16828,CHEBI:27897,CHEBI:32702,CHEBI:32704,CHEBI:32716,CHEBI:32717,CHEBI:32727,CHEBI:32728,CHEBI:57719,CHEBI:57912,CHEBI:64554	C00078,C00525,C00806	CHEBI:16296,CHEBI:57912	R-HSA-418594,R-HSA-420499,R-HSA-9717207,R-HSA-9717207,R-HSA-209931,R-HSA-352230,R-HSA-379716,R-HSA-379726,R-HSA-442660,R-HSA-5619044,R-HSA-5619094,R-HSA-5659735,R-HSA-71240	C00078	map01100,map01110,map01210,map01230,map01240,map00260,map00380,map00400,map00901,map00996,map00966,map00404,map00999,map00997,map01060,map01061,map01063,map01070,map00970,map04974,map04978,map04726,map04361,map05230,map05143			0
erythronate	RM0041611	C4H8O5	136.0372	Carbohydrates	Monosaccharides	Sugar acids	2781043	CHEBI:37655	HMDB0000613			JPIJQSOTBSSVTP-PWNYCUMCSA-N	C([C@H]([C@H](C(=O)O)O)O)O	Erythronic acid					CHEBI:37654,CHEBI:37655,CHEBI:133792	CHEBI:37654,CHEBI:37655,CHEBI:133792	CHEBI:37654,CHEBI:37655,CHEBI:133792	CHEBI:37654,CHEBI:37655,CHEBI:133792									CHEBI:49058,CHEBI:136591	CHEBI:37654,CHEBI:37655,CHEBI:49058,CHEBI:133792,CHEBI:136591							CHEBI:37654,CHEBI:37655,CHEBI:49058,CHEBI:133792,CHEBI:136591						CHEBI:24654,CHEBI:25696	R-HSA-3000471,R-HSA-3000480,R-HSA-3000484,R-HSA-382556,R-HSA-428643,R-HSA-5686938,R-HSA-5690338	7
fumarate	RM0135891	C4H4O4	116.0110	Organic acids	TCA acids	TCA acids	444972	CHEBI:18012	HMDB0000134		C00122	VZCYOOQTPOCHFL-OWOJBTEDSA-N	C(=C\C(=O)O)/C(=O)O	Fumaric acid			C00122	map01100,map01110,map01120,map01200,map01220,map00020,map00620,map00650,map00190,map00720,map00250,map00220,map00350,map00360,map00760,map00643,map01060,map01061,map01062,map01063,map01064,map01065,map01066,map01070,map02020,map04922,map05200,map05230,map05211	CHEBI:18012,CHEBI:18012,CHEBI:18012,CHEBI:29806,CHEBI:29806	CHEBI:18012,CHEBI:18012,CHEBI:18012,CHEBI:29806,CHEBI:29806	CHEBI:18012,CHEBI:18012,CHEBI:18012,CHEBI:29806	CHEBI:18012,CHEBI:29806	C00122	C00122	C00122	C00122	CHEBI:29806	R-HSA-611105,R-HSA-70268,R-HSA-70635,R-HSA-71403,R-HSA-73817,R-HSA-8963684,R-HSA-9854311	C00122	map01100,map01110,map01120,map01200,map01220,map00020,map00620,map00650,map00190,map00720,map00250,map00220,map00350,map00360,map00760,map00643,map01060,map01061,map01062,map01063,map01064,map01065,map01066,map01070,map02020,map04922,map05200,map05230,map05211	CHEBI:37154	CHEBI:18012,CHEBI:29806,CHEBI:37154	C00122	CHEBI:29806	R-HSA-611105,R-HSA-70268,R-HSA-70635,R-HSA-71403,R-HSA-73817,R-HSA-8963684,R-HSA-9854311	C00122	map01100,map01110,map01120,map01200,map01220,map00020,map00620,map00650,map00190,map00720,map00250,map00220,map00350,map00360,map00760,map00643,map01060,map01061,map01062,map01063,map01064,map01065,map01066,map01070,map02020,map04922,map05200,map05230,map05211		CHEBI:18012,CHEBI:29806,CHEBI:37154	C00122	CHEBI:29806	R-HSA-611105,R-HSA-70268,R-HSA-70635,R-HSA-71403,R-HSA-73817,R-HSA-8963684,R-HSA-9854311	C00122	map01100,map01110,map01120,map01200,map01220,map00020,map00620,map00650,map00190,map00720,map00250,map00220,map00350,map00360,map00760,map00643,map01060,map01061,map01062,map01063,map01064,map01065,map01066,map01070,map02020,map04922,map05200,map05230,map05211			0
1-palmityl-2-stearoyl-GPC (O-16:0/18:0)	RM0135058	C42H86NO7P	747.6142	Glycerophospholipids	Glycerophosphocholines	O-PC	11803170	CHEBI:86229	HMDB0013405	LMGP01020033		PXPSGTINXJQLBR-VQJSHJPSSA-N	CCCCCCCCCCCCCCCCCC(=O)O[C@H](COCCCCCCCCCCCCCCCC)COP(=O)([O-])OCC[N+](C)(C)C	PC O-16:0/18:0						CHEBI:86229	CHEBI:86229	CHEBI:86229										CHEBI:86229							CHEBI:86229						CHEBI:36313	R-HSA-1482788	1
vanillactate	RM0161369	C10H12O5	212.0685	Organic acids	Phenylpropanoids	Cinnamic acids	160637	CHEBI:88526	HMDB0000913			SVYIZYRTOYHQRE-UHFFFAOYSA-N	COc1cc(ccc1O)CC(C(=O)O)O	Vanillactic acid					CHEBI:88526	CHEBI:88526	CHEBI:88526	CHEBI:88526										CHEBI:88526							CHEBI:88526						CHEBI:33575	R-HSA-6809371	1
theobromine	RM0159435	C7H8N4O2	180.0647	Nucleic acids	Purines	Xanthines	5429	CHEBI:28946	HMDB0002825		C07480	YAPQBXQYLJRXSA-UHFFFAOYSA-N	Cn1cnc2c1c(=O)[nH]c(=O)n2C	Theobromine			C07480	map01100,map01110,map01120,map00232,map01060,map01065	CHEBI:28946,CHEBI:28946,CHEBI:28946	CHEBI:28946,CHEBI:28946,CHEBI:28946	CHEBI:28946,CHEBI:28946,CHEBI:28946	CHEBI:28946	C07480	C07480	C07480	C07480			C07480	map01100,map01110,map01120,map00232,map01060,map01065		CHEBI:28946	C07480			C07480	map01100,map01110,map01120,map00232,map01060,map01065		CHEBI:28946	C07480			C07480	map01100,map01110,map01120,map00232,map01060,map01065			0
mannose	RM0135630	C6H12O6	180.0634	Carbohydrates	Monosaccharides	Hexoses	18950	CHEBI:4208	HMDB0000169		C00159	WQZGKKKJIJFFOK-QTVWNMPRSA-N	C([C@@H]1[C@H]([C@@H]([C@@H](C(O)O1)O)O)O)O	Mannose	CHEBI:4208	R-HSA-189200,R-HSA-3000480,R-HSA-446205,R-HSA-8853383,R-HSA-901032,R-HSA-964827,R-HSA-975578	C00159	map01100,map01250,map00051,map00052,map00520,map02010,map02060,map04142,map04625	CHEBI:37684	CHEBI:37684	CHEBI:37684	CHEBI:4208,CHEBI:37684	C00159	C00159	C00159	C00159	CHEBI:4208	R-HSA-189200,R-HSA-3000480,R-HSA-446205,R-HSA-8853383,R-HSA-901032,R-HSA-964827,R-HSA-975578	C00159	map01100,map01250,map00051,map00052,map00520,map02010,map02060,map04142,map04625		CHEBI:4208,CHEBI:37684	C00159	CHEBI:4208	R-HSA-189200,R-HSA-3000480,R-HSA-446205,R-HSA-8853383,R-HSA-901032,R-HSA-964827,R-HSA-975578	C00159	map01100,map01250,map00051,map00052,map00520,map02010,map02060,map04142,map04625	CHEBI:16024,CHEBI:28563,CHEBI:28729,CHEBI:37675,CHEBI:37676,CHEBI:37677,CHEBI:37679,CHEBI:37680,CHEBI:37681,CHEBI:37682,CHEBI:37683,CHEBI:146876,CHEBI:148580,CHEBI:149536,CHEBI:152296,CHEBI:152562,CHEBI:153460	CHEBI:4208,CHEBI:16024,CHEBI:28563,CHEBI:28729,CHEBI:37675,CHEBI:37676,CHEBI:37677,CHEBI:37679,CHEBI:37680,CHEBI:37681,CHEBI:37682,CHEBI:37683,CHEBI:37684,CHEBI:146876,CHEBI:148580,CHEBI:149536,CHEBI:152296,CHEBI:152562,CHEBI:153460	C00159,C00936,C02209	CHEBI:4208,CHEBI:16024	R-HSA-189200,R-HSA-3000480,R-HSA-446205,R-HSA-8853383,R-HSA-901032,R-HSA-964827,R-HSA-975578,R-HSA-9638630	C00159	map01100,map01250,map00051,map00052,map00520,map02010,map02060,map04142,map04625			0
1-palmitoleoylglycerol (16:1)	RM0012710	C19H36O4	328.2614	Glycerolipids	Monoradylglycerols	MAG								MG 16:1						CHEBI:133596,CHEBI:87253	CHEBI:133596,CHEBI:87253	CHEBI:87253,CHEBI:133596										CHEBI:87253,CHEBI:133596						CHEBI:87254,CHEBI:134139	CHEBI:87253,CHEBI:87254,CHEBI:133596,CHEBI:134139						CHEBI:17408	R-HSA-1482883,R-HSA-1483206,R-HSA-192456,R-HSA-6814848	4
pregnenediol sulfate (C21H34O5S)	-	-	-	-	-	-	-		-	-		-	-	-																																	0
5-hydroxyhexanoate	RM0139474	C6H12O3	132.0786	Fatty Acyls	Fatty acids	Hydroxy FA	170748	CHEBI:131434	HMDB0000525	LMFA01050014		YDCRNMJQROAWFT-UHFFFAOYSA-N	CC(CCCC(=O)O)O	5-Hydroxycaproic acid					CHEBI:131434,CHEBI:132985	CHEBI:131434,CHEBI:132985	CHEBI:131434,CHEBI:132985	CHEBI:131434,CHEBI:132985										CHEBI:131434,CHEBI:132985							CHEBI:131434,CHEBI:132985						CHEBI:28868,CHEBI:59554	R-HSA-1222387,R-HSA-1222556,R-HSA-1483191,R-HSA-167826,R-HSA-390247,R-HSA-77289,R-HSA-8941413,R-HSA-9840310,R-HSA-9845614	9
arabitol	RM0135975	C5H12O5	152.0685	Carbohydrates	Monosaccharides	Sugar alcohols	94154	CHEBI:18333	HMDB0000568		C01904	HEBKCHPVOIAQTA-QWWZWVQMSA-N	C([C@H]([C@@H]([C@@H](CO)O)O)O)O	Arabitol			C01904	map01100,map00040	CHEBI:22605	CHEBI:22605	CHEBI:22605	CHEBI:18333,CHEBI:22605	C01904	C01904	C01904	C01904			C01904	map01100,map00040	CHEBI:18403	CHEBI:18333,CHEBI:18403,CHEBI:22605	C00532,C01904			C00532,C01904	map01100,map00040,map01100,map00040		CHEBI:18333,CHEBI:18403,CHEBI:22605	C00532,C01904			C00532,C01904	map01100,map00040,map01100,map00040			0
2-hydroxy-3-methylvalerate	RM0155806	C6H12O3	132.0786	Fatty Acyls	Fatty acids	Hydroxy FA	10796774	CHEBI:89228	HMDB0000317	LMFA01050380		RILPIWOPNGRASR-RFZPGFLSSA-N	CC[C@@H](C)[C@H](C(=O)O)O	2-Hydroxy-3-methyl-pentanoic acid					CHEBI:89228,CHEBI:133082,CHEBI:133085	CHEBI:89228,CHEBI:133082,CHEBI:133085	CHEBI:89228,CHEBI:133082,CHEBI:133085	CHEBI:89228,CHEBI:133082,CHEBI:133085									CHEBI:133083	CHEBI:89228,CHEBI:133082,CHEBI:133083,CHEBI:133085						CHEBI:55536,CHEBI:55537,CHEBI:232388	CHEBI:55536,CHEBI:55537,CHEBI:89228,CHEBI:133082,CHEBI:133083,CHEBI:133085,CHEBI:232388						CHEBI:24654,CHEBI:28868,CHEBI:35366,CHEBI:76177	R-HSA-1222387,R-HSA-1222556,R-HSA-1482883,R-HSA-1483191,R-HSA-1660661,R-HSA-167826,R-HSA-3000471,R-HSA-3000480,R-HSA-3000484,R-HSA-422085,R-HSA-426048,R-HSA-5686938,R-HSA-6809371,R-HSA-6811436,R-HSA-8941413,R-HSA-8963889,R-HSA-8964038,R-HSA-9840310,R-HSA-9845614	19
2,4-di-tert-butylphenol	RM0053030	C14H22O	206.1671	Benzenoids	Benzenes	Phenylpropanes	7311	CHEBI:89188	HMDB0013816			ICKWICRCANNIBI-UHFFFAOYSA-N	CC(C)(C)c1ccc(c(c1)C(C)(C)C)O	2,4-Ditert-butylphenol					CHEBI:89188	CHEBI:89188	CHEBI:89188	CHEBI:89188										CHEBI:89188							CHEBI:89188								0
sphingomyelin (d17:2/16:0, d18:2/15:0)	RM0059831	C38H75N2O6P	686.5363	Sphingolipids	Phosphosphingolipids	SM								SM 33:2;O2																																	0
N-acetyltyrosine	RM0136012	C11H13NO4	223.0845	Organic acids	Amino acids and peptides	Amino acids	68310	CHEBI:21563	HMDB0000866		C01657	CAHKINHBCWCHCF-JTQLQIEISA-N	CC(=O)N[C@@H](Cc1ccc(cc1)O)C(=O)O	N-Acetyltyrosine					CHEBI:21563,CHEBI:68561	CHEBI:21563,CHEBI:68561	CHEBI:21563,CHEBI:68561	CHEBI:21563,CHEBI:68561	C01657	C01657	C01657	C01657					CHEBI:133591	CHEBI:21563,CHEBI:68561,CHEBI:133591	C01657						CHEBI:21563,CHEBI:68561,CHEBI:133591	C01657					CHEBI:33575	R-HSA-6809371	1
dimethylarginine (SDMA + ADMA)	RM0131870	C8H18N4O2	202.1430	Organic acids	Amino acids and peptides	Amino acids	123831	CHEBI:17929	HMDB0001539		C03626	YDGMGEXADBMOMJ-LURJTMIESA-N	CN(C)C(=N)NCCC[C@@H](C(=O)O)N	Dimethylarginine					CHEBI:86468	CHEBI:86468	CHEBI:86468	CHEBI:17929,CHEBI:86468	C03626	C03626	C03626	C03626					CHEBI:58326,CHEBI:133775	CHEBI:17929,CHEBI:58326,CHEBI:86468,CHEBI:133775	C03626	CHEBI:58326	R-HSA-203615,R-HSA-5218920,R-HSA-9009391			CHEBI:25682,CHEBI:61914,CHEBI:197308	CHEBI:17929,CHEBI:25682,CHEBI:58326,CHEBI:61914,CHEBI:86468,CHEBI:133775,CHEBI:197308	C03626	CHEBI:58326	R-HSA-203615,R-HSA-5218920,R-HSA-9009391					0
10-heptadecenoate (17:1n7)	RM0152615	C17H32O2	268.2402	Fatty Acyls	Fatty acids	Unsaturated FA	5312435	CHEBI:75094	HMDB0060038	LMFA01030283		GDTXICBNEOEPAZ-FPLPWBNLSA-N	CCCCCC/C=C\CCCCCCCCC(=O)O	10Z-Heptadecenoic acid					CHEBI:75094	CHEBI:75094	CHEBI:75094	CHEBI:75094									CHEBI:78990	CHEBI:75094,CHEBI:78990							CHEBI:75094,CHEBI:78990						CHEBI:15904	R-HSA-1369062,R-HSA-192456,R-HSA-3000471,R-HSA-390247,R-HSA-5684045,R-HSA-77289,R-HSA-8963901,R-HSA-8964058,R-HSA-975634	9
glycodeoxycholate	RM0125880	C26H43NO5	449.3141	Sterol Lipids	Bile acids	C24 bile acids	3035026	CHEBI:27471	HMDB0000631	LMST05030006	C05464	WVULKSPCQVQLCU-BUXLTGKBSA-N	C[C@H](CCC(=O)NCC(=O)O)[C@H]1CC[C@H]2[C@@H]3CC[C@@H]4C[C@@H](CC[C@]4(C)[C@H]3C[C@@H]([C@]12C)O)O	Glycodeoxycholic acid					CHEBI:27471,CHEBI:82982	CHEBI:27471,CHEBI:82982	CHEBI:27471,CHEBI:82982	CHEBI:27471,CHEBI:82982	C05464	C05464	C05464	C05464						CHEBI:27471,CHEBI:82982	C05464					CHEBI:192784	CHEBI:27471,CHEBI:82982,CHEBI:192784	C05464					CHEBI:25696,CHEBI:35341	R-HSA-196071,R-HSA-382556,R-HSA-428643,R-HSA-5690338	4
1-methyl-4-imidazoleacetate	RM0138952	C6H8N2O2	140.0586	Alkaloids	Histidine alkaloids	Imidazole alkaloids	75810	CHEBI:1606	HMDB0002820		C05828	ZHCKPJGJQOPTLB-UHFFFAOYSA-N	Cn1cc(CC(=O)O)nc1	Methylimidazoleacetic acid			C05828	map01100,map00340	CHEBI:1606,CHEBI:132918	CHEBI:1606,CHEBI:132918	CHEBI:1606,CHEBI:132918	CHEBI:1606,CHEBI:132918	C05828	C05828	C05828	C05828			C05828	map01100,map00340		CHEBI:1606,CHEBI:132918	C05828			C05828	map01100,map00340		CHEBI:1606,CHEBI:132918	C05828			C05828	map01100,map00340	CHEBI:25696,CHEBI:33575	R-HSA-382556,R-HSA-428643,R-HSA-5690338,R-HSA-6809371	4
4-allylphenol sulfate	RM0156512	C9H10O4S	214.0300	Organic acids	Phenylpropanoids	Cinnamic acids	66633409	CHEBI:133096	HMDB0170765			KFDHKOFCRYUXLA-UHFFFAOYSA-N	C=CCc1ccc(cc1)OS(=O)(=O)O	4-Allylphenol sulfate					CHEBI:133096,CHEBI:133097	CHEBI:133096,CHEBI:133097	CHEBI:133096,CHEBI:133097	CHEBI:133096,CHEBI:133097										CHEBI:133096,CHEBI:133097							CHEBI:133096,CHEBI:133097						CHEBI:25696	R-HSA-382556,R-HSA-428643,R-HSA-5690338	3
taurodeoxycholic acid 3-sulfate	RM0071710	C26H45NO9S2	579.2536	Sterol Lipids	Bile acids	C24 bile acids	21252302					UCVGCHGIKFWAGH-VAYUFCLWSA-N	C[C@H](CCC(=O)NCCS(=O)(=O)O)[C@H]1CC[C@H]2[C@@H]3CC[C@@H]4C[C@@H](CC[C@]4(C)[C@H]3C[C@@H]([C@]12C)O)OS(=O)(=O)O	Taurodeoxycholic acid 3-sulfate					CHEBI:233167	CHEBI:233167	CHEBI:233167	CHEBI:233167										CHEBI:233167							CHEBI:233167						CHEBI:33575,CHEBI:35341	R-HSA-196071,R-HSA-6809371	2
1-(1-enyl-stearoyl)-2-dihomo-linolenoyl-GPE (P-18:0/20:3)	RM0017453	C43H80NO7P	753.5672	Glycerophospholipids	Glycerophosphoethanolamines	O-PE								PE P-18:0/20:3					CHEBI:90484	CHEBI:136211,CHEBI:90484	CHEBI:90484,CHEBI:136211	CHEBI:90484,CHEBI:136211										CHEBI:90484,CHEBI:136211							CHEBI:90484,CHEBI:136211						CHEBI:17476	R-HSA-1482788	1
isoleucine	RM0134975	C6H13NO2	131.0946	Organic acids	Amino acids and peptides	Amino acids	6306	CHEBI:17191	HMDB0000172	LMFA01100047	C00407	AGPKZVBTJJNPAG-WHFBIAKZSA-N	CC[C@H](C)[C@@H](C(=O)O)N	Isoleucine			C00407	map01100,map01110,map01210,map01230,map00280,map00290,map00460,map00960,map00966,map01060,map01064,map00970,map02010,map04974,map04978,map05230,map05131	CHEBI:17191,CHEBI:24898	CHEBI:17191,CHEBI:24898	CHEBI:17191,CHEBI:24898	CHEBI:17191,CHEBI:24898	C00407	C00407	C00407	C00407			C00407	map01100,map01110,map01210,map01230,map00280,map00290,map00460,map00960,map00966,map01060,map01064,map00970,map02010,map04974,map04978,map05230,map05131	CHEBI:27730,CHEBI:32604,CHEBI:32605,CHEBI:32608,CHEBI:32609,CHEBI:58045,CHEBI:193151	CHEBI:17191,CHEBI:24898,CHEBI:27730,CHEBI:32604,CHEBI:32605,CHEBI:32608,CHEBI:32609,CHEBI:58045,CHEBI:193151	C00407,C06418	CHEBI:58045	R-HSA-352230,R-HSA-379716,R-HSA-379726,R-HSA-442660,R-HSA-5619044,R-HSA-5619094,R-HSA-5659735,R-HSA-70895,R-HSA-70895,R-HSA-71240	C00407	map01100,map01110,map01210,map01230,map00280,map00290,map00460,map00960,map00966,map01060,map01064,map00970,map02010,map04974,map04978,map05230,map05131		CHEBI:17191,CHEBI:24898,CHEBI:27730,CHEBI:32604,CHEBI:32605,CHEBI:32608,CHEBI:32609,CHEBI:58045,CHEBI:193151	C00407,C06418	CHEBI:58045	R-HSA-352230,R-HSA-379716,R-HSA-379726,R-HSA-442660,R-HSA-5619044,R-HSA-5619094,R-HSA-5659735,R-HSA-70895,R-HSA-70895,R-HSA-71240	C00407	map01100,map01110,map01210,map01230,map00280,map00290,map00460,map00960,map00966,map01060,map01064,map00970,map02010,map04974,map04978,map05230,map05131			0
N-acetylglucosaminylasparagine	RM0135957	C12H21N3O8	335.1329	Organic acids	Amino acids and peptides	Amino acids	123826	CHEBI:17261	HMDB0000489		C04540	YTTRPBWEMMPYSW-HRRFRDKFSA-N	CC(=O)N[C@@H]1[C@H]([C@@H]([C@@H](CO)O[C@H]1NC(=O)C[C@@H](C(=O)O)N)O)O	Aspartylglycosamine					CHEBI:17261	CHEBI:17261	CHEBI:17261	CHEBI:17261	C04540	C04540	C04540	C04540					CHEBI:58080	CHEBI:17261,CHEBI:58080	C04540						CHEBI:17261,CHEBI:58080	C04540					CHEBI:33575	R-HSA-6809371	1
palmitoleate (16:1n7)	RM0153617	C16H30O2	254.2246	Fatty Acyls	Fatty acids	Unsaturated FA	445638	CHEBI:28716	HMDB0003229	LMFA01030056	C08362	SECPZKHBENQXJG-FPLPWBNLSA-N	CCCCCC/C=C\CCCCCCCC(=O)O	Palmitoleic acid	CHEBI:28716	R-HSA-381771,R-HSA-416476,R-HSA-444209	C08362	map01100,map00061	CHEBI:28716,CHEBI:28716,CHEBI:28716	CHEBI:28716,CHEBI:28716,CHEBI:28716	CHEBI:28716,CHEBI:28716,CHEBI:28716	CHEBI:28716	C08362	C08362	C08362	C08362	CHEBI:28716	R-HSA-381771,R-HSA-416476,R-HSA-444209	C08362	map01100,map00061	CHEBI:32372	CHEBI:28716,CHEBI:32372	C08362	CHEBI:28716	R-HSA-381771,R-HSA-416476,R-HSA-444209	C08362	map01100,map00061		CHEBI:28716,CHEBI:32372	C08362	CHEBI:28716	R-HSA-381771,R-HSA-416476,R-HSA-444209	C08362	map01100,map00061			0
uracil	RM0135934	C4H4N2O2	112.0273	Nucleic acids	Pyrimidines	Other pyrimidines	1174	CHEBI:17568	HMDB0000300		C00106	ISAKRJDGNUQOIC-UHFFFAOYSA-N	c1c[nH]c(=O)[nH]c1=O	Uracil	CHEBI:17568	R-HSA-110329,R-HSA-73614,R-HSA-73621,R-HSA-83936	C00106	map01100,map01232,map00240,map00410,map00770	CHEBI:17568,CHEBI:17568,CHEBI:17568	CHEBI:17568,CHEBI:17568,CHEBI:17568	CHEBI:17568,CHEBI:17568,CHEBI:17568	CHEBI:17568	C00106	C00106	C00106	C00106	CHEBI:17568	R-HSA-110329,R-HSA-73614,R-HSA-73621,R-HSA-83936	C00106	map01100,map01232,map00240,map00410,map00770	CHEBI:43254	CHEBI:17568,CHEBI:43254	C00106	CHEBI:17568	R-HSA-110329,R-HSA-73614,R-HSA-73621,R-HSA-83936	C00106	map01100,map01232,map00240,map00410,map00770		CHEBI:17568,CHEBI:43254	C00106	CHEBI:17568	R-HSA-110329,R-HSA-73614,R-HSA-73621,R-HSA-83936	C00106	map01100,map01232,map00240,map00410,map00770			0
gulonate	RM0136219	C6H12O7	196.0583	Carbohydrates	Monosaccharides	Sugar acids	152304	CHEBI:87753	HMDB0003290		C00800	RGHNJXZEOKUKBD-KKQCNMDGSA-N	C([C@H]([C@@H]([C@H]([C@H](C(=O)O)O)O)O)O)O	Gulonic acid			C00800	map01100,map01240,map00040,map00053	CHEBI:16154,CHEBI:24462,CHEBI:87753,CHEBI:13115,CHEBI:24461	CHEBI:16154,CHEBI:24462,CHEBI:87753,CHEBI:13115,CHEBI:24461	CHEBI:16154,CHEBI:24462,CHEBI:87753,CHEBI:13115,CHEBI:24461	CHEBI:13115,CHEBI:16154,CHEBI:24461,CHEBI:24462,CHEBI:87753	C00800	C00800	C00800	C00800	CHEBI:13115	R-HSA-5661270	C00800	map01100,map01240,map00040,map00053		CHEBI:13115,CHEBI:16154,CHEBI:24461,CHEBI:24462,CHEBI:87753	C00800	CHEBI:13115	R-HSA-5661270	C00800	map01100,map01240,map00040,map00053		CHEBI:13115,CHEBI:16154,CHEBI:24461,CHEBI:24462,CHEBI:87753	C00800	CHEBI:13115	R-HSA-5661270	C00800	map01100,map01240,map00040,map00053			0
dihomo-linolenoylcarnitine (C20:3n3 or 6)	-	-	-	-	-	-	-		-	-		-	-	-																																	0
thymol sulfate	RM0158159	C10H14O4S	230.0613	Prenol Lipids	Isoprenoids	C10 isoprenoids	12456386	CHEBI:82911	HMDB0062720			NODSEPOUFZPJEQ-UHFFFAOYSA-N	CC(C)c1ccc(C)cc1OS(=O)(=O)O	Thymol sulfate					CHEBI:133663,CHEBI:82911	CHEBI:133663,CHEBI:82911	CHEBI:133663,CHEBI:82911	CHEBI:82911,CHEBI:133663	C09908	C09908	C09908	C09908						CHEBI:82911,CHEBI:133663	C09908						CHEBI:82911,CHEBI:133663	C09908					CHEBI:18059,CHEBI:25696	R-HSA-1222556,R-HSA-1369062,R-HSA-382556,R-HSA-428643,R-HSA-5682294,R-HSA-5690338,R-HSA-804914,R-HSA-8941413	8
oleoylcarnitine (C18:1)	RM0153915	C25H47NO4	425.3505	Fatty Acyls	Fatty esters	Acyl carnitines								CAR 18:1																																	0
isovalerylglycine	RM0012553	C7H13NO3	159.0895	Organic acids	Amino acids and peptides	Amino acids	546304	CHEBI:70984	HMDB0000678			ZRQXMKMBBMNNQC-UHFFFAOYSA-N	CC(C)CC(=O)NCC(=O)O	Isovalerylglycine					CHEBI:70984	CHEBI:70984	CHEBI:70984	CHEBI:70984									CHEBI:133611	CHEBI:70984,CHEBI:133611							CHEBI:70984,CHEBI:133611						CHEBI:33575	R-HSA-6809371	1
hexadecanedioate (C16-DC)	RM0139429	C16H30O4	286.2144	Fatty Acyls	Fatty acids	Dicarboxylic acids	10459	CHEBI:73722	HMDB0000672	LMFA01170022	C19615	QQHJDPROMQRDLA-UHFFFAOYSA-N	C(CCCCCCCC(=O)O)CCCCCCC(=O)O	Hexadecanedioic acid			C19615	map01100,map00073	CHEBI:73722	CHEBI:73722	CHEBI:73722	CHEBI:73722	C19615	C19615	C19615	C19615			C19615	map01100,map00073	CHEBI:76276	CHEBI:73722,CHEBI:76276	C19615			C19615	map01100,map00073		CHEBI:73722,CHEBI:76276	C19615			C19615	map01100,map00073	CHEBI:18059,CHEBI:33575	R-HSA-1222556,R-HSA-1369062,R-HSA-5682294,R-HSA-6809371,R-HSA-804914,R-HSA-8941413	6
ribonate	RM0138937	C5H10O6	166.0477	Carbohydrates	Monosaccharides	Sugar acids	5460677	CHEBI:21077	HMDB0000867		C01685	QXKAIJAYHKCRRA-BXXZVTAOSA-N	C([C@H]([C@H]([C@H](C(=O)O)O)O)O)O	Ribonic acid					CHEBI:33511,CHEBI:33527	CHEBI:33511,CHEBI:33527	CHEBI:33511,CHEBI:33527	CHEBI:21077,CHEBI:33511,CHEBI:33527	C01685	C01685	C01685	C01685					CHEBI:17773,CHEBI:87765	CHEBI:17773,CHEBI:21077,CHEBI:33511,CHEBI:33527,CHEBI:87765	C01685						CHEBI:17773,CHEBI:21077,CHEBI:33511,CHEBI:33527,CHEBI:87765	C01685					CHEBI:25696,CHEBI:33575	R-HSA-382556,R-HSA-428643,R-HSA-5690338,R-HSA-6809371	4
ceramide (d18:1/14:0, d16:1/16:0)	-	-	-	-	-	-	-		-	-		-	-	-																																	0
palmitoyl ethanolamide	RM0153080	C18H37NO2	299.2824	Fatty Acyls	Fatty amides	NAE	4671	CHEBI:71464	HMDB0002100	LMFA08040013	C16512	HXYVTAGFYLMHSO-UHFFFAOYSA-N	CCCCCCCCCCCCCCCC(=O)NCCO	Palmitoyl-EA	CHEBI:71464	R-HSA-112310	C16512	map04080	CHEBI:71464	CHEBI:71464	CHEBI:71464	CHEBI:71464	C16512	C16512	C16512	C16512	CHEBI:71464	R-HSA-112310	C16512	map04080		CHEBI:71464	C16512	CHEBI:71464	R-HSA-112310	C16512	map04080		CHEBI:71464	C16512	CHEBI:71464	R-HSA-112310	C16512	map04080			0
isobutyrylglycine	RM0048090	C6H11NO3	145.0739	Organic acids	Amino acids and peptides	Amino acids	10855600	CHEBI:70979	HMDB0000730			DCICDMMXFIELDF-UHFFFAOYSA-N	CC(C)C(=O)NCC(=O)O	Isobutyrylglycine					CHEBI:70979	CHEBI:70979	CHEBI:70979	CHEBI:70979									CHEBI:133610	CHEBI:70979,CHEBI:133610							CHEBI:70979,CHEBI:133610						CHEBI:33575	R-HSA-6809371	1
1-margaroyl-2-linoleoyl-GPC (17:0/18:2)	RM0000647	C43H82NO8P	771.5778	Glycerophospholipids	Glycerophosphocholines	PC								PC 17:0/18:2					CHEBI:84566	CHEBI:134647,CHEBI:84566	CHEBI:134647,CHEBI:84566	CHEBI:84566,CHEBI:134647										CHEBI:84566,CHEBI:134647							CHEBI:84566,CHEBI:134647						CHEBI:57643	R-HSA-111995,R-HSA-1369062,R-HSA-1482788,R-HSA-1482798,R-HSA-1482839,R-HSA-1483101,R-HSA-1483148,R-HSA-1483166,R-HSA-1483191,R-HSA-1483196,R-HSA-1660661,R-HSA-2029485,R-HSA-2142753,R-HSA-382556,R-HSA-5678771,R-HSA-5683678,R-HSA-5683826,R-HSA-5688399,R-HSA-6811436,R-HSA-8964058,R-HSA-9680350	21
2-aminoheptanoate	RM0153207	C7H15NO2	145.1103	Fatty Acyls	Fatty acids	Amino FA	227939	CHEBI:133223	HMDB0242128	LMFA01100015		RDFMDVXONNIGBC-UHFFFAOYSA-N	CCCCCC(C(=O)O)N	2-Aminoheptanoic acid					CHEBI:64304,CHEBI:133223	CHEBI:64304,CHEBI:133223	CHEBI:64304,CHEBI:133223	CHEBI:64304,CHEBI:133223										CHEBI:64304,CHEBI:133223						CHEBI:40682	CHEBI:40682,CHEBI:64304,CHEBI:133223						CHEBI:33575	R-HSA-6809371	1
3-carboxy-4-methyl-5-propyl-2-furanpropanoate (CMPF)	RM0134984	C12H16O5	240.0998	Fatty Acyls	Fatty acids	Heterocyclic FA	123979	CHEBI:41254	HMDB0061112	LMFA01150004		WMCQWXZMVIETAO-UHFFFAOYSA-N	CCCc1c(C)c(c(CCC(=O)O)o1)C(=O)O	3-Carboxy-4-methyl-5-propyl-2-furanpropanoic acid								CHEBI:41254									CHEBI:82986,CHEBI:194524	CHEBI:41254,CHEBI:82986,CHEBI:194524							CHEBI:41254,CHEBI:82986,CHEBI:194524						CHEBI:33575	R-HSA-6809371	1
androstenediol (3beta,17beta) monosulfate	-	-	-	-	-	-	-		-	-		-	-	-																																	0
eicosenedioate (C20:1-DC)	-	-	-	-	-	-	-		-	-		-	-	-																																	0
2-linoleoylglycerol (18:2)	RM0134398	C21H38O4	354.2770	Glycerolipids	Monoradylglycerols	MAG								MG 18:2						CHEBI:87257	CHEBI:87257	CHEBI:87257										CHEBI:87257						CHEBI:75457,CHEBI:75561,CHEBI:75563,CHEBI:75568,CHEBI:134131,CHEBI:134142,CHEBI:173124	CHEBI:75457,CHEBI:75561,CHEBI:75563,CHEBI:75568,CHEBI:87257,CHEBI:134131,CHEBI:134142,CHEBI:173124						CHEBI:17408	R-HSA-1482883,R-HSA-1483206,R-HSA-192456,R-HSA-6814848	4
dihydroorotate	RM0132232	C5H6N2O4	158.0328	Organic acids	Amino acids and peptides	Amino acids	1149667	CHEBI:30866	HMDB0000528			UFIVEPVSAGBUSI-UWTATZPHSA-N	C1[C@H](C(=O)O)NC(=O)NC1=O	4,5-Dihydroorotic acid					CHEBI:30865,CHEBI:30867	CHEBI:30865,CHEBI:30867	CHEBI:30865,CHEBI:30867	CHEBI:30865,CHEBI:30866,CHEBI:30867									CHEBI:17025,CHEBI:30864	CHEBI:17025,CHEBI:30864,CHEBI:30865,CHEBI:30866,CHEBI:30867	C00337	CHEBI:30864	R-HSA-500753	C00337	map01100,map01240,map00240		CHEBI:17025,CHEBI:30864,CHEBI:30865,CHEBI:30866,CHEBI:30867	C00337	CHEBI:30864	R-HSA-500753	C00337	map01100,map01240,map00240			0
2-arachidonoyl-GPC (20:4)	RM0048627	C28H50NO7P	543.3325	Glycerophospholipids	Glycerophosphocholines	LPC								LPC 0:0/20:4						CHEBI:91303	CHEBI:91303	CHEBI:91303										CHEBI:91303						CHEBI:76079	CHEBI:76079,CHEBI:91303						CHEBI:60479	R-HSA-1483115,R-HSA-3000471,R-HSA-3000480,R-HSA-3000484,R-HSA-5686938,R-HSA-6814848	6
sulfate of piperine metabolite C16H19NO3	-	-	-	-	-	-	-		-	-		-	-	-																																	0
sphingomyelin (d18:1/17:0, d17:1/18:0, d19:1/16:0)	RM0059990	C40H81N2O6P	716.5832	Sphingolipids	Phosphosphingolipids	SM								SM 35:1;O2																																	0
3-methylxanthine	RM0157839	C6H6N4O2	166.0491	Nucleic acids	Purines	Xanthines	70639	CHEBI:62207	HMDB0001886		C16357	GMSNIKWWOQHZGF-UHFFFAOYSA-N	Cn1c2c(c(=O)[nH]c1=O)nc[nH]2	3-Methylxanthine			C16357	map01100,map01110,map01120,map00232	CHEBI:62205,CHEBI:62207,CHEBI:62208	CHEBI:62205,CHEBI:62207,CHEBI:62208	CHEBI:62205,CHEBI:62207,CHEBI:62208	CHEBI:62205,CHEBI:62207,CHEBI:62208	C16357	C16357	C16357	C16357			C16357	map01100,map01110,map01120,map00232		CHEBI:62205,CHEBI:62207,CHEBI:62208	C16357			C16357	map01100,map01110,map01120,map00232		CHEBI:62205,CHEBI:62207,CHEBI:62208	C16357			C16357	map01100,map01110,map01120,map00232			0
1-stearyl-2-arachidonoyl-GPC (O-18:0/20:4)	RM0134871	C46H86NO7P	795.6142	Glycerophospholipids	Glycerophosphocholines	O-PC								PC O-18:0/20:4						CHEBI:75245	CHEBI:75245	CHEBI:75245										CHEBI:75245							CHEBI:75245						CHEBI:36313	R-HSA-1482788	1
flavin adenine dinucleotide (FAD)	RM0138943	C27H33N9O15P2	785.1571	Nucleic acids	Flavins	Flavin nucleotides	643975	CHEBI:16238	HMDB0001248		C00016	VWWQXMAJTJZDQX-UYBVJOGSSA-N	Cc1cc2c(cc1C)n(C[C@@H]([C@@H]([C@@H](COP(=O)(O)OP(=O)(O)OC[C@@H]1[C@H]([C@H]([C@H](n3cnc4c(N)ncnc34)O1)O)O)O)O)O)c1c(c(=O)[nH]c(=O)n1)n2	FAD			C00016	map01100,map01110,map01240,map00740,map04977	CHEBI:16238,CHEBI:57692,CHEBI:73627	CHEBI:16238,CHEBI:57692,CHEBI:73627	CHEBI:16238,CHEBI:57692,CHEBI:73627	CHEBI:16238,CHEBI:57692,CHEBI:73627	C00016	C00016	C00016	C00016	CHEBI:57692	R-HSA-1222541,R-HSA-141333,R-HSA-141334,R-HSA-1474151,R-HSA-1483166,R-HSA-156581,R-HSA-1614517,R-HSA-1614558,R-HSA-1614635,R-HSA-163560,R-HSA-181430,R-HSA-189451,R-HSA-193368,R-HSA-196807,R-HSA-196836,R-HSA-196843,R-HSA-203615,R-HSA-203641,R-HSA-203754,R-HSA-204174,R-HSA-2046106,R-HSA-211945,R-HSA-2142789,R-HSA-217271,R-HSA-2395516,R-HSA-2408550,R-HSA-2564830,R-HSA-3299685,R-HSA-3359467,R-HSA-3359469,R-HSA-351200,R-HSA-379397,R-HSA-379398,R-HSA-379401,R-HSA-380612,R-HSA-389661,R-HSA-389887,R-HSA-390247,R-HSA-4420097,R-HSA-499943,R-HSA-5218920,R-HSA-5263617,R-HSA-5362517,R-HSA-5579012,R-HSA-5579019,R-HSA-5628897,R-HSA-5668599,R-HSA-611105,R-HSA-6783984,R-HSA-6798163,R-HSA-6799198,R-HSA-70688,R-HSA-70895,R-HSA-71064,R-HSA-73621,R-HSA-74259,R-HSA-75896,R-HSA-77285,R-HSA-77288,R-HSA-77289,R-HSA-77305,R-HSA-77310,R-HSA-77346,R-HSA-77348,R-HSA-77350,R-HSA-77352,R-HSA-880009,R-HSA-8964208,R-HSA-9009391,R-HSA-9013149,R-HSA-9013423,R-HSA-917977,R-HSA-964975,R-HSA-9748787,R-HSA-9759218,R-HSA-9818027,R-HSA-983231,R-HSA-9853506,R-HSA-9854311,R-HSA-9856530,R-HSA-9858328,R-HSA-9859138,R-HSA-9861559,R-HSA-9865113,R-HSA-9907570,R-HSA-9912481,R-HSA-9912529,R-HSA-9914355,R-HSA-9969896	C00016	map01100,map01110,map01240,map00740,map04977		CHEBI:16238,CHEBI:57692,CHEBI:73627	C00016	CHEBI:57692	R-HSA-1222541,R-HSA-141333,R-HSA-141334,R-HSA-1474151,R-HSA-1483166,R-HSA-156581,R-HSA-1614517,R-HSA-1614558,R-HSA-1614635,R-HSA-163560,R-HSA-181430,R-HSA-189451,R-HSA-193368,R-HSA-196807,R-HSA-196836,R-HSA-196843,R-HSA-203615,R-HSA-203641,R-HSA-203754,R-HSA-204174,R-HSA-2046106,R-HSA-211945,R-HSA-2142789,R-HSA-217271,R-HSA-2395516,R-HSA-2408550,R-HSA-2564830,R-HSA-3299685,R-HSA-3359467,R-HSA-3359469,R-HSA-351200,R-HSA-379397,R-HSA-379398,R-HSA-379401,R-HSA-380612,R-HSA-389661,R-HSA-389887,R-HSA-390247,R-HSA-4420097,R-HSA-499943,R-HSA-5218920,R-HSA-5263617,R-HSA-5362517,R-HSA-5579012,R-HSA-5579019,R-HSA-5628897,R-HSA-5668599,R-HSA-611105,R-HSA-6783984,R-HSA-6798163,R-HSA-6799198,R-HSA-70688,R-HSA-70895,R-HSA-71064,R-HSA-73621,R-HSA-74259,R-HSA-75896,R-HSA-77285,R-HSA-77288,R-HSA-77289,R-HSA-77305,R-HSA-77310,R-HSA-77346,R-HSA-77348,R-HSA-77350,R-HSA-77352,R-HSA-880009,R-HSA-8964208,R-HSA-9009391,R-HSA-9013149,R-HSA-9013423,R-HSA-917977,R-HSA-964975,R-HSA-9748787,R-HSA-9759218,R-HSA-9818027,R-HSA-983231,R-HSA-9853506,R-HSA-9854311,R-HSA-9856530,R-HSA-9858328,R-HSA-9859138,R-HSA-9861559,R-HSA-9865113,R-HSA-9907570,R-HSA-9912481,R-HSA-9912529,R-HSA-9914355,R-HSA-9969896	C00016	map01100,map01110,map01240,map00740,map04977		CHEBI:16238,CHEBI:57692,CHEBI:73627	C00016	CHEBI:57692	R-HSA-1222541,R-HSA-141333,R-HSA-141334,R-HSA-1474151,R-HSA-1483166,R-HSA-156581,R-HSA-1614517,R-HSA-1614558,R-HSA-1614635,R-HSA-163560,R-HSA-181430,R-HSA-189451,R-HSA-193368,R-HSA-196807,R-HSA-196836,R-HSA-196843,R-HSA-203615,R-HSA-203641,R-HSA-203754,R-HSA-204174,R-HSA-2046106,R-HSA-211945,R-HSA-2142789,R-HSA-217271,R-HSA-2395516,R-HSA-2408550,R-HSA-2564830,R-HSA-3299685,R-HSA-3359467,R-HSA-3359469,R-HSA-351200,R-HSA-379397,R-HSA-379398,R-HSA-379401,R-HSA-380612,R-HSA-389661,R-HSA-389887,R-HSA-390247,R-HSA-4420097,R-HSA-499943,R-HSA-5218920,R-HSA-5263617,R-HSA-5362517,R-HSA-5579012,R-HSA-5579019,R-HSA-5628897,R-HSA-5668599,R-HSA-611105,R-HSA-6783984,R-HSA-6798163,R-HSA-6799198,R-HSA-70688,R-HSA-70895,R-HSA-71064,R-HSA-73621,R-HSA-74259,R-HSA-75896,R-HSA-77285,R-HSA-77288,R-HSA-77289,R-HSA-77305,R-HSA-77310,R-HSA-77346,R-HSA-77348,R-HSA-77350,R-HSA-77352,R-HSA-880009,R-HSA-8964208,R-HSA-9009391,R-HSA-9013149,R-HSA-9013423,R-HSA-917977,R-HSA-964975,R-HSA-9748787,R-HSA-9759218,R-HSA-9818027,R-HSA-983231,R-HSA-9853506,R-HSA-9854311,R-HSA-9856530,R-HSA-9858328,R-HSA-9859138,R-HSA-9861559,R-HSA-9865113,R-HSA-9907570,R-HSA-9912481,R-HSA-9912529,R-HSA-9914355,R-HSA-9969896	C00016	map01100,map01110,map01240,map00740,map04977			0
palmitoleoylcarnitine (C16:1)	RM0153934	C23H43NO4	397.3192	Fatty Acyls	Fatty esters	Acyl carnitines								CAR 16:1																																	0
asparagine	RM0135724	C4H8N2O3	132.0535	Organic acids	Amino acids and peptides	Amino acids	6267	CHEBI:17196	HMDB0000168		C00152	DCXYFEDJOCDNAF-REOHCLBHSA-N	C([C@@H](C(=O)O)N)C(=O)N	Asparagine			C00152	map01100,map01110,map01230,map00250,map00460,map01060,map00970,map04974,map04978,map05230	CHEBI:17196,CHEBI:22653,CHEBI:50347,CHEBI:50348	CHEBI:17196,CHEBI:22653,CHEBI:50347,CHEBI:50348	CHEBI:17196,CHEBI:22653,CHEBI:50347,CHEBI:50348	CHEBI:17196,CHEBI:22653,CHEBI:50347,CHEBI:50348	C00152,C16438	C00152,C16438	C00152,C16438	C00152,C16438			C00152	map01100,map01110,map01230,map00250,map00460,map01060,map00970,map04974,map04978,map05230	CHEBI:28159,CHEBI:32650,CHEBI:32651,CHEBI:32653,CHEBI:32656,CHEBI:32657,CHEBI:32660,CHEBI:32661,CHEBI:50349,CHEBI:58048,CHEBI:74337	CHEBI:17196,CHEBI:22653,CHEBI:28159,CHEBI:32650,CHEBI:32651,CHEBI:32653,CHEBI:32656,CHEBI:32657,CHEBI:32660,CHEBI:32661,CHEBI:50347,CHEBI:50348,CHEBI:50349,CHEBI:58048,CHEBI:74337	C00152,C01905,C16438	CHEBI:58048	R-HSA-352230,R-HSA-379716,R-HSA-379726,R-HSA-442660,R-HSA-5676934,R-HSA-8963693	C00152	map01100,map01110,map01230,map00250,map00460,map01060,map00970,map04974,map04978,map05230		CHEBI:17196,CHEBI:22653,CHEBI:28159,CHEBI:32650,CHEBI:32651,CHEBI:32653,CHEBI:32656,CHEBI:32657,CHEBI:32660,CHEBI:32661,CHEBI:50347,CHEBI:50348,CHEBI:50349,CHEBI:58048,CHEBI:74337	C00152,C01905,C16438	CHEBI:58048	R-HSA-352230,R-HSA-379716,R-HSA-379726,R-HSA-442660,R-HSA-5676934,R-HSA-8963693	C00152	map01100,map01110,map01230,map00250,map00460,map01060,map00970,map04974,map04978,map05230			0
3-hydroxyisobutyrate	RM0139461	C4H8O3	104.0473	Fatty Acyls	Fatty acids	Hydroxy FA	440873	CHEBI:37373	HMDB0000023		C01188	DBXBTMSZEOQQDU-VKHMYHEASA-N	C[C@@H](CO)C(=O)O	3-Hydroxyisobutyric acid					CHEBI:18064,CHEBI:18064,CHEBI:11805,CHEBI:11805	CHEBI:18064,CHEBI:18064,CHEBI:11805,CHEBI:11805	CHEBI:18064,CHEBI:18064,CHEBI:11805	CHEBI:11805,CHEBI:18064,CHEBI:37373	C01188,C06001	C01188,C06001	C01188,C06001	C01188,C06001			C06001	map01100,map00280	CHEBI:49643,CHEBI:62638,CHEBI:141211	CHEBI:11805,CHEBI:18064,CHEBI:37373,CHEBI:49643,CHEBI:62638,CHEBI:141211	C01188,C06001	CHEBI:62638	R-HSA-70895	C06001	map01100,map00280		CHEBI:11805,CHEBI:18064,CHEBI:37373,CHEBI:49643,CHEBI:62638,CHEBI:141211	C01188,C06001	CHEBI:62638	R-HSA-70895	C06001	map01100,map00280			0
palmitoyl-linoleoyl-glycerol (16:0/18:2)	RM0134351	C37H68O5	592.5067	Glycerolipids	Diradylglycerols	DAG								DG 16:0_18:2																																	0
1-palmitoyl-2-stearoyl-GPC (16:0/18:0)	RM0134868	C42H84NO8P	761.5935	Glycerophospholipids	Glycerophosphocholines	PC	24778686	CHEBI:73000	HMDB0007970	LMGP01010573		PZNPLUBHRSSFHT-RRHRGVEJSA-N	CCCCCCCCCCCCCCCCCC(=O)O[C@H](COC(=O)CCCCCCCCCCCCCCC)COP(=O)([O-])OCC[N+](C)(C)C	PC 16:0/18:0					CHEBI:73000	CHEBI:73000	CHEBI:73000	CHEBI:73000										CHEBI:73000							CHEBI:73000						CHEBI:57643	R-HSA-111995,R-HSA-1369062,R-HSA-1482788,R-HSA-1482798,R-HSA-1482839,R-HSA-1483101,R-HSA-1483148,R-HSA-1483166,R-HSA-1483191,R-HSA-1483196,R-HSA-1660661,R-HSA-2029485,R-HSA-2142753,R-HSA-382556,R-HSA-5678771,R-HSA-5683678,R-HSA-5683826,R-HSA-5688399,R-HSA-6811436,R-HSA-8964058,R-HSA-9680350	21
5-acetylamino-6-amino-3-methyluracil	RM0136284	C7H10N4O3	198.0753	Organic nitrogen compounds	Organonitrogen compounds	N-arylamides	88299	CHEBI:80473	HMDB0004400		C16366	POQOTWQIYYNXAT-UHFFFAOYSA-N	CC(=O)Nc1c(N)[nH]c(=O)n(C)c1=O	5-Acetylamino-6-amino-3-methyluracil			C16366	map00232	CHEBI:80473	CHEBI:80473	CHEBI:80473	CHEBI:80473	C16366	C16366	C16366	C16366			C16366	map00232		CHEBI:80473	C16366			C16366	map00232		CHEBI:80473	C16366			C16366	map00232			0
2-methylcitrate	RM0137020	C7H10O7	206.0427	Organic acids	Carboxylic acids	Tricarboxylic acids	439681	CHEBI:30836	HMDB0000379	LMFA01050442	C02225	YNOXCRMFGMSKIJ-WVBDSBKLSA-N	C[C@H](C(=O)O)[C@](CC(=O)O)(C(=O)O)O	2-Methylcitric acid			C02225	map01100,map01120,map01200,map00640	CHEBI:30835,CHEBI:15598,CHEBI:15598	CHEBI:30835,CHEBI:15598,CHEBI:15598	CHEBI:30835,CHEBI:15598	CHEBI:15598,CHEBI:30835,CHEBI:30836	C02225	C02225	C02225	C02225			C02225	map01100,map01120,map01200,map00640	CHEBI:10860	CHEBI:10860,CHEBI:15598,CHEBI:30835,CHEBI:30836	C02225			C02225	map01100,map01120,map01200,map00640	CHEBI:50948,CHEBI:58853	CHEBI:10860,CHEBI:15598,CHEBI:30835,CHEBI:30836,CHEBI:50948,CHEBI:58853	C02225			C02225	map01100,map01120,map01200,map00640	CHEBI:25696,CHEBI:33575	R-HSA-382556,R-HSA-428643,R-HSA-5690338,R-HSA-6809371	4
arachidonoylcarnitine (C20:4)	RM0154159	C31H54NO4	504.4053	Fatty Acyls	Fatty esters	Acyl carnitines								CAR 20:4																																	0
sphingomyelin (d18:2/16:0, d18:1/16:1)	RM0134151	C39H77N2O6P	700.5519	Sphingolipids	Phosphosphingolipids	SM								SM 34:2;O2																																	0
homostachydrine	RM0161801	C8H15NO2	157.1103	Organic acids	Amino acids and peptides	Amino acids	441447	CHEBI:157781	HMDB0033433		C08283	XULZWQRXYTVUTE-ZETCQYMHSA-N	C[N+]1(C)CCCC[C@H]1C(=O)[O-]	(S)-Homostachydrine					CHEBI:157781,CHEBI:5757	CHEBI:157781,CHEBI:5757	CHEBI:157781,CHEBI:5757	CHEBI:5757,CHEBI:157781	C08283	C08283	C08283	C08283						CHEBI:5757,CHEBI:157781	C08283						CHEBI:5757,CHEBI:157781	C08283					CHEBI:33575	R-HSA-6809371	1
myristoyl-linoleoyl-glycerol (14:0/18:2)	RM0034314	C35H64O5	564.4754	Glycerolipids	Diradylglycerols	DAG								DG 14:0_18:2																																	0
alpha-ketoglutarate	RM0135911	C5H6O5	146.0215	Organic acids	TCA acids	TCA acids	51	CHEBI:30915	HMDB0000208		C00026	KPGXRSRHYNQIFN-UHFFFAOYSA-N	C(CC(=O)O)C(=O)C(=O)O	2-Oxoglutaric acid			C00026	map01100,map01110,map01120,map01200,map01210,map01230,map01240,map00020,map00040,map00053,map00630,map00650,map00660,map00720,map00250,map00300,map00310,map00220,map00340,map00430,map00470,map00785,map00998,map00997,map00365,map01060,map01061,map01062,map01063,map01064,map01065,map01066,map01070,map04066,map04922,map04976,map04964,map04727,map05230	CHEBI:30915,CHEBI:16810	CHEBI:30915,CHEBI:16810	CHEBI:30915,CHEBI:16810	CHEBI:16810,CHEBI:30915	C00026	C00026	C00026	C00026	CHEBI:16810	R-HSA-112122,R-HSA-112126,R-HSA-1234174,R-HSA-1234176,R-HSA-1234176,R-HSA-1614558,R-HSA-1650814,R-HSA-2299718,R-HSA-2559580,R-HSA-2978092,R-HSA-3214842,R-HSA-373076,R-HSA-389542,R-HSA-389599,R-HSA-389661,R-HSA-418594,R-HSA-428643,R-HSA-5221030,R-HSA-561048,R-HSA-5625886,R-HSA-6782861,R-HSA-70263,R-HSA-70268,R-HSA-70895,R-HSA-71064,R-HSA-71240,R-HSA-71240,R-HSA-71262,R-HSA-71403,R-HSA-73943,R-HSA-880009,R-HSA-8963684,R-HSA-8963693,R-HSA-8964539,R-HSA-8964540,R-HSA-916853,R-HSA-9629569,R-HSA-9629569,R-HSA-977347,R-HSA-9821002,R-HSA-9853506,R-HSA-9856872,R-HSA-9918432	C00026	map01100,map01110,map01120,map01200,map01210,map01230,map01240,map00020,map00040,map00053,map00630,map00650,map00660,map00720,map00250,map00300,map00310,map00220,map00340,map00430,map00470,map00785,map00998,map00997,map00365,map01060,map01061,map01062,map01063,map01064,map01065,map01066,map01070,map04066,map04922,map04976,map04964,map04727,map05230	CHEBI:30916	CHEBI:16810,CHEBI:30915,CHEBI:30916	C00026	CHEBI:16810	R-HSA-112122,R-HSA-112126,R-HSA-1234174,R-HSA-1234176,R-HSA-1234176,R-HSA-1614558,R-HSA-1650814,R-HSA-2299718,R-HSA-2559580,R-HSA-2978092,R-HSA-3214842,R-HSA-373076,R-HSA-389542,R-HSA-389599,R-HSA-389661,R-HSA-418594,R-HSA-428643,R-HSA-5221030,R-HSA-561048,R-HSA-5625886,R-HSA-6782861,R-HSA-70263,R-HSA-70268,R-HSA-70895,R-HSA-71064,R-HSA-71240,R-HSA-71240,R-HSA-71262,R-HSA-71403,R-HSA-73943,R-HSA-880009,R-HSA-8963684,R-HSA-8963693,R-HSA-8964539,R-HSA-8964540,R-HSA-916853,R-HSA-9629569,R-HSA-9629569,R-HSA-977347,R-HSA-9821002,R-HSA-9853506,R-HSA-9856872,R-HSA-9918432	C00026	map01100,map01110,map01120,map01200,map01210,map01230,map01240,map00020,map00040,map00053,map00630,map00650,map00660,map00720,map00250,map00300,map00310,map00220,map00340,map00430,map00470,map00785,map00998,map00997,map00365,map01060,map01061,map01062,map01063,map01064,map01065,map01066,map01070,map04066,map04922,map04976,map04964,map04727,map05230		CHEBI:16810,CHEBI:30915,CHEBI:30916	C00026	CHEBI:16810	R-HSA-112122,R-HSA-112126,R-HSA-1234174,R-HSA-1234176,R-HSA-1234176,R-HSA-1614558,R-HSA-1650814,R-HSA-2299718,R-HSA-2559580,R-HSA-2978092,R-HSA-3214842,R-HSA-373076,R-HSA-389542,R-HSA-389599,R-HSA-389661,R-HSA-418594,R-HSA-428643,R-HSA-5221030,R-HSA-561048,R-HSA-5625886,R-HSA-6782861,R-HSA-70263,R-HSA-70268,R-HSA-70895,R-HSA-71064,R-HSA-71240,R-HSA-71240,R-HSA-71262,R-HSA-71403,R-HSA-73943,R-HSA-880009,R-HSA-8963684,R-HSA-8963693,R-HSA-8964539,R-HSA-8964540,R-HSA-916853,R-HSA-9629569,R-HSA-9629569,R-HSA-977347,R-HSA-9821002,R-HSA-9853506,R-HSA-9856872,R-HSA-9918432	C00026	map01100,map01110,map01120,map01200,map01210,map01230,map01240,map00020,map00040,map00053,map00630,map00650,map00660,map00720,map00250,map00300,map00310,map00220,map00340,map00430,map00470,map00785,map00998,map00997,map00365,map01060,map01061,map01062,map01063,map01064,map01065,map01066,map01070,map04066,map04922,map04976,map04964,map04727,map05230			0
hexanoylglutamine	RM0132244	C11H20N2O4	244.1423	Fatty Acyls	Fatty amides	N-acyl amines	28880746		HMDB0242182			NONGMLDQXRDGIT-QMMMGPOBSA-N	CCCCCC(=O)N[C@@H](CCC(=O)N)C(=O)O	NA-Gln 6:0					CHEBI:233904	CHEBI:233904	CHEBI:233904	CHEBI:233904										CHEBI:233904							CHEBI:233904								0
linolenoylcarnitine (C18:3)	RM0154067	C25H43NO4	421.3192	Fatty Acyls	Fatty esters	Acyl carnitines								CAR 18:3																																	0
pseudouridine	RM0033386	C9H12N2O6	244.0695	Nucleic acids	Pyrimidines	Pyrimidine ribonucleosides	15047	CHEBI:17802	HMDB0000767		C02067	PTJWIQPHWPFNBW-GBNDHIKLSA-N	c1c([C@H]2[C@@H]([C@@H]([C@@H](CO)O2)O)O)c(=O)[nH]c(=O)[nH]1	Pseudouridine	CHEBI:17802	R-HSA-73614	C02067	map01100,map00240	CHEBI:17802,CHEBI:17802	CHEBI:17802,CHEBI:17802	CHEBI:17802,CHEBI:17802	CHEBI:17802	C02067	C02067	C02067	C02067	CHEBI:17802	R-HSA-73614	C02067	map01100,map00240		CHEBI:17802	C02067	CHEBI:17802	R-HSA-73614	C02067	map01100,map00240		CHEBI:17802	C02067	CHEBI:17802	R-HSA-73614	C02067	map01100,map00240			0
hydroxypalmitoyl sphingomyelin (d18:1/16:0(OH))	RM0134128	C39H79N2O7P	718.5625	Sphingolipids	Phosphosphingolipids	SM								SM 18:1;O2/16:0;O																																	0
4-hydroxyphenylacetylglutamine	RM0136301	C13H15NO6	281.0899	Organic acids	Amino acids and peptides	Amino acids	440731	CHEBI:28036	HMDB0006061		C05595	CYRKYXZJUIBBJX-UHFFFAOYSA-N	c1cc(ccc1CC(=O)NC(CCC(=O)O)C(=O)O)O	4-Hydroxyphenylacetylglutamine			C05595	map00350				CHEBI:28036	C05595	C05595	C05595	C05595			C05595	map00350		CHEBI:28036	C05595			C05595	map00350		CHEBI:28036	C05595			C05595	map00350			0
glycerate	RM0135902	C3H6O4	106.0266	Carbohydrates	Monosaccharides	Sugar acids	439194	CHEBI:32398	HMDB0000139		C00258	RBNPOMFGQQGHHO-UWTATZPHSA-N	C([C@H](C(=O)O)O)O	Glyceric acid			C00258	map01100,map01110,map01120,map01200,map00030,map00630,map00680,map00561,map00260	CHEBI:32398,CHEBI:33508,CHEBI:33871	CHEBI:32398,CHEBI:33508,CHEBI:33871	CHEBI:32398,CHEBI:33508,CHEBI:33871	CHEBI:32398,CHEBI:33508,CHEBI:33871	C00258	C00258	C00258	C00258			C00258	map01100,map01110,map01120,map01200,map00030,map00630,map00680,map00561,map00260	CHEBI:16659,CHEBI:74324	CHEBI:16659,CHEBI:32398,CHEBI:33508,CHEBI:33871,CHEBI:74324	C00258	CHEBI:16659	R-HSA-70350	C00258	map01100,map01110,map01120,map01200,map00030,map00630,map00680,map00561,map00260		CHEBI:16659,CHEBI:32398,CHEBI:33508,CHEBI:33871,CHEBI:74324	C00258	CHEBI:16659	R-HSA-70350	C00258	map01100,map01110,map01120,map01200,map00030,map00630,map00680,map00561,map00260			0
1-stearoyl-2-dihomo-linolenoyl-GPE (18:0/20:3n3 or 6)	RM0007023	C43H80NO8P	769.5622	Glycerophospholipids	Glycerophosphoethanolamines	PE								PE 18:0/20:3						CHEBI:136167	CHEBI:136167	CHEBI:136167										CHEBI:136167							CHEBI:136167						CHEBI:36314	R-HSA-1482788	1
catechol sulfate	RM0115770	C6H6O5S	189.9936	Organic acids	Arylsulfates	Phenylsulfates	3083879	CHEBI:68505	HMDB0059724			MZPWKJZDOCIALD-UHFFFAOYSA-N	c1ccc(c(c1)O)OS(=O)(=O)O	Catechol sulfate					CHEBI:133072,CHEBI:68505	CHEBI:133072,CHEBI:68505	CHEBI:133072,CHEBI:68505	CHEBI:68505,CHEBI:133072										CHEBI:68505,CHEBI:133072							CHEBI:68505,CHEBI:133072						CHEBI:25696	R-HSA-382556,R-HSA-428643,R-HSA-5690338	3
octadecenedioylcarnitine (C18:1-DC)	RM0154094	C25H45NO6	455.3247	Fatty Acyls	Fatty esters	Acyl carnitines								CAR DC18:1																																	0
eicosenoylcarnitine (C20:1)	RM0154154	C27H51NO4	453.3818	Fatty Acyls	Fatty esters	Acyl carnitines								CAR 20:1																																	0
palmitoyl-sphingosine-phosphoethanolamine (d18:1/16:0)	RM0161356	C36H73N2O6P	660.5206	Sphingolipids	Phosphosphingolipids	CerPE	101579382			LMSP03029BWH		JTVNQMOIYKXJKF-WSYRTZMQSA-N	CCCCCCCCCCCCC/C=C/[C@H]([C@H](COP(=O)(O)OCCN)NC(=O)CCCCCCCCCCCCCCC)O	CerPE 18:1;O2/16:0																																	0
16a-hydroxy DHEA 3-sulfate	RM0033576	C19H28O6S	384.1607	Sterol Lipids	Steroids	C19 Steroids	20848951	CHEBI:87774	HMDB0062544	LMST05020022		ALBNSVAJDFJRKQ-DNKQKWOHSA-N	C[C@]12CC[C@@H](CC1=CC[C@@H]1[C@@H]2CC[C@@]2(C)[C@H]1C[C@H](C2=O)O)OS(=O)(=O)O	3beta,16alpha-Dihydroxyandrostenone 3-sulfate					CHEBI:87538	CHEBI:87538	CHEBI:87538	CHEBI:87538,CHEBI:87774										CHEBI:87538,CHEBI:87774							CHEBI:87538,CHEBI:87774						CHEBI:35341,CHEBI:59696	R-HSA-196071	1
proline	RM0135899	C5H9NO2	115.0633	Organic acids	Amino acids and peptides	Amino acids	145742	CHEBI:17203	HMDB0000162		C00148	ONIBWKKTOPOVIA-BYPYZUCNSA-N	C1C[C@@H](C(=O)O)NC1	Proline			C00148	map01100,map01110,map01230,map00330,map00470,map00332,map00401,map00404,map00333,map00970,map02010,map04974,map04978,map05230	CHEBI:17203,CHEBI:17203,CHEBI:26271	CHEBI:17203,CHEBI:17203,CHEBI:26271	CHEBI:17203,CHEBI:17203,CHEBI:26271	CHEBI:17203,CHEBI:26271	C00148,C16435	C00148,C16435	C00148,C16435	C00148,C16435			C00148	map01100,map01110,map01230,map00330,map00470,map00332,map00401,map00404,map00333,map00970,map02010,map04974,map04978,map05230	CHEBI:16313,CHEBI:32862,CHEBI:32864,CHEBI:32867,CHEBI:32868,CHEBI:32871,CHEBI:32872,CHEBI:57726,CHEBI:60039	CHEBI:16313,CHEBI:17203,CHEBI:26271,CHEBI:32862,CHEBI:32864,CHEBI:32867,CHEBI:32868,CHEBI:32871,CHEBI:32872,CHEBI:57726,CHEBI:60039	C00148,C00763,C16435	CHEBI:60039	R-HSA-352230,R-HSA-379716,R-HSA-379726,R-HSA-428559,R-HSA-442660,R-HSA-5619041,R-HSA-5619101,R-HSA-5660686,R-HSA-70688,R-HSA-8964539	C00148,C00763	map01100,map01110,map01230,map00330,map00470,map00332,map00401,map00404,map00333,map00970,map02010,map04974,map04978,map05230,map01100,map00330,map00470	CHEBI:192088	CHEBI:16313,CHEBI:17203,CHEBI:26271,CHEBI:32862,CHEBI:32864,CHEBI:32867,CHEBI:32868,CHEBI:32871,CHEBI:32872,CHEBI:57726,CHEBI:60039,CHEBI:192088	C00148,C00763,C16435	CHEBI:60039	R-HSA-352230,R-HSA-379716,R-HSA-379726,R-HSA-428559,R-HSA-442660,R-HSA-5619041,R-HSA-5619101,R-HSA-5660686,R-HSA-70688,R-HSA-8964539	C00148,C00763	map01100,map01110,map01230,map00330,map00470,map00332,map00401,map00404,map00333,map00970,map02010,map04974,map04978,map05230,map01100,map00330,map00470			0
taurine	RM0118223	C2H7NO3S	125.0147	Organic acids	Sulfonic acids	Sulfonic acids	1123	CHEBI:15891	HMDB0000251		C00245	XOAAWQZATWQOTB-UHFFFAOYSA-N	C(CS(=O)(=O)O)N	Taurine			C00245	map01100,map00920,map00120,map00430,map02010,map04080	CHEBI:15891,CHEBI:15891,CHEBI:507393	CHEBI:15891,CHEBI:15891,CHEBI:507393	CHEBI:15891,CHEBI:15891,CHEBI:507393	CHEBI:15891,CHEBI:507393	C00245	C00245	C00245	C00245	CHEBI:507393	R-HSA-159418,R-HSA-1614558,R-HSA-193368,R-HSA-352230,R-HSA-8963693	C00245	map01100,map00920,map00120,map00430,map02010,map04080	CHEBI:32970	CHEBI:15891,CHEBI:32970,CHEBI:507393	C00245	CHEBI:507393	R-HSA-159418,R-HSA-1614558,R-HSA-193368,R-HSA-352230,R-HSA-8963693	C00245	map01100,map00920,map00120,map00430,map02010,map04080		CHEBI:15891,CHEBI:32970,CHEBI:507393	C00245	CHEBI:507393	R-HSA-159418,R-HSA-1614558,R-HSA-193368,R-HSA-352230,R-HSA-8963693	C00245	map01100,map00920,map00120,map00430,map02010,map04080			0
glutarate (C5-DC)	RM0155778	C5H8O4	132.0423	Fatty Acyls	Fatty acids	Dicarboxylic acids	743	CHEBI:17859	HMDB0000661		C00489	JFCQEDHGNNZCLN-UHFFFAOYSA-N	C(CC(=O)O)CC(=O)O	Glutaric acid			C00489	map01100,map01120,map00071,map00310	CHEBI:17859,CHEBI:17859,CHEBI:17859	CHEBI:17859,CHEBI:17859,CHEBI:17859	CHEBI:17859,CHEBI:17859,CHEBI:17859	CHEBI:17859	C00489	C00489	C00489	C00489			C00489	map01100,map01120,map00071,map00310	CHEBI:30921,CHEBI:35907	CHEBI:17859,CHEBI:30921,CHEBI:35907	C00489			C00489	map01100,map01120,map00071,map00310		CHEBI:17859,CHEBI:30921,CHEBI:35907	C00489			C00489	map01100,map01120,map00071,map00310	CHEBI:18059,CHEBI:33575	R-HSA-1222556,R-HSA-1369062,R-HSA-5682294,R-HSA-6809371,R-HSA-804914,R-HSA-8941413	6
orotate	RM0033030	C5H4N2O4	156.0171	Nucleic acids	Pyrimidines	Pyrimidine carboxylic acids	967	CHEBI:16742	HMDB0000226		C00295	PXQPEWDEAKTCGB-UHFFFAOYSA-N	c1c(C(=O)O)[nH]c(=O)[nH]c1=O	Orotic acid			C00295	map01100,map01240,map00240	CHEBI:16742,CHEBI:16742,CHEBI:16742,CHEBI:30839	CHEBI:16742,CHEBI:16742,CHEBI:16742,CHEBI:30839	CHEBI:16742,CHEBI:16742,CHEBI:16742,CHEBI:30839	CHEBI:16742,CHEBI:30839	C00295	C00295	C00295	C00295	CHEBI:30839	R-HSA-500753	C00295	map01100,map01240,map00240		CHEBI:16742,CHEBI:30839	C00295	CHEBI:30839	R-HSA-500753	C00295	map01100,map01240,map00240		CHEBI:16742,CHEBI:30839	C00295	CHEBI:30839	R-HSA-500753	C00295	map01100,map01240,map00240			0
urate	RM0160856	C5H4N4O3	168.0283	Nucleic acids	Purines	Xanthines	1175	CHEBI:17775	HMDB0000289		C00366	LEHOTFFKMJEONL-UHFFFAOYSA-N	c12c([nH]c(=O)[nH]2)[nH]c(=O)[nH]c1=O	Uric acid	CHEBI:17775	R-HSA-189200,R-HSA-196807,R-HSA-2672351,R-HSA-561048,R-HSA-5619047,R-HSA-5619071,R-HSA-74259	C00366	map01100,map01120,map00230,map04976	CHEBI:17775,CHEBI:17775,CHEBI:27226,CHEBI:46819	CHEBI:17775,CHEBI:17775,CHEBI:27226,CHEBI:46819	CHEBI:17775,CHEBI:17775,CHEBI:27226,CHEBI:46819	CHEBI:17775,CHEBI:27226,CHEBI:46819	C00366	C00366	C00366	C00366	CHEBI:17775	R-HSA-189200,R-HSA-196807,R-HSA-2672351,R-HSA-561048,R-HSA-5619047,R-HSA-5619071,R-HSA-74259	C00366	map01100,map01120,map00230,map04976	CHEBI:27216,CHEBI:30848,CHEBI:46811,CHEBI:46814,CHEBI:46817,CHEBI:46820,CHEBI:46821,CHEBI:46822,CHEBI:46823,CHEBI:46824,CHEBI:46825,CHEBI:46826,CHEBI:49051	CHEBI:17775,CHEBI:27216,CHEBI:27226,CHEBI:30848,CHEBI:46811,CHEBI:46814,CHEBI:46817,CHEBI:46819,CHEBI:46820,CHEBI:46821,CHEBI:46822,CHEBI:46823,CHEBI:46824,CHEBI:46825,CHEBI:46826,CHEBI:49051	C00366	CHEBI:17775	R-HSA-189200,R-HSA-196807,R-HSA-2672351,R-HSA-561048,R-HSA-5619047,R-HSA-5619071,R-HSA-74259	C00366	map01100,map01120,map00230,map04976	CHEBI:18072,CHEBI:59562,CHEBI:62585,CHEBI:62589	CHEBI:17775,CHEBI:18072,CHEBI:27216,CHEBI:27226,CHEBI:30848,CHEBI:46811,CHEBI:46814,CHEBI:46817,CHEBI:46819,CHEBI:46820,CHEBI:46821,CHEBI:46822,CHEBI:46823,CHEBI:46824,CHEBI:46825,CHEBI:46826,CHEBI:49051,CHEBI:59562,CHEBI:62585,CHEBI:62589	C00366,C11821	CHEBI:17775	R-HSA-189200,R-HSA-196807,R-HSA-2672351,R-HSA-561048,R-HSA-5619047,R-HSA-5619071,R-HSA-74259	C00366,C11821	map01100,map01120,map00230,map04976,map01100,map01120,map00230			0
1-stearoyl-2-docosapentaenoyl-GPE (18:0/22:5n6)	RM0133798	C45H80NO8P	793.5622	Glycerophospholipids	Glycerophosphoethanolamines	PE								PE 18:0/22:5(4Z,7Z,10Z,13Z,16Z)						CHEBI:131665	CHEBI:131665	CHEBI:131665										CHEBI:131665							CHEBI:131665						CHEBI:36314	R-HSA-1482788	1
9,10-DiHOME	RM0074128	C18H34O4	314.2457	Fatty Acyls	Octadecanoids	DiHOME	9966640	CHEBI:72663	HMDB0004704	LMFA02000229	C14828	XEBKSQSGNGRGDW-YFHOEESVSA-N	CCCCC/C=C\CC(C(CCCCCCCC(=O)O)O)O	9,10-DiHOME			C14828	map00591	CHEBI:72663	CHEBI:72663	CHEBI:72663	CHEBI:72663	C14828	C14828	C14828	C14828			C14828	map00591	CHEBI:84027	CHEBI:72663,CHEBI:84027	C14828			C14828	map00591		CHEBI:72663,CHEBI:84027	C14828			C14828	map00591	CHEBI:15904,CHEBI:24654	R-HSA-1369062,R-HSA-192456,R-HSA-3000471,R-HSA-3000480,R-HSA-3000484,R-HSA-390247,R-HSA-5684045,R-HSA-5686938,R-HSA-77289,R-HSA-8963901,R-HSA-8964058,R-HSA-975634	12
N6,N6,N6-trimethyllysine	RM0009124	C9H20N2O2	188.1525	Organic acids	Amino acids and peptides	Amino acids	440120	CHEBI:165870	HMDB0001325		C03793	MXNRLFUSFKVQSK-QMMMGPOBSA-N	C[N+](C)(C)CCCC[C@@H](C(=O)[O-])N	N-6-Trimethyllysine			C03793	map01100,map00310	CHEBI:165870	CHEBI:165870	CHEBI:165870	CHEBI:165870	C03793	C03793	C03793	C03793			C03793	map01100,map00310		CHEBI:165870	C03793			C03793	map01100,map00310		CHEBI:165870	C03793			C03793	map01100,map00310	CHEBI:33575	R-HSA-6809371	1
N-acetylglutamine	RM0138125	C7H12N2O4	188.0797	Organic acids	Amino acids and peptides	Amino acids	182230	CHEBI:21553	HMDB0006029			KSMRODHGGIIXDV-YFKPBYRVSA-N	CC(=O)N[C@@H](CCC(N)=O)C(O)=O	N-Acetylglutamine					CHEBI:73685	CHEBI:73685	CHEBI:73685	CHEBI:21553,CHEBI:73685									CHEBI:143879,CHEBI:143880,CHEBI:144430	CHEBI:21553,CHEBI:73685,CHEBI:143879,CHEBI:143880,CHEBI:144430							CHEBI:21553,CHEBI:73685,CHEBI:143879,CHEBI:143880,CHEBI:144430						CHEBI:33575	R-HSA-6809371	1
N-behenoyl-sphingadienine (d18:2/22:0)	RM0135504	C40H77NO3	619.5903	Sphingolipids	Ceramides	Cer	52931123	CHEBI:134550		LMSP02010029		HILTUFAERVOALR-MQXYEJFFSA-N	CCCCCCCCCCCCCCCCCCCCCC(=O)N[C@@H](CO)[C@@H](/C=C/CCCCCCCC/C=C\CCC)O	Cer 18:2;O2/22:0								CHEBI:134550										CHEBI:134550							CHEBI:134550						CHEBI:17761	R-HSA-6809371	1
3-methyl-2-oxobutyrate	RM0153610	C5H8O3	116.0473	Fatty Acyls	Fatty acids	Branched FA	49	CHEBI:16530	HMDB0000019	LMFA01020274	C00141	QHKABHOOEWYVLI-UHFFFAOYSA-N	CC(C)C(=O)C(=O)O	Ketoisovaleric acid			C00141	map01100,map01110,map01210,map01230,map01240,map00280,map00290,map00770,map00785,map00966	CHEBI:11851	CHEBI:11851	CHEBI:11851	CHEBI:11851,CHEBI:16530	C00141	C00141	C00141	C00141	CHEBI:11851	R-HSA-70895,R-HSA-9859138,R-HSA-9865125	C00141	map01100,map01110,map01210,map01230,map01240,map00280,map00290,map00770,map00785,map00966	CHEBI:132177	CHEBI:11851,CHEBI:16530,CHEBI:132177	C00141	CHEBI:11851	R-HSA-70895,R-HSA-9859138,R-HSA-9865125	C00141	map01100,map01110,map01210,map01230,map01240,map00280,map00290,map00770,map00785,map00966		CHEBI:11851,CHEBI:16530,CHEBI:132177	C00141	CHEBI:11851	R-HSA-70895,R-HSA-9859138,R-HSA-9865125	C00141	map01100,map01110,map01210,map01230,map01240,map00280,map00290,map00770,map00785,map00966			0
pyroglutamylleucine	-	-	-	-	-	-	-		-	-		-	-	-					CHEBI:176450	CHEBI:176450	CHEBI:176450	CHEBI:176450										CHEBI:176450							CHEBI:176450						CHEBI:46761	R-HSA-427975	1
pyruvate	RM0134967	C3H4O3	88.0160	Organic acids	Short-chain acids	Short-chain acids	1060	CHEBI:32816	HMDB0000243	LMFA01060077	C00022	LCTONWCANYUPML-UHFFFAOYSA-N	CC(=O)C(=O)O	Pyruvic acid			C00022	map01100,map01110,map01120,map01200,map01210,map01230,map01240,map01220,map00010,map00020,map00030,map00040,map00053,map00620,map00630,map00650,map00660,map00566,map00710,map00720,map00680,map00250,map00260,map00270,map00290,map00330,map00350,map00360,map00430,map00440,map00470,map00730,map00760,map00770,map00785,map00900,map00261,map00998,map00997,map00362,map00622,map00621,map00984,map01060,map01061,map01062,map01063,map01064,map01065,map01066,map01070,map02060,map02020,map04066,map04152,map04911,map04922,map05230,map05415,map04930,map04931,map01502	CHEBI:32816,CHEBI:32816,CHEBI:32816,CHEBI:15361	CHEBI:32816,CHEBI:32816,CHEBI:32816,CHEBI:15361	CHEBI:32816,CHEBI:32816,CHEBI:32816,CHEBI:15361	CHEBI:15361,CHEBI:32816	C00022	C00022	C00022	C00022	CHEBI:15361	R-HSA-1614558,R-HSA-196807,R-HSA-204174,R-HSA-2408508,R-HSA-389661,R-HSA-4085001,R-HSA-428643,R-HSA-433692,R-HSA-5362517,R-HSA-5619070,R-HSA-6782861,R-HSA-70171,R-HSA-70263,R-HSA-70268,R-HSA-70268,R-HSA-73621,R-HSA-8964208,R-HSA-8964539,R-HSA-8964540,R-HSA-9749641,R-HSA-977347,R-HSA-9861559	C00022	map01100,map01110,map01120,map01200,map01210,map01230,map01240,map01220,map00010,map00020,map00030,map00040,map00053,map00620,map00630,map00650,map00660,map00566,map00710,map00720,map00680,map00250,map00260,map00270,map00290,map00330,map00350,map00360,map00430,map00440,map00470,map00730,map00760,map00770,map00785,map00900,map00261,map00998,map00997,map00362,map00622,map00621,map00984,map01060,map01061,map01062,map01063,map01064,map01065,map01066,map01070,map02060,map02020,map04066,map04152,map04911,map04922,map05230,map05415,map04930,map04931,map01502		CHEBI:15361,CHEBI:32816	C00022	CHEBI:15361	R-HSA-1614558,R-HSA-196807,R-HSA-204174,R-HSA-2408508,R-HSA-389661,R-HSA-4085001,R-HSA-428643,R-HSA-433692,R-HSA-5362517,R-HSA-5619070,R-HSA-6782861,R-HSA-70171,R-HSA-70263,R-HSA-70268,R-HSA-70268,R-HSA-73621,R-HSA-8964208,R-HSA-8964539,R-HSA-8964540,R-HSA-9749641,R-HSA-977347,R-HSA-9861559	C00022	map01100,map01110,map01120,map01200,map01210,map01230,map01240,map01220,map00010,map00020,map00030,map00040,map00053,map00620,map00630,map00650,map00660,map00566,map00710,map00720,map00680,map00250,map00260,map00270,map00290,map00330,map00350,map00360,map00430,map00440,map00470,map00730,map00760,map00770,map00785,map00900,map00261,map00998,map00997,map00362,map00622,map00621,map00984,map01060,map01061,map01062,map01063,map01064,map01065,map01066,map01070,map02060,map02020,map04066,map04152,map04911,map04922,map05230,map05415,map04930,map04931,map01502		CHEBI:15361,CHEBI:32816	C00022	CHEBI:15361	R-HSA-1614558,R-HSA-196807,R-HSA-204174,R-HSA-2408508,R-HSA-389661,R-HSA-4085001,R-HSA-428643,R-HSA-433692,R-HSA-5362517,R-HSA-5619070,R-HSA-6782861,R-HSA-70171,R-HSA-70263,R-HSA-70268,R-HSA-70268,R-HSA-73621,R-HSA-8964208,R-HSA-8964539,R-HSA-8964540,R-HSA-9749641,R-HSA-977347,R-HSA-9861559	C00022	map01100,map01110,map01120,map01200,map01210,map01230,map01240,map01220,map00010,map00020,map00030,map00040,map00053,map00620,map00630,map00650,map00660,map00566,map00710,map00720,map00680,map00250,map00260,map00270,map00290,map00330,map00350,map00360,map00430,map00440,map00470,map00730,map00760,map00770,map00785,map00900,map00261,map00998,map00997,map00362,map00622,map00621,map00984,map01060,map01061,map01062,map01063,map01064,map01065,map01066,map01070,map02060,map02020,map04066,map04152,map04911,map04922,map05230,map05415,map04930,map04931,map01502			0
palmitoylcarnitine (C16)	RM0153848	C23H45NO4	399.3349	Fatty Acyls	Fatty esters	Acyl carnitines	11953816	CHEBI:17490	HMDB0000222	LMFA07070004	C02990	XOMRRQXKHMYMOC-OAQYLSRUSA-N	CCCCCCCCCCCCCCCC(=O)O[C@H](CC(=O)[O-])C[N+](C)(C)C	CAR 16:0	CHEBI:17490	R-HSA-200425	C02990	map01212,map00071				CHEBI:17490	C02990	C02990	C02990	C02990	CHEBI:17490	R-HSA-200425	C02990	map01212,map00071		CHEBI:17490	C02990	CHEBI:17490	R-HSA-200425	C02990	map01212,map00071		CHEBI:17490	C02990	CHEBI:17490	R-HSA-200425	C02990	map01212,map00071			0
alpha-ketobutyrate	RM0153036	C4H6O3	102.0317	Fatty Acyls	Fatty acids	Oxo FA	58	CHEBI:30831	HMDB0000005	LMFA01060002	C00109	TYEYBOSBBBHJIV-UHFFFAOYSA-N	CCC(=O)C(=O)O	3-Methyl pyruvic acid			C00109	map01100,map01110,map01210,map01230,map00640,map00660,map00260,map00270,map00290	CHEBI:30831,CHEBI:16763	CHEBI:30831,CHEBI:16763	CHEBI:30831,CHEBI:16763	CHEBI:16763,CHEBI:30831	C00109	C00109	C00109	C00109	CHEBI:16763	R-HSA-1614558,R-HSA-1614603,R-HSA-2408508,R-HSA-8849175	C00109	map01100,map01110,map01210,map01230,map00640,map00660,map00260,map00270,map00290		CHEBI:16763,CHEBI:30831	C00109	CHEBI:16763	R-HSA-1614558,R-HSA-1614603,R-HSA-2408508,R-HSA-8849175	C00109	map01100,map01110,map01210,map01230,map00640,map00660,map00260,map00270,map00290		CHEBI:16763,CHEBI:30831	C00109	CHEBI:16763	R-HSA-1614558,R-HSA-1614603,R-HSA-2408508,R-HSA-8849175	C00109	map01100,map01110,map01210,map01230,map00640,map00660,map00260,map00270,map00290			0
palmitate (16:0)	RM0153571	C16H32O2	256.2402	Fatty Acyls	Fatty acids	Saturated FA	985	CHEBI:15756	HMDB0000220	LMFA01010001	C00249	IPCSVZSSVZVIGE-UHFFFAOYSA-N	CCCCCCCCCCCCCCCC(=O)O	Palmitic acid			C00249	map01100,map01212,map00061,map00062,map00071,map00073,map01040,map00563,map01060	CHEBI:15756,CHEBI:15756,CHEBI:15756	CHEBI:15756,CHEBI:15756,CHEBI:15756	CHEBI:15756,CHEBI:15756,CHEBI:15756	CHEBI:15756	C00249	C00249	C00249	C00249			C00249	map01100,map01212,map00061,map00062,map00071,map00073,map01040,map00563,map01060	CHEBI:7896	CHEBI:7896,CHEBI:15756	C00249	CHEBI:7896	R-HSA-112310,R-HSA-1368108,R-HSA-163560,R-HSA-192456,R-HSA-1989781,R-HSA-1989781,R-HSA-203615,R-HSA-2151201,R-HSA-2187335,R-HSA-2426168,R-HSA-2453902,R-HSA-373760,R-HSA-381340,R-HSA-381771,R-HSA-400206,R-HSA-400511,R-HSA-416476,R-HSA-434316,R-HSA-444209,R-HSA-444209,R-HSA-5619108,R-HSA-75105,R-HSA-75876,R-HSA-75896,R-HSA-804914,R-HSA-9009391,R-HSA-9648002,R-HSA-9707564,R-HSA-9707616,R-HSA-975634,R-HSA-9845614,R-HSA-9931509,R-HSA-9933387	C00249	map01100,map01212,map00061,map00062,map00071,map00073,map01040,map00563,map01060		CHEBI:7896,CHEBI:15756	C00249	CHEBI:7896	R-HSA-112310,R-HSA-1368108,R-HSA-163560,R-HSA-192456,R-HSA-1989781,R-HSA-1989781,R-HSA-203615,R-HSA-2151201,R-HSA-2187335,R-HSA-2426168,R-HSA-2453902,R-HSA-373760,R-HSA-381340,R-HSA-381771,R-HSA-400206,R-HSA-400511,R-HSA-416476,R-HSA-434316,R-HSA-444209,R-HSA-444209,R-HSA-5619108,R-HSA-75105,R-HSA-75876,R-HSA-75896,R-HSA-804914,R-HSA-9009391,R-HSA-9648002,R-HSA-9707564,R-HSA-9707616,R-HSA-975634,R-HSA-9845614,R-HSA-9931509,R-HSA-9933387	C00249	map01100,map01212,map00061,map00062,map00071,map00073,map01040,map00563,map01060			0
alpha-hydroxyisovalerate	RM0153673	C5H10O3	118.0630	Fatty Acyls	Fatty acids	Hydroxy FA	853180	CHEBI:60631	HMDB0000407	LMFA01050390		NGEWQZIDQIYUNV-BYPYZUCNSA-N	CC(C)[C@@H](C(=O)O)O	2-Hydroxy-3-methylbutyric acid					CHEBI:60645,CHEBI:64669	CHEBI:60645,CHEBI:64669	CHEBI:60645,CHEBI:64669	CHEBI:60631,CHEBI:60645,CHEBI:64669									CHEBI:46415,CHEBI:145660,CHEBI:744019	CHEBI:46415,CHEBI:60631,CHEBI:60645,CHEBI:64669,CHEBI:145660,CHEBI:744019							CHEBI:46415,CHEBI:60631,CHEBI:60645,CHEBI:64669,CHEBI:145660,CHEBI:744019						CHEBI:25696,CHEBI:33575	R-HSA-382556,R-HSA-428643,R-HSA-5690338,R-HSA-6809371	4
cyclo(pro-val)	RM0156157	C10H16N2O2	196.1212	Organic acids	Amino acids and peptides	Cyclic dipeptides	6992261	CHEBI:69439	HMDB0240493			XLUAWXQORJEMBD-YUMQZZPRSA-N	CC(C)[C@H]1C(=O)N2CCC[C@H]2C(=O)N1	Cyclo(Pro-Val)								CHEBI:69439										CHEBI:69439							CHEBI:69439								0
3-methylhistidine	RM0135956	C7H11N3O2	169.0851	Organic acids	Amino acids and peptides	Amino acids	64969	CHEBI:27596	HMDB0000479		C01152	JDHILDINMRGULE-LURJTMIESA-N	Cn1cncc1C[C@@H](C(=O)O)N	3-Methylhistidine			C01152	map01100,map00340	CHEBI:27596,CHEBI:27596,CHEBI:70959	CHEBI:27596,CHEBI:27596,CHEBI:70959	CHEBI:27596,CHEBI:27596,CHEBI:70959	CHEBI:27596,CHEBI:70959	C01152	C01152	C01152	C01152			C01152	map01100,map00340	CHEBI:133609,CHEBI:143076	CHEBI:27596,CHEBI:70959,CHEBI:133609,CHEBI:143076	C01152			C01152	map01100,map00340		CHEBI:27596,CHEBI:70959,CHEBI:133609,CHEBI:143076	C01152			C01152	map01100,map00340	CHEBI:33575	R-HSA-6809371	1
gamma-glutamylhistidine	RM0056116	C11H16N4O5	284.1121	Organic acids	Amino acids and peptides	Dipeptides	7017195	CHEBI:133032	HMDB0029151			PXVCMZCJAUJLJP-YUMQZZPRSA-N	C(CC(=O)N[C@@H](Cc1cnc[nH]1)C(=O)O)[C@@H](C(=O)O)N	gamma-Glutamylhistidine					CHEBI:133032	CHEBI:133032	CHEBI:133032	CHEBI:133032									CHEBI:133033	CHEBI:133032,CHEBI:133033							CHEBI:133032,CHEBI:133033						CHEBI:46761	R-HSA-427975	1
gamma-glutamylglycine	RM0043089	C7H12N2O5	204.0746	Organic acids	Amino acids and peptides	Dipeptides	165527	CHEBI:73845	HMDB0011667			ACIJGUBIMXQCMF-BYPYZUCNSA-N	C(CC(=O)NCC(=O)O)[C@@H](C(=O)O)N	gamma-Glutamylglycine								CHEBI:73845									CHEBI:133031	CHEBI:73845,CHEBI:133031							CHEBI:73845,CHEBI:133031						CHEBI:46761	R-HSA-427975	1
docosapentaenoate (n6 DPA; 22:5n6)	RM0153827	C22H34O2	330.2559	Fatty Acyls	Fatty acids	Unsaturated FA	6441454	CHEBI:65136	HMDB0001976	LMFA04000064		AVKOENOBFIYBSA-WMPRHZDHSA-N	CCCCC/C=C\C/C=C\C/C=C\C/C=C\C/C=C\CCC(=O)O	Docosapentaenoic acid (22n-6)					CHEBI:65136	CHEBI:65136	CHEBI:65136	CHEBI:65136									CHEBI:77226	CHEBI:65136,CHEBI:77226		CHEBI:77226	R-HSA-2046105,R-HSA-9025106				CHEBI:65136,CHEBI:77226		CHEBI:77226	R-HSA-2046105,R-HSA-9025106					0
malate	RM0135894	C4H6O5	134.0215	Organic acids	TCA acids	TCA acids	222656	CHEBI:30797	HMDB0000156		C00149	BJEPYKJPYRNKOW-REOHCLBHSA-N	C([C@@H](C(=O)O)O)C(=O)O	Malic acid			C00149	map01100,map01110,map01120,map01200,map00020,map00620,map00630,map00710,map00720,map00680,map01060,map01061,map01062,map01063,map01064,map01065,map01066,map01070,map02020,map04922,map04964,map04742,map05200,map05230,map05211	CHEBI:30797,CHEBI:6650,CHEBI:6650,CHEBI:15595,CHEBI:25115	CHEBI:30797,CHEBI:6650,CHEBI:6650,CHEBI:15595,CHEBI:25115	CHEBI:30797,CHEBI:6650,CHEBI:6650,CHEBI:15595,CHEBI:25115	CHEBI:6650,CHEBI:15595,CHEBI:25115,CHEBI:30797	C00149,C00711	C00149,C00711	C00149,C00711	C00149,C00711			C00149	map01100,map01110,map01120,map01200,map00020,map00620,map00630,map00710,map00720,map00680,map01060,map01061,map01062,map01063,map01064,map01065,map01066,map01070,map02020,map04922,map04964,map04742,map05200,map05230,map05211	CHEBI:15588,CHEBI:15589,CHEBI:30796	CHEBI:6650,CHEBI:15588,CHEBI:15589,CHEBI:15595,CHEBI:25115,CHEBI:30796,CHEBI:30797	C00149,C00497,C00711	CHEBI:15589	R-HSA-1614517,R-HSA-428643,R-HSA-70263,R-HSA-70268,R-HSA-71403,R-HSA-9856872	C00149,C00497	map01100,map01110,map01120,map01200,map00020,map00620,map00630,map00710,map00720,map00680,map01060,map01061,map01062,map01063,map01064,map01065,map01066,map01070,map02020,map04922,map04964,map04742,map05200,map05230,map05211,map01100,map00650		CHEBI:6650,CHEBI:15588,CHEBI:15589,CHEBI:15595,CHEBI:25115,CHEBI:30796,CHEBI:30797	C00149,C00497,C00711	CHEBI:15589	R-HSA-1614517,R-HSA-428643,R-HSA-70263,R-HSA-70268,R-HSA-71403,R-HSA-9856872	C00149,C00497	map01100,map01110,map01120,map01200,map00020,map00620,map00630,map00710,map00720,map00680,map01060,map01061,map01062,map01063,map01064,map01065,map01066,map01070,map02020,map04922,map04964,map04742,map05200,map05230,map05211,map01100,map00650			0
branched chain 14:0 dicarboxylic acid	-	-	-	-	-	-	-		-	-		-	-	-																																	0
creatine	RM0135876	C4H9N3O2	131.0695	Organic acids	Amino acids and peptides	Amino acids	586	CHEBI:16919	HMDB0000064		C00300	CVSVTCORWBXHQV-UHFFFAOYSA-N	CN(CC(=O)O)C(=N)N	Creatine			C00300	map01100,map00260,map00330	CHEBI:16919,CHEBI:16919,CHEBI:57947	CHEBI:16919,CHEBI:16919,CHEBI:57947	CHEBI:16919,CHEBI:16919,CHEBI:57947	CHEBI:16919,CHEBI:57947	C00300	C00300	C00300	C00300	CHEBI:57947	R-HSA-71288	C00300	map01100,map00260,map00330	CHEBI:66924	CHEBI:16919,CHEBI:57947,CHEBI:66924	C00300	CHEBI:57947	R-HSA-71288	C00300	map01100,map00260,map00330		CHEBI:16919,CHEBI:57947,CHEBI:66924	C00300	CHEBI:57947	R-HSA-71288	C00300	map01100,map00260,map00330			0
10-nonadecenoate (19:1n9)	RM0139469	C19H36O2	296.2715	Fatty Acyls	Fatty acids	Unsaturated FA	5312513	CHEBI:83051	HMDB0013622	LMFA01030362		BBOWBNGUEWHNQZ-KTKRTIGZSA-N	CCCCCCCC/C=C\CCCCCCCCC(=O)O	Nonadeca-10Z-enoic acid								CHEBI:83051										CHEBI:83051							CHEBI:83051						CHEBI:15904	R-HSA-1369062,R-HSA-192456,R-HSA-3000471,R-HSA-390247,R-HSA-5684045,R-HSA-77289,R-HSA-8963901,R-HSA-8964058,R-HSA-975634	9
1-(1-enyl-stearoyl)-2-docosahexaenoyl-GPE (P-18:0/22:6)	RM0092660	C45H78NO7P	775.5516	Glycerophospholipids	Glycerophosphoethanolamines	O-PE								PE P-18:0/22:6					CHEBI:142374	CHEBI:140506,CHEBI:142374,CHEBI:142374,CHEBI:79099	CHEBI:142374,CHEBI:140506,CHEBI:79099	CHEBI:79099,CHEBI:140506,CHEBI:142374									CHEBI:78263	CHEBI:78263,CHEBI:79099,CHEBI:140506,CHEBI:142374							CHEBI:78263,CHEBI:79099,CHEBI:140506,CHEBI:142374						CHEBI:17476	R-HSA-1482788	1
1-adrenoyl-GPC (22:4)	RM0134488	C30H54NO7P	571.3638	Glycerophospholipids	Glycerophosphocholines	LPC								LPC 22:4/0:0					CHEBI:133657	CHEBI:131984,CHEBI:133657	CHEBI:131984,CHEBI:133657	CHEBI:131984,CHEBI:133657										CHEBI:131984,CHEBI:133657							CHEBI:131984,CHEBI:133657						CHEBI:60479	R-HSA-1483115,R-HSA-3000471,R-HSA-3000480,R-HSA-3000484,R-HSA-5686938,R-HSA-6814848	6
1-palmitoleoyl-2-linolenoyl-GPC (16:1/18:3)	RM0014998	C42H76NO8P	753.5309	Glycerophospholipids	Glycerophosphocholines	PC								PC 16:1/18:3					CHEBI:234296	CHEBI:89732,CHEBI:89733,CHEBI:234296	CHEBI:89732,CHEBI:89733,CHEBI:234296	CHEBI:89732,CHEBI:89733,CHEBI:234296										CHEBI:89732,CHEBI:89733,CHEBI:234296							CHEBI:89732,CHEBI:89733,CHEBI:234296						CHEBI:57643	R-HSA-111995,R-HSA-1369062,R-HSA-1482788,R-HSA-1482798,R-HSA-1482839,R-HSA-1483101,R-HSA-1483148,R-HSA-1483166,R-HSA-1483191,R-HSA-1483196,R-HSA-1660661,R-HSA-2029485,R-HSA-2142753,R-HSA-382556,R-HSA-5678771,R-HSA-5683678,R-HSA-5683826,R-HSA-5688399,R-HSA-6811436,R-HSA-8964058,R-HSA-9680350	21
1-oleoylglycerol (18:1)	RM0134395	C21H40O4	356.2927	Glycerolipids	Monoradylglycerols	MAG								MG 18:1/0:0/0:0																																	0
1-palmitoyl-2-docosahexaenoyl-GPC (16:0/22:6)	RM0101922	C46H80NO8P	805.5622	Glycerophospholipids	Glycerophosphocholines	PC								PC 16:0/22:6					CHEBI:74963	CHEBI:134598,CHEBI:84797,CHEBI:74963	CHEBI:134598,CHEBI:84797,CHEBI:74963	CHEBI:74963,CHEBI:84797,CHEBI:134598										CHEBI:74963,CHEBI:84797,CHEBI:134598							CHEBI:74963,CHEBI:84797,CHEBI:134598						CHEBI:57643	R-HSA-111995,R-HSA-1369062,R-HSA-1482788,R-HSA-1482798,R-HSA-1482839,R-HSA-1483101,R-HSA-1483148,R-HSA-1483166,R-HSA-1483191,R-HSA-1483196,R-HSA-1660661,R-HSA-2029485,R-HSA-2142753,R-HSA-382556,R-HSA-5678771,R-HSA-5683678,R-HSA-5683826,R-HSA-5688399,R-HSA-6811436,R-HSA-8964058,R-HSA-9680350	21
glycoursodeoxycholate	RM0126064	C26H43NO5	449.3141	Sterol Lipids	Bile acids	C24 bile acids	12310288	CHEBI:89929	HMDB0000708	LMST05030016		GHCZAUBVMUEKKP-XROMFQGDSA-N	C[C@H](CCC(=O)NCC(=O)O)[C@H]1CC[C@H]2[C@H]3[C@H](CC[C@]12C)[C@@]1(C)CC[C@H](C[C@H]1C[C@@H]3O)O	Glycoursodeoxycholic acid					CHEBI:89929,CHEBI:132030	CHEBI:89929,CHEBI:132030	CHEBI:89929,CHEBI:132030	CHEBI:89929,CHEBI:132030										CHEBI:89929,CHEBI:132030							CHEBI:89929,CHEBI:132030						CHEBI:25696,CHEBI:33575	R-HSA-382556,R-HSA-428643,R-HSA-5690338,R-HSA-6809371	4
dihomo-linoleate (20:2n6)	RM0153251	C20H36O2	308.2715	Fatty Acyls	Fatty acids	Unsaturated FA	6439848	CHEBI:73731	HMDB0005060	LMFA01031043	C16525	XSXIVVZCUAHUJO-HZJYTTRNSA-N	CCCCC/C=C\C/C=C\CCCCCCCCCC(=O)O	11Z,14Z-Eicosadienoic acid			C16525	map01040	CHEBI:83066,CHEBI:88670,CHEBI:88670	CHEBI:83066,CHEBI:88670,CHEBI:88670	CHEBI:83066,CHEBI:88670	CHEBI:73731,CHEBI:83066,CHEBI:88670	C16525	C16525	C16525	C16525			C16525	map01040	CHEBI:77220	CHEBI:73731,CHEBI:77220,CHEBI:83066,CHEBI:88670	C16525			C16525	map01040		CHEBI:73731,CHEBI:77220,CHEBI:83066,CHEBI:88670	C16525			C16525	map01040	CHEBI:15904,CHEBI:57560	R-HSA-1369062,R-HSA-1482788,R-HSA-1482798,R-HSA-1482801,R-HSA-1482839,R-HSA-1482883,R-HSA-1482922,R-HSA-1482925,R-HSA-1483115,R-HSA-1483152,R-HSA-1483166,R-HSA-162791,R-HSA-163560,R-HSA-166187,R-HSA-192456,R-HSA-211945,R-HSA-3000471,R-HSA-390247,R-HSA-434313,R-HSA-5684045,R-HSA-6814848,R-HSA-77289,R-HSA-8963901,R-HSA-8964038,R-HSA-8964058,R-HSA-975634	26
cortisone	RM0128363	C21H28O5	360.1937	Sterol Lipids	Steroids	C21 Steroids	222786	CHEBI:16962	HMDB0002802	LMST02030090	C00762	MFYSYFVPBJMHGN-ZPOLXVRWSA-N	C[C@]12CCC(=O)C=C1CC[C@H]1[C@@H]3CC[C@](C(=O)CO)([C@@]3(C)CC(=O)[C@H]21)O	Cortisone	CHEBI:16962	R-HSA-194002,R-HSA-9717207,R-HSA-9717207	C00762	map01100,map00140,map04960,map05200,map05215,map07225	CHEBI:16962,CHEBI:16962	CHEBI:16962,CHEBI:16962	CHEBI:16962,CHEBI:16962	CHEBI:16962	C00762	C00762	C00762	C00762	CHEBI:16962	R-HSA-194002,R-HSA-9717207,R-HSA-9717207	C00762	map01100,map00140,map04960,map05200,map05215,map07225		CHEBI:16962	C00762	CHEBI:16962	R-HSA-194002,R-HSA-9717207,R-HSA-9717207	C00762	map01100,map00140,map04960,map05200,map05215,map07225		CHEBI:16962	C00762	CHEBI:16962	R-HSA-194002,R-HSA-9717207,R-HSA-9717207	C00762	map01100,map00140,map04960,map05200,map05215,map07225			0
linoleoyl-linoleoyl-glycerol (18:2/18:2)	RM0134347	C39H68O5	616.5067	Glycerolipids	Diradylglycerols	DAG								DG 18:2_18:2																																	0
2-hydroxybutyrate	RM0153654	C4H8O3	104.0473	Fatty Acyls	Fatty acids	Hydroxy FA	11266	CHEBI:1148	HMDB0000008	LMFA01050004	C05984	AFENDNXGAFYKQO-UHFFFAOYSA-N	CCC(C(=O)O)O	2-Hydroxybutyric acid			C05984	map00640	CHEBI:1148,CHEBI:1148,CHEBI:50613,CHEBI:64552	CHEBI:1148,CHEBI:1148,CHEBI:50613,CHEBI:64552	CHEBI:1148,CHEBI:1148,CHEBI:50613,CHEBI:64552	CHEBI:1148,CHEBI:50613,CHEBI:64552	C05984	C05984	C05984	C05984			C05984	map00640	CHEBI:50612,CHEBI:73709,CHEBI:232384	CHEBI:1148,CHEBI:50612,CHEBI:50613,CHEBI:64552,CHEBI:73709,CHEBI:232384	C05984			C05984	map00640		CHEBI:1148,CHEBI:50612,CHEBI:50613,CHEBI:64552,CHEBI:73709,CHEBI:232384	C05984			C05984	map00640	CHEBI:24654,CHEBI:28868	R-HSA-1222387,R-HSA-1222556,R-HSA-1483191,R-HSA-167826,R-HSA-3000471,R-HSA-3000480,R-HSA-3000484,R-HSA-5686938,R-HSA-8941413,R-HSA-9840310,R-HSA-9845614	11
4-methylcatechol sulfate	RM0186595	C7H8O5S	204.0092	Benzenoids	Phenols	Catechols	54104170		HMDB0240459			NCOMUGOPQPRVSE-UHFFFAOYSA-N	Cc1ccc(c(c1)O)OS(=O)(=O)O	4-Methylcatechol 1-sulfate					CHEBI:232803	CHEBI:232803	CHEBI:232803	CHEBI:232803										CHEBI:232803							CHEBI:232803								0
margaroylcarnitine (C17)	RM0154058	C24H47NO4	413.3505	Fatty Acyls	Fatty esters	Acyl carnitines	145720489	CHEBI:190604	HMDB0006210			DWSFAVOTORHAAL-JOCHJYFZSA-N	CCCCCCCCCCCCCCCCC(=O)O[C@H](CC(=O)[O-])C[N+](C)(C)C	CAR 17:0								CHEBI:190604										CHEBI:190604							CHEBI:190604								0
perfluorooctanesulfonate (PFOS)	RM0060092	C8HF17O3S	499.9375	Organohalogen compounds	Alkyl halides	Perfluorooctane sulfonic acids	74483	CHEBI:39421	HMDB0059586			YFSUTJLHUFNCNZ-UHFFFAOYSA-N	C(C(C(C(C(F)(F)S(=O)(=O)O)(F)F)(F)F)(F)F)(C(C(C(F)(F)F)(F)F)(F)F)(F)F	Perfluorooctanesulfonic acid					CHEBI:39421	CHEBI:39421	CHEBI:39421	CHEBI:39421	C18142	C18142	C18142	C18142						CHEBI:39421	C18142						CHEBI:39421	C18142							0
margarate (17:0)	RM0149933	C17H34O2	270.2559	Fatty Acyls	Fatty acids	Saturated FA	10465	CHEBI:32365	HMDB0002259	LMFA01010017		KEMQGTRYUADPNZ-UHFFFAOYSA-N	CCCCCCCCCCCCCCCCC(=O)O	Margaric acid					CHEBI:32365	CHEBI:32365	CHEBI:32365	CHEBI:32365									CHEBI:32366	CHEBI:32365,CHEBI:32366							CHEBI:32365,CHEBI:32366						CHEBI:15904	R-HSA-1369062,R-HSA-192456,R-HSA-3000471,R-HSA-390247,R-HSA-5684045,R-HSA-77289,R-HSA-8963901,R-HSA-8964058,R-HSA-975634	9
glutamate	RM0135893	C5H9NO4	147.0532	Organic acids	Amino acids and peptides	Amino acids	33032	CHEBI:16015	HMDB0000148		C00025	WHUUTDBJXJRKMK-VKHMYHEASA-N	C(CC(=O)O)[C@@H](C(=O)O)N	Glutamic acid			C00025	map01100,map01110,map01120,map01200,map01210,map01230,map01240,map00630,map00650,map00660,map00910,map00250,map00220,map00330,map00340,map00430,map00470,map00480,map00860,map00332,map00524,map00975,map00998,map01060,map01064,map00970,map02010,map02020,map04068,map04072,map04080,map04082,map04216,map04540,map04974,map04964,map04724,map04727,map04720,map04730,map04723,map04721,map04742,map04713,map05230,map05215,map05014,map05016,map05017,map05022,map05030,map05031,map05033,map05034	CHEBI:16015,CHEBI:16015,CHEBI:18237,CHEBI:18237,CHEBI:14321,CHEBI:29987	CHEBI:16015,CHEBI:16015,CHEBI:18237,CHEBI:18237,CHEBI:14321,CHEBI:29987	CHEBI:16015,CHEBI:16015,CHEBI:18237,CHEBI:18237,CHEBI:14321,CHEBI:29987	CHEBI:14321,CHEBI:16015,CHEBI:18237,CHEBI:29987	C00025,C00302	C00025,C00302	C00025,C00302	C00025,C00302			C00025,C00302	map01100,map01110,map01120,map01200,map01210,map01230,map01240,map00630,map00650,map00660,map00910,map00250,map00220,map00330,map00340,map00430,map00470,map00480,map00860,map00332,map00524,map00975,map00998,map01060,map01064,map00970,map02010,map02020,map04068,map04072,map04080,map04082,map04216,map04540,map04974,map04964,map04724,map04727,map04720,map04730,map04723,map04721,map04742,map04713,map05230,map05215,map05014,map05016,map05017,map05022,map05030,map05031,map05033,map05034,map01100,map00460	CHEBI:15966,CHEBI:29985,CHEBI:29986,CHEBI:29988,CHEBI:29989	CHEBI:14321,CHEBI:15966,CHEBI:16015,CHEBI:18237,CHEBI:29985,CHEBI:29986,CHEBI:29987,CHEBI:29988,CHEBI:29989	C00025,C00217,C00302	CHEBI:29985	R-HSA-1614558,R-HSA-174403,R-HSA-196757,R-HSA-196807,R-HSA-210455,R-HSA-210500,R-HSA-2142691,R-HSA-352230,R-HSA-379716,R-HSA-379726,R-HSA-389661,R-HSA-3928662,R-HSA-3928662,R-HSA-399710,R-HSA-416476,R-HSA-418594,R-HSA-420499,R-HSA-438066,R-HSA-438066,R-HSA-442660,R-HSA-442982,R-HSA-446210,R-HSA-451307,R-HSA-451308,R-HSA-499943,R-HSA-500657,R-HSA-500753,R-HSA-5423646,R-HSA-5578999,R-HSA-5619062,R-HSA-5619067,R-HSA-5619076,R-HSA-5628897,R-HSA-5673001,R-HSA-70263,R-HSA-70268,R-HSA-70635,R-HSA-70688,R-HSA-70895,R-HSA-70921,R-HSA-71064,R-HSA-71240,R-HSA-71240,R-HSA-73817,R-HSA-8849932,R-HSA-888568,R-HSA-8955332,R-HSA-8955332,R-HSA-8963684,R-HSA-8963693,R-HSA-8964539,R-HSA-8964540,R-HSA-9026762,R-HSA-9026766,R-HSA-916853,R-HSA-9617324,R-HSA-9620244,R-HSA-9662360,R-HSA-9664535,R-HSA-9717207,R-HSA-9717207,R-HSA-9748787,R-HSA-9753281,R-HSA-977347,R-HSA-9856872,R-HSA-9955693,R-HSA-9958863	C00025,C00217,C00302	map01100,map01110,map01120,map01200,map01210,map01230,map01240,map00630,map00650,map00660,map00910,map00250,map00220,map00330,map00340,map00430,map00470,map00480,map00860,map00332,map00524,map00975,map00998,map01060,map01064,map00970,map02010,map02020,map04068,map04072,map04080,map04082,map04216,map04540,map04974,map04964,map04724,map04727,map04720,map04730,map04723,map04721,map04742,map04713,map05230,map05215,map05014,map05016,map05017,map05022,map05030,map05031,map05033,map05034,map01100,map00470,map01100,map00460	CHEBI:192079	CHEBI:14321,CHEBI:15966,CHEBI:16015,CHEBI:18237,CHEBI:29985,CHEBI:29986,CHEBI:29987,CHEBI:29988,CHEBI:29989,CHEBI:192079	C00025,C00217,C00302	CHEBI:29985	R-HSA-1614558,R-HSA-174403,R-HSA-196757,R-HSA-196807,R-HSA-210455,R-HSA-210500,R-HSA-2142691,R-HSA-352230,R-HSA-379716,R-HSA-379726,R-HSA-389661,R-HSA-3928662,R-HSA-3928662,R-HSA-399710,R-HSA-416476,R-HSA-418594,R-HSA-420499,R-HSA-438066,R-HSA-438066,R-HSA-442660,R-HSA-442982,R-HSA-446210,R-HSA-451307,R-HSA-451308,R-HSA-499943,R-HSA-500657,R-HSA-500753,R-HSA-5423646,R-HSA-5578999,R-HSA-5619062,R-HSA-5619067,R-HSA-5619076,R-HSA-5628897,R-HSA-5673001,R-HSA-70263,R-HSA-70268,R-HSA-70635,R-HSA-70688,R-HSA-70895,R-HSA-70921,R-HSA-71064,R-HSA-71240,R-HSA-71240,R-HSA-73817,R-HSA-8849932,R-HSA-888568,R-HSA-8955332,R-HSA-8955332,R-HSA-8963684,R-HSA-8963693,R-HSA-8964539,R-HSA-8964540,R-HSA-9026762,R-HSA-9026766,R-HSA-916853,R-HSA-9617324,R-HSA-9620244,R-HSA-9662360,R-HSA-9664535,R-HSA-9717207,R-HSA-9717207,R-HSA-9748787,R-HSA-9753281,R-HSA-977347,R-HSA-9856872,R-HSA-9955693,R-HSA-9958863	C00025,C00217,C00302	map01100,map01110,map01120,map01200,map01210,map01230,map01240,map00630,map00650,map00660,map00910,map00250,map00220,map00330,map00340,map00430,map00470,map00480,map00860,map00332,map00524,map00975,map00998,map01060,map01064,map00970,map02010,map02020,map04068,map04072,map04080,map04082,map04216,map04540,map04974,map04964,map04724,map04727,map04720,map04730,map04723,map04721,map04742,map04713,map05230,map05215,map05014,map05016,map05017,map05022,map05030,map05031,map05033,map05034,map01100,map00470,map01100,map00460			0
glycohyocholate	RM0128383	C26H43NO6	465.3090	Sterol Lipids	Bile acids	C24 bile acids	71361462	CHEBI:133176	HMDB0240607	LMST05030021		ZQYUKJFJPJDMMR-ZDWCHQGWSA-N	C[C@H](CCC(=O)NCC(=O)O)[C@H]1CC[C@H]2[C@H]3[C@H](CC[C@]12C)[C@@]1(C)CC[C@H](C[C@H]1[C@H]([C@H]3O)O)O	Glycohyocholic acid					CHEBI:133176,CHEBI:133177	CHEBI:133176,CHEBI:133177	CHEBI:133176,CHEBI:133177	CHEBI:133176,CHEBI:133177										CHEBI:133176,CHEBI:133177							CHEBI:133176,CHEBI:133177						CHEBI:25696,CHEBI:35341	R-HSA-196071,R-HSA-382556,R-HSA-428643,R-HSA-5690338	4
glycerophosphorylcholine (GPC)	RM0110472	C8H20NO6P	257.1028	Organic acids	Organic phosphoric acids	Organic phosphoric acids	657272	CHEBI:16870	HMDB0000086			SUHOQUVVVLNYQR-MRVPVSSYSA-N	C[N+](C)(C)CCOP(=O)([O-])OC[C@@H](CO)O	sn-Glycero-3-phosphocholine	CHEBI:16870	R-HSA-1483115,R-HSA-1483115,R-HSA-6814848,R-HSA-6814848			CHEBI:16870,CHEBI:16870	CHEBI:16870,CHEBI:16870	CHEBI:16870,CHEBI:16870	CHEBI:16870	C00670	C00670	C00670	C00670	CHEBI:16870	R-HSA-1483115,R-HSA-1483115,R-HSA-6814848,R-HSA-6814848	C00670	map00564,map00565,map05231		CHEBI:16870	C00670	CHEBI:16870	R-HSA-1483115,R-HSA-1483115,R-HSA-6814848,R-HSA-6814848	C00670	map00564,map00565,map05231		CHEBI:16870	C00670	CHEBI:16870	R-HSA-1483115,R-HSA-1483115,R-HSA-6814848,R-HSA-6814848	C00670	map00564,map00565,map05231			0
3beta-hydroxy-5-cholestenoate	RM0002423	C27H44O3	416.3290	Sterol Lipids	Bile acids	C27 bile acids	40579073	CHEBI:86378	HMDB0012453	LMST04030072		WVXOMPRLWLXFAP-KQOPCUSDSA-N	C[C@H](CCC[C@@H](C)C(=O)O)[C@H]1CC[C@H]2[C@@H]3CC=C4C[C@H](CC[C@]4(C)[C@H]3CC[C@]12C)O	Cholestenoic acid								CHEBI:86378									CHEBI:86098	CHEBI:86098,CHEBI:86378							CHEBI:86098,CHEBI:86378						CHEBI:33575,CHEBI:35341	R-HSA-196071,R-HSA-6809371	2
2-hydroxystearate	RM0139462	C18H36O3	300.2664	Fatty Acyls	Fatty acids	Hydroxy FA	439887	CHEBI:18129	HMDB0062549	LMFA01050485	C03042	KIHBGTRZFAVZRV-KRWDZBQOSA-N	CCCCCCCCCCCCCCCC[C@@H](C(=O)O)O	2-Hydroxystearic acid					CHEBI:19660,CHEBI:76724	CHEBI:19660,CHEBI:76724	CHEBI:19660,CHEBI:76724	CHEBI:18129,CHEBI:19660,CHEBI:76724	C03042,C03045	C03042,C03045	C03042,C03045	C03042,C03045					CHEBI:15913,CHEBI:57562,CHEBI:58386	CHEBI:15913,CHEBI:18129,CHEBI:19660,CHEBI:57562,CHEBI:58386,CHEBI:76724	C03042,C03045						CHEBI:15913,CHEBI:18129,CHEBI:19660,CHEBI:57562,CHEBI:58386,CHEBI:76724	C03042,C03045					CHEBI:15904,CHEBI:24654,CHEBI:57560	R-HSA-1369062,R-HSA-1482788,R-HSA-1482798,R-HSA-1482801,R-HSA-1482839,R-HSA-1482883,R-HSA-1482922,R-HSA-1482925,R-HSA-1483115,R-HSA-1483152,R-HSA-1483166,R-HSA-162791,R-HSA-163560,R-HSA-166187,R-HSA-192456,R-HSA-211945,R-HSA-3000471,R-HSA-3000480,R-HSA-3000484,R-HSA-390247,R-HSA-434313,R-HSA-5684045,R-HSA-5686938,R-HSA-6814848,R-HSA-77289,R-HSA-8963901,R-HSA-8964038,R-HSA-8964058,R-HSA-975634	29
prolylglycine	RM0016583	C7H12N2O3	172.0848	Organic acids	Amino acids and peptides	Dipeptides	6426709	CHEBI:61695	HMDB0011178			RNKSNIBMTUYWSH-YFKPBYRVSA-N	C1C[C@@H](C(=O)NCC(=O)O)NC1	Pro-Gly					CHEBI:61695,CHEBI:61696	CHEBI:61695,CHEBI:61696	CHEBI:61695,CHEBI:61696	CHEBI:61695,CHEBI:61696										CHEBI:61695,CHEBI:61696							CHEBI:61695,CHEBI:61696						CHEBI:46761,CHEBI:90799	R-HSA-427975	1
branched-chain, straight-chain, or cyclopropyl 10:1 fatty acid	-	-	-	-	-	-	-		-	-		-	-	-																																	0
glutamate, gamma-methyl ester	RM0045625	C6H11NO4	161.0688	Organic acids	Amino acids and peptides	Amino acids	73913	CHEBI:193556	HMDB0061715			ZGEYCCHDTIDZAE-UHFFFAOYSA-N	COC(=O)CCC(C(=O)O)N	Glutamic acid, gamma-methyl ester								CHEBI:193556										CHEBI:193556						CHEBI:21306	CHEBI:21306,CHEBI:193556						CHEBI:33575	R-HSA-6809371	1
ceramide (d18:2/24:1, d18:1/24:2)	-	-	-	-	-	-	-		-	-		-	-	-																																	0
palmitoleoyl-linoleoyl-glycerol (16:1/18:2)	RM0134356	C37H66O5	590.4910	Glycerolipids	Diradylglycerols	DAG								DG 16:1_18:2																																	0
dihomo-linoleoylcarnitine (C20:2)	RM0154125	C27H49NO4	451.3662	Fatty Acyls	Fatty esters	Acyl carnitines								CAR 20:2																																	0
cysteinylglycine	RM0137513	C5H10N2O3S	178.0412	Organic acids	Amino acids and peptides	Dipeptides	439498	CHEBI:4047	HMDB0000078		C01419	ZUKPVRWZDMRIEO-VKHMYHEASA-N	C(C(=O)O)NC(=O)[C@H](CS)N	Cys-Gly			C01419	map01100,map00480	CHEBI:4047,CHEBI:61694	CHEBI:4047,CHEBI:61694	CHEBI:4047,CHEBI:61694	CHEBI:4047,CHEBI:61694	C01419	C01419	C01419	C01419	CHEBI:61694	R-HSA-174403	C01419	map01100,map00480		CHEBI:4047,CHEBI:61694	C01419	CHEBI:61694	R-HSA-174403	C01419	map01100,map00480		CHEBI:4047,CHEBI:61694	C01419	CHEBI:61694	R-HSA-174403	C01419	map01100,map00480			0
indolin-2-one	RM0029653	C8H7NO	133.0528	Alkaloids	Tryptophan alkaloids	Indolines	321710	CHEBI:31697	HMDB0061918		C12312	JYGFTBXVXVMTGB-UHFFFAOYSA-N	c1ccc2c(c1)CC(=O)N2	Indolin-2-one	CHEBI:31697	R-HSA-211958	C12312	map01100,map01110,map00402,map00999	CHEBI:31697,CHEBI:31697	CHEBI:31697,CHEBI:31697	CHEBI:31697,CHEBI:31697	CHEBI:31697	C12312	C12312	C12312	C12312	CHEBI:31697	R-HSA-211958	C12312	map01100,map01110,map00402,map00999		CHEBI:31697	C12312	CHEBI:31697	R-HSA-211958	C12312	map01100,map01110,map00402,map00999		CHEBI:31697	C12312	CHEBI:31697	R-HSA-211958	C12312	map01100,map01110,map00402,map00999			0
N-acetylcarnosine	RM0137108	C11H16N4O4	268.1172	Organic acids	Amino acids and peptides	Dipeptides	9903482	CHEBI:67249	HMDB0255058			BKAYIFDRRZZKNF-VIFPVBQESA-N	CC(=O)NCCC(=O)N[C@@H](Cc1cnc[nH]1)C(=O)O	N-Acetylcarnosine					CHEBI:67249	CHEBI:67249	CHEBI:67249	CHEBI:67249										CHEBI:67249							CHEBI:67249						CHEBI:46761	R-HSA-427975	1
phosphatidylcholine (18:0/20:2, 20:0/18:2)	-	-	-	-	-	-	-		-	-		-	-	-																																	0
gamma-tocopherol	RM0157563	C28H48O2	416.3654	Prenol Lipids	Quinones and hydroquinones	Vitamin E	92729	CHEBI:18185	HMDB0001492	LMPR02020065	C02483	QUEDXNHFTDJVIY-DQCZWYHMSA-N	CC(C)CCC[C@@H](C)CCC[C@@H](C)CCC[C@]1(C)CCc2cc(c(C)c(C)c2O1)O	gamma-Tocopherol			C02483	map01100,map01110,map01240,map00130	CHEBI:18185,CHEBI:18185,CHEBI:18185	CHEBI:18185,CHEBI:18185,CHEBI:18185	CHEBI:18185,CHEBI:18185,CHEBI:18185	CHEBI:18185	C02483	C02483	C02483	C02483			C02483	map01100,map01110,map01240,map00130		CHEBI:18185	C02483			C02483	map01100,map01110,map01240,map00130		CHEBI:18185	C02483			C02483	map01100,map01110,map01240,map00130			0
2-aminophenol sulfate	RM0115775	C6H7NO4S	189.0096	Organic acids	Arylsulfates	Phenylsulfates	181670	CHEBI:133186	HMDB0061116			VSTZVCJQGSLNLL-UHFFFAOYSA-N	c1ccc(c(c1)N)OS(=O)(=O)O	2-Aminophenyl sulfate					CHEBI:133186,CHEBI:133194	CHEBI:133186,CHEBI:133194	CHEBI:133186,CHEBI:133194	CHEBI:133186,CHEBI:133194										CHEBI:133186,CHEBI:133194							CHEBI:133186,CHEBI:133194						CHEBI:25696	R-HSA-382556,R-HSA-428643,R-HSA-5690338	3
palmitoyl dihydrosphingomyelin (d18:0/16:0)	RM0135544	C39H81N2O6P	704.5832	Sphingolipids	Phosphosphingolipids	SM	9939965	CHEBI:78647	HMDB0010168	LMSP03010004		QHZIGNLCLJPLCU-QPPIDDCLSA-N	CCCCCCCCCCCCCCC[C@H]([C@H](COP(=O)([O-])OCC[N+](C)(C)C)NC(=O)CCCCCCCCCCCCCCC)O	SM 18:0;O2/16:0					CHEBI:78647	CHEBI:78647	CHEBI:78647	CHEBI:78647										CHEBI:78647							CHEBI:78647						CHEBI:64583	R-HSA-1660661	1
linoleoyl-arachidonoyl-glycerol (18:2/20:4)	RM0033561	C41H68O5	640.5067	Glycerolipids	Diradylglycerols	DAG								DG 18:2_20:4																																	0
acisoga	RM0021446	C9H16N2O2	184.1212	Alkaloids	Ornithine alkaloids	Pyrrolidine alkaloids	129397	CHEBI:133185	HMDB0061384			OAUYENAPBFTAQT-UHFFFAOYSA-N	CC(=O)NCCCN1CCCC1=O	Acisoga					CHEBI:133185	CHEBI:133185	CHEBI:133185	CHEBI:133185										CHEBI:133185							CHEBI:133185								0
choline	RM0028739	C5H14NO	104.1075	Organic nitrogen compounds	Cholines	Cholines	305	CHEBI:15354	HMDB0000097		C00114	OEYIOHPDSNJKLS-UHFFFAOYSA-N	C[N+](C)(C)CCO	Choline	CHEBI:15354	R-HSA-112311,R-HSA-1483101,R-HSA-1483115,R-HSA-1483148,R-HSA-1483166,R-HSA-1483191,R-HSA-2029485,R-HSA-264642,R-HSA-549127,R-HSA-5619114,R-HSA-5658471,R-HSA-6798163,R-HSA-6814848,R-HSA-9958517	C00114	map01100,map00564,map00260,map00552,map00670,map02010,map04082,map04976,map04981,map04725,map05231	CHEBI:15354,CHEBI:15354	CHEBI:15354,CHEBI:15354	CHEBI:15354,CHEBI:15354	CHEBI:15354	C00114	C00114	C00114	C00114	CHEBI:15354	R-HSA-112311,R-HSA-1483101,R-HSA-1483115,R-HSA-1483148,R-HSA-1483166,R-HSA-1483191,R-HSA-2029485,R-HSA-264642,R-HSA-549127,R-HSA-5619114,R-HSA-5658471,R-HSA-6798163,R-HSA-6814848,R-HSA-9958517	C00114	map01100,map00564,map00260,map00552,map00670,map02010,map04082,map04976,map04981,map04725,map05231		CHEBI:15354	C00114	CHEBI:15354	R-HSA-112311,R-HSA-1483101,R-HSA-1483115,R-HSA-1483148,R-HSA-1483166,R-HSA-1483191,R-HSA-2029485,R-HSA-264642,R-HSA-549127,R-HSA-5619114,R-HSA-5658471,R-HSA-6798163,R-HSA-6814848,R-HSA-9958517	C00114	map01100,map00564,map00260,map00552,map00670,map02010,map04082,map04976,map04981,map04725,map05231		CHEBI:15354	C00114	CHEBI:15354	R-HSA-112311,R-HSA-1483101,R-HSA-1483115,R-HSA-1483148,R-HSA-1483166,R-HSA-1483191,R-HSA-2029485,R-HSA-264642,R-HSA-549127,R-HSA-5619114,R-HSA-5658471,R-HSA-6798163,R-HSA-6814848,R-HSA-9958517	C00114	map01100,map00564,map00260,map00552,map00670,map02010,map04082,map04976,map04981,map04725,map05231			0
4-hydroxyphenylacetate	RM0016691	C8H8O3	152.0473	Benzenoids	Benzenes	Hydroxybenzoic acids	96009	CHEBI:31128	HMDB0060390			HBMCQTHGYMTCOF-UHFFFAOYSA-N	CC(=O)Oc1ccc(cc1)O	4-Hydroxyphenyl acetate					CHEBI:31128,CHEBI:31128,CHEBI:18101,CHEBI:48999	CHEBI:31128,CHEBI:31128,CHEBI:48999,CHEBI:18101	CHEBI:31128,CHEBI:31128,CHEBI:48999,CHEBI:18101	CHEBI:18101,CHEBI:31128,CHEBI:48999	C00642,C13636	C00642,C13636	C00642,C13636	C00642,C13636			C00642,C13636	map01100,map01120,map01220,map00350,map00360,map00946,map01100,map01120,map00363		CHEBI:18101,CHEBI:31128,CHEBI:48999	C00642,C13636			C00642,C13636	map01100,map01120,map01220,map00350,map00360,map00946,map01100,map01120,map00363		CHEBI:18101,CHEBI:31128,CHEBI:48999	C00642,C13636			C00642,C13636	map01100,map01120,map01220,map00350,map00360,map00946,map01100,map01120,map00363	CHEBI:25696,CHEBI:33575	R-HSA-382556,R-HSA-428643,R-HSA-5690338,R-HSA-6809371	4
1-eicosapentaenoyl-GPE (20:5)	RM0134466	C25H42NO7P	499.2699	Glycerophospholipids	Glycerophosphoethanolamines	LPE								LPE 20:5/0:0					CHEBI:145286,CHEBI:133522	CHEBI:133522,CHEBI:145286,CHEBI:145286	CHEBI:145286,CHEBI:133522	CHEBI:133522,CHEBI:145286										CHEBI:133522,CHEBI:145286						CHEBI:145287	CHEBI:133522,CHEBI:145286,CHEBI:145287						CHEBI:36314	R-HSA-1482788	1
4-allylcatechol sulfate	RM0188101	C9H10O5S	230.0249	Benzenoids	Phenols	Catechols								4-Allylcatechol sulfate					CHEBI:232805	CHEBI:232805	CHEBI:232805	CHEBI:232805										CHEBI:232805							CHEBI:232805								0
methionine	RM0161726	C5H11NO2S	149.0511	Organic acids	Amino acids and peptides	Amino acids	6137	CHEBI:16643	HMDB0000696		C00073	FFEARJCKVFRZRR-BYPYZUCNSA-N	CSCC[C@@H](C(=O)O)N	Methionine			C00073	map01100,map01110,map01120,map01210,map01230,map01240,map01320,map00920,map00270,map00470,map00670,map00966,map00999,map01060,map01070,map00970,map04148,map04974,map04981,map04980,map04978,map05230,map01523	CHEBI:16643,CHEBI:16643,CHEBI:16811,CHEBI:16811,CHEBI:64558	CHEBI:16643,CHEBI:16643,CHEBI:16811,CHEBI:16811,CHEBI:64558	CHEBI:16643,CHEBI:16643,CHEBI:16811,CHEBI:16811,CHEBI:64558	CHEBI:16643,CHEBI:16811,CHEBI:64558	C00073,C01733	C00073,C01733	C00073,C01733	C00073,C01733			C00073	map01100,map01110,map01120,map01210,map01230,map01240,map01320,map00920,map00270,map00470,map00670,map00966,map00999,map01060,map01070,map00970,map04148,map04974,map04981,map04980,map04978,map05230,map01523	CHEBI:16867,CHEBI:32631,CHEBI:32632,CHEBI:32637,CHEBI:32638,CHEBI:32644,CHEBI:32646,CHEBI:57844,CHEBI:57932	CHEBI:16643,CHEBI:16811,CHEBI:16867,CHEBI:32631,CHEBI:32632,CHEBI:32637,CHEBI:32638,CHEBI:32644,CHEBI:32646,CHEBI:57844,CHEBI:57932,CHEBI:64558	C00073,C00855,C01733	CHEBI:57844	R-HSA-1237112,R-HSA-156581,R-HSA-1614635,R-HSA-2514859,R-HSA-352230,R-HSA-379716,R-HSA-379726,R-HSA-442660,R-HSA-5579024,R-HSA-5619044,R-HSA-5619094,R-HSA-5659735,R-HSA-5676934,R-HSA-6782861,R-HSA-6798163,R-HSA-71240,R-HSA-947581,R-HSA-9759218,R-HSA-9857492	C00073,C00855	map01100,map01110,map01120,map01210,map01230,map01240,map01320,map00920,map00270,map00470,map00670,map00966,map00999,map01060,map01070,map00970,map04148,map04974,map04981,map04980,map04978,map05230,map01523,map01100,map00470,map02010	CHEBI:192080	CHEBI:16643,CHEBI:16811,CHEBI:16867,CHEBI:32631,CHEBI:32632,CHEBI:32637,CHEBI:32638,CHEBI:32644,CHEBI:32646,CHEBI:57844,CHEBI:57932,CHEBI:64558,CHEBI:192080	C00073,C00855,C01733	CHEBI:57844	R-HSA-1237112,R-HSA-156581,R-HSA-1614635,R-HSA-2514859,R-HSA-352230,R-HSA-379716,R-HSA-379726,R-HSA-442660,R-HSA-5579024,R-HSA-5619044,R-HSA-5619094,R-HSA-5659735,R-HSA-5676934,R-HSA-6782861,R-HSA-6798163,R-HSA-71240,R-HSA-947581,R-HSA-9759218,R-HSA-9857492	C00073,C00855	map01100,map01110,map01120,map01210,map01230,map01240,map01320,map00920,map00270,map00470,map00670,map00966,map00999,map01060,map01070,map00970,map04148,map04974,map04981,map04980,map04978,map05230,map01523,map01100,map00470,map02010			0
octadecenedioate (C18:1-DC)	RM0188099	C18H32O4	312.2301	Fatty Acyls	Fatty acids	Dicarboxylic acids								Octadecenedioic acid					CHEBI:136827	CHEBI:136827	CHEBI:136827	CHEBI:136827										CHEBI:136827							CHEBI:136827								0
3-(3-hydroxyphenyl)propionate	RM0135946	C9H10O3	166.0630	Organic acids	Phenylpropanoids	Cinnamic acids	91	CHEBI:1427	HMDB0000375		C11457	QVWAEZJXDYOKEH-UHFFFAOYSA-N	c1cc(CCC(=O)O)cc(c1)O	3-(3-Hydroxyphenyl)propanoic acid			C11457	map01100,map01120,map01220,map00360	CHEBI:1427,CHEBI:57277	CHEBI:1427,CHEBI:57277	CHEBI:1427,CHEBI:57277	CHEBI:1427,CHEBI:57277	C11457	C11457	C11457	C11457			C11457	map01100,map01120,map01220,map00360		CHEBI:1427,CHEBI:57277	C11457			C11457	map01100,map01120,map01220,map00360		CHEBI:1427,CHEBI:57277	C11457			C11457	map01100,map01120,map01220,map00360	CHEBI:25696,CHEBI:33575	R-HSA-382556,R-HSA-428643,R-HSA-5690338,R-HSA-6809371	4
gluconate	RM0155944	C6H12O7	196.0583	Carbohydrates	Monosaccharides	Sugar acids	10690	CHEBI:33198	HMDB0000625		C00257	RGHNJXZEOKUKBD-SQOUGZDYSA-N	C([C@H]([C@H]([C@@H]([C@H](C(=O)O)O)O)O)O)O	Gluconic acid			C00257	map01100,map01110,map01120,map01200,map00030	CHEBI:24266,CHEBI:33198,CHEBI:33198,CHEBI:24265	CHEBI:24266,CHEBI:33198,CHEBI:33198,CHEBI:24265	CHEBI:24266,CHEBI:33198,CHEBI:33198,CHEBI:24265	CHEBI:24265,CHEBI:24266,CHEBI:33198	C00257	C00257	C00257	C00257			C00257	map01100,map01110,map01120,map01200,map00030	CHEBI:18391,CHEBI:86359	CHEBI:18391,CHEBI:24265,CHEBI:24266,CHEBI:33198,CHEBI:86359	C00257			C00257	map01100,map01110,map01120,map01200,map00030	CHEBI:16808,CHEBI:17426,CHEBI:24769,CHEBI:27469,CHEBI:33820,CHEBI:58143,CHEBI:85256,CHEBI:85257,CHEBI:86363,CHEBI:137108,CHEBI:137932	CHEBI:16808,CHEBI:17426,CHEBI:18391,CHEBI:24265,CHEBI:24266,CHEBI:24769,CHEBI:27469,CHEBI:33198,CHEBI:33820,CHEBI:58143,CHEBI:85256,CHEBI:85257,CHEBI:86359,CHEBI:86363,CHEBI:137108,CHEBI:137932	C00257,C01062,C06473			C00257,C06473	map01100,map01110,map01120,map01200,map00030,map01100,map01120,map00030	CHEBI:25696,CHEBI:33575	R-HSA-382556,R-HSA-428643,R-HSA-5690338,R-HSA-6809371	4
isoleucylglycine	RM0137531	C8H16N2O3	188.1161	Organic acids	Amino acids and peptides	Dipeptides	6992869	CHEBI:74066	HMDB0028907			UCGDDTHMMVWVMV-FSPLSTOPSA-N	CC[C@H](C)[C@@H](C(=O)NCC(=O)O)N	Ile-Gly					CHEBI:74066	CHEBI:74066	CHEBI:74066	CHEBI:74066									CHEBI:133641	CHEBI:74066,CHEBI:133641							CHEBI:74066,CHEBI:133641						CHEBI:46761	R-HSA-427975	1
docosahexaenoylcholine	RM0188064	C27H44NO2	414.3372	Fatty Acyls	Fatty esters	Short fatty esters	9823108		HMDB0240647			OQLFEDZOXQQFGP-WSDBEMKQSA-N	CC/C=C\C/C=C\C/C=C\C/C=C\C/C=C\C/C=C\CCC(=O)OCC[N+](C)(C)C	Docosahexaenoylcholine					CHEBI:232915	CHEBI:232915	CHEBI:232915	CHEBI:232915										CHEBI:232915							CHEBI:232915						CHEBI:36916	R-HSA-936837	1
1-stearyl-2-docosapentaenoyl-GPC (O-18:0/22:5n3)	RM0133739	C48H88NO7P	821.6298	Glycerophospholipids	Glycerophosphocholines	O-PC	24779338	CHEBI:86448		LMGP01020107		KDRRVBBVKZQQTN-BEBRKXFFSA-N	CCCCC/C=CC/C=CC/C=CC/C=CC/C=CCCC(=O)O[C@H](COCCCCCCCCCCCCCCCCCC)COP(=O)([O-])OCC[N+](C)(C)C	PC O-18:0/22:5(4Z,7Z,10Z,13Z,16Z)					CHEBI:234524	CHEBI:86448,CHEBI:234524	CHEBI:86448,CHEBI:234524	CHEBI:86448,CHEBI:234524										CHEBI:86448,CHEBI:234524							CHEBI:86448,CHEBI:234524						CHEBI:36313	R-HSA-1482788	1
tryptophylleucine	RM0137565	C17H23N3O3	317.1739	Organic acids	Amino acids and peptides	Dipeptides	6997510	CHEBI:74871	HMDB0029087			LYMVXFSTACVOLP-ZFWWWQNUSA-N	CC(C)C[C@@H](C(=O)O)NC(=O)[C@H](Cc1c[nH]c2ccccc12)N	Trp-Leu					CHEBI:74871	CHEBI:74871	CHEBI:74871	CHEBI:74871										CHEBI:74871							CHEBI:74871						CHEBI:46761	R-HSA-427975	1
1-palmityl-2-palmitoyl-GPC (O-16:0/16:0)	RM0138805	C40H82NO7P	719.5829	Glycerophospholipids	Glycerophosphocholines	O-PC	145911	CHEBI:72744		LMGP01020029		WOTHHEHCEYHCFE-LDLOPFEMSA-N	CCCCCCCCCCCCCCCCOC[C@H](COP(=O)([O-])OCC[N+](C)(C)C)OC(=O)CCCCCCCCCCCCCCC	PC O-16:0/16:0						CHEBI:72744	CHEBI:72744	CHEBI:72744										CHEBI:72744							CHEBI:72744						CHEBI:36313	R-HSA-1482788	1
3-hydroxyhippurate	RM0136303	C9H9NO4	195.0532	Benzenoids	Benzamides	Hippuric acids	450268	CHEBI:70824	HMDB0006116			XDOFWFNMYJRHEW-UHFFFAOYSA-N	c1cc(cc(c1)O)C(=O)NCC(=O)O	3-Hydroxyhippuric acid					CHEBI:70824,CHEBI:133607	CHEBI:70824,CHEBI:133607	CHEBI:70824,CHEBI:133607	CHEBI:70824,CHEBI:133607										CHEBI:70824,CHEBI:133607							CHEBI:70824,CHEBI:133607						CHEBI:25696,CHEBI:33575	R-HSA-382556,R-HSA-428643,R-HSA-5690338,R-HSA-6809371	4
isovalerylcarnitine (C5)	RM0154016	C12H23NO4	245.1627	Fatty Acyls	Fatty esters	Acyl carnitines	169235	CHEBI:70819	HMDB0000688	LMFA07070077		IGQBPDJNUXPEMT-SNVBAGLBSA-N	CC(C)CC(=O)O[C@H](CC(=O)[O-])C[N+](C)(C)C	CAR 4:0;3Me								CHEBI:70819										CHEBI:70819							CHEBI:70819						CHEBI:18059	R-HSA-1222556,R-HSA-1369062,R-HSA-5682294,R-HSA-804914,R-HSA-8941413	5
5alpha-androstan-3beta,17beta-diol disulfate	RM0156093	C19H32O8S2	452.1539	Sterol Lipids	Steroids	C19 Steroids	90186325	CHEBI:133115				JHFAETDERBWUOO-YSZCXEEOSA-N	C[C@]12CC[C@@H](C[C@@H]1CC[C@H]1[C@@H]3CC[C@@H]([C@@]3(C)CC[C@H]21)OS(=O)(=O)O)OS(=O)(=O)O	5alpha-Androstane-3beta,17beta-diol disulfate					CHEBI:133115,CHEBI:133114	CHEBI:133115,CHEBI:133114	CHEBI:133115,CHEBI:133114	CHEBI:133114,CHEBI:133115									CHEBI:133116	CHEBI:133114,CHEBI:133115,CHEBI:133116							CHEBI:133114,CHEBI:133115,CHEBI:133116						CHEBI:35341,CHEBI:59696	R-HSA-196071	1
trans-3,4-methyleneheptanoate	-	-	-	-	-	-	-		-	-		-	-	-																																	0
glucose	RM0135901	C6H12O6	180.0634	Carbohydrates	Monosaccharides	Hexoses	5793	CHEBI:4167	HMDB0304632		C00031	WQZGKKKJIJFFOK-GASJEMHNSA-N	C([C@@H]1[C@H]([C@@H]([C@H](C(O)O1)O)O)O)O	Glucose	CHEBI:4167	R-HSA-170822,R-HSA-189085,R-HSA-189085,R-HSA-189200,R-HSA-381771,R-HSA-418594,R-HSA-420499,R-HSA-422085,R-HSA-422356,R-HSA-532668,R-HSA-5619043,R-HSA-5619047,R-HSA-5619056,R-HSA-5619068,R-HSA-5619073,R-HSA-5619098,R-HSA-5652227,R-HSA-5653890,R-HSA-5656364,R-HSA-5658208,R-HSA-70171,R-HSA-70221,R-HSA-70263,R-HSA-8981373,R-HSA-901042,R-HSA-964739,R-HSA-9717207,R-HSA-9717207,R-HSA-9840310	C00031	map01100,map01110,map00010,map00030,map00052,map00500,map00566,map00074,map00520,map00901,map00521,map00524,map02010,map02060,map02020,map04066,map04068,map04152,map04148,map04113,map05111,map04911,map04910,map04922,map04917,map04976,map04973,map04978,map04742,map05230,map05415,map04930,map04932,map04931,map04933	CHEBI:17234,CHEBI:17234,CHEBI:4167,CHEBI:4167,CHEBI:42758	CHEBI:17234,CHEBI:17234,CHEBI:4167,CHEBI:4167,CHEBI:42758	CHEBI:17234,CHEBI:17234,CHEBI:4167,CHEBI:4167,CHEBI:42758	CHEBI:4167,CHEBI:17234,CHEBI:42758	C00031,C00293	C00031,C00293	C00031,C00293	C00031,C00293	CHEBI:4167,CHEBI:17234	R-HSA-170822,R-HSA-189085,R-HSA-189085,R-HSA-189200,R-HSA-381771,R-HSA-418594,R-HSA-420499,R-HSA-422085,R-HSA-422356,R-HSA-532668,R-HSA-5619043,R-HSA-5619047,R-HSA-5619056,R-HSA-5619068,R-HSA-5619073,R-HSA-5619098,R-HSA-5652227,R-HSA-5653890,R-HSA-5656364,R-HSA-5658208,R-HSA-70171,R-HSA-70221,R-HSA-70263,R-HSA-8981373,R-HSA-901042,R-HSA-964739,R-HSA-9717207,R-HSA-9717207,R-HSA-9840310,R-HSA-9931953	C00031	map01100,map01110,map00010,map00030,map00052,map00500,map00566,map00074,map00520,map00901,map00521,map00524,map02010,map02060,map02020,map04066,map04068,map04152,map04148,map04113,map05111,map04911,map04910,map04922,map04917,map04976,map04973,map04978,map04742,map05230,map05415,map04930,map04932,map04931,map04933	CHEBI:37626	CHEBI:4167,CHEBI:17234,CHEBI:37626,CHEBI:42758	C00031,C00293	CHEBI:4167,CHEBI:17234	R-HSA-170822,R-HSA-189085,R-HSA-189085,R-HSA-189200,R-HSA-381771,R-HSA-418594,R-HSA-420499,R-HSA-422085,R-HSA-422356,R-HSA-532668,R-HSA-5619043,R-HSA-5619047,R-HSA-5619056,R-HSA-5619068,R-HSA-5619073,R-HSA-5619098,R-HSA-5652227,R-HSA-5653890,R-HSA-5656364,R-HSA-5658208,R-HSA-70171,R-HSA-70221,R-HSA-70263,R-HSA-8981373,R-HSA-901042,R-HSA-964739,R-HSA-9717207,R-HSA-9717207,R-HSA-9840310,R-HSA-9931953	C00031	map01100,map01110,map00010,map00030,map00052,map00500,map00566,map00074,map00520,map00901,map00521,map00524,map02010,map02060,map02020,map04066,map04068,map04152,map04148,map04113,map05111,map04911,map04910,map04922,map04917,map04976,map04973,map04978,map04742,map05230,map05415,map04930,map04932,map04931,map04933	CHEBI:15903,CHEBI:17634,CHEBI:17925,CHEBI:37624,CHEBI:37627,CHEBI:37630,CHEBI:37631,CHEBI:37661,CHEBI:37663,CHEBI:88300,CHEBI:134625,CHEBI:145606,CHEBI:145664,CHEBI:147589,CHEBI:148749,CHEBI:149114,CHEBI:152105	CHEBI:4167,CHEBI:15903,CHEBI:17234,CHEBI:17634,CHEBI:17925,CHEBI:37624,CHEBI:37626,CHEBI:37627,CHEBI:37630,CHEBI:37631,CHEBI:37661,CHEBI:37663,CHEBI:42758,CHEBI:88300,CHEBI:134625,CHEBI:145606,CHEBI:145664,CHEBI:147589,CHEBI:148749,CHEBI:149114,CHEBI:152105	C00031,C00221,C00267,C00293	CHEBI:4167,CHEBI:15903,CHEBI:17234,CHEBI:17634	R-HSA-170822,R-HSA-189085,R-HSA-189085,R-HSA-189200,R-HSA-381771,R-HSA-418594,R-HSA-420499,R-HSA-422085,R-HSA-422356,R-HSA-532668,R-HSA-5619043,R-HSA-5619047,R-HSA-5619056,R-HSA-5619068,R-HSA-5619073,R-HSA-5619098,R-HSA-5652227,R-HSA-5653890,R-HSA-5656364,R-HSA-5658208,R-HSA-70171,R-HSA-70221,R-HSA-70263,R-HSA-8981373,R-HSA-901042,R-HSA-964739,R-HSA-9717207,R-HSA-9717207,R-HSA-9840310,R-HSA-9683686,R-HSA-9694548,R-HSA-9768727,R-HSA-9931953,R-HSA-9768919	C00031,C00221,C00267	map01100,map01110,map00010,map00030,map00052,map00500,map00566,map00074,map00520,map00901,map00521,map00524,map02010,map02060,map02020,map04066,map04068,map04152,map04148,map04113,map05111,map04911,map04910,map04922,map04917,map04976,map04973,map04978,map04742,map05230,map05415,map04930,map04932,map04931,map04933,map01100,map01110,map01120,map01200,map00010,map00030,map01100,map01110,map01120,map01200,map01250,map00010,map00051,map00052,map00520,map01060,map01061,map01062,map01063,map01064,map01065,map01066,map01070,map04964			0
glycine conjugate of C10H12O2	-	-	-	-	-	-	-		-	-		-	-	-																																	0
caprylate (8:0)	RM0134956	C8H16O2	144.1150	Fatty Acyls	Fatty acids	Saturated FA	379	CHEBI:28837	HMDB0000482	LMFA01010008	C06423	WWZKQHOCKIZLMA-UHFFFAOYSA-N	CCCCCCCC(=O)O	Caprylic acid	CHEBI:28837	R-HSA-381753,R-HSA-381753,R-HSA-422085	C06423	map01100,map01240,map00061,map00785,map01060,map01066	CHEBI:28837	CHEBI:28837	CHEBI:28837	CHEBI:28837	C06423	C06423	C06423	C06423	CHEBI:28837	R-HSA-381753,R-HSA-381753,R-HSA-422085	C06423	map01100,map01240,map00061,map00785,map01060,map01066	CHEBI:25646	CHEBI:25646,CHEBI:28837	C06423	CHEBI:28837	R-HSA-381753,R-HSA-381753,R-HSA-422085	C06423	map01100,map01240,map00061,map00785,map01060,map01066		CHEBI:25646,CHEBI:28837	C06423	CHEBI:28837	R-HSA-381753,R-HSA-381753,R-HSA-422085	C06423	map01100,map01240,map00061,map00785,map01060,map01066			0
andro steroid monosulfate C19H28O6S	RM0125907	C19H30O5S	370.1814	Sterol Lipids	Steroids	C19 Steroids	159663	CHEBI:83037	HMDB0002759	LMST05020001	C04555	ZMITXKRGXGRMKS-HLUDHZFRSA-N	C[C@]12CC[C@H](C[C@@H]1CC[C@H]1[C@@H]3CCC(=O)[C@@]3(C)CC[C@H]21)OS(=O)(=O)O	5alpha-Androstane-3alpha-ol-17-one sulfate			C04555	map01100,map00140,map04976	CHEBI:83037	CHEBI:83037	CHEBI:83037	CHEBI:83037	C04555	C04555	C04555	C04555			C04555	map01100,map00140,map04976	CHEBI:133003	CHEBI:83037,CHEBI:133003	C04555			C04555	map01100,map00140,map04976		CHEBI:83037,CHEBI:133003	C04555			C04555	map01100,map00140,map04976	CHEBI:35341	R-HSA-196071	1
adenosine 5'-monophosphate (AMP)	RM0138921	C10H14N5O7P	347.0631	Nucleic acids	Purines	Purine rNMP	6083	CHEBI:16027	HMDB0000045		C00020	UDMBCSSLTHHNCD-KQYNXXCUSA-N	C([C@@H]1[C@H]([C@H]([C@H](n2cnc3c(N)ncnc23)O1)O)O)OP(=O)(O)O	AMP			C00020	map01100,map01110,map01232,map01240,map00230,map00908,map01060,map01065,map01070,map04068,map04024,map04022,map04151,map04152,map04150,map04923,map04928,map04924,map04925,map04927,map04740,map04742,map04211,map05012,map05022,map05032,map04934,map01523	CHEBI:16027,CHEBI:28971,CHEBI:456215	CHEBI:16027,CHEBI:28971,CHEBI:456215	CHEBI:16027,CHEBI:28971,CHEBI:456215	CHEBI:16027,CHEBI:28971,CHEBI:456215	C00020,C06574	C00020,C06574	C00020,C06574	C00020,C06574	CHEBI:456215	R-HSA-111957,R-HSA-1169408,R-HSA-1445148,R-HSA-156584,R-HSA-159418,R-HSA-1632852,R-HSA-163680,R-HSA-163680,R-HSA-165160,R-HSA-174437,R-HSA-177128,R-HSA-177135,R-HSA-177162,R-HSA-180024,R-HSA-193368,R-HSA-193775,R-HSA-196780,R-HSA-196783,R-HSA-196807,R-HSA-196819,R-HSA-196843,R-HSA-2046105,R-HSA-2046106,R-HSA-2151209,R-HSA-2161541,R-HSA-2393930,R-HSA-2408522,R-HSA-2408557,R-HSA-2871837,R-HSA-3065676,R-HSA-3065676,R-HSA-379716,R-HSA-379726,R-HSA-379726,R-HSA-380972,R-HSA-389599,R-HSA-390247,R-HSA-418555,R-HSA-429947,R-HSA-429958,R-HSA-430039,R-HSA-434313,R-HSA-499943,R-HSA-5358493,R-HSA-5358565,R-HSA-5358606,R-HSA-5607764,R-HSA-5628897,R-HSA-611105,R-HSA-6782315,R-HSA-6784531,R-HSA-6804756,R-HSA-69166,R-HSA-70171,R-HSA-70221,R-HSA-70221,R-HSA-70263,R-HSA-70635,R-HSA-71384,R-HSA-73776,R-HSA-73817,R-HSA-73843,R-HSA-74217,R-HSA-74259,R-HSA-75105,R-HSA-75876,R-HSA-75876,R-HSA-77111,R-HSA-77289,R-HSA-77352,R-HSA-8850843,R-HSA-8866652,R-HSA-8866652,R-HSA-8951664,R-HSA-8963693,R-HSA-8983711,R-HSA-947581,R-HSA-9613354,R-HSA-9660826,R-HSA-9748787,R-HSA-9749641,R-HSA-9770562,R-HSA-9820841,R-HSA-983168,R-HSA-983231,R-HSA-9833110,R-HSA-9833482,R-HSA-9860927,R-HSA-9909505,R-HSA-9913635,R-HSA-9931269	C00020	map01100,map01110,map01232,map01240,map00230,map00908,map01060,map01065,map01070,map04068,map04024,map04022,map04151,map04152,map04150,map04923,map04928,map04924,map04925,map04927,map04740,map04742,map04211,map05012,map05022,map05032,map04934,map01523	CHEBI:40721,CHEBI:50658	CHEBI:16027,CHEBI:28971,CHEBI:40721,CHEBI:50658,CHEBI:456215	C00020,C06574	CHEBI:456215	R-HSA-111957,R-HSA-1169408,R-HSA-1445148,R-HSA-156584,R-HSA-159418,R-HSA-1632852,R-HSA-163680,R-HSA-163680,R-HSA-165160,R-HSA-174437,R-HSA-177128,R-HSA-177135,R-HSA-177162,R-HSA-180024,R-HSA-193368,R-HSA-193775,R-HSA-196780,R-HSA-196783,R-HSA-196807,R-HSA-196819,R-HSA-196843,R-HSA-2046105,R-HSA-2046106,R-HSA-2151209,R-HSA-2161541,R-HSA-2393930,R-HSA-2408522,R-HSA-2408557,R-HSA-2871837,R-HSA-3065676,R-HSA-3065676,R-HSA-379716,R-HSA-379726,R-HSA-379726,R-HSA-380972,R-HSA-389599,R-HSA-390247,R-HSA-418555,R-HSA-429947,R-HSA-429958,R-HSA-430039,R-HSA-434313,R-HSA-499943,R-HSA-5358493,R-HSA-5358565,R-HSA-5358606,R-HSA-5607764,R-HSA-5628897,R-HSA-611105,R-HSA-6782315,R-HSA-6784531,R-HSA-6804756,R-HSA-69166,R-HSA-70171,R-HSA-70221,R-HSA-70221,R-HSA-70263,R-HSA-70635,R-HSA-71384,R-HSA-73776,R-HSA-73817,R-HSA-73843,R-HSA-74217,R-HSA-74259,R-HSA-75105,R-HSA-75876,R-HSA-75876,R-HSA-77111,R-HSA-77289,R-HSA-77352,R-HSA-8850843,R-HSA-8866652,R-HSA-8866652,R-HSA-8951664,R-HSA-8963693,R-HSA-8983711,R-HSA-947581,R-HSA-9613354,R-HSA-9660826,R-HSA-9748787,R-HSA-9749641,R-HSA-9770562,R-HSA-9820841,R-HSA-983168,R-HSA-983231,R-HSA-9833110,R-HSA-9833482,R-HSA-9860927,R-HSA-9909505,R-HSA-9913635,R-HSA-9931269	C00020	map01100,map01110,map01232,map01240,map00230,map00908,map01060,map01065,map01070,map04068,map04024,map04022,map04151,map04152,map04150,map04923,map04928,map04924,map04925,map04927,map04740,map04742,map04211,map05012,map05022,map05032,map04934,map01523		CHEBI:16027,CHEBI:28971,CHEBI:40721,CHEBI:50658,CHEBI:456215	C00020,C06574	CHEBI:456215	R-HSA-111957,R-HSA-1169408,R-HSA-1445148,R-HSA-156584,R-HSA-159418,R-HSA-1632852,R-HSA-163680,R-HSA-163680,R-HSA-165160,R-HSA-174437,R-HSA-177128,R-HSA-177135,R-HSA-177162,R-HSA-180024,R-HSA-193368,R-HSA-193775,R-HSA-196780,R-HSA-196783,R-HSA-196807,R-HSA-196819,R-HSA-196843,R-HSA-2046105,R-HSA-2046106,R-HSA-2151209,R-HSA-2161541,R-HSA-2393930,R-HSA-2408522,R-HSA-2408557,R-HSA-2871837,R-HSA-3065676,R-HSA-3065676,R-HSA-379716,R-HSA-379726,R-HSA-379726,R-HSA-380972,R-HSA-389599,R-HSA-390247,R-HSA-418555,R-HSA-429947,R-HSA-429958,R-HSA-430039,R-HSA-434313,R-HSA-499943,R-HSA-5358493,R-HSA-5358565,R-HSA-5358606,R-HSA-5607764,R-HSA-5628897,R-HSA-611105,R-HSA-6782315,R-HSA-6784531,R-HSA-6804756,R-HSA-69166,R-HSA-70171,R-HSA-70221,R-HSA-70221,R-HSA-70263,R-HSA-70635,R-HSA-71384,R-HSA-73776,R-HSA-73817,R-HSA-73843,R-HSA-74217,R-HSA-74259,R-HSA-75105,R-HSA-75876,R-HSA-75876,R-HSA-77111,R-HSA-77289,R-HSA-77352,R-HSA-8850843,R-HSA-8866652,R-HSA-8866652,R-HSA-8951664,R-HSA-8963693,R-HSA-8983711,R-HSA-947581,R-HSA-9613354,R-HSA-9660826,R-HSA-9748787,R-HSA-9749641,R-HSA-9770562,R-HSA-9820841,R-HSA-983168,R-HSA-983231,R-HSA-9833110,R-HSA-9833482,R-HSA-9860927,R-HSA-9909505,R-HSA-9913635,R-HSA-9931269	C00020	map01100,map01110,map01232,map01240,map00230,map00908,map01060,map01065,map01070,map04068,map04024,map04022,map04151,map04152,map04150,map04923,map04928,map04924,map04925,map04927,map04740,map04742,map04211,map05012,map05022,map05032,map04934,map01523			0
cis-3,4-methyleneheptanoylglycine	RM0158930	C10H17NO3	199.1208	Organic acids	Amino acids and peptides	Amino acids	129822188					KRHULOFPSXICNT-UHFFFAOYSA-N	CCCCC(=C)CC(=O)NCC(=O)O	3-Methylene-heptanoylglycine					CHEBI:233478	CHEBI:233478	CHEBI:233478	CHEBI:233478										CHEBI:233478							CHEBI:233478						CHEBI:33575	R-HSA-6809371	1
stearoyl-arachidonoyl-glycerol (18:0/20:4)	RM0134343	C41H72O5	644.5380	Glycerolipids	Diradylglycerols	DAG								DG 18:0_20:4																																	0
hydroxy-CMPF	-	-	-	-	-	-	-		-	-		-	-	-					CHEBI:233639	CHEBI:233639	CHEBI:233639	CHEBI:233639										CHEBI:233639							CHEBI:233639						CHEBI:33575	R-HSA-6809371	1
p-cresol sulfate	RM0159957	C7H8O4S	188.0143	Organic acids	Arylsulfates	Phenylsulfates	4615423	CHEBI:82914	HMDB0011635			WGNAKZGUSRVWRH-UHFFFAOYSA-N	Cc1ccc(cc1)OS(=O)(=O)O	p-Cresol sulfate					CHEBI:133670,CHEBI:82914	CHEBI:133670,CHEBI:82914	CHEBI:133670,CHEBI:82914	CHEBI:82914,CHEBI:133670										CHEBI:82914,CHEBI:133670							CHEBI:82914,CHEBI:133670						CHEBI:25696	R-HSA-382556,R-HSA-428643,R-HSA-5690338	3
N-delta-acetylornithine	RM0128766	C7H14N2O3	174.1004	Organic acids	Amino acids and peptides	Amino acids	193343	CHEBI:44673	HMDB0240589			SRXKAYJJGAAOBP-LURJTMIESA-N	CC(=O)NCCC[C@@H](C(=O)O)N	N(5)-Acetyl-ornithine					CHEBI:133180	CHEBI:133180	CHEBI:133180	CHEBI:44673,CHEBI:133180									CHEBI:133179	CHEBI:44673,CHEBI:133179,CHEBI:133180							CHEBI:44673,CHEBI:133179,CHEBI:133180						CHEBI:33575	R-HSA-6809371	1
1-linoleoylglycerol (18:2)	RM0134398	C21H38O4	354.2770	Glycerolipids	Monoradylglycerols	MAG								MG 18:2						CHEBI:87257	CHEBI:87257	CHEBI:87257										CHEBI:87257						CHEBI:75457,CHEBI:75561,CHEBI:75563,CHEBI:75568,CHEBI:134131,CHEBI:134142,CHEBI:173124	CHEBI:75457,CHEBI:75561,CHEBI:75563,CHEBI:75568,CHEBI:87257,CHEBI:134131,CHEBI:134142,CHEBI:173124						CHEBI:17408	R-HSA-1482883,R-HSA-1483206,R-HSA-192456,R-HSA-6814848	4
stearate (18:0)	RM0153574	C18H36O2	284.2715	Fatty Acyls	Fatty acids	Saturated FA	5281	CHEBI:28842	HMDB0000827	LMFA01010018	C01530	QIQXTHQIDYTFRH-UHFFFAOYSA-N	CCCCCCCCCCCCCCCCCC(=O)O	Stearic acid			C01530	map01100,map00061,map01040,map01060,map04745	CHEBI:28842,CHEBI:28842	CHEBI:28842,CHEBI:28842	CHEBI:28842,CHEBI:28842	CHEBI:28842	C01530	C01530	C01530	C01530			C01530	map01100,map00061,map01040,map01060,map04745	CHEBI:25629	CHEBI:25629,CHEBI:28842	C01530			C01530	map01100,map00061,map01040,map01060,map04745		CHEBI:25629,CHEBI:28842	C01530			C01530	map01100,map00061,map01040,map01060,map04745	CHEBI:15904	R-HSA-1369062,R-HSA-192456,R-HSA-3000471,R-HSA-390247,R-HSA-5684045,R-HSA-77289,R-HSA-8963901,R-HSA-8964058,R-HSA-975634	9
5,6-dihydrouridine	RM0135958	C9H14N2O6	246.0852	Nucleic acids	Pyrimidines	Pyrimidine ribonucleosides	94312	CHEBI:23774	HMDB0000497			ZPTBLXKRQACLCR-XVFCMESISA-N	C1CN([C@H]2[C@@H]([C@@H]([C@@H](CO)O2)O)O)C(=O)NC1=O	5,6-Dihydrouridine					CHEBI:23774	CHEBI:23774	CHEBI:23774	CHEBI:23774										CHEBI:23774							CHEBI:23774								0
1-methyl-5-imidazoleacetate	RM0002546	C6H8N2O2	140.0586	Alkaloids	Histidine alkaloids	Imidazole alkaloids	6451814	CHEBI:70966	HMDB0004988			UJCGYTCAMOHYCG-UHFFFAOYSA-N	Cn1cncc1CC(=O)O	1-Methyl-5-imidazoleacetic acid					CHEBI:70966	CHEBI:70966	CHEBI:70966	CHEBI:70966										CHEBI:70966							CHEBI:70966						CHEBI:33575	R-HSA-6809371	1
beta-alanine	RM0021629	C3H7NO2	89.0477	Organic acids	Amino acids and peptides	Amino acids	239	CHEBI:16958	HMDB0000056		C00099	UCMIRNVEIXFBKS-UHFFFAOYSA-N	C(CN)C(=O)O	beta-Alanine			C00099	map01100,map01110,map01240,map00640,map00240,map00410,map00770,map04080,map04974	CHEBI:16958,CHEBI:16958,CHEBI:16958,CHEBI:57966	CHEBI:16958,CHEBI:16958,CHEBI:16958,CHEBI:57966	CHEBI:16958,CHEBI:16958,CHEBI:16958,CHEBI:57966	CHEBI:16958,CHEBI:57966	C00099	C00099	C00099	C00099	CHEBI:57966	R-HSA-352230,R-HSA-442660,R-HSA-5619094,R-HSA-70921,R-HSA-73621,R-HSA-73621,R-HSA-888593,R-HSA-8963693	C00099	map01100,map01110,map01240,map00640,map00240,map00410,map00770,map04080,map04974	CHEBI:63070	CHEBI:16958,CHEBI:57966,CHEBI:63070	C00099	CHEBI:57966	R-HSA-352230,R-HSA-442660,R-HSA-5619094,R-HSA-70921,R-HSA-73621,R-HSA-73621,R-HSA-888593,R-HSA-8963693	C00099	map01100,map01110,map01240,map00640,map00240,map00410,map00770,map04080,map04974		CHEBI:16958,CHEBI:57966,CHEBI:63070	C00099	CHEBI:57966	R-HSA-352230,R-HSA-442660,R-HSA-5619094,R-HSA-70921,R-HSA-73621,R-HSA-73621,R-HSA-888593,R-HSA-8963693	C00099	map01100,map01110,map01240,map00640,map00240,map00410,map00770,map04080,map04974			0
gamma-glutamyl-epsilon-lysine	RM0136244	C11H21N3O5	275.1481	Organic acids	Amino acids and peptides	Dipeptides	7015685	CHEBI:88494	HMDB0003869			JPKNLFVGUZRHOB-YUMQZZPRSA-N	C(CCNC(=O)CC[C@@H](C(=O)O)N)C[C@@H](C(=O)O)N	Epsilon-(gamma-Glutamyl)-lysine					CHEBI:88494	CHEBI:88494	CHEBI:88494	CHEBI:88494									CHEBI:133752	CHEBI:88494,CHEBI:133752							CHEBI:88494,CHEBI:133752						CHEBI:33575	R-HSA-6809371	1
1-palmitoyl-2-eicosapentaenoyl-GPE (16:0/20:5)	RM0007021	C41H72NO8P	737.4996	Glycerophospholipids	Glycerophosphoethanolamines	PE								PE 16:0/20:5					CHEBI:234385	CHEBI:136153,CHEBI:234385	CHEBI:136153,CHEBI:234385	CHEBI:136153,CHEBI:234385										CHEBI:136153,CHEBI:234385							CHEBI:136153,CHEBI:234385						CHEBI:36314	R-HSA-1482788	1
trigonelline (N'-methylnicotinate)	RM0136017	C7H7NO2	137.0477	Alkaloids	Pyridine alkaloids	Nicotinic acid alkaloids	5570	CHEBI:18123	HMDB0000875		C01004	WWNNZCOKKKDOPX-UHFFFAOYSA-N	C[n+]1cccc(c1)C(=O)[O-]	Trigonelline			C01004	map00960	CHEBI:18123	CHEBI:18123	CHEBI:18123	CHEBI:18123	C01004	C01004	C01004	C01004			C01004	map00960	CHEBI:50521	CHEBI:18123,CHEBI:50521	C01004			C01004	map00960		CHEBI:18123,CHEBI:50521	C01004			C01004	map00960			0
1-palmitoyl-GPG (16:0)	RM0007324	C22H45O9P	484.2801	Glycerophospholipids	Glycerophosphoglycerols	LPG								LPG 16:0/0:0						CHEBI:75376	CHEBI:75376	CHEBI:75376									CHEBI:75158	CHEBI:75158,CHEBI:75376							CHEBI:75158,CHEBI:75376						CHEBI:62747	R-HSA-1482925	1
glycocholenate sulfate	RM0011848	C26H41NO9S	543.2502	Sterol Lipids	Bile acids	C24 bile acids	145453482	CHEBI:166730	HMDB0242178			OTUHTIDAACSDJD-DHPKYIKISA-N	C[C@H](/C=C/C(=O)NCC(=O)O)[C@H]1CC[C@H]2[C@H]3[C@H](C[C@@H]([C@]12C)O)[C@@]1(C)CC[C@H](C[C@H]1C[C@H]3O)OS(=O)(=O)O	Glycocholenate sulfate					CHEBI:166730	CHEBI:166730	CHEBI:166730	CHEBI:166730										CHEBI:166730							CHEBI:166730						CHEBI:35341	R-HSA-196071	1
(R)-3-hydroxybutyrylcarnitine	RM0154200	C11H21NO5	247.1420	Fatty Acyls	Fatty esters	Acyl carnitines	53481617	CHEBI:72995	HMDB0013127	LMFA07070071		UEFRDQSMQXDWTO-GKAPJAKFSA-N	CC(CC(=O)O[C@@H](CC(=O)[O-])C[N+](C)(C)C)O	CAR 4:0;3OH					CHEBI:84842	CHEBI:84842	CHEBI:84842	CHEBI:72995,CHEBI:84842										CHEBI:72995,CHEBI:84842							CHEBI:72995,CHEBI:84842						CHEBI:18059	R-HSA-1222556,R-HSA-1369062,R-HSA-5682294,R-HSA-804914,R-HSA-8941413	5
histidine	RM0129894	C6H9N3O2	155.0695	Organic acids	Amino acids and peptides	Amino acids	6274	CHEBI:15971	HMDB0000177		C00135	HNDVDQJCIGZPNO-YFKPBYRVSA-N	C(c1c[nH]cn1)[C@@H](C(=O)O)N	Histidine			C00135	map01100,map01110,map01230,map00340,map00410,map00470,map00404,map01060,map01065,map00970,map02010,map04974,map04382,map05230	CHEBI:15971,CHEBI:27570,CHEBI:27570	CHEBI:15971,CHEBI:27570,CHEBI:27570	CHEBI:15971,CHEBI:27570,CHEBI:27570	CHEBI:15971,CHEBI:27570	C00135,C00768	C00135,C00768	C00135,C00768	C00135,C00768			C00135	map01100,map01110,map01230,map00340,map00410,map00470,map00404,map01060,map01065,map00970,map02010,map04974,map04382,map05230	CHEBI:27947,CHEBI:32510,CHEBI:32511,CHEBI:32512,CHEBI:32513,CHEBI:32523,CHEBI:32524,CHEBI:32526,CHEBI:32527,CHEBI:32529,CHEBI:32530,CHEBI:32531,CHEBI:32532,CHEBI:57595,CHEBI:142967	CHEBI:15971,CHEBI:27570,CHEBI:27947,CHEBI:32510,CHEBI:32511,CHEBI:32512,CHEBI:32513,CHEBI:32523,CHEBI:32524,CHEBI:32526,CHEBI:32527,CHEBI:32529,CHEBI:32530,CHEBI:32531,CHEBI:32532,CHEBI:57595,CHEBI:142967	C00135,C00768,C06419	CHEBI:57595	R-HSA-352230,R-HSA-379716,R-HSA-379726,R-HSA-427975,R-HSA-442660,R-HSA-5223345,R-HSA-5619094,R-HSA-70921,R-HSA-71240	C00135,C06419	map01100,map01110,map01230,map00340,map00410,map00470,map00404,map01060,map01065,map00970,map02010,map04974,map04382,map05230,map01100,map00470		CHEBI:15971,CHEBI:27570,CHEBI:27947,CHEBI:32510,CHEBI:32511,CHEBI:32512,CHEBI:32513,CHEBI:32523,CHEBI:32524,CHEBI:32526,CHEBI:32527,CHEBI:32529,CHEBI:32530,CHEBI:32531,CHEBI:32532,CHEBI:57595,CHEBI:142967	C00135,C00768,C06419	CHEBI:57595	R-HSA-352230,R-HSA-379716,R-HSA-379726,R-HSA-427975,R-HSA-442660,R-HSA-5223345,R-HSA-5619094,R-HSA-70921,R-HSA-71240	C00135,C06419	map01100,map01110,map01230,map00340,map00410,map00470,map00404,map01060,map01065,map00970,map02010,map04974,map04382,map05230,map01100,map00470			0
alliin	RM0137181	C6H11NO3S	177.0460	Organic acids	Amino acids and peptides	Amino acids	87310	CHEBI:182413	HMDB0301759		C08265	XUHLIQGRKRUKPH-ITZCMCNPSA-N	C=CCS(=O)C[C@@H](C(=O)O)N	Alliin					CHEBI:132987,CHEBI:2596,CHEBI:2596	CHEBI:132987,CHEBI:2596,CHEBI:2596	CHEBI:132987,CHEBI:2596,CHEBI:2596	CHEBI:2596,CHEBI:132987,CHEBI:182413	C08265	C08265	C08265	C08265						CHEBI:2596,CHEBI:132987,CHEBI:182413	C08265						CHEBI:2596,CHEBI:132987,CHEBI:182413	C08265					CHEBI:33575,CHEBI:59869	R-HSA-1222538,R-HSA-1236974,R-HSA-1236977,R-HSA-1236978,R-HSA-1237112,R-HSA-6809371,R-HSA-983168,R-HSA-983170	8
urea	RM0117395	CH4N2O	60.0324	Organic nitrogen compounds	Organonitrogen compounds	Ureas	1176	CHEBI:16199	HMDB0000294		C00086	XSQUKJJJFZCRTK-UHFFFAOYSA-N	C(=O)(N)N	Urea	CHEBI:16199	R-HSA-351143,R-HSA-432047,R-HSA-549127,R-HSA-70635	C00086	map01100,map01110,map01120,map00230,map00240,map00220,map00330,map00780,map00791,map02010,map05120	CHEBI:16199,CHEBI:16199,CHEBI:16199	CHEBI:16199,CHEBI:16199,CHEBI:16199	CHEBI:16199,CHEBI:16199,CHEBI:16199	CHEBI:16199	C00086	C00086	C00086	C00086	CHEBI:16199	R-HSA-351143,R-HSA-432047,R-HSA-549127,R-HSA-70635	C00086	map01100,map01110,map01120,map00230,map00240,map00220,map00330,map00780,map00791,map02010,map05120	CHEBI:48376	CHEBI:16199,CHEBI:48376	C00086	CHEBI:16199	R-HSA-351143,R-HSA-432047,R-HSA-549127,R-HSA-70635	C00086	map01100,map01110,map01120,map00230,map00240,map00220,map00330,map00780,map00791,map02010,map05120		CHEBI:16199,CHEBI:48376	C00086	CHEBI:16199	R-HSA-351143,R-HSA-432047,R-HSA-549127,R-HSA-70635	C00086	map01100,map01110,map01120,map00230,map00240,map00220,map00330,map00780,map00791,map02010,map05120			0
S-adenosylhomocysteine (SAH)	RM0136025	C14H20N6O5S	384.1216	Nucleic acids	Purines	Other purines	439155	CHEBI:16680	HMDB0000939		C00021	ZJUKTBDSGOFHSH-WFMPWKQPSA-N	C(CSC[C@@H]1[C@H]([C@H]([C@H](n2cnc3c(N)ncnc23)O1)O)O)[C@@H](C(=O)O)N	S-Adenosylhomocysteine			C00021	map01100,map01230,map01240,map00270,map00670,map04981,map05208	CHEBI:16680	CHEBI:16680	CHEBI:16680	CHEBI:16680	C00021	C00021	C00021	C00021			C00021	map01100,map01230,map01240,map00270,map00670,map04981,map05208	CHEBI:57856,CHEBI:67009	CHEBI:16680,CHEBI:57856,CHEBI:67009	C00021	CHEBI:57856	R-HSA-1483191,R-HSA-156581,R-HSA-1614635,R-HSA-163841,R-HSA-196807,R-HSA-201722,R-HSA-203927,R-HSA-209905,R-HSA-209931,R-HSA-212300,R-HSA-2142789,R-HSA-2299718,R-HSA-2408499,R-HSA-2408508,R-HSA-2408552,R-HSA-2514859,R-HSA-2559580,R-HSA-2559582,R-HSA-3214841,R-HSA-3214858,R-HSA-379397,R-HSA-389661,R-HSA-427359,R-HSA-427389,R-HSA-427413,R-HSA-5334118,R-HSA-5358493,R-HSA-549127,R-HSA-5578997,R-HSA-5601884,R-HSA-5676934,R-HSA-5693565,R-HSA-6782315,R-HSA-6782315,R-HSA-6782861,R-HSA-6782861,R-HSA-6787450,R-HSA-6790901,R-HSA-6790901,R-HSA-6793080,R-HSA-6804760,R-HSA-69273,R-HSA-70921,R-HSA-71288,R-HSA-72086,R-HSA-72764,R-HSA-8876725,R-HSA-8936459,R-HSA-8939236,R-HSA-9009391,R-HSA-912446,R-HSA-9648002,R-HSA-9682706,R-HSA-9682708,R-HSA-9694631,R-HSA-9694686,R-HSA-9694786,R-HSA-9710421,R-HSA-9748787,R-HSA-9759218,R-HSA-9764725,R-HSA-9821993,R-HSA-9828642,R-HSA-9841922,R-HSA-9843940,R-HSA-9843970,R-HSA-9843970,R-HSA-9845323,R-HSA-9854311,R-HSA-9909649,R-HSA-9913143,R-HSA-9918487,R-HSA-9937008	C00021	map01100,map01230,map01240,map00270,map00670,map04981,map05208		CHEBI:16680,CHEBI:57856,CHEBI:67009	C00021	CHEBI:57856	R-HSA-1483191,R-HSA-156581,R-HSA-1614635,R-HSA-163841,R-HSA-196807,R-HSA-201722,R-HSA-203927,R-HSA-209905,R-HSA-209931,R-HSA-212300,R-HSA-2142789,R-HSA-2299718,R-HSA-2408499,R-HSA-2408508,R-HSA-2408552,R-HSA-2514859,R-HSA-2559580,R-HSA-2559582,R-HSA-3214841,R-HSA-3214858,R-HSA-379397,R-HSA-389661,R-HSA-427359,R-HSA-427389,R-HSA-427413,R-HSA-5334118,R-HSA-5358493,R-HSA-549127,R-HSA-5578997,R-HSA-5601884,R-HSA-5676934,R-HSA-5693565,R-HSA-6782315,R-HSA-6782315,R-HSA-6782861,R-HSA-6782861,R-HSA-6787450,R-HSA-6790901,R-HSA-6790901,R-HSA-6793080,R-HSA-6804760,R-HSA-69273,R-HSA-70921,R-HSA-71288,R-HSA-72086,R-HSA-72764,R-HSA-8876725,R-HSA-8936459,R-HSA-8939236,R-HSA-9009391,R-HSA-912446,R-HSA-9648002,R-HSA-9682706,R-HSA-9682708,R-HSA-9694631,R-HSA-9694686,R-HSA-9694786,R-HSA-9710421,R-HSA-9748787,R-HSA-9759218,R-HSA-9764725,R-HSA-9821993,R-HSA-9828642,R-HSA-9841922,R-HSA-9843940,R-HSA-9843970,R-HSA-9843970,R-HSA-9845323,R-HSA-9854311,R-HSA-9909649,R-HSA-9913143,R-HSA-9918487,R-HSA-9937008	C00021	map01100,map01230,map01240,map00270,map00670,map04981,map05208			0
androstenediol (3beta,17beta) disulfate	-	-	-	-	-	-	-		-	-		-	-	-					CHEBI:233895	CHEBI:233895	CHEBI:233895	CHEBI:233895										CHEBI:233895							CHEBI:233895						CHEBI:35341	R-HSA-196071	1
dopamine 3-O-sulfate	RM0118193	C8H11NO5S	233.0358	Organic acids	Arylsulfates	Phenylsulfates	122136	CHEBI:37946	HMDB0006275		C13690	NZKRYJGNYPYXJZ-UHFFFAOYSA-N	c1cc(c(cc1CCN)OS(=O)(=O)O)O	Dopamine 3-O-sulfate	CHEBI:37946	R-HSA-156584			CHEBI:133524,CHEBI:37946,CHEBI:37946	CHEBI:133524,CHEBI:37946,CHEBI:37946	CHEBI:133524,CHEBI:37946,CHEBI:37946	CHEBI:37946,CHEBI:133524	C13690	C13690	C13690	C13690	CHEBI:37946	R-HSA-156584				CHEBI:37946,CHEBI:133524	C13690	CHEBI:37946	R-HSA-156584				CHEBI:37946,CHEBI:133524	C13690	CHEBI:37946	R-HSA-156584					0
1-palmitoyl-2-arachidonoyl-GPC (16:0/20:4n6)	RM0000872	C44H80NO8P	781.5622	Glycerophospholipids	Glycerophosphocholines	PC								PC 16:0/20:4						CHEBI:134596,CHEBI:84794,CHEBI:88990,CHEBI:73003,CHEBI:89903,CHEBI:89990	CHEBI:134596,CHEBI:84794,CHEBI:88990,CHEBI:73003,CHEBI:89903,CHEBI:89990	CHEBI:73003,CHEBI:84794,CHEBI:88990,CHEBI:89903,CHEBI:89990,CHEBI:134596										CHEBI:73003,CHEBI:84794,CHEBI:88990,CHEBI:89903,CHEBI:89990,CHEBI:134596							CHEBI:73003,CHEBI:84794,CHEBI:88990,CHEBI:89903,CHEBI:89990,CHEBI:134596						CHEBI:36313,CHEBI:57643,CHEBI:75063	R-HSA-111995,R-HSA-1369062,R-HSA-1482788,R-HSA-1482798,R-HSA-1482839,R-HSA-1483101,R-HSA-1483148,R-HSA-1483166,R-HSA-1483191,R-HSA-1483196,R-HSA-1660661,R-HSA-2029485,R-HSA-2142753,R-HSA-382556,R-HSA-5678771,R-HSA-5683678,R-HSA-5683826,R-HSA-5688399,R-HSA-6811436,R-HSA-8964058,R-HSA-9680350	21
3-indoxyl sulfate	RM0135976	C8H7NO4S	213.0096	Alkaloids	Tryptophan alkaloids	Simple indole alkaloids	10258	CHEBI:43355	HMDB0000682			BXFFHSIDQOFMLE-UHFFFAOYSA-N	c1ccc2c(c1)c(c[nH]2)OS(=O)(=O)O	Indoxyl sulfate					CHEBI:144643,CHEBI:43355	CHEBI:144643,CHEBI:43355	CHEBI:144643,CHEBI:43355	CHEBI:43355,CHEBI:144643										CHEBI:43355,CHEBI:144643							CHEBI:43355,CHEBI:144643						CHEBI:25696	R-HSA-382556,R-HSA-428643,R-HSA-5690338	3
3-hydroxysebacate	RM0140670	C10H18O5	218.1154	Fatty Acyls	Fatty acids	Hydroxy FA	3017884	CHEBI:89182	HMDB0000350	LMFA01170092		OQYZCCKCJQWHIE-UHFFFAOYSA-N	C(CCCC(=O)O)CCC(CC(=O)O)O	3-Hydroxysebacic acid					CHEBI:89182,CHEBI:132934,CHEBI:132935	CHEBI:89182,CHEBI:132934,CHEBI:132935	CHEBI:89182,CHEBI:132934,CHEBI:132935	CHEBI:89182,CHEBI:132934,CHEBI:132935										CHEBI:89182,CHEBI:132934,CHEBI:132935							CHEBI:89182,CHEBI:132934,CHEBI:132935						CHEBI:18059,CHEBI:25696,CHEBI:33575	R-HSA-1222556,R-HSA-1369062,R-HSA-382556,R-HSA-428643,R-HSA-5682294,R-HSA-5690338,R-HSA-6809371,R-HSA-804914,R-HSA-8941413	9
oxalate (ethanedioate)	RM0149940	C2H2O4	89.9953	Fatty Acyls	Fatty acids	Dicarboxylic acids	971	CHEBI:16995	HMDB0002329		C00209	MUBZPKHOEPUJKR-UHFFFAOYSA-N	C(=O)(C(=O)O)O	Oxalic acid			C00209	map01100,map01120,map00630,map00230,map00625	CHEBI:16995,CHEBI:16995,CHEBI:16995	CHEBI:16995,CHEBI:16995,CHEBI:16995	CHEBI:16995,CHEBI:16995,CHEBI:16995	CHEBI:16995	C00209	C00209	C00209	C00209			C00209	map01100,map01120,map00630,map00230,map00625	CHEBI:30623,CHEBI:46904	CHEBI:16995,CHEBI:30623,CHEBI:46904	C00209	CHEBI:30623	R-HSA-174362,R-HSA-196836,R-HSA-389661,R-HSA-427601	C00209	map01100,map01120,map00630,map00230,map00625		CHEBI:16995,CHEBI:30623,CHEBI:46904	C00209	CHEBI:30623	R-HSA-174362,R-HSA-196836,R-HSA-389661,R-HSA-427601	C00209	map01100,map01120,map00630,map00230,map00625			0
ximenoylcarnitine (C26:1)	RM0041041	C33H63NO4	537.4757	Fatty Acyls	Fatty esters	Acyl carnitines								CAR 26:1																																	0
16-hydroxypalmitate	RM0153658	C16H32O3	272.2351	Fatty Acyls	Fatty acids	Hydroxy FA	10466	CHEBI:55328	HMDB0006294	LMFA01050051	C18218	UGAGPNKCDRTDHP-UHFFFAOYSA-N	C(CCCCCCCC(=O)O)CCCCCCCO	Juniperic acid			C18218	map01100,map00073	CHEBI:55328,CHEBI:55329	CHEBI:55328,CHEBI:55329	CHEBI:55328,CHEBI:55329	CHEBI:55328,CHEBI:55329	C18218	C18218	C18218	C18218			C18218	map01100,map00073		CHEBI:55328,CHEBI:55329	C18218			C18218	map01100,map00073		CHEBI:55328,CHEBI:55329	C18218			C18218	map01100,map00073	CHEBI:15904,CHEBI:24654,CHEBI:57560	R-HSA-1369062,R-HSA-1482788,R-HSA-1482798,R-HSA-1482801,R-HSA-1482839,R-HSA-1482883,R-HSA-1482922,R-HSA-1482925,R-HSA-1483115,R-HSA-1483152,R-HSA-1483166,R-HSA-162791,R-HSA-163560,R-HSA-166187,R-HSA-192456,R-HSA-211945,R-HSA-3000471,R-HSA-3000480,R-HSA-3000484,R-HSA-390247,R-HSA-434313,R-HSA-5684045,R-HSA-5686938,R-HSA-6814848,R-HSA-77289,R-HSA-8963901,R-HSA-8964038,R-HSA-8964058,R-HSA-975634	29
glycerol 3-phosphate	RM0160118	C3H9O6P	172.0137	Organic acids	Organic phosphoric acids	Organic phosphoric acids	439162	CHEBI:15978	HMDB0000126		C00093	AWUCVROLDVIAJX-GSVOUGTGSA-N	C([C@H](COP(=O)(O)O)O)O	sn-Glycero-3-phosphate			C00093	map01100,map01110,map00561,map00564,map02010,map05231				CHEBI:15978	C00093	C00093	C00093	C00093			C00093	map01100,map01110,map00561,map00564,map02010,map05231	CHEBI:16221,CHEBI:57597,CHEBI:57685	CHEBI:15978,CHEBI:16221,CHEBI:57597,CHEBI:57685	C00093,C00623	CHEBI:57597	R-HSA-1483115,R-HSA-1483148,R-HSA-1483152,R-HSA-1483166,R-HSA-1483206,R-HSA-163560,R-HSA-6814848,R-HSA-6814848,R-HSA-75109	C00093,C00623	map01100,map01110,map00561,map00564,map02010,map05231,map01110,map00564		CHEBI:15978,CHEBI:16221,CHEBI:57597,CHEBI:57685	C00093,C00623	CHEBI:57597	R-HSA-1483115,R-HSA-1483148,R-HSA-1483152,R-HSA-1483166,R-HSA-1483206,R-HSA-163560,R-HSA-6814848,R-HSA-6814848,R-HSA-75109	C00093,C00623	map01100,map01110,map00561,map00564,map02010,map05231,map01110,map00564			0
eicosenoate (20:1)	RM0153087	C20H38O2	310.2872	Fatty Acyls	Fatty acids	Unsaturated FA	5282768	CHEBI:32425	HMDB0002231	LMFA01030085	C16526	BITHHVVYSMSWAG-KTKRTIGZSA-N	CCCCCCCC/C=C\CCCCCCCCCC(=O)O	cis-Gondoic acid			C16526	map01040	CHEBI:32425	CHEBI:32425	CHEBI:32425	CHEBI:32425	C16526	C16526	C16526	C16526			C16526	map01040	CHEBI:32426	CHEBI:32425,CHEBI:32426	C16526			C16526	map01040		CHEBI:32425,CHEBI:32426	C16526			C16526	map01040	CHEBI:15904	R-HSA-1369062,R-HSA-192456,R-HSA-3000471,R-HSA-390247,R-HSA-5684045,R-HSA-77289,R-HSA-8963901,R-HSA-8964058,R-HSA-975634	9
tetradecadienedioate (C14:2-DC)	-	-	-	-	-	-	-		-	-		-	-	-																																	0
9-hydroxystearate	RM0136955	C18H36O3	300.2664	Fatty Acyls	Octadecanoids	HODA	9570127	CHEBI:136638	HMDB0061661	LMFA02000127		RKHXDCVAPIMDMG-UHFFFAOYSA-N	CCCCCCCCCC(CCCCCCCC(=O)O)O	9-Hydroxy stearic acid					CHEBI:136286	CHEBI:136286	CHEBI:136286	CHEBI:136286,CHEBI:136638										CHEBI:136286,CHEBI:136638							CHEBI:136286,CHEBI:136638						CHEBI:15904,CHEBI:24654,CHEBI:28868	R-HSA-1222387,R-HSA-1222556,R-HSA-1369062,R-HSA-1483191,R-HSA-167826,R-HSA-192456,R-HSA-3000471,R-HSA-3000480,R-HSA-3000484,R-HSA-390247,R-HSA-5684045,R-HSA-5686938,R-HSA-77289,R-HSA-8941413,R-HSA-8963901,R-HSA-8964058,R-HSA-975634,R-HSA-9840310,R-HSA-9845614	19
oleoyl-arachidonoyl-glycerol (18:1/20:4)	RM0034180	C41H70O5	642.5223	Glycerolipids	Diradylglycerols	DAG								DG 18:1_20:4																																	0
sphingomyelin (d18:1/24:1, d18:2/24:0)	RM0122625	C47H93N2O6P	812.6771	Sphingolipids	Phosphosphingolipids	SM								SM 42:2;O2																																	0
nonadecanoate (19:0)	RM0138767	C19H36O2	296.2715	Fatty Acyls	Fatty acids	Unsaturated FA								Nonadecenoic acid																																	0
propionylglycine	RM0136001	C5H9NO3	131.0582	Organic acids	Amino acids and peptides	Amino acids	98681	CHEBI:89836	HMDB0000783			WOMAZEJKVZLLFE-UHFFFAOYSA-N	CCC(=O)NCC(=O)O	N-Propionylglycine					CHEBI:89836	CHEBI:89836	CHEBI:89836	CHEBI:89836									CHEBI:132936	CHEBI:89836,CHEBI:132936							CHEBI:89836,CHEBI:132936						CHEBI:33575	R-HSA-6809371	1
2-oxoarginine	RM0042323	C6H11N3O3	173.0800	Organic acids	Keto acids	Short-chain keto acids	558	CHEBI:58489	HMDB0004225		C03771	ARBHXJXXVVHMET-UHFFFAOYSA-N	C(CC(=O)C(=O)O)CNC(=N)N	2-Oxoarginine			C03771	map01100,map00330,map00470	CHEBI:28116	CHEBI:28116	CHEBI:28116	CHEBI:28116,CHEBI:58489	C03771	C03771	C03771	C03771			C03771	map01100,map00330,map00470	CHEBI:18253	CHEBI:18253,CHEBI:28116,CHEBI:58489	C03771			C03771	map01100,map00330,map00470		CHEBI:18253,CHEBI:28116,CHEBI:58489	C03771			C03771	map01100,map00330,map00470	CHEBI:33575	R-HSA-6809371	1
carboxyethyl-GABA	RM0139515	C7H13NO4	175.0845	Fatty Acyls	Fatty acids	Amino FA	2572	CHEBI:138529	HMDB0002201			SRGQUICKDUQCKO-UHFFFAOYSA-N	C(CC(=O)O)CNCCC(=O)O	N-Carboxyethyl-gamma-aminobutyric acid					CHEBI:138529	CHEBI:138529	CHEBI:138529	CHEBI:138529										CHEBI:138529							CHEBI:138529								0
1-margaroyl-2-arachidonoyl-GPC (17:0/20:4)	RM0162115	C45H82NO8P	795.5778	Glycerophospholipids	Glycerophosphocholines	PC								PC 17:0/20:4						CHEBI:136058,CHEBI:84470	CHEBI:136058,CHEBI:84470	CHEBI:84470,CHEBI:136058										CHEBI:84470,CHEBI:136058							CHEBI:84470,CHEBI:136058						CHEBI:57643	R-HSA-111995,R-HSA-1369062,R-HSA-1482788,R-HSA-1482798,R-HSA-1482839,R-HSA-1483101,R-HSA-1483148,R-HSA-1483166,R-HSA-1483191,R-HSA-1483196,R-HSA-1660661,R-HSA-2029485,R-HSA-2142753,R-HSA-382556,R-HSA-5678771,R-HSA-5683678,R-HSA-5683826,R-HSA-5688399,R-HSA-6811436,R-HSA-8964058,R-HSA-9680350	21
1-stearoyl-2-docosapentaenoyl-GPC (18:0/22:5n3)	RM0133614	C48H86NO8P	835.6091	Glycerophospholipids	Glycerophosphocholines	PC	24778873	CHEBI:86203	HMDB0008056	LMGP01010818		MAAMGQXOTCBPFS-JPGWWKBXSA-N	CC/C=CC/C=CC/C=CC/C=CC/C=CCCCCCC(=O)O[C@H](COC(=O)CCCCCCCCCCCCCCCCC)COP(=O)([O-])OCC[N+](C)(C)C	PC 18:0/22:5(7Z,10Z,13Z,16Z,19Z)						CHEBI:86203	CHEBI:86203	CHEBI:86203										CHEBI:86203							CHEBI:86203						CHEBI:57643	R-HSA-111995,R-HSA-1369062,R-HSA-1482788,R-HSA-1482798,R-HSA-1482839,R-HSA-1483101,R-HSA-1483148,R-HSA-1483166,R-HSA-1483191,R-HSA-1483196,R-HSA-1660661,R-HSA-2029485,R-HSA-2142753,R-HSA-382556,R-HSA-5678771,R-HSA-5683678,R-HSA-5683826,R-HSA-5688399,R-HSA-6811436,R-HSA-8964058,R-HSA-9680350	21
gamma-glutamylmethionine	RM0137490	C10H18N2O5S	278.0936	Organic acids	Amino acids and peptides	Dipeptides	7009567	CHEBI:82965	HMDB0034367			RQNSKRXMANOPQY-BQBZGAKWSA-N	CSCC[C@@H](C(=O)O)NC(=O)CC[C@@H](C(=O)O)N	gamma-Glutamylmethionine								CHEBI:82965									CHEBI:133690	CHEBI:82965,CHEBI:133690							CHEBI:82965,CHEBI:133690						CHEBI:46761	R-HSA-427975	1
ceramide (d18:1/20:0, d16:1/22:0, d20:1/18:0)	-	-	-	-	-	-	-		-	-		-	-	-																																	0
lactate	RM0135904	C3H6O3	90.0317	Organic acids	Short-chain acids	Short-chain acids	107689	CHEBI:422	HMDB0000190		C00186	JVTAAEKCZFNVCJ-REOHCLBHSA-N	C[C@@H](C(=O)O)O	Lactic acid	CHEBI:422	R-HSA-196807,R-HSA-3296197,R-HSA-381753,R-HSA-381753,R-HSA-418594,R-HSA-428643,R-HSA-433692,R-HSA-561048,R-HSA-5619070,R-HSA-70268,R-HSA-9749641	C00186	map01100,map01110,map01120,map00010,map00051,map00620,map00640,map00643,map04066,map04024,map04148,map04922,map05230	CHEBI:28358,CHEBI:42111,CHEBI:78320,CHEBI:24996	CHEBI:28358,CHEBI:42111,CHEBI:78320,CHEBI:24996	CHEBI:28358,CHEBI:42111,CHEBI:78320,CHEBI:24996	CHEBI:422,CHEBI:24996,CHEBI:28358,CHEBI:42111,CHEBI:78320	C00186,C00256,C01432	C00186,C00256,C01432	C00186,C00256,C01432	C00186,C00256,C01432	CHEBI:422	R-HSA-196807,R-HSA-3296197,R-HSA-381753,R-HSA-381753,R-HSA-418594,R-HSA-428643,R-HSA-433692,R-HSA-561048,R-HSA-5619070,R-HSA-70268,R-HSA-9749641	C00186,C00256	map01100,map01110,map01120,map00010,map00051,map00620,map00640,map00643,map04066,map04024,map04148,map04922,map05230,map01100,map01120,map00620,map01502	CHEBI:16004,CHEBI:16651	CHEBI:422,CHEBI:16004,CHEBI:16651,CHEBI:24996,CHEBI:28358,CHEBI:42111,CHEBI:78320	C00186,C00256,C01432	CHEBI:422,CHEBI:16004,CHEBI:16651	R-HSA-196807,R-HSA-3296197,R-HSA-381753,R-HSA-381753,R-HSA-418594,R-HSA-428643,R-HSA-433692,R-HSA-561048,R-HSA-5619070,R-HSA-70268,R-HSA-9749641,R-HSA-70268,R-HSA-196807,R-HSA-428643,R-HSA-433692,R-HSA-561048,R-HSA-5619071,R-HSA-70268,R-HSA-9749641	C00186,C00256	map01100,map01110,map01120,map00010,map00051,map00620,map00640,map00643,map04066,map04024,map04148,map04922,map05230,map01100,map01120,map00620,map01502		CHEBI:422,CHEBI:16004,CHEBI:16651,CHEBI:24996,CHEBI:28358,CHEBI:42111,CHEBI:78320	C00186,C00256,C01432	CHEBI:422,CHEBI:16004,CHEBI:16651	R-HSA-196807,R-HSA-3296197,R-HSA-381753,R-HSA-381753,R-HSA-418594,R-HSA-428643,R-HSA-433692,R-HSA-561048,R-HSA-5619070,R-HSA-70268,R-HSA-9749641,R-HSA-70268,R-HSA-196807,R-HSA-428643,R-HSA-433692,R-HSA-561048,R-HSA-5619071,R-HSA-70268,R-HSA-9749641	C00186,C00256	map01100,map01110,map01120,map00010,map00051,map00620,map00640,map00643,map04066,map04024,map04148,map04922,map05230,map01100,map01120,map00620,map01502			0
phosphatidylcholine (14:0/14:0, 16:0/12:0)	-	-	-	-	-	-	-		-	-		-	-	-																																	0
(16 or 17)-methylstearate (a19:0 or i19:0)	RM0140471	C19H38O2	298.2872	Fatty Acyls	Fatty acids	Branched FA								Methyloctadecanoic acid																																	0
indoleacetate	RM0135909	C10H9NO2	175.0633	Alkaloids	Tryptophan alkaloids	Indoleacetic acids	802	CHEBI:16411	HMDB0000197		C00954	SEOVTRFCIGRIMH-UHFFFAOYSA-N	c1ccc2c(c1)c(CC(=O)O)c[nH]2	Indoleacetic acid			C00954	map01100,map00380,map01070,map04075	CHEBI:16411	CHEBI:16411	CHEBI:16411	CHEBI:16411	C00954	C00954	C00954	C00954			C00954	map01100,map00380,map01070,map04075	CHEBI:30854	CHEBI:16411,CHEBI:30854	C00954			C00954	map01100,map00380,map01070,map04075		CHEBI:16411,CHEBI:30854	C00954			C00954	map01100,map00380,map01070,map04075	CHEBI:33575	R-HSA-6809371	1
glycerol	RM0135887	C3H8O3	92.0473	Organic oxygen compounds	Alcohols and polyols	1,2-diols	753	CHEBI:17754	HMDB0000131		C00116	PEDCQBHIVMGVHV-UHFFFAOYSA-N	C(C(CO)O)O	Glycerol	CHEBI:17754	R-HSA-1482883,R-HSA-1483148,R-HSA-1483206,R-HSA-163560,R-HSA-192456,R-HSA-426048,R-HSA-432030,R-HSA-432047,R-HSA-75109	C00116	map01100,map01110,map01120,map00040,map00052,map00561,map02010,map04923,map04723,map04714	CHEBI:17754,CHEBI:17754,CHEBI:17754	CHEBI:17754,CHEBI:17754,CHEBI:17754	CHEBI:17754,CHEBI:17754,CHEBI:17754	CHEBI:17754	C00116	C00116	C00116	C00116	CHEBI:17754	R-HSA-1482883,R-HSA-1483148,R-HSA-1483206,R-HSA-163560,R-HSA-192456,R-HSA-426048,R-HSA-432030,R-HSA-432047,R-HSA-75109	C00116	map01100,map01110,map01120,map00040,map00052,map00561,map02010,map04923,map04723,map04714		CHEBI:17754	C00116	CHEBI:17754	R-HSA-1482883,R-HSA-1483148,R-HSA-1483206,R-HSA-163560,R-HSA-192456,R-HSA-426048,R-HSA-432030,R-HSA-432047,R-HSA-75109	C00116	map01100,map01110,map01120,map00040,map00052,map00561,map02010,map04923,map04723,map04714		CHEBI:17754	C00116	CHEBI:17754	R-HSA-1482883,R-HSA-1483148,R-HSA-1483206,R-HSA-163560,R-HSA-192456,R-HSA-426048,R-HSA-432030,R-HSA-432047,R-HSA-75109	C00116	map01100,map01110,map01120,map00040,map00052,map00561,map02010,map04923,map04723,map04714			0
suberate (C8-DC)	RM0134985	C8H14O4	174.0892	Fatty Acyls	Fatty acids	Dicarboxylic acids	10457	CHEBI:9300	HMDB0000893	LMFA01170001	C08278	TYFQFVWCELRYAO-UHFFFAOYSA-N	C(CCCC(=O)O)CCC(=O)O	Suberic acid					CHEBI:9300,CHEBI:9300	CHEBI:9300,CHEBI:9300	CHEBI:9300,CHEBI:9300	CHEBI:9300	C08278	C08278	C08278	C08278					CHEBI:76282	CHEBI:9300,CHEBI:76282	C08278						CHEBI:9300,CHEBI:76282	C08278					CHEBI:18059,CHEBI:33575	R-HSA-1222556,R-HSA-1369062,R-HSA-5682294,R-HSA-6809371,R-HSA-804914,R-HSA-8941413	6
benzoate	RM0134993	C7H6O2	122.0368	Benzenoids	Benzenes	Benzoic acids	243	CHEBI:30746	HMDB0001870		C00180	WPYMKLBDIGXBTP-UHFFFAOYSA-N	c1ccc(cc1)C(=O)O	Benzoic acid	CHEBI:30746	R-HSA-177135	C00180	map01100,map01110,map01120,map01220,map00996,map00362,map00627,map00623,map00621,map01063	CHEBI:30746,CHEBI:30746,CHEBI:30746,CHEBI:16150	CHEBI:30746,CHEBI:30746,CHEBI:30746,CHEBI:16150	CHEBI:30746,CHEBI:30746,CHEBI:30746,CHEBI:16150	CHEBI:16150,CHEBI:30746	C00180,C00539	C00180,C00539	C00180,C00539	C00180,C00539	CHEBI:16150,CHEBI:30746	R-HSA-9717207,R-HSA-9717207,R-HSA-177135	C00180	map01100,map01110,map01120,map01220,map00996,map00362,map00627,map00623,map00621,map01063		CHEBI:16150,CHEBI:30746	C00180,C00539	CHEBI:16150,CHEBI:30746	R-HSA-9717207,R-HSA-9717207,R-HSA-177135	C00180	map01100,map01110,map01120,map01220,map00996,map00362,map00627,map00623,map00621,map01063		CHEBI:16150,CHEBI:30746	C00180,C00539	CHEBI:16150,CHEBI:30746	R-HSA-9717207,R-HSA-9717207,R-HSA-177135	C00180	map01100,map01110,map01120,map01220,map00996,map00362,map00627,map00623,map00621,map01063			0
cholesterol	RM0135639	C27H46O	386.3549	Sterol Lipids	Sterols	Cholesterols	5997	CHEBI:16113	HMDB0000067	LMST01010001	C00187	HVYWMOMLDIMFJA-DPAQBDIFSA-N	CC(C)CCC[C@@H](C)[C@H]1CC[C@H]2[C@@H]3CC=C4C[C@H](CC[C@]4(C)[C@H]3CC[C@]12C)O	Cholesterol	CHEBI:16113	R-HSA-1369062,R-HSA-156584,R-HSA-163560,R-HSA-1655829,R-HSA-191273,R-HSA-192105,R-HSA-192456,R-HSA-193368,R-HSA-193775,R-HSA-193807,R-HSA-196108,R-HSA-202733,R-HSA-211945,R-HSA-211976,R-HSA-2168880,R-HSA-3000471,R-HSA-3000471,R-HSA-3000480,R-HSA-3000480,R-HSA-3000484,R-HSA-3000484,R-HSA-3000497,R-HSA-432142,R-HSA-5358346,R-HSA-5362768,R-HSA-5679090,R-HSA-5679096,R-HSA-5682113,R-HSA-5686938,R-HSA-6807047,R-HSA-6809371,R-HSA-8856825,R-HSA-8856828,R-HSA-8866423,R-HSA-8963678,R-HSA-8963888,R-HSA-8963896,R-HSA-8963901,R-HSA-8964011,R-HSA-8964026,R-HSA-8964026,R-HSA-8964038,R-HSA-8964038,R-HSA-8964041,R-HSA-8964046,R-HSA-8964046,R-HSA-8964058,R-HSA-9707616,R-HSA-975634,R-HSA-975634,R-HSA-9918432,R-HSA-9918481,R-HSA-9920588,R-HSA-9969901	C00187	map01100,map01120,map00100,map00120,map00140,map00981,map00996,map00984,map01066,map04148,map04913,map04925,map04927,map04976,map04975,map04979,map04977,map04382,map05200,map05217,map05417,map04934	CHEBI:16113,CHEBI:16113,CHEBI:16113	CHEBI:16113,CHEBI:16113,CHEBI:16113	CHEBI:16113,CHEBI:16113,CHEBI:16113	CHEBI:16113	C00187	C00187	C00187	C00187	CHEBI:16113	R-HSA-1369062,R-HSA-156584,R-HSA-163560,R-HSA-1655829,R-HSA-191273,R-HSA-192105,R-HSA-192456,R-HSA-193368,R-HSA-193775,R-HSA-193807,R-HSA-196108,R-HSA-202733,R-HSA-211945,R-HSA-211976,R-HSA-2168880,R-HSA-3000471,R-HSA-3000471,R-HSA-3000480,R-HSA-3000480,R-HSA-3000484,R-HSA-3000484,R-HSA-3000497,R-HSA-432142,R-HSA-5358346,R-HSA-5362768,R-HSA-5679090,R-HSA-5679096,R-HSA-5682113,R-HSA-5686938,R-HSA-6807047,R-HSA-6809371,R-HSA-8856825,R-HSA-8856828,R-HSA-8866423,R-HSA-8963678,R-HSA-8963888,R-HSA-8963896,R-HSA-8963901,R-HSA-8964011,R-HSA-8964026,R-HSA-8964026,R-HSA-8964038,R-HSA-8964038,R-HSA-8964041,R-HSA-8964046,R-HSA-8964046,R-HSA-8964058,R-HSA-9707616,R-HSA-975634,R-HSA-975634,R-HSA-9918432,R-HSA-9918481,R-HSA-9920588,R-HSA-9969901	C00187	map01100,map01120,map00100,map00120,map00140,map00981,map00996,map00984,map01066,map04148,map04913,map04925,map04927,map04976,map04975,map04979,map04977,map04382,map05200,map05217,map05417,map04934		CHEBI:16113	C00187	CHEBI:16113	R-HSA-1369062,R-HSA-156584,R-HSA-163560,R-HSA-1655829,R-HSA-191273,R-HSA-192105,R-HSA-192456,R-HSA-193368,R-HSA-193775,R-HSA-193807,R-HSA-196108,R-HSA-202733,R-HSA-211945,R-HSA-211976,R-HSA-2168880,R-HSA-3000471,R-HSA-3000471,R-HSA-3000480,R-HSA-3000480,R-HSA-3000484,R-HSA-3000484,R-HSA-3000497,R-HSA-432142,R-HSA-5358346,R-HSA-5362768,R-HSA-5679090,R-HSA-5679096,R-HSA-5682113,R-HSA-5686938,R-HSA-6807047,R-HSA-6809371,R-HSA-8856825,R-HSA-8856828,R-HSA-8866423,R-HSA-8963678,R-HSA-8963888,R-HSA-8963896,R-HSA-8963901,R-HSA-8964011,R-HSA-8964026,R-HSA-8964026,R-HSA-8964038,R-HSA-8964038,R-HSA-8964041,R-HSA-8964046,R-HSA-8964046,R-HSA-8964058,R-HSA-9707616,R-HSA-975634,R-HSA-975634,R-HSA-9918432,R-HSA-9918481,R-HSA-9920588,R-HSA-9969901	C00187	map01100,map01120,map00100,map00120,map00140,map00981,map00996,map00984,map01066,map04148,map04913,map04925,map04927,map04976,map04975,map04979,map04977,map04382,map05200,map05217,map05417,map04934		CHEBI:16113	C00187	CHEBI:16113	R-HSA-1369062,R-HSA-156584,R-HSA-163560,R-HSA-1655829,R-HSA-191273,R-HSA-192105,R-HSA-192456,R-HSA-193368,R-HSA-193775,R-HSA-193807,R-HSA-196108,R-HSA-202733,R-HSA-211945,R-HSA-211976,R-HSA-2168880,R-HSA-3000471,R-HSA-3000471,R-HSA-3000480,R-HSA-3000480,R-HSA-3000484,R-HSA-3000484,R-HSA-3000497,R-HSA-432142,R-HSA-5358346,R-HSA-5362768,R-HSA-5679090,R-HSA-5679096,R-HSA-5682113,R-HSA-5686938,R-HSA-6807047,R-HSA-6809371,R-HSA-8856825,R-HSA-8856828,R-HSA-8866423,R-HSA-8963678,R-HSA-8963888,R-HSA-8963896,R-HSA-8963901,R-HSA-8964011,R-HSA-8964026,R-HSA-8964026,R-HSA-8964038,R-HSA-8964038,R-HSA-8964041,R-HSA-8964046,R-HSA-8964046,R-HSA-8964058,R-HSA-9707616,R-HSA-975634,R-HSA-975634,R-HSA-9918432,R-HSA-9918481,R-HSA-9920588,R-HSA-9969901	C00187	map01100,map01120,map00100,map00120,map00140,map00981,map00996,map00984,map01066,map04148,map04913,map04925,map04927,map04976,map04975,map04979,map04977,map04382,map05200,map05217,map05417,map04934			0
2,3-dihydroxy-2-methylbutyrate	RM0153365	C5H10O4	134.0579	Fatty Acyls	Fatty acids	Hydroxy FA	301941	CHEBI:173559	HMDB0029576	LMFA01050468		AOWPAWLEXIYETE-UHFFFAOYSA-N	CC(C(C)(C(=O)O)O)O	2,3-Dihydroxy-2-methylbutanoic acid					CHEBI:173559,CHEBI:173559	CHEBI:173559,CHEBI:173559	CHEBI:173559,CHEBI:173559	CHEBI:173559										CHEBI:173559							CHEBI:173559						CHEBI:24654	R-HSA-3000471,R-HSA-3000480,R-HSA-3000484,R-HSA-5686938	4
beta-cryptoxanthin	RM0159678	C40H56O	552.4331	Prenol Lipids	Isoprenoids	C40 isoprenoids	5281235	CHEBI:10362	HMDB0033844	LMPR01070269	C08591	DMASLKHVQRHNES-FKKUPVFPSA-N	C/C(=C\C=C\C=C(/C)\C=C\C=C(/C)\C=C\C1=C(C)CC(CC1(C)C)O)/C=C/C=C(\C)/C=C/C1=C(C)CCCC1(C)C	Cryptoxanthin			C08591	map01110,map00906	CHEBI:10362	CHEBI:10362	CHEBI:10362	CHEBI:10362	C08591	C08591	C08591	C08591			C08591	map01110,map00906		CHEBI:10362	C08591			C08591	map01110,map00906		CHEBI:10362	C08591			C08591	map01110,map00906	CHEBI:18059	R-HSA-1222556,R-HSA-1369062,R-HSA-5682294,R-HSA-804914,R-HSA-8941413	5
N-acetyltryptophan	RM0162118	C13H14N2O3	246.1004	Organic acids	Amino acids and peptides	Amino acids	700653	CHEBI:74640	HMDB0013713			DZTHIGRZJZPRDV-LBPRGKRZSA-N	CC(=O)N[C@@H](Cc1c[nH]c2ccccc12)C(=O)O	N-Acetyltryptophan					CHEBI:70976	CHEBI:70976	CHEBI:70976	CHEBI:70976,CHEBI:74640									CHEBI:16734,CHEBI:57877,CHEBI:133746,CHEBI:143877	CHEBI:16734,CHEBI:57877,CHEBI:70976,CHEBI:74640,CHEBI:133746,CHEBI:143877	C03137						CHEBI:16734,CHEBI:57877,CHEBI:70976,CHEBI:74640,CHEBI:133746,CHEBI:143877	C03137					CHEBI:33575	R-HSA-6809371	1
methyl-4-hydroxybenzoate sulfate	RM0002508	C8H8O6S	232.0042	Organic acids	Arylsulfates	Phenylsulfates	122164837	CHEBI:133532	HMDB0168668			IBEAHXYYSZWGED-UHFFFAOYSA-N	COC(=O)c1ccc(cc1)OS(=O)(=O)O	Methyl-4-hydroxybenzoate sulfate					CHEBI:133532	CHEBI:133532	CHEBI:133532	CHEBI:133532									CHEBI:133533	CHEBI:133532,CHEBI:133533							CHEBI:133532,CHEBI:133533								0
quinate	RM0071875	C7H12O6	192.0634	Benzenoids	Benzenes	Hydroxybenzoic acids	6508	CHEBI:17521	HMDB0003072		C00296	AAWZDTNXLSGCEK-WYWMIBKRSA-N	C1[C@H]([C@H]([C@@H](C[C@@]1(C(=O)O)O)O)O)O	Quinic acid			C00296	map01100,map00400	CHEBI:17521,CHEBI:26493,CHEBI:26490,CHEBI:29751	CHEBI:17521,CHEBI:26493,CHEBI:26490,CHEBI:29751	CHEBI:17521,CHEBI:26493,CHEBI:26490,CHEBI:29751	CHEBI:17521,CHEBI:26490,CHEBI:26493,CHEBI:29751	C00296	C00296	C00296	C00296			C00296	map01100,map00400	CHEBI:36124	CHEBI:17521,CHEBI:26490,CHEBI:26493,CHEBI:29751,CHEBI:36124	C00296			C00296	map01100,map00400	CHEBI:177632	CHEBI:17521,CHEBI:26490,CHEBI:26493,CHEBI:29751,CHEBI:36124,CHEBI:177632	C00296			C00296	map01100,map00400	CHEBI:25696,CHEBI:33575	R-HSA-382556,R-HSA-428643,R-HSA-5690338,R-HSA-6809371	4
4-ethylphenylsulfate	RM0138695	C8H10O4S	202.0300	Organic acids	Arylsulfates	Phenylsulfates	20822574	CHEBI:82932	HMDB0062551			DWZGLEPNCRFCEP-UHFFFAOYSA-N	CCc1ccc(cc1)OS(=O)(=O)O	4-Ethylphenylsulfate								CHEBI:82932									CHEBI:133681	CHEBI:82932,CHEBI:133681							CHEBI:82932,CHEBI:133681								0
erythritol	RM0136218	C4H10O4	122.0579	Carbohydrates	Monosaccharides	Sugar alcohols	222285	CHEBI:17113	HMDB0002994		C00503	UNXHWFMMPAWVPI-ZXZARUISSA-N	C([C@@H]([C@@H](CO)O)O)O	Erythritol			C00503	map02010	CHEBI:17113,CHEBI:17113	CHEBI:17113,CHEBI:17113	CHEBI:17113,CHEBI:17113	CHEBI:17113	C00503	C00503	C00503	C00503			C00503	map02010		CHEBI:17113	C00503			C00503	map02010		CHEBI:17113	C00503			C00503	map02010			0
hexadecenedioate (C16:1-DC)	-	-	-	-	-	-	-		-	-		-	-	-																																	0
N-palmitoylglycine	RM0154257	C18H35NO3	313.2617	Fatty Acyls	Fatty amides	N-acyl amines	151008	CHEBI:39540	HMDB0013034	LMFA08020079		KVTFEOAKFFQCCX-UHFFFAOYSA-N	CCCCCCCCCCCCCCCC(=O)NCC(=O)O	NA-Gly 16:0					CHEBI:39540	CHEBI:39540	CHEBI:39540	CHEBI:39540									CHEBI:142655	CHEBI:39540,CHEBI:142655							CHEBI:39540,CHEBI:142655						CHEBI:18059	R-HSA-1222556,R-HSA-1369062,R-HSA-5682294,R-HSA-804914,R-HSA-8941413	5
caproate (6:0)	RM0137067	C6H12O2	116.0837	Fatty Acyls	Fatty acids	Saturated FA	8892	CHEBI:30776	HMDB0000535	LMFA01010006	C01585	FUZZWVXGSFPDMH-UHFFFAOYSA-N	CCCCCC(=O)O	Caproic acid	CHEBI:30776	R-HSA-381753,R-HSA-381753			CHEBI:30776	CHEBI:30776	CHEBI:30776	CHEBI:30776	C01585	C01585	C01585	C01585	CHEBI:30776	R-HSA-381753,R-HSA-381753			CHEBI:17120	CHEBI:17120,CHEBI:30776	C01585	CHEBI:17120,CHEBI:30776	R-HSA-416476,R-HSA-444209,R-HSA-381753,R-HSA-381753				CHEBI:17120,CHEBI:30776	C01585	CHEBI:17120,CHEBI:30776	R-HSA-416476,R-HSA-444209,R-HSA-381753,R-HSA-381753					0
1-(1-enyl-stearoyl)-2-oleoyl-GPE (P-18:0/18:1)	RM0134766	C41H80NO7P	729.5672	Glycerophospholipids	Glycerophosphoethanolamines	O-PE								PE P-18:0/18:1					CHEBI:167288	CHEBI:136205,CHEBI:167288,CHEBI:167288,CHEBI:79203	CHEBI:167288,CHEBI:136205,CHEBI:79203	CHEBI:79203,CHEBI:136205,CHEBI:167288									CHEBI:78340	CHEBI:78340,CHEBI:79203,CHEBI:136205,CHEBI:167288							CHEBI:78340,CHEBI:79203,CHEBI:136205,CHEBI:167288						CHEBI:17476	R-HSA-1482788	1
glycosyl-N-stearoyl-sphingosine (d18:1/18:0)	RM0008618	C42H81NO8	727.5962	Sphingolipids	Glycosphingolipids	HexCer								HexCer 18:1;O2/18:0																																	0
pyridoxate	RM0030084	C8H9NO4	183.0532	Alkaloids	Pyridine alkaloids	Nicotinic acid alkaloids	6723	CHEBI:17405	HMDB0000017		C00847	HXACOUQIXZGNBF-UHFFFAOYSA-N	Cc1c(c(c(cn1)CO)C(=O)O)O	4-Pyridoxic acid			C00847	map01100,map01120,map00750	CHEBI:17405,CHEBI:17405,CHEBI:132948	CHEBI:17405,CHEBI:17405,CHEBI:132948	CHEBI:17405,CHEBI:17405,CHEBI:132948	CHEBI:17405,CHEBI:132948	C00847	C00847	C00847	C00847			C00847	map01100,map01120,map00750	CHEBI:30959	CHEBI:17405,CHEBI:30959,CHEBI:132948	C00847	CHEBI:30959	R-HSA-964975	C00847	map01100,map01120,map00750	CHEBI:16409,CHEBI:30960	CHEBI:16409,CHEBI:17405,CHEBI:30959,CHEBI:30960,CHEBI:132948	C00847,C04773	CHEBI:30959	R-HSA-964975	C00847,C04773	map01100,map01120,map00750,map00750			0
pyridoxal	RM0156676	C8H9NO3	167.0582	Alkaloids	Pyridine alkaloids	Nicotinic acid alkaloids	1050	CHEBI:17310	HMDB0001545		C00250	RADKZDMFGJYCBB-UHFFFAOYSA-N	Cc1c(c(C=O)c(cn1)CO)O	Pyridoxal	CHEBI:17310	R-HSA-964975	C00250	map01100,map01120,map01240,map00750,map04977	CHEBI:17310,CHEBI:17310	CHEBI:17310,CHEBI:17310	CHEBI:17310,CHEBI:17310	CHEBI:17310	C00250	C00250	C00250	C00250	CHEBI:17310	R-HSA-964975	C00250	map01100,map01120,map01240,map00750,map04977	CHEBI:131530	CHEBI:17310,CHEBI:131530	C00250	CHEBI:17310	R-HSA-964975	C00250	map01100,map01120,map01240,map00750,map04977		CHEBI:17310,CHEBI:131530	C00250	CHEBI:17310	R-HSA-964975	C00250	map01100,map01120,map01240,map00750,map04977			0
ascorbic acid 3-sulfate	RM0188095	C6H8O9S	255.9889	Organoheterocyclic compounds	Lactones	Gamma butyrolactones	11425365	CHEBI:176456	HMDB0240641			FBFZPSQPKNIVMT-ZAFYKAAXSA-N	C([C@@H]([C@@H]1C(=C(C(=O)O1)O)OS(=O)(=O)O)O)O	Ascorbic acid 3-sulfate					CHEBI:176456	CHEBI:176456	CHEBI:176456	CHEBI:176456										CHEBI:176456							CHEBI:176456								0
ectoine	RM0033341	C6H10N2O2	142.0742	Nucleic acids	Pyrimidines	Hydropyrimidines	126041	CHEBI:27592	HMDB0240650		C06231	WQXNXVUDBPYKBA-YFKPBYRVSA-N	CC1=N[C@@H](CCN1)C(=O)O	Ectoine			C06231	map01100,map01120,map00260	CHEBI:27592,CHEBI:27592	CHEBI:27592,CHEBI:27592	CHEBI:27592,CHEBI:27592	CHEBI:27592	C06231	C06231	C06231	C06231			C06231	map01100,map01120,map00260	CHEBI:58515,CHEBI:63475	CHEBI:27592,CHEBI:58515,CHEBI:63475	C06231			C06231	map01100,map01120,map00260		CHEBI:27592,CHEBI:58515,CHEBI:63475	C06231			C06231	map01100,map01120,map00260	CHEBI:33575	R-HSA-6809371	1
N-acetyl-aspartyl-glutamate (NAAG)	RM0027165	C11H16N2O8	304.0907	Organic acids	Amino acids and peptides	Dipeptides	71120	CHEBI:191259	HMDB0001067		C12270	OPVPGKGADVGKTG-NKWVEPMBSA-N	CC(=O)N[C@H](CC(=O)O)C(=O)N[C@@H](CCC(=O)O)C(=O)O	N-Acetyl-Asp-Glu			C12270	map01100,map00250,map04080,map05215				CHEBI:191259	C12270	C12270	C12270	C12270			C12270	map01100,map00250,map04080,map05215		CHEBI:191259	C12270			C12270	map01100,map00250,map04080,map05215		CHEBI:191259	C12270			C12270	map01100,map00250,map04080,map05215	CHEBI:16670	R-HSA-1222556,R-HSA-1236977,R-HSA-1236978,R-HSA-3000480,R-HSA-3000497,R-HSA-445989,R-HSA-6803157,R-HSA-879415,R-HSA-8941413,R-HSA-933542	10
1,3,7-trimethylurate	RM0136162	C8H10N4O3	210.0753	Nucleic acids	Purines	Xanthines	79437	CHEBI:691622	HMDB0002123		C16361	BYXCFUMGEBZDDI-UHFFFAOYSA-N	Cn1c2c([nH]c1=O)n(C)c(=O)n(C)c2=O	1,3,7-Trimethyluric acid			C16361	map01120,map00232	CHEBI:691622,CHEBI:132940	CHEBI:691622,CHEBI:132940	CHEBI:691622,CHEBI:132940	CHEBI:132940,CHEBI:691622	C16361	C16361	C16361	C16361			C16361	map01120,map00232		CHEBI:132940,CHEBI:691622	C16361			C16361	map01120,map00232		CHEBI:132940,CHEBI:691622	C16361			C16361	map01120,map00232	CHEBI:25696	R-HSA-382556,R-HSA-428643,R-HSA-5690338	3
(S)-3-hydroxybutyrylcarnitine	RM0154200	C11H21NO5	247.1420	Fatty Acyls	Fatty esters	Acyl carnitines	53481617	CHEBI:72995	HMDB0013127	LMFA07070071		UEFRDQSMQXDWTO-GKAPJAKFSA-N	CC(CC(=O)O[C@@H](CC(=O)[O-])C[N+](C)(C)C)O	CAR 4:0;3OH								CHEBI:72995										CHEBI:72995							CHEBI:72995								0
cytosine	RM0050550	C4H5N3O	111.0433	Nucleic acids	Pyrimidines	Pyrimidones	597	CHEBI:16040	HMDB0000630		C00380	OPTASPLRGRRNAP-UHFFFAOYSA-N	c1c[nH]c(=O)nc1N	Cytosine	CHEBI:16040	R-HSA-83936	C00380	map01100,map01232,map00240	CHEBI:16040,CHEBI:16040	CHEBI:16040,CHEBI:16040	CHEBI:16040,CHEBI:16040	CHEBI:16040	C00380	C00380	C00380	C00380	CHEBI:16040	R-HSA-83936	C00380	map01100,map01232,map00240		CHEBI:16040	C00380	CHEBI:16040	R-HSA-83936	C00380	map01100,map01232,map00240		CHEBI:16040	C00380	CHEBI:16040	R-HSA-83936	C00380	map01100,map01232,map00240			0
3-amino-2-piperidone	RM0135942	C5H10N2O	114.0793	Organoheterocyclic compounds	Piperidines	Piperidinones	5200225	CHEBI:76341	HMDB0000323			YCCMTCQQDULIFE-UHFFFAOYSA-N	C1CC(C(=O)NC1)N	3-Amino-2-piperidone					CHEBI:76341	CHEBI:76341	CHEBI:76341	CHEBI:76341										CHEBI:76341							CHEBI:76341								0
17alpha-hydroxypregnanolone glucuronide	RM0224341	C27H42O9	510.2829	Sterol Lipids	Steroids	C21 Steroids	101616684	CHEBI:233191				IZDWMNZNEAXAFE-ZEWQZTBUSA-N	CC(=O)[C@]1(CC[C@H]2[C@@H]3CC[C@@H]4C[C@@H](CC[C@]4(C)[C@H]3CC[C@]12C)O[C@H]1[C@@H]([C@H]([C@@H]([C@@H](C(=O)O)O1)O)O)O)O	17alpha-Hydroxypregnanolone 3-glucuronide					CHEBI:233191	CHEBI:233191	CHEBI:233191	CHEBI:233191										CHEBI:233191							CHEBI:233191						CHEBI:35341	R-HSA-196071	1
6-hydroxyindole sulfate	RM0161395	C8H7NO4S	213.0096	Alkaloids	Tryptophan alkaloids	Simple indole alkaloids	122198196	CHEBI:133568	HMDB0240651			QRHHXPIYYXPEMG-UHFFFAOYSA-N	c1cc(cc2c1cc[nH]2)OS(=O)(=O)O	6-Hydroxyindole sulfate					CHEBI:133568	CHEBI:133568	CHEBI:133568	CHEBI:133568									CHEBI:133569	CHEBI:133568,CHEBI:133569							CHEBI:133568,CHEBI:133569								0
1-stearoyl-2-arachidonoyl-GPI (18:0/20:4)	RM0134512	C47H83O13P	886.5571	Glycerophospholipids	Glycerophosphoinositols	PI								PI 18:0/20:4					CHEBI:133606	CHEBI:84153,CHEBI:88572,CHEBI:90432,CHEBI:133606	CHEBI:84153,CHEBI:88572,CHEBI:90432,CHEBI:133606	CHEBI:84153,CHEBI:88572,CHEBI:90432,CHEBI:133606										CHEBI:84153,CHEBI:88572,CHEBI:90432,CHEBI:133606							CHEBI:84153,CHEBI:88572,CHEBI:90432,CHEBI:133606						CHEBI:28874,CHEBI:57880	R-HSA-1482922,R-HSA-1483196,R-HSA-1483226,R-HSA-1483248,R-HSA-162710,R-HSA-163125,R-HSA-1632852,R-HSA-1660499,R-HSA-1660514,R-HSA-1660516,R-HSA-1660517,R-HSA-198933,R-HSA-2046106,R-HSA-3000471,R-HSA-3000480,R-HSA-5668599,R-HSA-9636383,R-HSA-9793528	18
N-methylproline	RM0137476	C6H11NO2	129.0790	Organic acids	Amino acids and peptides	Amino acids	643474	CHEBI:90344	HMDB0094696			CWLQUGTUXBXTLF-YFKPBYRVSA-N	CN1CCC[C@H]1C(=O)O	N-Methyl-proline					CHEBI:90344	CHEBI:90344	CHEBI:90344	CHEBI:90344									CHEBI:133743	CHEBI:90344,CHEBI:133743							CHEBI:90344,CHEBI:133743								0
adrenate (22:4n6)	RM0153917	C22H36O2	332.2715	Fatty Acyls	Fatty acids	Unsaturated FA	5497181	CHEBI:53487	HMDB0002226	LMFA01030178	C16527	TWSWSIQAPQLDBP-DOFZRALJSA-N	CCCCC/C=C\C/C=C\C/C=C\C/C=C\CCCCCC(=O)O	Adrenic acid	CHEBI:53487	R-HSA-381771,R-HSA-416476,R-HSA-444209	C16527	map01040,map04216	CHEBI:53487,CHEBI:53487	CHEBI:53487,CHEBI:53487	CHEBI:53487,CHEBI:53487	CHEBI:53487	C16527	C16527	C16527	C16527	CHEBI:53487	R-HSA-381771,R-HSA-416476,R-HSA-444209	C16527	map01040,map04216	CHEBI:77225	CHEBI:53487,CHEBI:77225	C16527	CHEBI:53487	R-HSA-381771,R-HSA-416476,R-HSA-444209	C16527	map01040,map04216		CHEBI:53487,CHEBI:77225	C16527	CHEBI:53487	R-HSA-381771,R-HSA-416476,R-HSA-444209	C16527	map01040,map04216			0
stearoylcholine	RM0034895	C23H48NO2	370.3685	Organic nitrogen compounds	Cholines	Acyl cholines	90111	CHEBI:191252	HMDB0240648			SGFBLYBOTWZDDE-UHFFFAOYSA-N	CCCCCCCCCCCCCCCCCC(=O)OCC[N+](C)(C)C	Stearoylcholine								CHEBI:191252										CHEBI:191252							CHEBI:191252						CHEBI:36916	R-HSA-936837	1
1-stearoyl-2-oleoyl-GPI (18:0/18:1)	RM0015033	C45H85O13P	864.5728	Glycerophospholipids	Glycerophosphoinositols	PI								PI 18:0/18:1						CHEBI:136246	CHEBI:136246	CHEBI:136246										CHEBI:136246							CHEBI:136246						CHEBI:28874	R-HSA-198933	1
N-acetylputrescine	RM0136156	C6H14N2O	130.1106	Alkaloids	Ornithine alkaloids	Polyamines	122356	CHEBI:17768	HMDB0002064		C02714	KLZGKIDSEJWEDW-UHFFFAOYSA-N	CC(=O)NCCCCN	N-Acetylputrescine			C02714	map01100,map00330	CHEBI:17768,CHEBI:17768,CHEBI:58263	CHEBI:17768,CHEBI:17768,CHEBI:58263	CHEBI:17768,CHEBI:17768,CHEBI:58263	CHEBI:17768,CHEBI:58263	C02714	C02714	C02714	C02714			C02714	map01100,map00330		CHEBI:17768,CHEBI:58263	C02714			C02714	map01100,map00330		CHEBI:17768,CHEBI:58263	C02714			C02714	map01100,map00330	CHEBI:36916	R-HSA-936837	1
gamma-glutamylcitrulline	RM0156813	C11H20N4O6	304.1383	Organic acids	Amino acids and peptides	Dipeptides	154642822					SCTJBDDLOROJJM-BQBZGAKWSA-N	C(C[C@@H](C(=O)O)NC(=O)CC[C@@H](C(=O)O)N)CNC(=O)N	gamma-Glutamylcitrulline					CHEBI:232962	CHEBI:232962	CHEBI:232962	CHEBI:232962										CHEBI:232962							CHEBI:232962						CHEBI:33575	R-HSA-6809371	1
gamma-glutamyltyrosine	RM0136359	C14H18N2O6	310.1165	Organic acids	Amino acids and peptides	Dipeptides	94340	CHEBI:82969	HMDB0011741			VVLXCWVSSLFQDS-QWRGUYRKSA-N	c1cc(ccc1C[C@@H](C(=O)O)NC(=O)CC[C@@H](C(=O)O)N)O	gamma-Glutamyltyrosine					CHEBI:82969	CHEBI:82969	CHEBI:82969	CHEBI:82969									CHEBI:133722	CHEBI:82969,CHEBI:133722							CHEBI:82969,CHEBI:133722						CHEBI:46761	R-HSA-427975	1
trans-urocanate	RM0135935	C6H6N2O2	138.0429	Alkaloids	Histidine alkaloids	Imidazole alkaloids	736715	CHEBI:30817	HMDB0000301		C00785	LOIYMIARKYCTBW-OWOJBTEDSA-N	C(=C\C(=O)O)/c1c[nH]cn1	Urocanic acid			C00785	map01100,map00340,map04382	CHEBI:27248,CHEBI:30817,CHEBI:17771	CHEBI:27248,CHEBI:30817,CHEBI:17771	CHEBI:27248,CHEBI:30817,CHEBI:17771	CHEBI:17771,CHEBI:27248,CHEBI:30817	C00785	C00785	C00785	C00785	CHEBI:17771	R-HSA-70921	C00785	map01100,map00340,map04382	CHEBI:27247	CHEBI:17771,CHEBI:27247,CHEBI:27248,CHEBI:30817	C00785	CHEBI:17771	R-HSA-70921	C00785	map01100,map00340,map04382	CHEBI:30818,CHEBI:30819,CHEBI:192561	CHEBI:17771,CHEBI:27247,CHEBI:27248,CHEBI:30817,CHEBI:30818,CHEBI:30819,CHEBI:192561	C00785	CHEBI:17771	R-HSA-70921	C00785	map01100,map00340,map04382			0
3-indoleglyoxylic acid	RM0188075	C10H7NO3	189.0426	Alkaloids	Tryptophan alkaloids	Indoleacetic acids	73863		HMDB0242143			DWLVFWDCSFTDOD-UHFFFAOYSA-N	c1ccc2c(c1)c(c[nH]2)C(=O)C(=O)O	3-Indoleglyoxylic acid					CHEBI:233874	CHEBI:233874	CHEBI:233874	CHEBI:233874										CHEBI:233874							CHEBI:233874						CHEBI:33575	R-HSA-6809371	1
4-cholesten-3-one	RM0001782	C27H44O	384.3392	Sterol Lipids	Sterols	Cholesterols	91477	CHEBI:16175	HMDB0000921	LMST01010015	C00599	NYOXRYYXRWJDKP-GYKMGIIDSA-N	CC(C)CCC[C@@H](C)[C@H]1CC[C@H]2[C@@H]3CCC4=CC(=O)CC[C@]4(C)[C@H]3CC[C@]12C	Cholestenone			C00599	map01120,map00984	CHEBI:16175,CHEBI:63906	CHEBI:16175,CHEBI:63906	CHEBI:16175,CHEBI:63906	CHEBI:16175,CHEBI:63906	C00599	C00599	C00599	C00599			C00599	map01120,map00984		CHEBI:16175,CHEBI:63906	C00599			C00599	map01120,map00984		CHEBI:16175,CHEBI:63906	C00599			C00599	map01120,map00984	CHEBI:35341	R-HSA-196071	1
leucine	RM0136379	C6H13NO2	131.0946	Organic acids	Amino acids and peptides	Amino acids	6106	CHEBI:15603	HMDB0000687		C00123	ROHFNLRQFUQHCH-YFKPBYRVSA-N	CC(C)C[C@@H](C(=O)O)N	Leucine			C00123	map01100,map01110,map01210,map01230,map00280,map00290,map00966,map01060,map01065,map00970,map02010,map04150,map04974,map04978,map05230,map05131	CHEBI:15603,CHEBI:25017	CHEBI:15603,CHEBI:25017	CHEBI:15603,CHEBI:25017	CHEBI:15603,CHEBI:25017	C00123,C16439	C00123,C16439	C00123,C16439	C00123,C16439			C00123	map01100,map01110,map01210,map01230,map00280,map00290,map00966,map01060,map01065,map00970,map02010,map04150,map04974,map04978,map05230,map05131	CHEBI:28225,CHEBI:32619,CHEBI:32620,CHEBI:32623,CHEBI:32624,CHEBI:32627,CHEBI:32628,CHEBI:57427,CHEBI:143079	CHEBI:15603,CHEBI:25017,CHEBI:28225,CHEBI:32619,CHEBI:32620,CHEBI:32623,CHEBI:32624,CHEBI:32627,CHEBI:32628,CHEBI:57427,CHEBI:143079	C00123,C01570,C16439	CHEBI:57427	R-HSA-352230,R-HSA-379716,R-HSA-379726,R-HSA-442660,R-HSA-5619044,R-HSA-5619094,R-HSA-5619113,R-HSA-5659735,R-HSA-5660862,R-HSA-5660883,R-HSA-70895,R-HSA-70895,R-HSA-71240,R-HSA-9639288	C00123	map01100,map01110,map01210,map01230,map00280,map00290,map00966,map01060,map01065,map00970,map02010,map04150,map04974,map04978,map05230,map05131	CHEBI:192087	CHEBI:15603,CHEBI:25017,CHEBI:28225,CHEBI:32619,CHEBI:32620,CHEBI:32623,CHEBI:32624,CHEBI:32627,CHEBI:32628,CHEBI:57427,CHEBI:143079,CHEBI:192087	C00123,C01570,C16439	CHEBI:57427	R-HSA-352230,R-HSA-379716,R-HSA-379726,R-HSA-442660,R-HSA-5619044,R-HSA-5619094,R-HSA-5619113,R-HSA-5659735,R-HSA-5660862,R-HSA-5660883,R-HSA-70895,R-HSA-70895,R-HSA-71240,R-HSA-9639288	C00123	map01100,map01110,map01210,map01230,map00280,map00290,map00966,map01060,map01065,map00970,map02010,map04150,map04974,map04978,map05230,map05131			0
4-acetamidobutanoate	RM0042346	C6H11NO3	145.0739	Organic acids	Amino acids and peptides	Amino acids	18189	CHEBI:17645	HMDB0003681		C02946	UZTFMUBKZQVKLK-UHFFFAOYSA-N	CC(=O)NCCCC(=O)O	4-Acetamidobutanoic acid			C02946	map01100,map00330	CHEBI:17645,CHEBI:11951	CHEBI:17645,CHEBI:11951	CHEBI:17645,CHEBI:11951	CHEBI:11951,CHEBI:17645	C02946	C02946	C02946	C02946			C02946	map01100,map00330		CHEBI:11951,CHEBI:17645	C02946			C02946	map01100,map00330		CHEBI:11951,CHEBI:17645	C02946			C02946	map01100,map00330	CHEBI:25696,CHEBI:33575	R-HSA-382556,R-HSA-428643,R-HSA-5690338,R-HSA-6809371	4
gamma-CEHC	RM0133221	C15H20O3	248.1412	Benzenoids	Benzopyrans	1-benzopyrans	133098	CHEBI:89379	HMDB0001931			VMJQLPNCUPGMNQ-UHFFFAOYSA-N	Cc1ccc2CCC(C)(CCC(=O)O)Oc2c1C	gamma-CEHC					CHEBI:89379	CHEBI:89379	CHEBI:89379	CHEBI:89379										CHEBI:89379							CHEBI:89379								0
stachydrine	RM0159324	C7H14NO2	144.1025	Organic acids	Amino acids and peptides	Amino acids	7016563	CHEBI:35280	HMDB0240479		C10172	CMUNUTVVOOHQPW-ZCFIWIBFSA-O	C[N+]1(C)CCC[C@@H]1C(=O)O	Stachydrine					CHEBI:35280	CHEBI:35280	CHEBI:35280	CHEBI:35280	C10172	C10172	C10172	C10172					CHEBI:44813,CHEBI:134398	CHEBI:35280,CHEBI:44813,CHEBI:134398	C10172						CHEBI:35280,CHEBI:44813,CHEBI:134398	C10172					CHEBI:33575	R-HSA-6809371	1
1-methylnicotinamide	RM0030166	C7H9N2O	137.0715	Alkaloids	Pyridine alkaloids	Nicotinic acid alkaloids	457	CHEBI:16797	HMDB0000699		C02918	LDHMAVIPBRSVRG-UHFFFAOYSA-O	C[n+]1cccc(c1)C(=O)N	1-Methyl nicotinamide	CHEBI:16797	R-HSA-196807,R-HSA-2162123,R-HSA-2408508,R-HSA-549127	C02918	map01100,map00760,map04976	CHEBI:16797	CHEBI:16797	CHEBI:16797	CHEBI:16797	C02918	C02918	C02918	C02918	CHEBI:16797	R-HSA-196807,R-HSA-2162123,R-HSA-2408508,R-HSA-549127	C02918	map01100,map00760,map04976		CHEBI:16797	C02918	CHEBI:16797	R-HSA-196807,R-HSA-2162123,R-HSA-2408508,R-HSA-549127	C02918	map01100,map00760,map04976	CHEBI:145117	CHEBI:16797,CHEBI:145117	C02918	CHEBI:16797	R-HSA-196807,R-HSA-2162123,R-HSA-2408508,R-HSA-549127	C02918	map01100,map00760,map04976			0
pipecolate	RM0135981	C6H11NO2	129.0790	Organic acids	Amino acids and peptides	Amino acids	439227	CHEBI:30913	HMDB0000716		C00408	HXEACLLIILLPRG-YFKPBYRVSA-N	C1CCN[C@@H](C1)C(=O)O	Pipecolic acid			C00408	map01100,map01110,map01120,map00310,map00960,map01060,map01064	CHEBI:17964,CHEBI:30913,CHEBI:36110	CHEBI:17964,CHEBI:30913,CHEBI:36110	CHEBI:17964,CHEBI:30913,CHEBI:36110	CHEBI:17964,CHEBI:30913,CHEBI:36110	C00408	C00408	C00408	C00408			C00408	map01100,map01110,map01120,map00310,map00960,map01060,map01064	CHEBI:18703,CHEBI:30633,CHEBI:41582,CHEBI:61185	CHEBI:17964,CHEBI:18703,CHEBI:30633,CHEBI:30913,CHEBI:36110,CHEBI:41582,CHEBI:61185	C00408	CHEBI:61185	R-HSA-71064	C00408	map01100,map01110,map01120,map00310,map00960,map01060,map01064		CHEBI:17964,CHEBI:18703,CHEBI:30633,CHEBI:30913,CHEBI:36110,CHEBI:41582,CHEBI:61185	C00408	CHEBI:61185	R-HSA-71064	C00408	map01100,map01110,map01120,map00310,map00960,map01060,map01064			0
1-linoleoyl-GPE (18:2)	RM0134460	C23H44NO7P	477.2855	Glycerophospholipids	Glycerophosphoethanolamines	LPE								LPE 18:2/0:0					CHEBI:83058	CHEBI:131744,CHEBI:83058	CHEBI:131744,CHEBI:83058	CHEBI:83058,CHEBI:131744									CHEBI:133732	CHEBI:83058,CHEBI:131744,CHEBI:133732							CHEBI:83058,CHEBI:131744,CHEBI:133732						CHEBI:29017	R-HSA-1482798,R-HSA-1482839,R-HSA-1483152	3
gamma-glutamylglutamine	RM0013281	C10H17N3O6	275.1117	Organic acids	Amino acids and peptides	Dipeptides	150914	CHEBI:73707	HMDB0011738		C05283	JBFYFLXEJFQWMU-WDSKDSINSA-N	C(CC(=O)N[C@@H](CCC(=O)N)C(=O)O)[C@@H](C(=O)O)N	gamma-Glutamylglutamine								CHEBI:73707	C05283	C05283	C05283	C05283					CHEBI:133625	CHEBI:73707,CHEBI:133625	C05283						CHEBI:73707,CHEBI:133625	C05283					CHEBI:46761	R-HSA-427975	1
glycine	RM0135888	C2H5NO2	75.0320	Organic acids	Amino acids and peptides	Amino acids	750	CHEBI:15428	HMDB0000123		C00037	DHMQDGOQFOQNFH-UHFFFAOYSA-N	C(C(=O)O)N	Glycine			C00037	map01100,map01110,map01120,map01200,map01230,map01240,map00630,map00680,map00120,map00230,map00260,map00310,map00440,map00460,map00470,map00480,map00730,map00785,map00670,map00860,map01060,map00970,map02010,map04080,map04082,map02026,map04974,map04978,map04721,map05230,map01502	CHEBI:15428,CHEBI:15428,CHEBI:15428,CHEBI:29947,CHEBI:57305	CHEBI:15428,CHEBI:15428,CHEBI:15428,CHEBI:29947,CHEBI:57305	CHEBI:15428,CHEBI:15428,CHEBI:15428,CHEBI:29947,CHEBI:57305	CHEBI:15428,CHEBI:29947,CHEBI:57305	C00037	C00037	C00037	C00037	CHEBI:57305	R-HSA-112314,R-HSA-159418,R-HSA-174403,R-HSA-177128,R-HSA-177135,R-HSA-189451,R-HSA-193368,R-HSA-196757,R-HSA-2142691,R-HSA-2408508,R-HSA-352230,R-HSA-379716,R-HSA-379726,R-HSA-389661,R-HSA-3928662,R-HSA-3928662,R-HSA-428559,R-HSA-438066,R-HSA-438066,R-HSA-442660,R-HSA-442982,R-HSA-5423646,R-HSA-5579006,R-HSA-5619041,R-HSA-5619044,R-HSA-5619089,R-HSA-5619094,R-HSA-5659735,R-HSA-5673001,R-HSA-6783984,R-HSA-6798163,R-HSA-71262,R-HSA-71288,R-HSA-73817,R-HSA-8849932,R-HSA-8955332,R-HSA-9026762,R-HSA-9026766,R-HSA-9617324,R-HSA-9620244,R-HSA-9664535,R-HSA-9749641,R-HSA-9753281	C00037	map01100,map01110,map01120,map01200,map01230,map01240,map00630,map00680,map00120,map00230,map00260,map00310,map00440,map00460,map00470,map00480,map00730,map00785,map00670,map00860,map01060,map00970,map02010,map04080,map04082,map02026,map04974,map04978,map04721,map05230,map01502	CHEBI:32507,CHEBI:32508	CHEBI:15428,CHEBI:29947,CHEBI:32507,CHEBI:32508,CHEBI:57305	C00037	CHEBI:57305	R-HSA-112314,R-HSA-159418,R-HSA-174403,R-HSA-177128,R-HSA-177135,R-HSA-189451,R-HSA-193368,R-HSA-196757,R-HSA-2142691,R-HSA-2408508,R-HSA-352230,R-HSA-379716,R-HSA-379726,R-HSA-389661,R-HSA-3928662,R-HSA-3928662,R-HSA-428559,R-HSA-438066,R-HSA-438066,R-HSA-442660,R-HSA-442982,R-HSA-5423646,R-HSA-5579006,R-HSA-5619041,R-HSA-5619044,R-HSA-5619089,R-HSA-5619094,R-HSA-5659735,R-HSA-5673001,R-HSA-6783984,R-HSA-6798163,R-HSA-71262,R-HSA-71288,R-HSA-73817,R-HSA-8849932,R-HSA-8955332,R-HSA-9026762,R-HSA-9026766,R-HSA-9617324,R-HSA-9620244,R-HSA-9664535,R-HSA-9749641,R-HSA-9753281	C00037	map01100,map01110,map01120,map01200,map01230,map01240,map00630,map00680,map00120,map00230,map00260,map00310,map00440,map00460,map00470,map00480,map00730,map00785,map00670,map00860,map01060,map00970,map02010,map04080,map04082,map02026,map04974,map04978,map04721,map05230,map01502	CHEBI:132194,CHEBI:191950	CHEBI:15428,CHEBI:29947,CHEBI:32507,CHEBI:32508,CHEBI:57305,CHEBI:132194,CHEBI:191950	C00037	CHEBI:57305	R-HSA-112314,R-HSA-159418,R-HSA-174403,R-HSA-177128,R-HSA-177135,R-HSA-189451,R-HSA-193368,R-HSA-196757,R-HSA-2142691,R-HSA-2408508,R-HSA-352230,R-HSA-379716,R-HSA-379726,R-HSA-389661,R-HSA-3928662,R-HSA-3928662,R-HSA-428559,R-HSA-438066,R-HSA-438066,R-HSA-442660,R-HSA-442982,R-HSA-5423646,R-HSA-5579006,R-HSA-5619041,R-HSA-5619044,R-HSA-5619089,R-HSA-5619094,R-HSA-5659735,R-HSA-5673001,R-HSA-6783984,R-HSA-6798163,R-HSA-71262,R-HSA-71288,R-HSA-73817,R-HSA-8849932,R-HSA-8955332,R-HSA-9026762,R-HSA-9026766,R-HSA-9617324,R-HSA-9620244,R-HSA-9664535,R-HSA-9749641,R-HSA-9753281	C00037	map01100,map01110,map01120,map01200,map01230,map01240,map00630,map00680,map00120,map00230,map00260,map00310,map00440,map00460,map00470,map00480,map00730,map00785,map00670,map00860,map01060,map00970,map02010,map04080,map04082,map02026,map04974,map04978,map04721,map05230,map01502			0
oxindolylalanine	RM0158912	C11H12N2O3	220.0848	Organic acids	Amino acids and peptides	Amino acids	13393248	CHEBI:195382				SFJCKRJKEWLPTL-MQWKRIRWSA-N	c1ccc2c(c1)C(C[C@@H](C(=O)O)N)C(=O)N2	Oxyindolylalanine					CHEBI:195382	CHEBI:195382	CHEBI:195382	CHEBI:195382										CHEBI:195382							CHEBI:195382						CHEBI:33575	R-HSA-6809371	1
1-arachidonoyl-GPI (20:4)	RM0134410	C29H49O12P	620.2962	Glycerophospholipids	Glycerophosphoinositols	LPI								LPI 20:4/0:0					CHEBI:133065	CHEBI:133065	CHEBI:133065	CHEBI:133065									CHEBI:83053	CHEBI:83053,CHEBI:133065							CHEBI:83053,CHEBI:133065						CHEBI:62643	R-HSA-1461957,R-HSA-1462054,R-HSA-6803157	3
homocitrulline	RM0138931	C7H15N3O3	189.1113	Organic acids	Amino acids and peptides	Amino acids	65072	CHEBI:17443	HMDB0000679		C02427	XIGSAGMEBXLVJJ-YFKPBYRVSA-N	C(CCNC(=O)N)C[C@@H](C(=O)O)N	Homocitrulline					CHEBI:58148	CHEBI:58148	CHEBI:58148	CHEBI:17443,CHEBI:58148	C02427	C02427	C02427	C02427						CHEBI:17443,CHEBI:58148	C02427						CHEBI:17443,CHEBI:58148	C02427					CHEBI:33575	R-HSA-6809371	1
N-acetylalliin	RM0002272	C8H13NO4S	219.0565	Organic acids	Amino acids and peptides	Amino acids	122164824	CHEBI:133430	HMDB0242184			CCCNUHFRBBIFHO-WJWGPLDTSA-N	C=CC[S@](=O)C[C@@H](C(=O)O)NC(=O)C	N-Acetylalliin					CHEBI:133430	CHEBI:133430	CHEBI:133430	CHEBI:133430									CHEBI:133431	CHEBI:133430,CHEBI:133431							CHEBI:133430,CHEBI:133431						CHEBI:33575	R-HSA-6809371	1
kynurenate	RM0032431	C10H7NO3	189.0426	Alkaloids	Anthranilic acid alkaloids	Acridone alkaloids	3845	CHEBI:18344	HMDB0000715		C01717	HCZHHEIFKROPDY-UHFFFAOYSA-N	c1ccc2c(c1)c(cc(C(=O)O)n2)O	Kynurenic acid			C01717	map01100,map00380	CHEBI:18344,CHEBI:18344,CHEBI:58454	CHEBI:18344,CHEBI:18344,CHEBI:58454	CHEBI:18344,CHEBI:18344,CHEBI:58454	CHEBI:18344,CHEBI:58454	C01717	C01717	C01717	C01717	CHEBI:58454	R-HSA-373076,R-HSA-71240,R-HSA-71240	C01717	map01100,map00380		CHEBI:18344,CHEBI:58454	C01717	CHEBI:58454	R-HSA-373076,R-HSA-71240,R-HSA-71240	C01717	map01100,map00380		CHEBI:18344,CHEBI:58454	C01717	CHEBI:58454	R-HSA-373076,R-HSA-71240,R-HSA-71240	C01717	map01100,map00380			0
1-(1-enyl-stearoyl)-2-arachidonoyl-GPE (P-18:0/20:4)	RM0017454	C43H78NO7P	751.5516	Glycerophospholipids	Glycerophosphoethanolamines	O-PE								PE P-18:0/20:4					CHEBI:167289	CHEBI:136212,CHEBI:167289,CHEBI:167289,CHEBI:79207	CHEBI:167289,CHEBI:136212,CHEBI:79207	CHEBI:79207,CHEBI:136212,CHEBI:167289									CHEBI:78342	CHEBI:78342,CHEBI:79207,CHEBI:136212,CHEBI:167289							CHEBI:78342,CHEBI:79207,CHEBI:136212,CHEBI:167289						CHEBI:17476	R-HSA-1482788	1
glyco-beta-muricholate	RM0156612	C26H43NO6	465.3090	Sterol Lipids	Bile acids	C24 bile acids	137333454					ZQYUKJFJPJDMMR-IIWZPVADSA-N	C[C@H](CCC(=O)NCC(=O)O)[C@H]1CC[C@H]2[C@H]3[C@H](CC[C@]12C)[C@@]1(C)CC[C@H](C[C@H]1[C@@H]([C@@H]3O)O)O	Gly-betaMCA																																	0
(S)-a-amino-omega-caprolactam	RM0050653	C6H12N2O	128.0950	Organic acids	Amino acids and peptides	Amino acids	440599	CHEBI:17342				BOWUOGIPSRVRSJ-YFKPBYRVSA-N	C1CCNC(=O)[C@H](C1)N	L-2-aminohexano-6-lactam					CHEBI:17342,CHEBI:58113	CHEBI:17342,CHEBI:58113	CHEBI:17342,CHEBI:58113	CHEBI:17342,CHEBI:58113	C02837	C02837	C02837	C02837					CHEBI:29090,CHEBI:58609	CHEBI:17342,CHEBI:29090,CHEBI:58113,CHEBI:58609	C02837,C05328						CHEBI:17342,CHEBI:29090,CHEBI:58113,CHEBI:58609	C02837,C05328					CHEBI:36916	R-HSA-936837	1
5-oxoproline	RM0135924	C5H7NO3	129.0426	Organic acids	Amino acids and peptides	Amino acids	7405	CHEBI:18183	HMDB0000267		C01879	ODHCTXKNWHHXJC-VKHMYHEASA-N	C1CC(=O)N[C@@H]1C(=O)O	Pyroglutamic acid			C01879	map01100,map00480,map04382	CHEBI:16010,CHEBI:18183,CHEBI:18183,CHEBI:30652,CHEBI:57606	CHEBI:16010,CHEBI:18183,CHEBI:18183,CHEBI:30652,CHEBI:57606	CHEBI:16010,CHEBI:18183,CHEBI:18183,CHEBI:30652,CHEBI:57606	CHEBI:16010,CHEBI:18183,CHEBI:30652,CHEBI:57606	C01879	C01879	C01879	C01879			C01879	map01100,map00480,map04382	CHEBI:16924,CHEBI:57948,CHEBI:58402	CHEBI:16010,CHEBI:16924,CHEBI:18183,CHEBI:30652,CHEBI:57606,CHEBI:57948,CHEBI:58402	C01879,C02237	CHEBI:58402	R-HSA-174403,R-HSA-5578998	C01879,C02237	map01100,map00480,map04382,map01100,map00470		CHEBI:16010,CHEBI:16924,CHEBI:18183,CHEBI:30652,CHEBI:57606,CHEBI:57948,CHEBI:58402	C01879,C02237	CHEBI:58402	R-HSA-174403,R-HSA-5578998	C01879,C02237	map01100,map00480,map04382,map01100,map00470			0
hexanoylglycine	RM0153690	C8H15NO3	173.1052	Fatty Acyls	Fatty amides	N-acyl amines	99463	CHEBI:64390	HMDB0000701			UPCKIPHSXMXJOX-UHFFFAOYSA-N	CCCCCC(=O)NCC(=O)O	NA-Gly 6:0					CHEBI:64390	CHEBI:64390	CHEBI:64390	CHEBI:64390									CHEBI:133580	CHEBI:64390,CHEBI:133580							CHEBI:64390,CHEBI:133580						CHEBI:33575	R-HSA-6809371	1
4-ethylcatechol sulfate	RM0188111	C8H10O5S	218.0249	Benzenoids	Phenols	Catechols								4-Ethylcatechol sulfate					CHEBI:232804	CHEBI:232804	CHEBI:232804	CHEBI:232804										CHEBI:232804							CHEBI:232804								0
N-stearoyltaurine	RM0153953	C20H41NO4S	391.2756	Fatty Acyls	Fatty amides	N-acyl amines	168274	CHEBI:132479	HMDB0240595	LMFA08020078		LMIJIHJZVURGQK-UHFFFAOYSA-N	CCCCCCCCCCCCCCCCCC(=O)NCCS(=O)(=O)O	NA-Taurine 18:0					CHEBI:132479	CHEBI:132479	CHEBI:132479	CHEBI:132479									CHEBI:132047	CHEBI:132047,CHEBI:132479							CHEBI:132047,CHEBI:132479								0
N-acetyl-beta-alanine	RM0131855	C5H9NO3	131.0582	Organic acids	Amino acids and peptides	Amino acids	76406	CHEBI:16682	HMDB0061880		C01073	LJLLAWRMBZNPMO-UHFFFAOYSA-N	CC(=O)NCCC(=O)O	N-Acetyl-beta-alanine			C01073	map00410	CHEBI:16682,CHEBI:16682,CHEBI:57857	CHEBI:16682,CHEBI:16682,CHEBI:57857	CHEBI:16682,CHEBI:16682,CHEBI:57857	CHEBI:16682,CHEBI:57857	C01073	C01073	C01073	C01073			C01073	map00410		CHEBI:16682,CHEBI:57857	C01073			C01073	map00410		CHEBI:16682,CHEBI:57857	C01073			C01073	map00410	CHEBI:25696,CHEBI:33575	R-HSA-382556,R-HSA-428643,R-HSA-5690338,R-HSA-6809371	4
butyrylcarnitine (C4)	RM0153847	C11H21NO4	231.1471	Fatty Acyls	Fatty esters	Acyl carnitines	213144	CHEBI:21949	HMDB0002013	LMFA07070003	C02862	QWYFHHGCZUCMBN-SECBINFHSA-N	CCCC(=O)O[C@H](CC(=O)[O-])C[N+](C)(C)C	CAR 4:0								CHEBI:21949	C02862	C02862	C02862	C02862						CHEBI:21949	C02862					CHEBI:192092	CHEBI:21949,CHEBI:192092	C02862					CHEBI:18059	R-HSA-1222556,R-HSA-1369062,R-HSA-5682294,R-HSA-804914,R-HSA-8941413	5
3-methoxytyramine sulfate	RM0002583	C9H13NO5S	247.0514	Alkaloids	Tyrosine alkaloids	Phenylethylamines	122198221	CHEBI:133709				ORZHQEJEAKXCJA-UHFFFAOYSA-N	COc1cc(ccc1OS(=O)(=O)O)CCN	3-Methoxytyramine sulfate					CHEBI:133708	CHEBI:133708	CHEBI:133708	CHEBI:133708,CHEBI:133709										CHEBI:133708,CHEBI:133709							CHEBI:133708,CHEBI:133709								0
1-stearoyl-GPE (18:0)	RM0134457	C23H48NO7P	481.3168	Glycerophospholipids	Glycerophosphoethanolamines	LPE								LPE 18:0/0:0						CHEBI:83047	CHEBI:83047	CHEBI:83047									CHEBI:75036	CHEBI:75036,CHEBI:83047							CHEBI:75036,CHEBI:83047						CHEBI:29017	R-HSA-1482798,R-HSA-1482839,R-HSA-1483152	3
butyrate (4:0)	RM0153517	C4H8O2	88.0524	Fatty Acyls	Fatty acids	Saturated FA	264	CHEBI:30772	HMDB0000039	LMFA01010004	C00246	FERIUCNNQQJTOY-UHFFFAOYSA-N	CCCC(=O)O	Butyric acid			C00246	map01100,map00650,map04973,map04974	CHEBI:30772,CHEBI:30772	CHEBI:30772,CHEBI:30772	CHEBI:30772,CHEBI:30772	CHEBI:30772	C00246	C00246	C00246	C00246			C00246	map01100,map00650,map04973,map04974	CHEBI:17968	CHEBI:17968,CHEBI:30772	C00246	CHEBI:17968	R-HSA-156584,R-HSA-196807,R-HSA-381753,R-HSA-381753,R-HSA-416476,R-HSA-428643,R-HSA-444209,R-HSA-77352	C00246	map01100,map00650,map04973,map04974		CHEBI:17968,CHEBI:30772	C00246	CHEBI:17968	R-HSA-156584,R-HSA-196807,R-HSA-381753,R-HSA-381753,R-HSA-416476,R-HSA-428643,R-HSA-444209,R-HSA-77352	C00246	map01100,map00650,map04973,map04974			0
o-cresol sulfate	RM0002581	C7H8O4S	188.0143	Organic acids	Arylsulfates	Phenylsulfates	11615528	CHEBI:133089	HMDB0240655			CYGSXDXRHXMAOV-UHFFFAOYSA-N	Cc1ccccc1OS(=O)(=O)O	o-Cresol sulfate					CHEBI:133089,CHEBI:133090	CHEBI:133089,CHEBI:133090	CHEBI:133089,CHEBI:133090	CHEBI:133089,CHEBI:133090										CHEBI:133089,CHEBI:133090							CHEBI:133089,CHEBI:133090						CHEBI:25696	R-HSA-382556,R-HSA-428643,R-HSA-5690338	3
4-vinylcatechol sulfate	RM0188103	C8H8O5S	216.0092	Benzenoids	Phenols	Catechols								4-Vinylcatechol sulfate					CHEBI:232807	CHEBI:232807	CHEBI:232807	CHEBI:232807										CHEBI:232807							CHEBI:232807								0
2-hydroxypalmitate	RM0152584	C16H32O3	272.2351	Fatty Acyls	Fatty acids	Hydroxy FA	92836	CHEBI:65101	HMDB0031057	LMFA01050047		JGHSBPIZNUXPLA-UHFFFAOYSA-N	CCCCCCCCCCCCCCC(C(=O)O)O	2-Hydroxypalmitic acid					CHEBI:65101,CHEBI:65097	CHEBI:65101,CHEBI:65097	CHEBI:65101,CHEBI:65097	CHEBI:65097,CHEBI:65101					CHEBI:65097	R-HSA-390918				CHEBI:65097,CHEBI:65101		CHEBI:65097	R-HSA-390918			CHEBI:75927,CHEBI:75928,CHEBI:75972,CHEBI:75977	CHEBI:65097,CHEBI:65101,CHEBI:75927,CHEBI:75928,CHEBI:75972,CHEBI:75977		CHEBI:65097	R-HSA-390918					0
1-palmitoyl-2-(hydroxylinoleoyl)-GPC (16:0/18:2(OH))	RM0169247	C42H80NO9P	773.5571	Glycerophospholipids	Glycerophosphocholines	Ox-PC								PC 16:0/18:2;O					CHEBI:234371	CHEBI:234371	CHEBI:234371	CHEBI:234371										CHEBI:234371							CHEBI:234371						CHEBI:57643	R-HSA-111995,R-HSA-1369062,R-HSA-1482788,R-HSA-1482798,R-HSA-1482839,R-HSA-1483101,R-HSA-1483148,R-HSA-1483166,R-HSA-1483191,R-HSA-1483196,R-HSA-1660661,R-HSA-2029485,R-HSA-2142753,R-HSA-382556,R-HSA-5678771,R-HSA-5683678,R-HSA-5683826,R-HSA-5688399,R-HSA-6811436,R-HSA-8964058,R-HSA-9680350	21
5alpha-androstan-3alpha,17alpha-diol monosulfate	-	-	-	-	-	-	-		-	-		-	-	-					CHEBI:233348	CHEBI:233348	CHEBI:233348	CHEBI:233348										CHEBI:233348							CHEBI:233348						CHEBI:35341	R-HSA-196071	1
oleoyl-oleoyl-glycerol (18:1/18:1)	RM0033995	C39H72O5	620.5380	Glycerolipids	Diradylglycerols	DAG								DG 18:1_18:1					CHEBI:167238	CHEBI:167238,CHEBI:167238	CHEBI:167238	CHEBI:167238										CHEBI:167238							CHEBI:167238						CHEBI:18035	R-HSA-112043,R-HSA-1250196,R-HSA-192456,R-HSA-202424,R-HSA-202433,R-HSA-2029485,R-HSA-2871809,R-HSA-2871837,R-HSA-418890,R-HSA-5218921,R-HSA-5607764,R-HSA-6809371,R-HSA-8963889,R-HSA-8963901,R-HSA-8964058,R-HSA-9027277,R-HSA-9648002,R-HSA-9664323,R-HSA-9680350,R-HSA-975634	20
3-methyl-2-oxovalerate	RM0118344	C6H10O3	130.0630	Organic acids	Keto acids	Short-chain keto acids	47	CHEBI:35932	HMDB0000491		C06008	JVQYSWDUAOAHFM-UHFFFAOYSA-N	CCC(C)C(=O)C(=O)O	3-Methyl-2-oxovaleric acid					CHEBI:35932,CHEBI:28654,CHEBI:28654	CHEBI:35932,CHEBI:28654,CHEBI:28654	CHEBI:35932,CHEBI:28654	CHEBI:28654,CHEBI:35932	C03465,C06008	C03465,C06008	C03465,C06008	C03465,C06008						CHEBI:28654,CHEBI:35932	C03465,C06008					CHEBI:15614,CHEBI:28379,CHEBI:35146,CHEBI:228255	CHEBI:15614,CHEBI:28379,CHEBI:28654,CHEBI:35146,CHEBI:35932,CHEBI:228255	C00671,C03465,C06008	CHEBI:35146	R-HSA-70895,R-HSA-9859138,R-HSA-9865125	C00671	map01100,map01110,map01210,map01230,map00280,map00290,map00785,map00966			0
guaiacol sulfate	RM0002544	C7H8O5S	204.0092	Organic acids	Arylsulfates	Phenylsulfates	22473	CHEBI:133460	HMDB0060013			AQTYXAPIHMXAAV-UHFFFAOYSA-N	COc1ccccc1OS(=O)(=O)O	Guaiacol sulfate					CHEBI:133460	CHEBI:133460	CHEBI:133460	CHEBI:133460									CHEBI:133463	CHEBI:133460,CHEBI:133463							CHEBI:133460,CHEBI:133463								0
1-docosahexaenoyl-GPE (22:6)	RM0134464	C27H44NO7P	525.2855	Glycerophospholipids	Glycerophosphoethanolamines	LPE								LPE 22:6/0:0					CHEBI:143228,CHEBI:133432	CHEBI:143228,CHEBI:143228,CHEBI:133432	CHEBI:143228,CHEBI:133432	CHEBI:133432,CHEBI:143228										CHEBI:133432,CHEBI:143228							CHEBI:133432,CHEBI:143228						CHEBI:36314	R-HSA-1482788	1
1-palmitoyl-2-oleoyl-GPC (16:0/18:1)	RM0015001	C42H82NO8P	759.5778	Glycerophospholipids	Glycerophosphocholines	PC								PC 16:0/18:1					CHEBI:73001	CHEBI:134594,CHEBI:89013,CHEBI:89014,CHEBI:73001,CHEBI:89999	CHEBI:134594,CHEBI:89013,CHEBI:89014,CHEBI:73001,CHEBI:89999	CHEBI:73001,CHEBI:89013,CHEBI:89014,CHEBI:89999,CHEBI:134594	C13875	C13875	C13875	C13875						CHEBI:73001,CHEBI:89013,CHEBI:89014,CHEBI:89999,CHEBI:134594	C13875						CHEBI:73001,CHEBI:89013,CHEBI:89014,CHEBI:89999,CHEBI:134594	C13875					CHEBI:36313,CHEBI:57643	R-HSA-111995,R-HSA-1369062,R-HSA-1482788,R-HSA-1482798,R-HSA-1482839,R-HSA-1483101,R-HSA-1483148,R-HSA-1483166,R-HSA-1483191,R-HSA-1483196,R-HSA-1660661,R-HSA-2029485,R-HSA-2142753,R-HSA-382556,R-HSA-5678771,R-HSA-5683678,R-HSA-5683826,R-HSA-5688399,R-HSA-6811436,R-HSA-8964058,R-HSA-9680350	21
S-allylcysteine	RM0048044	C6H11NO2S	161.0511	Organic acids	Amino acids and peptides	Amino acids	98280	CHEBI:74077	HMDB0034323		C16759	ZFAHNWWNDFHPOH-UHFFFAOYSA-N	C=CCSCC(C(=O)O)N	S-Allylcysteine					CHEBI:74077	CHEBI:74077	CHEBI:74077	CHEBI:74077	C16759	C16759	C16759	C16759					CHEBI:133648	CHEBI:74077,CHEBI:133648	C16759						CHEBI:74077,CHEBI:133648	C16759					CHEBI:33575	R-HSA-6809371	1
1-stearoyl-2-docosahexaenoyl-GPC (18:0/22:6)	RM0104181	C48H84NO8P	833.5935	Glycerophospholipids	Glycerophosphocholines	PC								PC 18:0/22:6					CHEBI:84829	CHEBI:136070,CHEBI:84829,CHEBI:84830	CHEBI:136070,CHEBI:84829,CHEBI:84830	CHEBI:84829,CHEBI:84830,CHEBI:136070										CHEBI:84829,CHEBI:84830,CHEBI:136070							CHEBI:84829,CHEBI:84830,CHEBI:136070						CHEBI:57643	R-HSA-111995,R-HSA-1369062,R-HSA-1482788,R-HSA-1482798,R-HSA-1482839,R-HSA-1483101,R-HSA-1483148,R-HSA-1483166,R-HSA-1483191,R-HSA-1483196,R-HSA-1660661,R-HSA-2029485,R-HSA-2142753,R-HSA-382556,R-HSA-5678771,R-HSA-5683678,R-HSA-5683826,R-HSA-5688399,R-HSA-6811436,R-HSA-8964058,R-HSA-9680350	21
glutamine_degradant	-	-	-	-	-	-	-		-	-		-	-	-																																	0
lactosyl-N-nervonoyl-sphingosine (d18:1/24:1)	RM0138725	C54H101NO13	971.7273	Sphingolipids	Glycosphingolipids	Hex2Cer								LacCer 18:1;O2/24:1																																	0
arachidonoylcholine	RM0112983	C25H44NO2	390.3372	Organic nitrogen compounds	Cholines	Acyl cholines	122198216	CHEBI:133694	HMDB0240583			NJSSWIYQGNCVTH-SNPVRQPZSA-N	CCCCC/C=C\C/C=C\C/C=C\C/C=C\CCCC(=O)OCC[N+](C)(C)C	Arachidonoylcholine					CHEBI:133694	CHEBI:133694	CHEBI:133694	CHEBI:133694										CHEBI:133694							CHEBI:133694						CHEBI:36916	R-HSA-936837	1
retinal	RM0042985	C20H28O	284.2140	Prenol Lipids	Isoprenoids	Retinoids	638015	CHEBI:17898	HMDB0001358	LMPR01090002	C00376	NCYCYZXNIZJOKI-OVSJKPMPSA-N	C/C(=C\C=C\C(=C\C=O)\C)/C=C/C1=C(C)CCCC1(C)C	Retinal	CHEBI:17898	R-HSA-2187335,R-HSA-2453902,R-HSA-2453902,R-HSA-2466712,R-HSA-2514859,R-HSA-382556,R-HSA-5365859,R-HSA-975634,R-HSA-9918440	C00376	map01100,map01240,map00830,map04977,map04744	CHEBI:15035,CHEBI:17898,CHEBI:45487	CHEBI:15035,CHEBI:17898,CHEBI:45487	CHEBI:15035,CHEBI:17898,CHEBI:45487	CHEBI:15035,CHEBI:17898,CHEBI:45487	C00376	C00376	C00376	C00376	CHEBI:17898	R-HSA-2187335,R-HSA-2453902,R-HSA-2453902,R-HSA-2466712,R-HSA-2514859,R-HSA-382556,R-HSA-5365859,R-HSA-975634,R-HSA-9918440	C00376	map01100,map01240,map00830,map04977,map04744		CHEBI:15035,CHEBI:17898,CHEBI:45487	C00376	CHEBI:17898	R-HSA-2187335,R-HSA-2453902,R-HSA-2453902,R-HSA-2466712,R-HSA-2514859,R-HSA-382556,R-HSA-5365859,R-HSA-975634,R-HSA-9918440	C00376	map01100,map01240,map00830,map04977,map04744	CHEBI:16066,CHEBI:78273	CHEBI:15035,CHEBI:16066,CHEBI:17898,CHEBI:45487,CHEBI:78273	C00376,C02110,C16681	CHEBI:16066,CHEBI:17898,CHEBI:78273	R-HSA-2187335,R-HSA-2453902,R-HSA-5365859,R-HSA-9918436,R-HSA-9918443,R-HSA-9918450,R-HSA-2187335,R-HSA-2453902,R-HSA-2453902,R-HSA-2466712,R-HSA-2514859,R-HSA-382556,R-HSA-5365859,R-HSA-975634,R-HSA-9918440,R-HSA-5365859	C00376,C02110,C16681	map01100,map01240,map00830,map04977,map04744,map01100,map00830,map04744,map01100,map00830			0
GlcNAc sulfate conjugate of C21H34O2 steroid	-	-	-	-	-	-	-		-	-		-	-	-																																	0
tetrahydrocortisol glucuronide	-	-	-	-	-	-	-		-	-		-	-	-					CHEBI:233732	CHEBI:233732	CHEBI:233732	CHEBI:233732										CHEBI:233732							CHEBI:233732						CHEBI:35341	R-HSA-196071	1
tartronate (hydroxymalonate)	RM0152557	C3H4O5	120.0059	Fatty Acyls	Fatty acids	Dicarboxylic acids	45	CHEBI:16513	HMDB0035227		C02287	ROBFUDYVXSDBQM-UHFFFAOYSA-N	C(C(=O)O)(C(=O)O)O	Hydroxypropanedioic acid					CHEBI:16513	CHEBI:16513	CHEBI:16513	CHEBI:16513	C02287	C02287	C02287	C02287					CHEBI:17649,CHEBI:30844	CHEBI:16513,CHEBI:17649,CHEBI:30844	C02287						CHEBI:16513,CHEBI:17649,CHEBI:30844	C02287					CHEBI:18059,CHEBI:33575	R-HSA-1222556,R-HSA-1369062,R-HSA-5682294,R-HSA-6809371,R-HSA-804914,R-HSA-8941413	6
deoxycholic acid glucuronide	-	-	-	-	-	-	-		-	-		-	-	-					CHEBI:233495	CHEBI:233495	CHEBI:233495	CHEBI:233495										CHEBI:233495							CHEBI:233495						CHEBI:35341	R-HSA-196071	1
ethyl glucuronide	RM0050129	C8H14O7	222.0740	Carbohydrates	Monosaccharides	Sugar acids	18392195	CHEBI:87248	HMDB0010325			IWJBVMJWSPZNJH-UQGZVRACSA-N	CCO[C@H]1[C@@H]([C@H]([C@@H]([C@@H](C(=O)O)O1)O)O)O	Ethyl glucuronide					CHEBI:87248	CHEBI:87248	CHEBI:87248	CHEBI:87248										CHEBI:87248							CHEBI:87248								0
erucate (22:1n9)	RM0153624	C22H42O2	338.3185	Fatty Acyls	Fatty acids	Unsaturated FA	5281116	CHEBI:28792	HMDB0002068	LMFA01030089	C08316	DPUOLQHDNGRHBS-KTKRTIGZSA-N	CCCCCCCC/C=C\CCCCCCCCCCCC(=O)O	cis-Erucic acid			C08316	map01040				CHEBI:28792	C08316	C08316	C08316	C08316			C08316	map01040	CHEBI:32393	CHEBI:28792,CHEBI:32393	C08316			C08316	map01040		CHEBI:28792,CHEBI:32393	C08316			C08316	map01040	CHEBI:15904	R-HSA-1369062,R-HSA-192456,R-HSA-3000471,R-HSA-390247,R-HSA-5684045,R-HSA-77289,R-HSA-8963901,R-HSA-8964058,R-HSA-975634	9
N-acetyl-2-aminoadipate	RM0157205	C8H13NO5	203.0794	Organic acids	Amino acids and peptides	Amino acids	443992	CHEBI:31885	HMDB0062715			FTTGAAZKBNZDCZ-LURJTMIESA-N	CC(=O)N[C@@H](CCCC(=O)O)C(=O)O	N-Acetyl-2-aminoadipic acid								CHEBI:31885	C12986	C12986	C12986	C12986					CHEBI:61509	CHEBI:31885,CHEBI:61509	C12986						CHEBI:31885,CHEBI:61509	C12986					CHEBI:33575	R-HSA-6809371	1
phenol sulfate	RM0022792	C6H6O4S	173.9987	Benzenoids	Benzenes	Hydroxybenzoic acids	74426	CHEBI:27905	HMDB0060015		C00850	CTYRPMDGLDAWRQ-UHFFFAOYSA-N	c1ccc(cc1)OS(=O)(=O)O	Phenyl hydrogen sulfate	CHEBI:27905	R-HSA-156584			CHEBI:27905	CHEBI:27905	CHEBI:27905	CHEBI:27905	C00850,C02180	C00850,C02180	C00850,C02180	C00850,C02180	CHEBI:27905	R-HSA-156584			CHEBI:85289	CHEBI:27905,CHEBI:85289	C00850,C02180	CHEBI:27905	R-HSA-156584				CHEBI:27905,CHEBI:85289	C00850,C02180	CHEBI:27905	R-HSA-156584					0
alanine	RM0135898	C3H7NO2	89.0477	Organic acids	Amino acids and peptides	Amino acids	5950	CHEBI:16977	HMDB0000161		C00041	QNAYBMKLOCPYGJ-REOHCLBHSA-N	C[C@@H](C(=O)O)N	Alanine			C00041	map01100,map01110,map01120,map01200,map01210,map01230,map00710,map00250,map00270,map00430,map00450,map00470,map00997,map01060,map00970,map04122,map02010,map04974,map04978,map05230,map01502	CHEBI:16449,CHEBI:16449,CHEBI:16977,CHEBI:46217	CHEBI:16449,CHEBI:16449,CHEBI:16977,CHEBI:46217	CHEBI:16449,CHEBI:16449,CHEBI:16977,CHEBI:46217	CHEBI:16449,CHEBI:16977,CHEBI:46217	C00041,C01401	C00041,C01401	C00041,C01401	C00041,C01401			C00041,C01401	map01100,map01110,map01120,map01200,map01210,map01230,map00710,map00250,map00270,map00430,map00450,map00470,map00997,map01060,map00970,map04122,map02010,map04974,map04978,map05230,map01502,map01100,map00460	CHEBI:15570,CHEBI:29949,CHEBI:32431,CHEBI:32432,CHEBI:32435,CHEBI:32436,CHEBI:32439,CHEBI:32440,CHEBI:57416,CHEBI:57972,CHEBI:66916	CHEBI:15570,CHEBI:16449,CHEBI:16977,CHEBI:29949,CHEBI:32431,CHEBI:32432,CHEBI:32435,CHEBI:32436,CHEBI:32439,CHEBI:32440,CHEBI:46217,CHEBI:57416,CHEBI:57972,CHEBI:66916	C00041,C00133,C01401	CHEBI:15570,CHEBI:57972	R-HSA-352230,R-HSA-1362409,R-HSA-209968,R-HSA-2408508,R-HSA-352230,R-HSA-379716,R-HSA-379726,R-HSA-389661,R-HSA-428559,R-HSA-442660,R-HSA-5619044,R-HSA-5619094,R-HSA-5659735,R-HSA-70268,R-HSA-71240,R-HSA-73621,R-HSA-8964208,R-HSA-8964539,R-HSA-8964540,R-HSA-947581	C00041,C00133,C01401	map01100,map01110,map01120,map01200,map01210,map01230,map00710,map00250,map00270,map00430,map00450,map00470,map00997,map01060,map00970,map04122,map02010,map04974,map04978,map05230,map01502,map01100,map00470,map00550,map00552,map04742,map01502,map01503,map01100,map00460	CHEBI:76050,CHEBI:132498,CHEBI:143534	CHEBI:15570,CHEBI:16449,CHEBI:16977,CHEBI:29949,CHEBI:32431,CHEBI:32432,CHEBI:32435,CHEBI:32436,CHEBI:32439,CHEBI:32440,CHEBI:46217,CHEBI:57416,CHEBI:57972,CHEBI:66916,CHEBI:76050,CHEBI:132498,CHEBI:143534	C00041,C00133,C01401	CHEBI:15570,CHEBI:57972	R-HSA-352230,R-HSA-1362409,R-HSA-209968,R-HSA-2408508,R-HSA-352230,R-HSA-379716,R-HSA-379726,R-HSA-389661,R-HSA-428559,R-HSA-442660,R-HSA-5619044,R-HSA-5619094,R-HSA-5659735,R-HSA-70268,R-HSA-71240,R-HSA-73621,R-HSA-8964208,R-HSA-8964539,R-HSA-8964540,R-HSA-947581	C00041,C00133,C01401	map01100,map01110,map01120,map01200,map01210,map01230,map00710,map00250,map00270,map00430,map00450,map00470,map00997,map01060,map00970,map04122,map02010,map04974,map04978,map05230,map01502,map01100,map00470,map00550,map00552,map04742,map01502,map01503,map01100,map00460			0
gamma-glutamylisoleucine	RM0131708	C11H20N2O5	260.1372	Organic acids	Amino acids and peptides	Dipeptides	22885096	CHEBI:68434	HMDB0011170			SNCKGJWJABDZHI-ZKWXMUAHSA-N	CC[C@H](C)[C@@H](C(=O)O)NC(=O)CC[C@@H](C(=O)O)N	gamma-Glutamylisoleucine								CHEBI:68434									CHEBI:133724	CHEBI:68434,CHEBI:133724							CHEBI:68434,CHEBI:133724						CHEBI:46761	R-HSA-427975	1
indolelactate	RM0044363	C11H11NO3	205.0739	Alkaloids	Tryptophan alkaloids	Indolecarboxylic acids	676158	CHEBI:55528	HMDB0000671			XGILAAMKEQUXLS-SNVBAGLBSA-N	c1ccc2c(c1)c(C[C@H](C(=O)O)O)c[nH]2	Indolelactic acid	CHEBI:55528	R-HSA-71240			CHEBI:17282	CHEBI:17282	CHEBI:17282	CHEBI:17282,CHEBI:55528	C02043	C02043	C02043	C02043	CHEBI:55528	R-HSA-71240			CHEBI:24813,CHEBI:55529	CHEBI:17282,CHEBI:24813,CHEBI:55528,CHEBI:55529	C02043	CHEBI:55528	R-HSA-71240				CHEBI:17282,CHEBI:24813,CHEBI:55528,CHEBI:55529	C02043	CHEBI:55528	R-HSA-71240					0
11beta-hydroxyandrosterone glucuronide	-	-	-	-	-	-	-		-	-		-	-	-																																	0
7-methylguanine	RM0156417	C6H7N5O	165.0651	Nucleic acids	Purines	Hypoxanthines	135398679	CHEBI:28664	HMDB0000897		C02242	FZWGECJQACGGTI-UHFFFAOYSA-N	Cn1cnc2c1c(=O)[nH]c(N)n2	7-Methylguanine					CHEBI:2274,CHEBI:2274,CHEBI:28664	CHEBI:2274,CHEBI:2274,CHEBI:28664	CHEBI:2274,CHEBI:2274,CHEBI:28664	CHEBI:2274,CHEBI:28664	C02242	C02242	C02242	C02242	CHEBI:2274	R-HSA-191859,R-HSA-9754678			CHEBI:46894,CHEBI:46897	CHEBI:2274,CHEBI:28664,CHEBI:46894,CHEBI:46897	C02242	CHEBI:2274	R-HSA-191859,R-HSA-9754678				CHEBI:2274,CHEBI:28664,CHEBI:46894,CHEBI:46897	C02242	CHEBI:2274	R-HSA-191859,R-HSA-9754678					0
hydroxyasparagine	RM0022023	C4H8N2O4	148.0484	Organic acids	Amino acids and peptides	Amino acids	18645657	CHEBI:165864				KGWIPRBCZYRDNO-REOHCLBHSA-N	C([C@@H](C(=O)O)NO)C(=O)N	Hydroxyasparagine					CHEBI:165864	CHEBI:165864	CHEBI:165864	CHEBI:165864										CHEBI:165864							CHEBI:165864								0
3-bromo-5-chloro-2,6-dihydroxybenzoic acid	RM0158903	C7H4BrClO4	265.8981	Benzenoids	Benzenes	Benzoic acids	134581543		HMDB0242162			AJSVSHDVMDXRFN-UHFFFAOYSA-N	c1c(c(c(c(c1Cl)O)C(=O)O)O)Br	3-Bromo-5-chloro-2,6-dihydroxybenzoic acid					CHEBI:233864	CHEBI:233864,CHEBI:233864	CHEBI:233864	CHEBI:233864										CHEBI:233864							CHEBI:233864						CHEBI:33575	R-HSA-6809371	1
3-aminoisobutyrate	RM0153208	C4H9NO2	103.0633	Fatty Acyls	Fatty acids	Amino FA	64956	CHEBI:142590	HMDB0003911	LMFA01100054	C05145	QCHPKSFMDHPSNR-UHFFFAOYSA-N	CC(CN)C(=O)O	3-Aminoisobutanoic acid					CHEBI:27389,CHEBI:49096	CHEBI:27389,CHEBI:49096	CHEBI:27389,CHEBI:49096	CHEBI:27389,CHEBI:49096,CHEBI:142590	C05145	C05145	C05145	C05145						CHEBI:27389,CHEBI:49096,CHEBI:142590	C05145					CHEBI:16320,CHEBI:18188,CHEBI:33094,CHEBI:49097,CHEBI:57731,CHEBI:58655	CHEBI:16320,CHEBI:18188,CHEBI:27389,CHEBI:33094,CHEBI:49096,CHEBI:49097,CHEBI:57731,CHEBI:58655,CHEBI:142590	C01205,C03284,C05145	CHEBI:57731	R-HSA-73621,R-HSA-73621	C01205,C03284	map01100,map00240,map00280,map01100,map00280			0
2,3-dihydroxyisovalerate	RM0139481	C5H10O4	134.0579	Fatty Acyls	Fatty acids	Hydroxy FA	677	CHEBI:15689				JTEYKUFKXGDTEU-UHFFFAOYSA-N	CC(C)(C(C(=O)O)O)O	2,3-Dihydroxyisovaleric acid					CHEBI:11424	CHEBI:11424	CHEBI:11424	CHEBI:11424,CHEBI:15689	C04039	C04039	C04039	C04039						CHEBI:11424,CHEBI:15689	C04039					CHEBI:15684,CHEBI:49072	CHEBI:11424,CHEBI:15684,CHEBI:15689,CHEBI:49072	C04039,C04272			C04272	map01100,map01110,map01210,map01230,map00290,map00770	CHEBI:25696,CHEBI:33575	R-HSA-382556,R-HSA-428643,R-HSA-5690338,R-HSA-6809371	4
oleoyl-linoleoyl-glycerol (18:1/18:2)	RM0034254	C39H70O5	618.5223	Glycerolipids	Diradylglycerols	DAG								DG 18:1_18:2																																	0
5alpha-pregnan-3beta,20alpha-diol monosulfate	-	-	-	-	-	-	-		-	-		-	-	-					CHEBI:233433	CHEBI:233433	CHEBI:233433	CHEBI:233433										CHEBI:233433							CHEBI:233433						CHEBI:35341	R-HSA-196071	1
tyramine O-sulfate	RM0136310	C8H11NO4S	217.0409	Alkaloids	Tyrosine alkaloids	Phenylethylamines	153005	CHEBI:133530	HMDB0006409			DYDUXGMDSXJQFT-UHFFFAOYSA-N	c1cc(ccc1CCN)OS(=O)(=O)O	Tyramine-O-sulfate					CHEBI:133530	CHEBI:133530	CHEBI:133530	CHEBI:133530									CHEBI:133531	CHEBI:133530,CHEBI:133531							CHEBI:133530,CHEBI:133531								0
5alpha-androstan-3alpha,17beta-diol monosulfate	-	-	-	-	-	-	-		-	-		-	-	-					CHEBI:133105,CHEBI:133110,CHEBI:233351	CHEBI:133105,CHEBI:133110,CHEBI:233351	CHEBI:133105,CHEBI:133110,CHEBI:233351	CHEBI:133105,CHEBI:133110,CHEBI:233351									CHEBI:133103,CHEBI:133109	CHEBI:133103,CHEBI:133105,CHEBI:133109,CHEBI:133110,CHEBI:233351							CHEBI:133103,CHEBI:133105,CHEBI:133109,CHEBI:133110,CHEBI:233351						CHEBI:35341,CHEBI:59696	R-HSA-196071	1
arginine	RM0135963	C6H14N4O2	174.1117	Organic acids	Amino acids and peptides	Amino acids	6322	CHEBI:16467	HMDB0000517		C00062	ODKSFYDXXFIFQN-BYPYZUCNSA-N	C(C[C@@H](C(=O)O)N)CNC(=N)N	Arginine			C00062	map01100,map01110,map01230,map00220,map00330,map00470,map00261,map00331,map00998,map01060,map01064,map00970,map02010,map04150,map04148,map04974,map05230,map05146,map05142,map05014,map05022	CHEBI:16467,CHEBI:29016,CHEBI:29016,CHEBI:32696	CHEBI:16467,CHEBI:29016,CHEBI:29016,CHEBI:32696	CHEBI:16467,CHEBI:29016,CHEBI:29016,CHEBI:32696	CHEBI:16467,CHEBI:29016,CHEBI:32696	C00062,C02385	C00062,C02385	C00062,C02385	C00062,C02385			C00062	map01100,map01110,map01230,map00220,map00330,map00470,map00261,map00331,map00998,map01060,map01064,map00970,map02010,map04150,map04148,map04974,map05230,map05146,map05142,map05014,map05022	CHEBI:15816,CHEBI:32681,CHEBI:32682,CHEBI:32683,CHEBI:32688,CHEBI:32689,CHEBI:32690,CHEBI:32695,CHEBI:32697	CHEBI:15816,CHEBI:16467,CHEBI:29016,CHEBI:32681,CHEBI:32682,CHEBI:32683,CHEBI:32688,CHEBI:32689,CHEBI:32690,CHEBI:32695,CHEBI:32696,CHEBI:32697	C00062,C00792,C02385	CHEBI:32682	R-HSA-1222556,R-HSA-165159,R-HSA-203615,R-HSA-211945,R-HSA-264876,R-HSA-351143,R-HSA-352230,R-HSA-379716,R-HSA-379726,R-HSA-392154,R-HSA-416476,R-HSA-420499,R-HSA-442660,R-HSA-5218920,R-HSA-5223345,R-HSA-5619094,R-HSA-5619113,R-HSA-5660862,R-HSA-5660883,R-HSA-5676934,R-HSA-70635,R-HSA-71288,R-HSA-9009391,R-HSA-9639288,R-HSA-9955693,R-HSA-9956514	C00062,C00792	map01100,map01110,map01230,map00220,map00330,map00470,map00261,map00331,map00998,map01060,map01064,map00970,map02010,map04150,map04148,map04974,map05230,map05146,map05142,map05014,map05022,map01100,map00470	CHEBI:192075	CHEBI:15816,CHEBI:16467,CHEBI:29016,CHEBI:32681,CHEBI:32682,CHEBI:32683,CHEBI:32688,CHEBI:32689,CHEBI:32690,CHEBI:32695,CHEBI:32696,CHEBI:32697,CHEBI:192075	C00062,C00792,C02385	CHEBI:32682	R-HSA-1222556,R-HSA-165159,R-HSA-203615,R-HSA-211945,R-HSA-264876,R-HSA-351143,R-HSA-352230,R-HSA-379716,R-HSA-379726,R-HSA-392154,R-HSA-416476,R-HSA-420499,R-HSA-442660,R-HSA-5218920,R-HSA-5223345,R-HSA-5619094,R-HSA-5619113,R-HSA-5660862,R-HSA-5660883,R-HSA-5676934,R-HSA-70635,R-HSA-71288,R-HSA-9009391,R-HSA-9639288,R-HSA-9955693,R-HSA-9956514	C00062,C00792	map01100,map01110,map01230,map00220,map00330,map00470,map00261,map00331,map00998,map01060,map01064,map00970,map02010,map04150,map04148,map04974,map05230,map05146,map05142,map05014,map05022,map01100,map00470			0
ergothioneine	RM0132145	C9H15N3O2S	229.0885	Organic acids	Amino acids and peptides	Amino acids	5351619	CHEBI:4828	HMDB0003045		C05570	SSISHJJTAXXQAX-ZETCQYMHSA-N	C[N+](C)(C)[C@@H](Cc1c[nH]c(n1)S)C(=O)[O-]	Ergothioneine			C05570	map01100,map00340	CHEBI:134344,CHEBI:4828,CHEBI:82707	CHEBI:134344,CHEBI:4828,CHEBI:82707	CHEBI:134344,CHEBI:4828,CHEBI:82707	CHEBI:4828,CHEBI:82707,CHEBI:134344	C05570	C05570	C05570	C05570	CHEBI:134344	R-HSA-549127	C05570	map01100,map00340		CHEBI:4828,CHEBI:82707,CHEBI:134344	C05570	CHEBI:134344	R-HSA-549127	C05570	map01100,map00340		CHEBI:4828,CHEBI:82707,CHEBI:134344	C05570	CHEBI:134344	R-HSA-549127	C05570	map01100,map00340			0
trans-4-hydroxyproline	RM0128618	C5H9NO3	131.0582	Organic acids	Amino acids and peptides	Amino acids	5810	CHEBI:18095	HMDB0000725		C01157	PMMYEEVYMWASQN-DMTCNVIQSA-N	C1[C@H](CN[C@@H]1C(=O)O)O	trans-4-Hydroxyproline			C01157	map01100,map00330,map00470,map02010				CHEBI:18095	C01157	C01157	C01157	C01157			C01157	map01100,map00330,map00470,map02010	CHEBI:58375	CHEBI:18095,CHEBI:58375	C01157	CHEBI:58375	R-HSA-352230,R-HSA-389661,R-HSA-442660,R-HSA-70688	C01157	map01100,map00330,map00470,map02010		CHEBI:18095,CHEBI:58375	C01157	CHEBI:58375	R-HSA-352230,R-HSA-389661,R-HSA-442660,R-HSA-70688	C01157	map01100,map00330,map00470,map02010			0
tyrosine	RM0135896	C9H11NO3	181.0739	Organic acids	Amino acids and peptides	Amino acids	6057	CHEBI:17895	HMDB0000158		C00082	OUYCCCASQSFEME-QMMMGPOBSA-N	c1cc(ccc1C[C@@H](C(=O)O)N)O	Tyrosine			C00082	map01100,map01110,map01210,map01230,map01240,map00680,map00350,map00360,map00400,map00460,map00730,map00130,map01059,map01055,map00940,map00950,map00965,map00966,map00261,map00401,map00998,map00999,map00997,map01060,map01063,map00970,map04917,map04916,map04974,map04728,map05230,map05012,map05030,map05031,map05034	CHEBI:17895,CHEBI:17895,CHEBI:18186,CHEBI:18186	CHEBI:17895,CHEBI:17895,CHEBI:18186,CHEBI:18186	CHEBI:17895,CHEBI:17895,CHEBI:18186,CHEBI:18186	CHEBI:17895,CHEBI:18186	C00082,C01536	C00082,C01536	C00082,C01536	C00082,C01536			C00082	map01100,map01110,map01210,map01230,map01240,map00680,map00350,map00360,map00400,map00460,map00730,map00130,map01059,map01055,map00940,map00950,map00965,map00966,map00261,map00401,map00998,map00999,map00997,map01060,map01063,map00970,map04917,map04916,map04974,map04728,map05230,map05012,map05030,map05031,map05034	CHEBI:28479,CHEBI:32760,CHEBI:32761,CHEBI:32762,CHEBI:32773,CHEBI:32774,CHEBI:32775,CHEBI:32784,CHEBI:32785,CHEBI:32786,CHEBI:58315,CHEBI:58570	CHEBI:17895,CHEBI:18186,CHEBI:28479,CHEBI:32760,CHEBI:32761,CHEBI:32762,CHEBI:32773,CHEBI:32774,CHEBI:32775,CHEBI:32784,CHEBI:32785,CHEBI:32786,CHEBI:58315,CHEBI:58570	C00082,C01536,C06420	CHEBI:58315	R-HSA-209905,R-HSA-209968,R-HSA-352230,R-HSA-379716,R-HSA-379726,R-HSA-442660,R-HSA-5619044,R-HSA-5659735,R-HSA-5662702,R-HSA-71240,R-HSA-8955332,R-HSA-8963684,R-HSA-8964208	C00082	map01100,map01110,map01210,map01230,map01240,map00680,map00350,map00360,map00400,map00460,map00730,map00130,map01059,map01055,map00940,map00950,map00965,map00966,map00261,map00401,map00998,map00999,map00997,map01060,map01063,map00970,map04917,map04916,map04974,map04728,map05230,map05012,map05030,map05031,map05034	CHEBI:192085	CHEBI:17895,CHEBI:18186,CHEBI:28479,CHEBI:32760,CHEBI:32761,CHEBI:32762,CHEBI:32773,CHEBI:32774,CHEBI:32775,CHEBI:32784,CHEBI:32785,CHEBI:32786,CHEBI:58315,CHEBI:58570,CHEBI:192085	C00082,C01536,C06420	CHEBI:58315	R-HSA-209905,R-HSA-209968,R-HSA-352230,R-HSA-379716,R-HSA-379726,R-HSA-442660,R-HSA-5619044,R-HSA-5659735,R-HSA-5662702,R-HSA-71240,R-HSA-8955332,R-HSA-8963684,R-HSA-8964208	C00082	map01100,map01110,map01210,map01230,map01240,map00680,map00350,map00360,map00400,map00460,map00730,map00130,map01059,map01055,map00940,map00950,map00965,map00966,map00261,map00401,map00998,map00999,map00997,map01060,map01063,map00970,map04917,map04916,map04974,map04728,map05230,map05012,map05030,map05031,map05034			0
indole-3-carboxylate	RM0040827	C9H7NO2	161.0477	Alkaloids	Tryptophan alkaloids	Indolecarboxylic acids	69867	CHEBI:24809	HMDB0003320		C19837	KMAKOBLIOCQGJP-UHFFFAOYSA-N	c1ccc2c(c1)c(c[nH]2)C(=O)O	Indole-3-carboxylic acid					CHEBI:24809,CHEBI:62448	CHEBI:24809,CHEBI:62448	CHEBI:24809,CHEBI:62448	CHEBI:24809,CHEBI:62448	C19837	C19837	C19837	C19837						CHEBI:24809,CHEBI:62448	C19837						CHEBI:24809,CHEBI:62448	C19837					CHEBI:25696,CHEBI:33575	R-HSA-382556,R-HSA-428643,R-HSA-5690338,R-HSA-6809371	4
methyl glucopyranoside (alpha + beta)	RM0155822	C7H14O6	194.0790	Carbohydrates	Monosaccharides	Hexoses	445238	CHEBI:320055	HMDB0029965			HOVAGTYPODGVJG-XUUWZHRGSA-N	CO[C@H]1[C@@H]([C@H]([C@@H]([C@@H](CO)O1)O)O)O	Methyl glucose								CHEBI:320055										CHEBI:320055							CHEBI:320055								0
3,7-dimethylurate	RM0162671	C7H8N4O3	196.0596	Nucleic acids	Purines	Xanthines	83126	CHEBI:68531	HMDB0001982		C16360	HMLZLHKHNBLLJD-UHFFFAOYSA-N	Cn1c2c([nH]c1=O)n(C)c(=O)[nH]c2=O	3,7-Dimethyluric acid			C16360	map00232	CHEBI:68531	CHEBI:68531	CHEBI:68531	CHEBI:68531	C16360	C16360	C16360	C16360			C16360	map00232		CHEBI:68531	C16360			C16360	map00232		CHEBI:68531	C16360			C16360	map00232			0
1-oleoyl-GPI (18:1)	RM0007337	C27H51O12P	598.3118	Glycerophospholipids	Glycerophosphoinositols	LPI								LPI 18:1/0:0					CHEBI:78762	CHEBI:78762	CHEBI:78762	CHEBI:78762									CHEBI:82753	CHEBI:78762,CHEBI:82753							CHEBI:78762,CHEBI:82753						CHEBI:62643	R-HSA-1461957,R-HSA-1462054,R-HSA-6803157	3
1-palmitoyl-2-linoleoyl-GPC (16:0/18:2)	RM0000650	C42H80NO8P	757.5622	Glycerophospholipids	Glycerophosphocholines	PC								PC 16:0/18:2					CHEBI:73002	CHEBI:84785,CHEBI:73002	CHEBI:84785,CHEBI:73002	CHEBI:73002,CHEBI:84785										CHEBI:73002,CHEBI:84785							CHEBI:73002,CHEBI:84785						CHEBI:57643	R-HSA-111995,R-HSA-1369062,R-HSA-1482788,R-HSA-1482798,R-HSA-1482839,R-HSA-1483101,R-HSA-1483148,R-HSA-1483166,R-HSA-1483191,R-HSA-1483196,R-HSA-1660661,R-HSA-2029485,R-HSA-2142753,R-HSA-382556,R-HSA-5678771,R-HSA-5683678,R-HSA-5683826,R-HSA-5688399,R-HSA-6811436,R-HSA-8964058,R-HSA-9680350	21
gentisate	RM0050559	C7H6O4	154.0266	Benzenoids	Benzenes	Hydroxybenzoic acids	3469	CHEBI:17189	HMDB0000152		C00628	WXTMDXOMEHJXQO-UHFFFAOYSA-N	c1cc(c(cc1O)C(=O)O)O	Gentisic acid	CHEBI:17189	R-HSA-6799990,R-HSA-917937,R-HSA-917937	C00628	map01100,map01120,map00350,map00362,map00626	CHEBI:17189,CHEBI:58044	CHEBI:17189,CHEBI:58044	CHEBI:17189,CHEBI:58044	CHEBI:17189,CHEBI:58044	C00628	C00628	C00628	C00628	CHEBI:17189,CHEBI:58044	R-HSA-6799990,R-HSA-917937,R-HSA-917937,R-HSA-9749641	C00628	map01100,map01120,map00350,map00362,map00626		CHEBI:17189,CHEBI:58044	C00628	CHEBI:17189,CHEBI:58044	R-HSA-6799990,R-HSA-917937,R-HSA-917937,R-HSA-9749641	C00628	map01100,map01120,map00350,map00362,map00626		CHEBI:17189,CHEBI:58044	C00628	CHEBI:17189,CHEBI:58044	R-HSA-6799990,R-HSA-917937,R-HSA-917937,R-HSA-9749641	C00628	map01100,map01120,map00350,map00362,map00626			0
linoleoylcholine	RM0013135	C23H44NO2	366.3372	Organic nitrogen compounds	Cholines	Acyl cholines	53481656	CHEBI:166485	HMDB0013213			FDCFEKFQGUEBOI-UTJQPWESSA-N	CCCCC/C=C\C/C=C\CCCCCCCC(=O)OCC[N+](C)(C)C	alpha-Linoleoylcholine					CHEBI:166485	CHEBI:166485	CHEBI:166485	CHEBI:166485										CHEBI:166485							CHEBI:166485						CHEBI:36916	R-HSA-936837	1
threonine	RM0135900	C4H9NO3	119.0582	Organic acids	Amino acids and peptides	Amino acids	6288	CHEBI:16857	HMDB0000167		C00188	AYFVYJQAPQTCCC-GBXIJSLDSA-N	C[C@H]([C@@H](C(=O)O)N)O	Threonine			C00188	map01100,map01110,map01120,map01230,map00260,map00290,map00470,map00860,map00261,map01060,map00970,map02010,map04974,map04978	CHEBI:16857,CHEBI:26986	CHEBI:16857,CHEBI:26986	CHEBI:16857,CHEBI:26986	CHEBI:16857,CHEBI:26986	C00188	C00188	C00188	C00188			C00188	map01100,map01110,map01120,map01230,map00260,map00290,map00470,map00860,map00261,map01060,map00970,map02010,map04974,map04978	CHEBI:16398,CHEBI:32820,CHEBI:32822,CHEBI:32827,CHEBI:32828,CHEBI:32832,CHEBI:32833,CHEBI:57757,CHEBI:57926	CHEBI:16398,CHEBI:16857,CHEBI:26986,CHEBI:32820,CHEBI:32822,CHEBI:32827,CHEBI:32828,CHEBI:32832,CHEBI:32833,CHEBI:57757,CHEBI:57926	C00188,C00820	CHEBI:57926	R-HSA-352230,R-HSA-379716,R-HSA-379726,R-HSA-442660,R-HSA-6787450,R-HSA-8849175	C00188,C00820	map01100,map01110,map01120,map01230,map00260,map00290,map00470,map00860,map00261,map01060,map00970,map02010,map04974,map04978,map01100,map00470		CHEBI:16398,CHEBI:16857,CHEBI:26986,CHEBI:32820,CHEBI:32822,CHEBI:32827,CHEBI:32828,CHEBI:32832,CHEBI:32833,CHEBI:57757,CHEBI:57926	C00188,C00820	CHEBI:57926	R-HSA-352230,R-HSA-379716,R-HSA-379726,R-HSA-442660,R-HSA-6787450,R-HSA-8849175	C00188,C00820	map01100,map01110,map01120,map01230,map00260,map00290,map00470,map00860,map00261,map01060,map00970,map02010,map04974,map04978,map01100,map00470			0
1,5-anhydroglucitol (1,5-AG)	RM0028221	C6H12O5	164.0685	Carbohydrates	Monosaccharides	Hexoses	64960	CHEBI:16070	HMDB0002712		C07326	MPCAJMNYNOGXPB-SLPGGIOYSA-N	C([C@@H]1[C@H]([C@@H]([C@H](CO1)O)O)O)O	1,5-Anhydrosorbitol	CHEBI:16070	R-HSA-70221			CHEBI:16070	CHEBI:16070	CHEBI:16070	CHEBI:16070	C07326	C07326	C07326	C07326	CHEBI:16070	R-HSA-70221				CHEBI:16070	C07326	CHEBI:16070	R-HSA-70221				CHEBI:16070	C07326	CHEBI:16070	R-HSA-70221					0
N,N-dimethylalanine	RM0158957	C5H11NO2	117.0790	Organic acids	Amino acids and peptides	Amino acids	5488191	CHEBI:77042				QCYOIFVBYZNUNW-BYPYZUCNSA-N	C[C@@H](C(=O)O)N(C)C	N,N-Dimethylalanine					CHEBI:77042	CHEBI:77042	CHEBI:77042	CHEBI:77042										CHEBI:77042							CHEBI:77042						CHEBI:33575	R-HSA-6809371	1
4-guanidinobutanoate	RM0128522	C5H11N3O2	145.0851	Organic nitrogen compounds	Guanidines	Guanidines	500	CHEBI:86564	HMDB0003464		C01035	TUHVEAJXIMEOSA-UHFFFAOYSA-N	C(CC(=O)O)CNC(=N)N	4-Guanidinobutanoic acid			C01035	map01100,map00330	CHEBI:15728,CHEBI:86564,CHEBI:57486,CHEBI:86392	CHEBI:15728,CHEBI:86564,CHEBI:57486,CHEBI:86392	CHEBI:15728,CHEBI:86564,CHEBI:57486,CHEBI:86392	CHEBI:15728,CHEBI:57486,CHEBI:86392,CHEBI:86564	C01035	C01035	C01035	C01035			C01035	map01100,map00330		CHEBI:15728,CHEBI:57486,CHEBI:86392,CHEBI:86564	C01035			C01035	map01100,map00330		CHEBI:15728,CHEBI:57486,CHEBI:86392,CHEBI:86564	C01035			C01035	map01100,map00330	CHEBI:25696,CHEBI:33575	R-HSA-382556,R-HSA-428643,R-HSA-5690338,R-HSA-6809371	4
S-1-pyrroline-5-carboxylate	RM0118021	C5H7NO2	113.0477	Organoheterocyclic compounds	Pyrrolines	Pyrrolines	11966213	CHEBI:15893				DWAKNKKXGALPNW-UHFFFAOYSA-N	C1CC(C(=O)O)N=C1	1-Pyrroline-5-carboxylic acid					CHEBI:1372,CHEBI:17388	CHEBI:1372,CHEBI:17388	CHEBI:1372,CHEBI:17388	CHEBI:1372,CHEBI:15893,CHEBI:17388	C03912,C04322	C03912,C04322	C03912,C04322	C03912,C04322	CHEBI:17388	R-HSA-70688,R-HSA-8964539	C03912	map01100,map01110,map01230,map00250,map00330,map00332	CHEBI:371,CHEBI:36750,CHEBI:58667	CHEBI:371,CHEBI:1372,CHEBI:15893,CHEBI:17388,CHEBI:36750,CHEBI:58667	C03912,C04322	CHEBI:17388	R-HSA-70688,R-HSA-8964539	C03912	map01100,map01110,map01230,map00250,map00330,map00332		CHEBI:371,CHEBI:1372,CHEBI:15893,CHEBI:17388,CHEBI:36750,CHEBI:58667	C03912,C04322	CHEBI:17388	R-HSA-70688,R-HSA-8964539	C03912	map01100,map01110,map01230,map00250,map00330,map00332			0
3-hydroxypyridine sulfate	RM0002210	C5H5NO4S	174.9939	Alkaloids	Pyridine alkaloids	Nicotinic acid alkaloids	22642043	CHEBI:133559	HMDB0240652			BDERIBJTVYFANV-UHFFFAOYSA-N	c1cc(cnc1)OS(=O)(=O)O	3-Hydroxypyridine sulfate					CHEBI:133559	CHEBI:133559	CHEBI:133559	CHEBI:133559									CHEBI:133560	CHEBI:133559,CHEBI:133560							CHEBI:133559,CHEBI:133560								0
gamma-glutamyl-alpha-lysine	RM0129826	C11H21N3O5	275.1481	Organic acids	Amino acids and peptides	Dipeptides	65254	CHEBI:174623	HMDB0029154			LNLLNTMHVMIMOG-YUMQZZPRSA-N	C(CCN)C[C@@H](C(=O)O)NC(=O)CC[C@@H](C(=O)O)N	gamma-Glutamyllysine								CHEBI:174623										CHEBI:174623							CHEBI:174623						CHEBI:46761	R-HSA-427975	1
allantoin	RM0118303	C4H6N4O3	158.0440	Organoheterocyclic compounds	Cyclic ureas	Ureides	439714	CHEBI:15678	HMDB0000462			POJWUDADGALRAB-SFOWXEAESA-N	[C@H]1(C(=O)NC(=O)N1)NC(=O)N	Allantoin					CHEBI:15676,CHEBI:15676	CHEBI:15676,CHEBI:15676	CHEBI:15676,CHEBI:15676	CHEBI:15676,CHEBI:15678	C01551,C02350	C01551,C02350	C01551,C02350	C01551,C02350			C02350	map01100,map01120,map00230	CHEBI:15677,CHEBI:74345	CHEBI:15676,CHEBI:15677,CHEBI:15678,CHEBI:74345	C01551,C02348,C02350			C02348,C02350	map01100,map01120,map00230,map01100,map01120,map00230		CHEBI:15676,CHEBI:15677,CHEBI:15678,CHEBI:74345	C01551,C02348,C02350			C02348,C02350	map01100,map01120,map00230,map01100,map01120,map00230			0
androstenediol (3alpha, 17alpha) monosulfate	-	-	-	-	-	-	-		-	-		-	-	-																																	0
1-palmitoyl-2-palmitoleoyl-GPC (16:0/16:1)	RM0015000	C40H78NO8P	731.5465	Glycerophospholipids	Glycerophosphocholines	PC								PC 16:0/16:1					CHEBI:74000	CHEBI:134592,CHEBI:74000	CHEBI:134592,CHEBI:74000	CHEBI:74000,CHEBI:134592										CHEBI:74000,CHEBI:134592							CHEBI:74000,CHEBI:134592						CHEBI:57643	R-HSA-111995,R-HSA-1369062,R-HSA-1482788,R-HSA-1482798,R-HSA-1482839,R-HSA-1483101,R-HSA-1483148,R-HSA-1483166,R-HSA-1483191,R-HSA-1483196,R-HSA-1660661,R-HSA-2029485,R-HSA-2142753,R-HSA-382556,R-HSA-5678771,R-HSA-5683678,R-HSA-5683826,R-HSA-5688399,R-HSA-6811436,R-HSA-8964058,R-HSA-9680350	21
2-stearoyl-GPI (18:0)	RM0163314	C27H53O12P	600.3275	Glycerophospholipids	Glycerophosphoinositols	LPI								LPI 0:0/18:0																																	0
diacylglycerol (16:1/18:2 [2], 16:0/18:3 [1])	-	-	-	-	-	-	-		-	-		-	-	-																																	0
13-HODE + 9-HODE	RM0073531	C18H32O3	296.2351	Fatty Acyls	Octadecanoids	HODE								HODE					CHEBI:36328	CHEBI:36328	CHEBI:36328	CHEBI:36328									CHEBI:131861	CHEBI:36328,CHEBI:131861						CHEBI:34154,CHEBI:34496,CHEBI:72639,CHEBI:72651,CHEBI:77852,CHEBI:77895,CHEBI:78730,CHEBI:90850,CHEBI:133819,CHEBI:133820,CHEBI:136522,CHEBI:136655,CHEBI:136927,CHEBI:137305,CHEBI:137495	CHEBI:34154,CHEBI:34496,CHEBI:36328,CHEBI:72639,CHEBI:72651,CHEBI:77852,CHEBI:77895,CHEBI:78730,CHEBI:90850,CHEBI:131861,CHEBI:133819,CHEBI:133820,CHEBI:136522,CHEBI:136655,CHEBI:136927,CHEBI:137305,CHEBI:137495	C14762,C14767	CHEBI:34154,CHEBI:34496	R-HSA-1989781,R-HSA-381340,R-HSA-381340,R-HSA-8943724,R-HSA-8943724,R-HSA-9841922,R-HSA-9841922,R-HSA-9844594,R-HSA-1989781,R-HSA-381340,R-HSA-381340,R-HSA-8943724,R-HSA-8943724,R-HSA-9841922,R-HSA-9841922,R-HSA-9844594	C14762,C14767	map00591,map03320,map00591,map03320			0
gamma-CEHC glucuronide	RM0156825	C21H28O10	440.1683	Benzenoids	Benzopyrans	1-benzopyrans	121596235	CHEBI:133148	HMDB0242175			NOZSTAZEOBPSBY-LWNJIDTBSA-N	Cc1c(C)c2c(CCC(C)(CCC(=O)O)O2)cc1O[C@H]1[C@@H]([C@H]([C@@H]([C@@H](C(=O)O)O1)O)O)O	gamma-CEHC glucuronide					CHEBI:133148,CHEBI:133149	CHEBI:133148,CHEBI:133149	CHEBI:133148,CHEBI:133149	CHEBI:133148,CHEBI:133149										CHEBI:133148,CHEBI:133149							CHEBI:133148,CHEBI:133149						CHEBI:25696,CHEBI:33575	R-HSA-382556,R-HSA-428643,R-HSA-5690338,R-HSA-6809371	4
3-hydroxystachydrine	RM0130056	C7H13NO3	159.0895	Organic acids	Amino acids and peptides	Amino acids	46173781	CHEBI:1556			C10151	DJMIFDZBCUUQJN-GDVGLLTNSA-N	C[N+]1(C)CCC([C@H]1C(=O)[O-])O	3-Hydroxystachydrine					CHEBI:1556	CHEBI:1556	CHEBI:1556	CHEBI:1556	C10151	C10151	C10151	C10151						CHEBI:1556	C10151						CHEBI:1556	C10151							0
sphingomyelin (d18:1/18:1, d18:2/18:0)	RM0134100	C41H81N2O6P	728.5832	Sphingolipids	Phosphosphingolipids	SM								SM 36:2;O2																																	0
3-methyl catechol sulfate	RM0188033	C7H8O5S	204.0092	Benzenoids	Phenols	Catechols								3-Methylcatechol sulfate					CHEBI:232801	CHEBI:232801	CHEBI:232801	CHEBI:232801										CHEBI:232801							CHEBI:232801								0
docosahexaenoylcarnitine (C22:6)	RM0154066	C29H45NO4	471.3349	Fatty Acyls	Fatty esters	Acyl carnitines								CAR 22:6																																	0
hydroquinone sulfate	RM0137113	C6H6O5S	189.9936	Organic acids	Organic sulfuric acids	Arylsulfates	161220	CHEBI:71062	HMDB0240263			FPXPQMOQWJZYBL-UHFFFAOYSA-N	c1cc(ccc1O)OS(=O)(=O)O	Quinol sulfate					CHEBI:133073,CHEBI:71062	CHEBI:133073,CHEBI:71062	CHEBI:133073,CHEBI:71062	CHEBI:71062,CHEBI:133073										CHEBI:71062,CHEBI:133073							CHEBI:71062,CHEBI:133073						CHEBI:25696	R-HSA-382556,R-HSA-428643,R-HSA-5690338	3
1-arachidonylglycerol (20:4)	RM0174894	C23H38O4	378.2770	Glycerolipids	Monoradylglycerols	MAG								MG 20:4/0:0/0:0																																	0
N2,N5-diacetylornithine	RM0002211	C9H16N2O4	216.1110	Organic acids	Amino acids and peptides	Amino acids	65977	CHEBI:133217	HMDB0240345			XUYANFPPYJSBPU-QMMMGPOBSA-N	CC(=O)NCCC[C@@H](C(=O)O)NC(=O)C	N2,N5-Diacetylornithine								CHEBI:133217									CHEBI:133209	CHEBI:133209,CHEBI:133217							CHEBI:133209,CHEBI:133217						CHEBI:33575	R-HSA-6809371	1
cys-gly, oxidized	RM0130040	C10H18N4O6S2	354.0670	Organic acids	Amino acids and peptides	Dipeptides	333293	CHEBI:133040	HMDB0242125			KDJVKDYFFTWHBO-UHFFFAOYSA-N	C(C(=O)O)NC(=O)C(CSSCC(C(=O)NCC(=O)O)N)N	CYS-GLY, oxidized					CHEBI:133040,CHEBI:133046	CHEBI:133040,CHEBI:133046	CHEBI:133040,CHEBI:133046	CHEBI:133040,CHEBI:133046										CHEBI:133040,CHEBI:133046						CHEBI:143812	CHEBI:133040,CHEBI:133046,CHEBI:143812						CHEBI:46761	R-HSA-427975	1
trimethylamine N-oxide	RM0156066	C3H9NO	75.0684	Organic nitrogen compounds	Amine oxides	Trisubstituted amine oxides	1145	CHEBI:15724	HMDB0000925		C01104	UYPYRKYUKCHHIB-UHFFFAOYSA-N	C[N+](C)(C)[O-]	Trimethylamine N-oxide	CHEBI:15724	R-HSA-217271	C01104	map01100,map01120,map00680,map02020	CHEBI:15724,CHEBI:15724	CHEBI:15724,CHEBI:15724	CHEBI:15724,CHEBI:15724	CHEBI:15724	C01104	C01104	C01104	C01104	CHEBI:15724	R-HSA-217271	C01104	map01100,map01120,map00680,map02020	CHEBI:166856	CHEBI:15724,CHEBI:166856	C01104	CHEBI:15724	R-HSA-217271	C01104	map01100,map01120,map00680,map02020		CHEBI:15724,CHEBI:166856	C01104	CHEBI:15724	R-HSA-217271	C01104	map01100,map01120,map00680,map02020			0
palmitoyl sphingomyelin (d18:1/16:0)	RM0135543	C39H79N2O6P	702.5676	Sphingolipids	Phosphosphingolipids	SM	9939941	CHEBI:78646	HMDB0010169	LMSP03010003		RWKUXQNLWDTSLO-GWQJGLRPSA-N	CCCCCCCCCCCCC/C=C/[C@H]([C@H](COP(=O)([O-])OCC[N+](C)(C)C)NC(=O)CCCCCCCCCCCCCCC)O	SM 18:1;O2/16:0					CHEBI:78646	CHEBI:78646	CHEBI:78646	CHEBI:78646										CHEBI:78646							CHEBI:78646						CHEBI:17636	R-HSA-1369062,R-HSA-193681,R-HSA-9840310	3
serotonin	RM0050344	C10H12N2O	176.0950	Alkaloids	Tryptophan alkaloids	Tryptamines	5202	CHEBI:28790	HMDB0000259		C00780	QZAYGJVTTNCVMB-UHFFFAOYSA-N	c1cc2c(cc1O)c(CCN)c[nH]2	Serotonin			C00780	map01100,map01110,map00380,map01063,map04024,map04080,map04082,map04540,map04976,map04726,map04721,map04742,map04750,map04361,map05207,map07211	CHEBI:28790,CHEBI:28790,CHEBI:28790,CHEBI:350546	CHEBI:28790,CHEBI:28790,CHEBI:28790,CHEBI:350546	CHEBI:28790,CHEBI:28790,CHEBI:28790,CHEBI:350546	CHEBI:28790,CHEBI:350546	C00780	C00780	C00780	C00780	CHEBI:350546	R-HSA-112314,R-HSA-114608,R-HSA-141333,R-HSA-181429,R-HSA-209931,R-HSA-380612,R-HSA-380615,R-HSA-390666,R-HSA-416476,R-HSA-418555,R-HSA-418594,R-HSA-442660,R-HSA-549127,R-HSA-5579012,R-HSA-83936	C00780	map01100,map01110,map00380,map01063,map04024,map04080,map04082,map04540,map04976,map04726,map04721,map04742,map04750,map04361,map05207,map07211		CHEBI:28790,CHEBI:350546	C00780	CHEBI:350546	R-HSA-112314,R-HSA-114608,R-HSA-141333,R-HSA-181429,R-HSA-209931,R-HSA-380612,R-HSA-380615,R-HSA-390666,R-HSA-416476,R-HSA-418555,R-HSA-418594,R-HSA-442660,R-HSA-549127,R-HSA-5579012,R-HSA-83936	C00780	map01100,map01110,map00380,map01063,map04024,map04080,map04082,map04540,map04976,map04726,map04721,map04742,map04750,map04361,map05207,map07211		CHEBI:28790,CHEBI:350546	C00780	CHEBI:350546	R-HSA-112314,R-HSA-114608,R-HSA-141333,R-HSA-181429,R-HSA-209931,R-HSA-380612,R-HSA-380615,R-HSA-390666,R-HSA-416476,R-HSA-418555,R-HSA-418594,R-HSA-442660,R-HSA-549127,R-HSA-5579012,R-HSA-83936	C00780	map01100,map01110,map00380,map01063,map04024,map04080,map04082,map04540,map04976,map04726,map04721,map04742,map04750,map04361,map05207,map07211			0
N-acetylhistidine	RM0132177	C8H11N3O3	197.0800	Organic acids	Amino acids and peptides	Amino acids	75619	CHEBI:16437	HMDB0032055		C02997	KBOJOGQFRVVWBH-ZETCQYMHSA-N	CC(=O)N[C@@H](Cc1cnc[nH]1)C(=O)O	N-Acetylhistidine					CHEBI:16437,CHEBI:86910	CHEBI:16437,CHEBI:86910	CHEBI:16437,CHEBI:86910	CHEBI:16437,CHEBI:86910	C02997	C02997	C02997	C02997					CHEBI:57772	CHEBI:16437,CHEBI:57772,CHEBI:86910	C02997						CHEBI:16437,CHEBI:57772,CHEBI:86910	C02997					CHEBI:33575	R-HSA-6809371	1
tetradecanedioate (C14-DC)	RM0153229	C14H26O4	258.1831	Fatty Acyls	Fatty acids	Dicarboxylic acids	13185	CHEBI:76308	HMDB0000872	LMFA01170018	C11002	HQHCYKULIHKCEB-UHFFFAOYSA-N	C(CCCCCCC(=O)O)CCCCCC(=O)O	Tetradecanedioic acid					CHEBI:76308	CHEBI:76308	CHEBI:76308	CHEBI:76308	C11002	C11002	C11002	C11002					CHEBI:76281	CHEBI:76281,CHEBI:76308	C11002						CHEBI:76281,CHEBI:76308	C11002					CHEBI:18059,CHEBI:33575	R-HSA-1222556,R-HSA-1369062,R-HSA-5682294,R-HSA-6809371,R-HSA-804914,R-HSA-8941413	6
N-acetylcitrulline	RM0048087	C8H15N3O4	217.1063	Organic acids	Amino acids and peptides	Amino acids	656979	CHEBI:49002	HMDB0000856		C15532	WMQMIOYQXNRROC-LURJTMIESA-N	CC(=O)N[C@@H](CCCNC(=O)N)C(=O)O	N-Acetylcitrulline			C15532	map01100,map01230,map00220	CHEBI:49006	CHEBI:49006	CHEBI:49006	CHEBI:49002,CHEBI:49006	C15532	C15532	C15532	C15532			C15532	map01100,map01230,map00220	CHEBI:58765	CHEBI:49002,CHEBI:49006,CHEBI:58765	C15532			C15532	map01100,map01230,map00220		CHEBI:49002,CHEBI:49006,CHEBI:58765	C15532			C15532	map01100,map01230,map00220	CHEBI:33575	R-HSA-6809371	1
valine	RM0136018	C5H11NO2	117.0790	Organic acids	Amino acids and peptides	Amino acids	6287	CHEBI:16414	HMDB0000883		C00183	KZSNJWFQEVHDMF-BYPYZUCNSA-N	CC(C)[C@@H](C(=O)O)N	Valine			C00183	map01100,map01110,map01210,map01230,map01240,map00280,map00290,map00460,map00770,map00966,map00311,map01060,map01063,map00970,map02010,map04974,map04978,map05230	CHEBI:16414,CHEBI:27266	CHEBI:16414,CHEBI:27266	CHEBI:16414,CHEBI:27266	CHEBI:16414,CHEBI:27266	C00183,C16436	C00183,C16436	C00183,C16436	C00183,C16436			C00183	map01100,map01110,map01210,map01230,map01240,map00280,map00290,map00460,map00770,map00966,map00311,map01060,map01063,map00970,map02010,map04974,map04978,map05230	CHEBI:27477,CHEBI:32851,CHEBI:32852,CHEBI:32855,CHEBI:32856,CHEBI:32859,CHEBI:32860,CHEBI:57762,CHEBI:74338	CHEBI:16414,CHEBI:27266,CHEBI:27477,CHEBI:32851,CHEBI:32852,CHEBI:32855,CHEBI:32856,CHEBI:32859,CHEBI:32860,CHEBI:57762,CHEBI:74338	C00183,C06417,C16436	CHEBI:57762	R-HSA-211945,R-HSA-352230,R-HSA-379716,R-HSA-379726,R-HSA-442660,R-HSA-5619044,R-HSA-5619094,R-HSA-5659735,R-HSA-70895,R-HSA-70895,R-HSA-71240	C00183	map01100,map01110,map01210,map01230,map01240,map00280,map00290,map00460,map00770,map00966,map00311,map01060,map01063,map00970,map02010,map04974,map04978,map05230	CHEBI:87977,CHEBI:192086	CHEBI:16414,CHEBI:27266,CHEBI:27477,CHEBI:32851,CHEBI:32852,CHEBI:32855,CHEBI:32856,CHEBI:32859,CHEBI:32860,CHEBI:57762,CHEBI:74338,CHEBI:87977,CHEBI:192086	C00183,C06417,C16436	CHEBI:57762	R-HSA-211945,R-HSA-352230,R-HSA-379716,R-HSA-379726,R-HSA-442660,R-HSA-5619044,R-HSA-5619094,R-HSA-5659735,R-HSA-70895,R-HSA-70895,R-HSA-71240	C00183	map01100,map01110,map01210,map01230,map01240,map00280,map00290,map00460,map00770,map00966,map00311,map01060,map01063,map00970,map02010,map04974,map04978,map05230			0
linoleoyl-linolenoyl-glycerol (18:2/18:3)	RM0035654	C39H66O5	614.4910	Glycerolipids	Diradylglycerols	DAG								DG 18:2_18:3																																	0
hexanoylcarnitine (C6)	RM0153846	C13H25NO4	259.1784	Fatty Acyls	Fatty esters	Acyl carnitines	3246938	CHEBI:84834	HMDB0000756	LMFA07070001		VVPRQWTYSNDTEA-LLVKDONJSA-N	CCCCCC(=O)O[C@H](CC(=O)[O-])C[N+](C)(C)C	CAR 6:0								CHEBI:84834										CHEBI:84834						CHEBI:192246	CHEBI:84834,CHEBI:192246						CHEBI:18059	R-HSA-1222556,R-HSA-1369062,R-HSA-5682294,R-HSA-804914,R-HSA-8941413	5
methylsuccinate	RM0134990	C5H8O4	132.0423	Fatty Acyls	Fatty acids	Dicarboxylic acids	10349	CHEBI:91315	HMDB0001844	LMFA01170119		WXUAQHNMJWJLTG-UHFFFAOYSA-N	CC(CC(=O)O)C(=O)O	Methylsuccinic acid					CHEBI:89843,CHEBI:132961	CHEBI:89843,CHEBI:132961	CHEBI:89843,CHEBI:132961	CHEBI:89843,CHEBI:91315,CHEBI:132961										CHEBI:89843,CHEBI:91315,CHEBI:132961						CHEBI:91316,CHEBI:91317,CHEBI:191220	CHEBI:89843,CHEBI:91315,CHEBI:91316,CHEBI:91317,CHEBI:132961,CHEBI:191220						CHEBI:25696,CHEBI:33575	R-HSA-382556,R-HSA-428643,R-HSA-5690338,R-HSA-6809371	4
glutamine	RM0012560	C5H10N2O3	146.0691	Organic acids	Amino acids and peptides	Amino acids	5961	CHEBI:18050	HMDB0000641		C00064	ZDXPYRJPNDTMRX-VKHMYHEASA-N	C(CC(=O)N)[C@@H](C(=O)O)N	Glutamine			C00064	map01100,map01110,map01120,map01230,map01232,map01240,map00630,map00910,map00230,map00240,map00250,map00220,map00470,map00750,map01060,map00970,map02010,map02020,map04974,map04978,map04964,map04724,map04727,map04382,map05230	CHEBI:18050,CHEBI:28300,CHEBI:28300	CHEBI:18050,CHEBI:28300,CHEBI:28300	CHEBI:18050,CHEBI:28300,CHEBI:28300	CHEBI:18050,CHEBI:28300	C00064,C00303	C00064,C00303	C00064,C00303	C00064,C00303			C00064	map01100,map01110,map01120,map01230,map01232,map01240,map00630,map00910,map00230,map00240,map00250,map00220,map00470,map00750,map01060,map00970,map02010,map02020,map04974,map04978,map04964,map04724,map04727,map04382,map05230	CHEBI:17061,CHEBI:32665,CHEBI:32666,CHEBI:32672,CHEBI:32673,CHEBI:32678,CHEBI:32679,CHEBI:58000,CHEBI:58359	CHEBI:17061,CHEBI:18050,CHEBI:28300,CHEBI:32665,CHEBI:32666,CHEBI:32672,CHEBI:32673,CHEBI:32678,CHEBI:32679,CHEBI:58000,CHEBI:58359	C00064,C00303,C00819	CHEBI:58359	R-HSA-177162,R-HSA-196807,R-HSA-210455,R-HSA-210500,R-HSA-352230,R-HSA-379716,R-HSA-379726,R-HSA-4085023,R-HSA-442660,R-HSA-446210,R-HSA-499943,R-HSA-500753,R-HSA-5619044,R-HSA-5628897,R-HSA-5659735,R-HSA-73817,R-HSA-8963693,R-HSA-8964539,R-HSA-9748787	C00064,C00819	map01100,map01110,map01120,map01230,map01232,map01240,map00630,map00910,map00230,map00240,map00250,map00220,map00470,map00750,map01060,map00970,map02010,map02020,map04974,map04978,map04964,map04724,map04727,map04382,map05230,map01100,map00470		CHEBI:17061,CHEBI:18050,CHEBI:28300,CHEBI:32665,CHEBI:32666,CHEBI:32672,CHEBI:32673,CHEBI:32678,CHEBI:32679,CHEBI:58000,CHEBI:58359	C00064,C00303,C00819	CHEBI:58359	R-HSA-177162,R-HSA-196807,R-HSA-210455,R-HSA-210500,R-HSA-352230,R-HSA-379716,R-HSA-379726,R-HSA-4085023,R-HSA-442660,R-HSA-446210,R-HSA-499943,R-HSA-500753,R-HSA-5619044,R-HSA-5628897,R-HSA-5659735,R-HSA-73817,R-HSA-8963693,R-HSA-8964539,R-HSA-9748787	C00064,C00819	map01100,map01110,map01120,map01230,map01232,map01240,map00630,map00910,map00230,map00240,map00250,map00220,map00470,map00750,map01060,map00970,map02010,map02020,map04974,map04978,map04964,map04724,map04727,map04382,map05230,map01100,map00470			0
4-hydroxyglutamate	RM0056414	C5H9NO5	163.0481	Organic acids	Amino acids and peptides	Amino acids	440854	CHEBI:21285	HMDB0002273		C03079	HBDWQSHEVMSFGY-STHAYSLISA-N	C([C@@H](C(=O)O)N)[C@H](C(=O)O)O	Erythro-4-hydroxy-glutamic acid								CHEBI:21285	C03079,C05947	C03079,C05947	C03079,C05947	C03079,C05947			C05947	map01100,map00330	CHEBI:6331	CHEBI:6331,CHEBI:21285	C03079,C05947	CHEBI:6331	R-HSA-389661,R-HSA-70688	C05947	map01100,map00330		CHEBI:6331,CHEBI:21285	C03079,C05947	CHEBI:6331	R-HSA-389661,R-HSA-70688	C05947	map01100,map00330			0
1-(1-enyl-palmitoyl)-2-arachidonoyl-GPE (P-16:0/20:4)	RM0017415	C41H74NO7P	723.5203	Glycerophospholipids	Glycerophosphoethanolamines	O-PE								PE P-16:0/20:4					CHEBI:167286,CHEBI:133647	CHEBI:136195,CHEBI:167286,CHEBI:167286,CHEBI:84527,CHEBI:133647	CHEBI:167286,CHEBI:136195,CHEBI:84527,CHEBI:133647	CHEBI:84527,CHEBI:133647,CHEBI:136195,CHEBI:167286										CHEBI:84527,CHEBI:133647,CHEBI:136195,CHEBI:167286							CHEBI:84527,CHEBI:133647,CHEBI:136195,CHEBI:167286						CHEBI:17476,CHEBI:18059	R-HSA-1222556,R-HSA-1369062,R-HSA-1482788,R-HSA-5682294,R-HSA-804914,R-HSA-8941413	6
4-hydroxyhippurate	RM0136393	C9H9NO4	195.0532	Benzenoids	Benzamides	Hippuric acids	151012	CHEBI:71018	HMDB0013678			ZMHLUFWWWPBTIU-UHFFFAOYSA-N	c1cc(ccc1C(=O)NCC(=O)O)O	4-Hydroxyhippuric acid					CHEBI:71018,CHEBI:133613	CHEBI:71018,CHEBI:133613	CHEBI:71018,CHEBI:133613	CHEBI:71018,CHEBI:133613										CHEBI:71018,CHEBI:133613							CHEBI:71018,CHEBI:133613						CHEBI:25696,CHEBI:33575	R-HSA-382556,R-HSA-428643,R-HSA-5690338,R-HSA-6809371	4
3-hydroxyhexanoate	RM0153233	C6H12O3	132.0786	Fatty Acyls	Fatty acids	Hydroxy FA	11829482	CHEBI:37049	HMDB0061652	LMFA01050432		HPMGFDVTYHWBAG-YFKPBYRVSA-N	CCC[C@@H](CC(=O)O)O	3S-Hydroxyhexanoic acid					CHEBI:20070	CHEBI:20070	CHEBI:20070	CHEBI:20070,CHEBI:37049									CHEBI:37035	CHEBI:20070,CHEBI:37035,CHEBI:37049							CHEBI:20070,CHEBI:37035,CHEBI:37049						CHEBI:25696,CHEBI:33575	R-HSA-382556,R-HSA-428643,R-HSA-5690338,R-HSA-6809371	4
3-hydroxy-2-ethylpropionate	RM0139455	C5H10O3	118.0630	Fatty Acyls	Fatty acids	Hydroxy FA	188979	CHEBI:82956	HMDB0000396	LMFA01050388		ZMZQVAUJTDKQGE-UHFFFAOYSA-N	CCC(CO)C(=O)O	2-Ethyl-hydracrylic acid					CHEBI:82955	CHEBI:82955	CHEBI:82955	CHEBI:82955,CHEBI:82956										CHEBI:82955,CHEBI:82956							CHEBI:82955,CHEBI:82956						CHEBI:24654,CHEBI:28868	R-HSA-1222387,R-HSA-1222556,R-HSA-1483191,R-HSA-167826,R-HSA-3000471,R-HSA-3000480,R-HSA-3000484,R-HSA-5686938,R-HSA-8941413,R-HSA-9840310,R-HSA-9845614	11
1-(1-enyl-palmitoyl)-2-oleoyl-GPE (P-16:0/18:1)	RM0134760	C39H76NO7P	701.5359	Glycerophospholipids	Glycerophosphoethanolamines	O-PE								PE P-16:0/18:1					CHEBI:167283	CHEBI:136187,CHEBI:167283,CHEBI:167283,CHEBI:84533	CHEBI:167283,CHEBI:136187,CHEBI:84533	CHEBI:84533,CHEBI:136187,CHEBI:167283										CHEBI:84533,CHEBI:136187,CHEBI:167283							CHEBI:84533,CHEBI:136187,CHEBI:167283						CHEBI:17476	R-HSA-1482788	1
1-oleoyl-2-dihomo-linoleoyl-GPC (18:1/20:2)	RM0162183	C46H86NO8P	811.6091	Glycerophospholipids	Glycerophosphocholines	PC								PC 18:1/20:2						CHEBI:89462,CHEBI:89619,CHEBI:89689,CHEBI:89927	CHEBI:89462,CHEBI:89619,CHEBI:89689,CHEBI:89927	CHEBI:89462,CHEBI:89619,CHEBI:89689,CHEBI:89927										CHEBI:89462,CHEBI:89619,CHEBI:89689,CHEBI:89927							CHEBI:89462,CHEBI:89619,CHEBI:89689,CHEBI:89927						CHEBI:36313,CHEBI:57643	R-HSA-111995,R-HSA-1369062,R-HSA-1482788,R-HSA-1482798,R-HSA-1482839,R-HSA-1483101,R-HSA-1483148,R-HSA-1483166,R-HSA-1483191,R-HSA-1483196,R-HSA-1660661,R-HSA-2029485,R-HSA-2142753,R-HSA-382556,R-HSA-5678771,R-HSA-5683678,R-HSA-5683826,R-HSA-5688399,R-HSA-6811436,R-HSA-8964058,R-HSA-9680350	21
1,2,3-benzenetriol sulfate	RM0186652	C6H6O6S	205.9885	Benzenoids	Phenols	Benzenetriols								Pyrogallol sulfate					CHEBI:133587	CHEBI:133587	CHEBI:133587	CHEBI:133587										CHEBI:133587							CHEBI:133587						CHEBI:25696	R-HSA-382556,R-HSA-428643,R-HSA-5690338	3
N-acetylarginine	RM0132228	C8H16N4O3	216.1222	Organic acids	Amino acids and peptides	Amino acids	67427	CHEBI:40521	HMDB0004620			SNEIUMQYRCDYCH-LURJTMIESA-N	CC(=O)N[C@@H](CCCNC(=N)N)C(=O)O	N-Acetylarginine								CHEBI:40521									CHEBI:61889	CHEBI:40521,CHEBI:61889							CHEBI:40521,CHEBI:61889						CHEBI:33575	R-HSA-6809371	1
1-palmitoyl-2-adrenoyl-GPC (16:0/22:4)	RM0011399	C46H84NO8P	809.5935	Glycerophospholipids	Glycerophosphocholines	PC								PC 16:0/22:4						CHEBI:84573,CHEBI:89989	CHEBI:84573,CHEBI:89989	CHEBI:84573,CHEBI:89989										CHEBI:84573,CHEBI:89989							CHEBI:84573,CHEBI:89989						CHEBI:36313,CHEBI:57643	R-HSA-111995,R-HSA-1369062,R-HSA-1482788,R-HSA-1482798,R-HSA-1482839,R-HSA-1483101,R-HSA-1483148,R-HSA-1483166,R-HSA-1483191,R-HSA-1483196,R-HSA-1660661,R-HSA-2029485,R-HSA-2142753,R-HSA-382556,R-HSA-5678771,R-HSA-5683678,R-HSA-5683826,R-HSA-5688399,R-HSA-6811436,R-HSA-8964058,R-HSA-9680350	21
3-methoxytyrosine	RM0205095	C10H13NO4	211.0840	Organic acids	Amino acids and peptides	Amino acids	9307	CHEBI:133668	HMDB0060747			PFDUUKDQEHURQC-ZETCQYMHSA-N	COc1cc(ccc1O)C[C@@H](C(=O)O)N	3-O-Methyl-DOPA					CHEBI:172453	CHEBI:172453	CHEBI:172453	CHEBI:133668,CHEBI:172453									CHEBI:82913	CHEBI:82913,CHEBI:133668,CHEBI:172453							CHEBI:82913,CHEBI:133668,CHEBI:172453						CHEBI:59869	R-HSA-1222538,R-HSA-1236974,R-HSA-1236977,R-HSA-1236978,R-HSA-1237112,R-HSA-983168,R-HSA-983170	7
1-arachidoyl-2-arachidonoyl-GPC (20:0/20:4)	RM0001059	C48H88NO8P	837.6248	Glycerophospholipids	Glycerophosphocholines	PC								PC 20:0/20:4						CHEBI:74970	CHEBI:74970	CHEBI:74970										CHEBI:74970							CHEBI:74970						CHEBI:75063	R-HSA-111995,R-HSA-2142753	2
21-hydroxypregnenolone disulfate	RM0033627	C21H32O3	332.2351	Sterol Lipids	Steroids	C21 Steroids	247020	CHEBI:28043	HMDB0004026	LMST02030167	C05485	MOIQRAOBRXUWGN-WPWXJNKXSA-N	C[C@]12CC[C@@H](CC1=CC[C@H]1[C@@H]3CC[C@H](C(=O)CO)[C@@]3(C)CC[C@H]21)O	21-Hydroxypregnenolone			C05485	map00140	CHEBI:28043,CHEBI:28043,CHEBI:133695	CHEBI:28043,CHEBI:28043,CHEBI:133695	CHEBI:28043,CHEBI:28043,CHEBI:133695	CHEBI:28043,CHEBI:133695	C05485	C05485	C05485	C05485			C05485	map00140		CHEBI:28043,CHEBI:133695	C05485			C05485	map00140		CHEBI:28043,CHEBI:133695	C05485			C05485	map00140	CHEBI:30879,CHEBI:35341	R-HSA-1483166,R-HSA-196071,R-HSA-2022377,R-HSA-8935690	4
glutamine conjugate of C7H12O2	-	-	-	-	-	-	-		-	-		-	-	-																																	0
glutamine conjugate of C6H10O2	-	-	-	-	-	-	-		-	-		-	-	-																																	0
1-margaroyl-2-docosahexaenoyl-GPC (17:0/22:6)	RM0162240	C47H82NO8P	819.5778	Glycerophospholipids	Glycerophosphocholines	PC								PC 17:0/22:6						CHEBI:136059	CHEBI:136059	CHEBI:136059										CHEBI:136059						CHEBI:137197	CHEBI:136059,CHEBI:137197						CHEBI:57643	R-HSA-111995,R-HSA-1369062,R-HSA-1482788,R-HSA-1482798,R-HSA-1482839,R-HSA-1483101,R-HSA-1483148,R-HSA-1483166,R-HSA-1483191,R-HSA-1483196,R-HSA-1660661,R-HSA-2029485,R-HSA-2142753,R-HSA-382556,R-HSA-5678771,R-HSA-5683678,R-HSA-5683826,R-HSA-5688399,R-HSA-6811436,R-HSA-8964058,R-HSA-9680350	21
1-stearoyl-2-docosahexaenoyl-GPI (18:0/22:6)	RM0162514	C49H83O13P	910.5571	Glycerophospholipids	Glycerophosphoinositols	PI								PI 18:0/22:6						CHEBI:88600	CHEBI:88600	CHEBI:88600										CHEBI:88600							CHEBI:88600						CHEBI:28874	R-HSA-198933	1
glycolithocholate sulfate	RM0028402	C26H42NO7S	512.2682	Sterol Lipids	Bile acids	C24 bile acids	72222	CHEBI:9347	HMDB0002639	LMST05030004		FHXBAFXQVZOILS-OETIFKLTSA-N	C[C@H](CCC(=O)NCC(=O)O)[C@H]1CC[C@H]2[C@@H]3CC[C@@H]4C[C@@H](CC[C@]4(C)[C@H]3CC[C@]12C)OS(=O)(=O)O	Glycolithocholic acid 3-sulfate					CHEBI:9347,CHEBI:132924,CHEBI:60007	CHEBI:9347,CHEBI:132924,CHEBI:60007	CHEBI:9347,CHEBI:132924,CHEBI:60007	CHEBI:9347,CHEBI:60007,CHEBI:132924	C11301	C11301	C11301	C11301						CHEBI:9347,CHEBI:60007,CHEBI:132924	C11301						CHEBI:9347,CHEBI:60007,CHEBI:132924	C11301					CHEBI:25696,CHEBI:35341,CHEBI:59696	R-HSA-196071,R-HSA-382556,R-HSA-428643,R-HSA-5690338	4
methionine sulfone	RM0161728	C5H11NO4S	181.0409	Organic acids	Amino acids and peptides	Amino acids	445282	CHEBI:21363	HMDB0062174			UCUNFLYVYCGDHP-BYPYZUCNSA-N	CS(=O)(=O)CC[C@@H](C(=O)O)N	Methionine sulfone	CHEBI:21363	R-HSA-5676934			CHEBI:132188,CHEBI:21363	CHEBI:132188,CHEBI:21363	CHEBI:132188,CHEBI:21363	CHEBI:21363,CHEBI:132188					CHEBI:21363	R-HSA-5676934			CHEBI:87824	CHEBI:21363,CHEBI:87824,CHEBI:132188		CHEBI:21363	R-HSA-5676934				CHEBI:21363,CHEBI:87824,CHEBI:132188		CHEBI:21363	R-HSA-5676934					0
p-cresol glucuronide	RM0013100	C13H16O7	284.0896	Carbohydrates	Monosaccharides	Sugar acids	154035	CHEBI:87986	HMDB0011686			JPAUCQAJHLSMQW-XPORZQOISA-N	Cc1ccc(cc1)O[C@H]1[C@@H]([C@H]([C@@H]([C@@H](C(=O)O)O1)O)O)O	P-Cresol glucuronide					CHEBI:87986	CHEBI:87986	CHEBI:87986	CHEBI:87986									CHEBI:133576	CHEBI:87986,CHEBI:133576							CHEBI:87986,CHEBI:133576								0
alpha-hydroxyisocaproate	RM0153676	C6H12O3	132.0786	Fatty Acyls	Fatty acids	Hydroxy FA	83697	CHEBI:44510	HMDB0000746	LMFA01050408		LVRFTAZAXQPQHI-YFKPBYRVSA-N	CC(C)C[C@@H](C(=O)O)O	2-Hydroxyisocaproic acid					CHEBI:59783,CHEBI:133577	CHEBI:59783,CHEBI:133577	CHEBI:59783,CHEBI:133577	CHEBI:44510,CHEBI:59783,CHEBI:133577									CHEBI:55534,CHEBI:55535	CHEBI:44510,CHEBI:55534,CHEBI:55535,CHEBI:59783,CHEBI:133577	C03264						CHEBI:44510,CHEBI:55534,CHEBI:55535,CHEBI:59783,CHEBI:133577	C03264					CHEBI:24654,CHEBI:28868,CHEBI:35366	R-HSA-1222387,R-HSA-1222556,R-HSA-1482883,R-HSA-1483191,R-HSA-167826,R-HSA-3000471,R-HSA-3000480,R-HSA-3000484,R-HSA-422085,R-HSA-426048,R-HSA-5686938,R-HSA-6809371,R-HSA-6811436,R-HSA-8941413,R-HSA-8963889,R-HSA-8964038,R-HSA-9840310,R-HSA-9845614	18
hippurate	RM0135980	C9H9NO3	179.0582	Benzenoids	Benzamides	Hippuric acids	464	CHEBI:18089	HMDB0000714		C01586	QIAFMBKCNZACKA-UHFFFAOYSA-N	c1ccc(cc1)C(=O)NCC(=O)O	Hippuric acid					CHEBI:18089,CHEBI:606565	CHEBI:18089,CHEBI:606565	CHEBI:18089,CHEBI:606565	CHEBI:18089,CHEBI:606565	C01586	C01586	C01586	C01586	CHEBI:606565	R-HSA-177135				CHEBI:18089,CHEBI:606565	C01586	CHEBI:606565	R-HSA-177135				CHEBI:18089,CHEBI:606565	C01586	CHEBI:606565	R-HSA-177135					0
1-linoleoyl-GPG (18:2)	RM0007318	C24H45O9P	508.2801	Glycerophospholipids	Glycerophosphoglycerols	LPG								LPG 18:2/0:0																																	0
1-docosapentaenoyl-GPC (22:5n6)	-	-	-	-	-	-	-		-	-		-	-	-					CHEBI:74348	CHEBI:74348	CHEBI:74348	CHEBI:74348										CHEBI:74348							CHEBI:74348						CHEBI:58168	R-HSA-111995,R-HSA-1482839,R-HSA-2142753,R-HSA-6814848	4
3-methylcytidine	RM0044581	C10H15N3O5	257.1012	Nucleic acids	Pyrimidines	Other pyrimidines	159649	CHEBI:20129	HMDB0242131			RDPUKVRQKWBSPK-YYNOVJQHSA-N	Cn1c(=N)ccn([C@@H]2[C@@H]([C@@H]([C@@H](CO)O2)O)O)c1=O	3-Methylcytidine					CHEBI:20129	CHEBI:20129	CHEBI:20129	CHEBI:20129										CHEBI:20129							CHEBI:20129								0
1-stearoyl-GPI (18:0)	RM0034220	C27H53O12P	600.3275	Glycerophospholipids	Glycerophosphoinositols	LPI								LPI 18:0/0:0																																	0
lysine	RM0135903	C6H14N2O2	146.1055	Organic acids	Amino acids and peptides	Amino acids	5962	CHEBI:18019	HMDB0000182		C00047	KDXKERNSBIXSRK-YFKPBYRVSA-N	C(CCN)C[C@@H](C(=O)O)N	Lysine			C00047	map01100,map01110,map01120,map01210,map01230,map00300,map00310,map00470,map00780,map00960,map00975,map00997,map01060,map01064,map00970,map02010,map04974	CHEBI:18019,CHEBI:25094	CHEBI:18019,CHEBI:25094	CHEBI:18019,CHEBI:25094	CHEBI:18019,CHEBI:25094	C00047,C16440	C00047,C16440	C00047,C16440	C00047,C16440			C00047	map01100,map01110,map01120,map01210,map01230,map00300,map00310,map00470,map00780,map00960,map00975,map00997,map01060,map01064,map00970,map02010,map04974	CHEBI:16855,CHEBI:32550,CHEBI:32551,CHEBI:32552,CHEBI:32556,CHEBI:32557,CHEBI:32558,CHEBI:32563,CHEBI:32564,CHEBI:32565,CHEBI:133538,CHEBI:194466	CHEBI:16855,CHEBI:18019,CHEBI:25094,CHEBI:32550,CHEBI:32551,CHEBI:32552,CHEBI:32556,CHEBI:32557,CHEBI:32558,CHEBI:32563,CHEBI:32564,CHEBI:32565,CHEBI:133538,CHEBI:194466	C00047,C00739,C16440	CHEBI:32551	R-HSA-196780,R-HSA-264876,R-HSA-352230,R-HSA-379716,R-HSA-379726,R-HSA-416476,R-HSA-420499,R-HSA-442660,R-HSA-5223345,R-HSA-5619094,R-HSA-5619113,R-HSA-5660883,R-HSA-5689603,R-HSA-71064	C00047,C00739	map01100,map01110,map01120,map01210,map01230,map00300,map00310,map00470,map00780,map00960,map00975,map00997,map01060,map01064,map00970,map02010,map04974,map01100,map01120,map00310,map00470		CHEBI:16855,CHEBI:18019,CHEBI:25094,CHEBI:32550,CHEBI:32551,CHEBI:32552,CHEBI:32556,CHEBI:32557,CHEBI:32558,CHEBI:32563,CHEBI:32564,CHEBI:32565,CHEBI:133538,CHEBI:194466	C00047,C00739,C16440	CHEBI:32551	R-HSA-196780,R-HSA-264876,R-HSA-352230,R-HSA-379716,R-HSA-379726,R-HSA-416476,R-HSA-420499,R-HSA-442660,R-HSA-5223345,R-HSA-5619094,R-HSA-5619113,R-HSA-5660883,R-HSA-5689603,R-HSA-71064	C00047,C00739	map01100,map01110,map01120,map01210,map01230,map00300,map00310,map00470,map00780,map00960,map00975,map00997,map01060,map01064,map00970,map02010,map04974,map01100,map01120,map00310,map00470			0
1-myristoyl-2-palmitoyl-GPC (14:0/16:0)	RM0135042	C38H76NO8P	705.5309	Glycerophospholipids	Glycerophosphocholines	PC	129657	CHEBI:75062	HMDB0007869	LMGP01010481		RFVFQQWKPSOBED-PSXMRANNSA-N	CCCCCCCCCCCCCCCC(=O)O[C@H](COC(=O)CCCCCCCCCCCCC)COP(=O)([O-])OCC[N+](C)(C)C	PC 14:0/16:0					CHEBI:75062	CHEBI:75062	CHEBI:75062	CHEBI:75062										CHEBI:75062							CHEBI:75062						CHEBI:57643	R-HSA-111995,R-HSA-1369062,R-HSA-1482788,R-HSA-1482798,R-HSA-1482839,R-HSA-1483101,R-HSA-1483148,R-HSA-1483166,R-HSA-1483191,R-HSA-1483196,R-HSA-1660661,R-HSA-2029485,R-HSA-2142753,R-HSA-382556,R-HSA-5678771,R-HSA-5683678,R-HSA-5683826,R-HSA-5688399,R-HSA-6811436,R-HSA-8964058,R-HSA-9680350	21
2-arachidonoyl-GPE (20:4)	RM0163352	C25H44NO7P	501.2855	Glycerophospholipids	Glycerophosphoethanolamines	LPE								LPE 0:0/20:4																																	0
gamma-glutamylleucine	RM0012894	C11H20N2O5	260.1372	Organic acids	Amino acids and peptides	Dipeptides	151023	CHEBI:68433	HMDB0011171			MYFMARDICOWMQP-YUMQZZPRSA-N	CC(C)C[C@@H](C(=O)O)NC(=O)CC[C@@H](C(=O)O)N	gamma-Glutamylleucine								CHEBI:68433									CHEBI:133038	CHEBI:68433,CHEBI:133038							CHEBI:68433,CHEBI:133038						CHEBI:46761	R-HSA-427975	1
cis-3,4-methyleneheptanoylcarnitine	RM0205125	C15H27NO4	285.1940	Fatty Acyls	Fatty esters	Acyl carnitines				LMFA07070135		LNGSHJPPGDBEPT-WXRRBKDZSA-N	O(C(CC1CC1CCC)=O)[C@](CC([O-])=O)(C[N+](C)(C)C)[H]	CAR 8:1;[3-5cy3:0]					CHEBI:233477	CHEBI:233477	CHEBI:233477	CHEBI:233477										CHEBI:233477							CHEBI:233477								0
arabonate	RM0135974	C5H10O6	166.0477	Carbohydrates	Monosaccharides	Sugar acids	122045	CHEBI:20912	HMDB0000539		C00878	QXKAIJAYHKCRRA-JJYYJPOSSA-N	C([C@H]([C@H]([C@@H](C(=O)O)O)O)O)O	Arabinonic acid			C00878	map01100,map00053	CHEBI:33509	CHEBI:33509	CHEBI:33509	CHEBI:20912,CHEBI:33509	C00878	C00878	C00878	C00878			C00878	map01100,map00053	CHEBI:16157,CHEBI:16501,CHEBI:33510	CHEBI:16157,CHEBI:16501,CHEBI:20912,CHEBI:33509,CHEBI:33510	C00545,C00878			C00545,C00878	map01100,map00053,map01100,map00053		CHEBI:16157,CHEBI:16501,CHEBI:20912,CHEBI:33509,CHEBI:33510	C00545,C00878			C00545,C00878	map01100,map00053,map01100,map00053	CHEBI:33575	R-HSA-6809371	1
ursodeoxycholate	RM0160855	C24H40O4	392.2927	Sterol Lipids	Bile acids	C24 bile acids	31401	CHEBI:9907	HMDB0000946	LMST04010033	C07880	RUDATBOHQWOJDD-UZVSRGJWSA-N	C[C@H](CCC(=O)O)[C@H]1CC[C@H]2[C@H]3[C@H](CC[C@]12C)[C@@]1(C)CC[C@H](C[C@H]1C[C@@H]3O)O	Ursodeoxycholic acid			C07880	map00121	CHEBI:9907,CHEBI:9907,CHEBI:78604	CHEBI:9907,CHEBI:9907,CHEBI:78604	CHEBI:9907,CHEBI:9907,CHEBI:78604	CHEBI:9907,CHEBI:78604	C07880	C07880	C07880	C07880			C07880	map00121		CHEBI:9907,CHEBI:78604	C07880			C07880	map00121		CHEBI:9907,CHEBI:78604	C07880			C07880	map00121	CHEBI:25696,CHEBI:35341	R-HSA-196071,R-HSA-382556,R-HSA-428643,R-HSA-5690338	4
2'-O-methyluridine	RM0137001	C10H14N2O6	258.0852	Nucleic acids	Pyrimidines	Other pyrimidines	102212	CHEBI:19227	HMDB0240328			SXUXMRMBWZCMEN-ZOQUXTDFSA-N	CO[C@@H]1[C@@H]([C@@H](CO)O[C@H]1n1ccc(=O)[nH]c1=O)O	2'-O-Methyluridine					CHEBI:19227	CHEBI:19227	CHEBI:19227	CHEBI:19227										CHEBI:19227							CHEBI:19227								0
1-oleoyl-GPG (18:1)	RM0007326	C24H47O9P	510.2958	Glycerophospholipids	Glycerophosphoglycerols	LPG								LPG 18:1/0:0						CHEBI:136219	CHEBI:136219	CHEBI:136219										CHEBI:136219							CHEBI:136219						CHEBI:62747	R-HSA-1482925	1
1-dihomo-linolenoyl-GPE (20:3n3 or 6)	RM0048673	C25H46NO7P	503.3012	Glycerophospholipids	Glycerophosphoethanolamines	LPE								LPE 20:3/0:0					CHEBI:143227	CHEBI:133710,CHEBI:143227,CHEBI:143227	CHEBI:143227,CHEBI:133710	CHEBI:133710,CHEBI:143227										CHEBI:133710,CHEBI:143227						CHEBI:145285	CHEBI:133710,CHEBI:143227,CHEBI:145285						CHEBI:36314	R-HSA-1482788	1
leucylphenylalanine	RM0039120	C15H22N2O3	278.1630	Organic acids	Amino acids and peptides	Dipeptides	6992310	CHEBI:73585	HMDB0013243		C11221	KFKWRHQBZQICHA-STQMWFEESA-N	CC(C)C[C@@H](C(=O)N[C@@H](Cc1ccccc1)C(=O)O)N	Leu-Phe			C11221	map04613	CHEBI:73585	CHEBI:73585	CHEBI:73585	CHEBI:73585	C11221	C11221	C11221	C11221			C11221	map04613	CHEBI:233080	CHEBI:73585,CHEBI:233080	C11221			C11221	map04613		CHEBI:73585,CHEBI:233080	C11221			C11221	map04613	CHEBI:46761	R-HSA-427975	1
pregnenediol disulfate (C21H34O8S2)	RM0224159	C21H34O8S2	478.1695	Sterol Lipids	Steroids	C21 Steroids	177679410					SFWAHNPYTQLNLU-YZXCLFAISA-N	C[C@@H]([C@H]1CC[C@H]2[C@@H]3CC=C4C[C@H](CC[C@]4(C)[C@H]3CC[C@]12C)OS(=O)(=O)O)OS(=O)(=O)O	Pregnenediol disulfate					CHEBI:233698	CHEBI:233698	CHEBI:233698	CHEBI:233698										CHEBI:233698							CHEBI:233698						CHEBI:35341	R-HSA-196071	1
taurocholenate sulfate	RM0125958	C26H43NO10S2	593.2328	Sterol Lipids	Bile acids	C24 bile acids	145453483	CHEBI:166739				XAKPZMCDWJGODD-PEVINSJUSA-N	C[C@H](/C=C/C(=O)NCCS(=O)(=O)O)[C@H]1CC[C@H]2[C@H]3[C@H](C[C@@H]([C@]12C)O)[C@@]1(C)CC[C@H](C[C@H]1C[C@H]3O)OS(=O)(=O)O	Taurocholenate sulfate					CHEBI:166739	CHEBI:166739	CHEBI:166739	CHEBI:166739										CHEBI:166739							CHEBI:166739						CHEBI:35341	R-HSA-196071	1
2-butenoylglycine	RM0137488	C6H9NO3	143.0582	Organic acids	Amino acids and peptides	Amino acids	6303498	CHEBI:165848				WWJXRJJBIVSSNF-NSCUHMNNSA-N	C/C=C/C(=O)NCC(=O)O	2-Butenoylglycine					CHEBI:165848	CHEBI:165848	CHEBI:165848	CHEBI:165848										CHEBI:165848							CHEBI:165848						CHEBI:33575	R-HSA-6809371	1
1-dihomo-linolenylglycerol (20:3)	RM0002286	C23H40O4	380.2927	Glycerolipids	Monoradylglycerols	MAG								MG 20:3/0:0/0:0																																	0
1-stearoyl-2-docosapentaenoyl-GPC (18:0/22:5n6)	RM0133612	C48H86NO8P	835.6091	Glycerophospholipids	Glycerophosphocholines	PC	24778871	CHEBI:73865	HMDB0008055	LMGP01010816		GLPAGCOJQYNMCC-NEEAVLKMSA-N	CCCCC/C=CC/C=CC/C=CC/C=CC/C=CCCC(=O)O[C@H](COC(=O)CCCCCCCCCCCCCCCCC)COP(=O)([O-])OCC[N+](C)(C)C	PC 18:0/22:5(4Z,7Z,10Z,13Z,16Z)					CHEBI:73865	CHEBI:73865,CHEBI:73865	CHEBI:73865	CHEBI:73865										CHEBI:73865							CHEBI:73865						CHEBI:57643	R-HSA-111995,R-HSA-1369062,R-HSA-1482788,R-HSA-1482798,R-HSA-1482839,R-HSA-1483101,R-HSA-1483148,R-HSA-1483166,R-HSA-1483191,R-HSA-1483196,R-HSA-1660661,R-HSA-2029485,R-HSA-2142753,R-HSA-382556,R-HSA-5678771,R-HSA-5683678,R-HSA-5683826,R-HSA-5688399,R-HSA-6811436,R-HSA-8964058,R-HSA-9680350	21
pyroglutamylalanine	RM0188089	C8H12N2O4	200.0797	Organic acids	Amino acids and peptides	Dipeptides	159907					YIJVJUARZXCJJP-WHFBIAKZSA-N	C[C@@H](C(=O)O)NC(=O)[C@@H]1CCC(=O)N1	Pyroglutamylalanine																																	0
1-ribosyl-imidazoleacetate	RM0138950	C10H14N2O6	258.0852	Nucleic acids	Imidazoles	1-ribosyl-imidazole carboxamides	440569	CHEBI:141	HMDB0002331		C05131	AHPWEWASPTZMEK-PEBGCTIMSA-N	C(c1cn(cn1)[C@H]1[C@@H]([C@@H]([C@@H](CO)O1)O)O)C(=O)O	Imidazoleacetic acid riboside			C05131	map00340				CHEBI:141	C05131	C05131	C05131	C05131			C05131	map00340		CHEBI:141	C05131			C05131	map00340		CHEBI:141	C05131			C05131	map00340			0
eugenol sulfate	RM0028322	C10H12O5S	244.0405	Organic acids	Phenylpropanoids	Cinnamic acids	180632	CHEBI:133570	HMDB0135245			XWAZTQUZONPJEW-UHFFFAOYSA-N	C=CCc1ccc(c(c1)OC)OS(=O)(=O)O	Eugenol sulfate					CHEBI:133570	CHEBI:133570	CHEBI:133570	CHEBI:133570									CHEBI:133571	CHEBI:133570,CHEBI:133571							CHEBI:133570,CHEBI:133571								0
phenylacetylcarnitine	RM0188070	C15H22NO4	280.1549	Benzenoids	Benzenes	Benzoic acid esters	101724840		HMDB0242104			DZTZJNGATJMDSH-CYBMUJFWSA-O	C[N+](C)(C)C[C@@H](CC(=O)O)OC(=O)Cc1ccccc1	Phenacetylcarnitine																																	0
gamma-glutamylthreonine	RM0052735	C9H16N2O6	248.1008	Organic acids	Amino acids and peptides	Dipeptides	53861142	CHEBI:133747	HMDB0029159			GWNXFCYUJXASDX-ZDLURKLDSA-N	C[C@H]([C@@H](C(=O)O)NC(=O)CC[C@@H](C(=O)O)N)O	gamma-Glutamylthreonine					CHEBI:82968	CHEBI:82968	CHEBI:82968	CHEBI:82968,CHEBI:133747									CHEBI:133717	CHEBI:82968,CHEBI:133717,CHEBI:133747							CHEBI:82968,CHEBI:133717,CHEBI:133747						CHEBI:46761	R-HSA-427975	1
succinate	RM0134982	C4H6O4	118.0266	Organic acids	TCA acids	TCA acids	1110	CHEBI:15741	HMDB0000254	LMFA01170043	C00042	KDYFGRWQOYBRFD-UHFFFAOYSA-N	C(CC(=O)O)C(=O)O	Succinic acid			C00042	map01100,map01110,map01120,map01200,map01220,map00020,map00620,map00630,map00640,map00650,map00190,map00720,map00920,map00250,map00310,map00350,map00360,map00760,map00361,map01060,map01061,map01062,map01063,map01064,map01065,map01066,map01070,map02020,map04024,map04922,map04727,map05230	CHEBI:15741,CHEBI:15741,CHEBI:15741,CHEBI:26806,CHEBI:30031	CHEBI:15741,CHEBI:15741,CHEBI:15741,CHEBI:26806,CHEBI:30031	CHEBI:15741,CHEBI:15741,CHEBI:15741,CHEBI:26806,CHEBI:30031	CHEBI:15741,CHEBI:26806,CHEBI:30031	C00042	C00042	C00042	C00042	CHEBI:30031	R-HSA-112122,R-HSA-112126,R-HSA-1234174,R-HSA-1234176,R-HSA-1234176,R-HSA-1650814,R-HSA-2299718,R-HSA-2559580,R-HSA-3214842,R-HSA-373076,R-HSA-389599,R-HSA-418594,R-HSA-5221030,R-HSA-5625886,R-HSA-611105,R-HSA-6782861,R-HSA-71262,R-HSA-71403,R-HSA-73943,R-HSA-77108,R-HSA-916853,R-HSA-9629569,R-HSA-9629569,R-HSA-9821002,R-HSA-9918432,R-HSA-9955298	C00042	map01100,map01110,map01120,map01200,map01220,map00020,map00620,map00630,map00640,map00650,map00190,map00720,map00920,map00250,map00310,map00350,map00360,map00760,map00361,map01060,map01061,map01062,map01063,map01064,map01065,map01066,map01070,map02020,map04024,map04922,map04727,map05230	CHEBI:30779	CHEBI:15741,CHEBI:26806,CHEBI:30031,CHEBI:30779	C00042	CHEBI:30031	R-HSA-112122,R-HSA-112126,R-HSA-1234174,R-HSA-1234176,R-HSA-1234176,R-HSA-1650814,R-HSA-2299718,R-HSA-2559580,R-HSA-3214842,R-HSA-373076,R-HSA-389599,R-HSA-418594,R-HSA-5221030,R-HSA-5625886,R-HSA-611105,R-HSA-6782861,R-HSA-71262,R-HSA-71403,R-HSA-73943,R-HSA-77108,R-HSA-916853,R-HSA-9629569,R-HSA-9629569,R-HSA-9821002,R-HSA-9918432,R-HSA-9955298	C00042	map01100,map01110,map01120,map01200,map01220,map00020,map00620,map00630,map00640,map00650,map00190,map00720,map00920,map00250,map00310,map00350,map00360,map00760,map00361,map01060,map01061,map01062,map01063,map01064,map01065,map01066,map01070,map02020,map04024,map04922,map04727,map05230		CHEBI:15741,CHEBI:26806,CHEBI:30031,CHEBI:30779	C00042	CHEBI:30031	R-HSA-112122,R-HSA-112126,R-HSA-1234174,R-HSA-1234176,R-HSA-1234176,R-HSA-1650814,R-HSA-2299718,R-HSA-2559580,R-HSA-3214842,R-HSA-373076,R-HSA-389599,R-HSA-418594,R-HSA-5221030,R-HSA-5625886,R-HSA-611105,R-HSA-6782861,R-HSA-71262,R-HSA-71403,R-HSA-73943,R-HSA-77108,R-HSA-916853,R-HSA-9629569,R-HSA-9629569,R-HSA-9821002,R-HSA-9918432,R-HSA-9955298	C00042	map01100,map01110,map01120,map01200,map01220,map00020,map00620,map00630,map00640,map00650,map00190,map00720,map00920,map00250,map00310,map00350,map00360,map00760,map00361,map01060,map01061,map01062,map01063,map01064,map01065,map01066,map01070,map02020,map04024,map04922,map04727,map05230			0
2-naphthol sulfate	RM0002584	C10H8O4S	224.0143	Benzenoids	Naphthalenes	Naphthalenes	74428	CHEBI:167215	HMDB0242152			HXEZIDSFDHEIIQ-UHFFFAOYSA-N	c1ccc2cc(ccc2c1)OS(=O)(=O)O	2-Naphthyl sulfate					CHEBI:167170,CHEBI:167215	CHEBI:167170,CHEBI:167215	CHEBI:167170,CHEBI:167215	CHEBI:167170,CHEBI:167215										CHEBI:167170,CHEBI:167215							CHEBI:167170,CHEBI:167215						CHEBI:25696	R-HSA-382556,R-HSA-428643,R-HSA-5690338	3
5alpha-androstan-3beta,17alpha-diol disulfate	RM0125913	C19H32O8S2	452.1539	Sterol Lipids	Steroids	C19 Steroids	90186425	CHEBI:133112	HMDB0240625			JHFAETDERBWUOO-MFXFBURESA-N	C[C@]12CC[C@@H](C[C@@H]1CC[C@H]1[C@@H]3CC[C@H]([C@@]3(C)CC[C@H]21)OS(=O)(=O)O)OS(=O)(=O)O	5alpha-Androstan-3beta,17alpha-diol disulfate					CHEBI:133111	CHEBI:133111	CHEBI:133111	CHEBI:133111,CHEBI:133112									CHEBI:133113	CHEBI:133111,CHEBI:133112,CHEBI:133113							CHEBI:133111,CHEBI:133112,CHEBI:133113						CHEBI:35341,CHEBI:59696	R-HSA-196071	1
N-oleoyltaurine	RM0153359	C20H39NO4S	389.2600	Fatty Acyls	Fatty amides	N-acyl amines	6437033	CHEBI:146206	HMDB0242113	LMFA08020081		KOGRJTUIKPMZEJ-KTKRTIGZSA-N	CCCCCCCC/C=C\CCCCCCCC(=O)NCCS(=O)(=O)O	NA-Taurine 18:1(9Z)					CHEBI:146206	CHEBI:146206	CHEBI:146206	CHEBI:146206									CHEBI:146191	CHEBI:146191,CHEBI:146206							CHEBI:146191,CHEBI:146206								0
metabolonic lactone sulfate	-	-	-	-	-	-	-		-	-		-	-	-																																	0
2'-O-methylcytidine	RM0043640	C10H15N3O5	257.1012	Nucleic acids	Pyrimidines	Other pyrimidines	150971	CHEBI:19228	HMDB0242132			RFCQJGFZUQFYRF-ZOQUXTDFSA-N	CO[C@@H]1[C@@H]([C@@H](CO)O[C@H]1n1ccc(N)nc1=O)O	2'-O-Methylcytidine					CHEBI:19228	CHEBI:19228	CHEBI:19228	CHEBI:19228										CHEBI:19228							CHEBI:19228								0
cyclo(ala-pro)	RM0156123	C8H12N2O2	168.0899	Organic acids	Amino acids and peptides	Cyclic dipeptides	13879951	CHEBI:178074				WSLYCILIEOFQPK-WDSKDSINSA-N	C[C@H]1C(=O)N2CCC[C@H]2C(=O)N1	Cyclo(Ala-Pro)								CHEBI:178074										CHEBI:178074							CHEBI:178074								0
creatinine	RM0028430	C4H7N3O	113.0589	Organoheterocyclic compounds	Azoles	Imidazolines	137319715	CHEBI:16737	HMDB0000562		C00791	DDRJAANPRJIHGJ-UHFFFAOYSA-N	CN1CC(=O)NC1=N	Creatinine	CHEBI:16737	R-HSA-549127,R-HSA-71288	C00791	map01100,map00330	CHEBI:16737,CHEBI:16737	CHEBI:16737,CHEBI:16737	CHEBI:16737,CHEBI:16737	CHEBI:16737	C00791	C00791	C00791	C00791	CHEBI:16737	R-HSA-549127,R-HSA-71288	C00791	map01100,map00330		CHEBI:16737	C00791	CHEBI:16737	R-HSA-549127,R-HSA-71288	C00791	map01100,map00330		CHEBI:16737	C00791	CHEBI:16737	R-HSA-549127,R-HSA-71288	C00791	map01100,map00330			0
5-acetylamino-6-formylamino-3-methyluracil	RM0136346	C8H10N4O4	226.0702	Organic nitrogen compounds	Organonitrogen compounds	N-arylamides	108214	CHEBI:32643	HMDB0011105		C16365	RDZNZFGKEVDNPK-UHFFFAOYSA-N	CC(=O)Nc1c(NC=O)[nH]c(=O)n(C)c1=O	5-Acetylamino-6-formylamino-3-methyluracil	CHEBI:32643	R-HSA-156582	C16365	map01100,map01110,map00232	CHEBI:32643	CHEBI:32643	CHEBI:32643	CHEBI:32643	C16365	C16365	C16365	C16365	CHEBI:32643	R-HSA-156582	C16365	map01100,map01110,map00232		CHEBI:32643	C16365	CHEBI:32643	R-HSA-156582	C16365	map01100,map01110,map00232		CHEBI:32643	C16365	CHEBI:32643	R-HSA-156582	C16365	map01100,map01110,map00232			0
lithocholate sulfate	RM0001781	C24H40O6S	456.2546	Sterol Lipids	Bile acids	C24 bile acids	451489	CHEBI:35421	HMDB0000907	LMST05020015		AXDXVEYHEODSPN-HVATVPOCSA-N	C[C@H](CCC(=O)O)[C@H]1CC[C@H]2[C@@H]3CC[C@@H]4C[C@@H](CC[C@]4(C)[C@H]3CC[C@]12C)OS(=O)(=O)O	Lithocholic acid 3-sulfate					CHEBI:35421	CHEBI:35421	CHEBI:35421	CHEBI:35421									CHEBI:133940	CHEBI:35421,CHEBI:133940		CHEBI:133940	R-HSA-156584				CHEBI:35421,CHEBI:133940		CHEBI:133940	R-HSA-156584					0
deoxycarnitine	RM0136342	C7H15NO2	145.1103	Fatty Acyls	Fatty esters	Acyl carnitines	725	CHEBI:16244	HMDB0001161		C01181	JHPNVNIEXXLNTR-UHFFFAOYSA-N	C[N+](C)(C)CCCC(=O)[O-]	3-Dehydroxycarnitine	CHEBI:16244	R-HSA-71262	C01181	map01100,map00310,map02010	CHEBI:16244	CHEBI:16244	CHEBI:16244	CHEBI:16244	C01181	C01181	C01181	C01181	CHEBI:16244	R-HSA-71262	C01181	map01100,map00310,map02010	CHEBI:1941	CHEBI:1941,CHEBI:16244	C01181	CHEBI:16244	R-HSA-71262	C01181	map01100,map00310,map02010		CHEBI:1941,CHEBI:16244	C01181	CHEBI:16244	R-HSA-71262	C01181	map01100,map00310,map02010			0
N-acetyl-1-methylhistidine	RM0137481	C9H13N3O3	211.0957	Organic acids	Amino acids and peptides	Amino acids	193270	CHEBI:133183	HMDB0240341			FKTXRTPBUWLETL-QMMMGPOBSA-N	CC(=O)N[C@@H](Cc1cncn1C)C(=O)O	N-Acetyl-3-methylhistidine					CHEBI:133183,CHEBI:133181,CHEBI:133182	CHEBI:133183,CHEBI:133181,CHEBI:133182	CHEBI:133183,CHEBI:133181,CHEBI:133182	CHEBI:133181,CHEBI:133182,CHEBI:133183									CHEBI:133184	CHEBI:133181,CHEBI:133182,CHEBI:133183,CHEBI:133184							CHEBI:133181,CHEBI:133182,CHEBI:133183,CHEBI:133184						CHEBI:25696,CHEBI:33575	R-HSA-382556,R-HSA-428643,R-HSA-5690338,R-HSA-6809371	4
3-methylglutarylcarnitine	RM0154056	C13H23NO6	289.1525	Fatty Acyls	Fatty esters	Acyl carnitines	128145	CHEBI:70857	HMDB0000552			HFCPFJNSBPQJDP-UHFFFAOYSA-N	CC(CC(=O)[O-])CC(=O)OC(CC(=O)O)C[N+](C)(C)C	CAR DC5:0;3Me								CHEBI:70857										CHEBI:70857						CHEBI:85522	CHEBI:70857,CHEBI:85522								0
sphingomyelin (d18:2/24:2)	RM0008933	C47H89N2O6P	808.6458	Sphingolipids	Phosphosphingolipids	SM								SM 18:2;O2/24:2						CHEBI:233154	CHEBI:233154	CHEBI:233154										CHEBI:233154							CHEBI:233154						CHEBI:64583	R-HSA-1660661	1
argininate	RM0136208	C6H13N3O3	175.0957	Organic acids	Carboxylic acids	Carboxylic acids	160437	CHEBI:90000	HMDB0003148			BMFMQGXDDJALKQ-BYPYZUCNSA-N	C(C[C@@H](C(=O)O)O)CNC(=N)N	Argininic acid					CHEBI:90000,CHEBI:32695	CHEBI:90000,CHEBI:32695	CHEBI:90000,CHEBI:32695	CHEBI:32695,CHEBI:90000									CHEBI:29016,CHEBI:32696,CHEBI:32697	CHEBI:29016,CHEBI:32695,CHEBI:32696,CHEBI:32697,CHEBI:90000	C02385					CHEBI:15816,CHEBI:16467,CHEBI:32681,CHEBI:32682,CHEBI:32683,CHEBI:32688,CHEBI:32689,CHEBI:32690,CHEBI:192075	CHEBI:15816,CHEBI:16467,CHEBI:29016,CHEBI:32681,CHEBI:32682,CHEBI:32683,CHEBI:32688,CHEBI:32689,CHEBI:32690,CHEBI:32695,CHEBI:32696,CHEBI:32697,CHEBI:90000,CHEBI:192075	C00062,C00792,C02385	CHEBI:32682	R-HSA-1222556,R-HSA-165159,R-HSA-203615,R-HSA-211945,R-HSA-264876,R-HSA-351143,R-HSA-352230,R-HSA-379716,R-HSA-379726,R-HSA-392154,R-HSA-416476,R-HSA-420499,R-HSA-442660,R-HSA-5218920,R-HSA-5223345,R-HSA-5619094,R-HSA-5619113,R-HSA-5660862,R-HSA-5660883,R-HSA-5676934,R-HSA-70635,R-HSA-71288,R-HSA-9009391,R-HSA-9639288,R-HSA-9955693,R-HSA-9956514	C00062,C00792	map01100,map01110,map01230,map00220,map00330,map00470,map00261,map00331,map00998,map01060,map01064,map00970,map02010,map04150,map04148,map04974,map05230,map05146,map05142,map05014,map05022,map01100,map00470			0
taurolithocholate 3-sulfate	RM0135843	C26H45NO8S2	563.2587	Sterol Lipids	Bile acids	C24 bile acids	440071	CHEBI:17864	HMDB0002580	LMST05020003	C03642	HSNPMXROZIQAQD-GBURMNQMSA-N	C[C@H](CCC(=O)NCCS(=O)(=O)O)[C@H]1CC[C@H]2[C@@H]3CC[C@@H]4C[C@@H](CC[C@]4(C)[C@H]3CC[C@]12C)OS(=O)(=O)O	Taurolithocholic acid 3-sulfate	CHEBI:17864	R-HSA-156584,R-HSA-9958517	C03642	map04976	CHEBI:17864,CHEBI:58301	CHEBI:17864,CHEBI:58301	CHEBI:17864,CHEBI:58301	CHEBI:17864,CHEBI:58301	C03642	C03642	C03642	C03642	CHEBI:17864	R-HSA-156584,R-HSA-9958517	C03642	map04976		CHEBI:17864,CHEBI:58301	C03642	CHEBI:17864	R-HSA-156584,R-HSA-9958517	C03642	map04976		CHEBI:17864,CHEBI:58301	C03642	CHEBI:17864	R-HSA-156584,R-HSA-9958517	C03642	map04976			0
1-palmitoyl-GPE (16:0)	RM0163373	C21H44NO7P	453.2855	Glycerophospholipids	Glycerophosphoethanolamines	LPE								LPE 16:0/0:0					CHEBI:73004	CHEBI:73134,CHEBI:73004	CHEBI:73134,CHEBI:73004	CHEBI:73004,CHEBI:73134										CHEBI:73004,CHEBI:73134							CHEBI:73004,CHEBI:73134						CHEBI:29017	R-HSA-1482798,R-HSA-1482839,R-HSA-1483152	3
pimeloylcarnitine	RM0153555	C14H25NO6	303.1682	Fatty Acyls	Fatty esters	Acyl carnitines	91825640	CHEBI:85525	HMDB0013328			NTBUXPPQHCFLOM-LLVKDONJSA-N	C[N+](C)(C)C[C@@H](CC(=O)[O-])OC(=O)CCCCCC(=O)O	CAR DC7:0					CHEBI:73049	CHEBI:165629,CHEBI:73049	CHEBI:165629,CHEBI:73049	CHEBI:73049,CHEBI:85525,CHEBI:165629										CHEBI:73049,CHEBI:85525,CHEBI:165629							CHEBI:73049,CHEBI:85525,CHEBI:165629								0
1-palmityl-2-oleoyl-GPC (O-16:0/18:1)	RM0053359	C42H84NO7P	745.5985	Glycerophospholipids	Glycerophosphocholines	O-PC								PC O-16:0/18:1					CHEBI:34112	CHEBI:136119,CHEBI:34112	CHEBI:136119,CHEBI:34112	CHEBI:34112,CHEBI:136119	C13894	C13894	C13894	C13894						CHEBI:34112,CHEBI:136119	C13894						CHEBI:34112,CHEBI:136119	C13894					CHEBI:36313	R-HSA-1482788	1
acetylcarnitine (C2)	RM0154009	C9H17NO4	203.1158	Fatty Acyls	Fatty esters	Acyl carnitines	18230	CHEBI:86045	HMDB0240771	LMFA07070049		RDHQFKQIGNGIED-QMMMGPOBSA-N	CC(=O)O[C@@H](CC(=O)[O-])C[N+](C)(C)C	CAR 2:0								CHEBI:86045									CHEBI:57589	CHEBI:57589,CHEBI:86045	C02571	CHEBI:57589	R-HSA-200425,R-HSA-389887	C02571	map04931		CHEBI:57589,CHEBI:86045	C02571	CHEBI:57589	R-HSA-200425,R-HSA-389887	C02571	map04931			0
pregnenetriol disulfate	-	-	-	-	-	-	-		-	-		-	-	-					CHEBI:233699	CHEBI:233699	CHEBI:233699	CHEBI:233699										CHEBI:233699							CHEBI:233699						CHEBI:35341	R-HSA-196071	1
12,13-DiHOME	RM0138124	C18H34O4	314.2457	Fatty Acyls	Octadecanoids	DiHOME	10236635	CHEBI:72665	HMDB0004705	LMFA02000230	C14829	CQSLTKIXAJTQGA-FLIBITNWSA-N	CCCCCC(C(C/C=C\CCCCCCCC(=O)O)O)O	12,13-DiHOME			C14829	map00591	CHEBI:72665	CHEBI:72665	CHEBI:72665	CHEBI:72665	C14829	C14829	C14829	C14829			C14829	map00591	CHEBI:84028	CHEBI:72665,CHEBI:84028	C14829			C14829	map00591		CHEBI:72665,CHEBI:84028	C14829			C14829	map00591	CHEBI:15904,CHEBI:24654	R-HSA-1369062,R-HSA-192456,R-HSA-3000471,R-HSA-3000480,R-HSA-3000484,R-HSA-390247,R-HSA-5684045,R-HSA-5686938,R-HSA-77289,R-HSA-8963901,R-HSA-8964058,R-HSA-975634	12
3-(4-hydroxyphenyl)lactate	RM0052813	C9H10O4	182.0579	Organic acids	Phenylpropanoids	Cinnamic acids	440177	CHEBI:16003	HMDB0000755			JVGVDSSUAVXRDY-MRVPVSSYSA-N	c1cc(ccc1C[C@H](C(=O)O)O)O	Hydroxyphenyllactic acid					CHEBI:36659,CHEBI:36659	CHEBI:36659,CHEBI:36659	CHEBI:36659	CHEBI:16003,CHEBI:36659	C03672,C03964	C03672,C03964	C03672,C03964	C03672,C03964			C03964	map01100,map01110,map00350,map00130	CHEBI:10980,CHEBI:17385	CHEBI:10980,CHEBI:16003,CHEBI:17385,CHEBI:36659	C03672,C03964			C03964	map01100,map01110,map00350,map00130		CHEBI:10980,CHEBI:16003,CHEBI:17385,CHEBI:36659	C03672,C03964			C03964	map01100,map01110,map00350,map00130	CHEBI:25696,CHEBI:33575	R-HSA-382556,R-HSA-428643,R-HSA-5690338,R-HSA-6809371	4
gamma-glutamylvaline	RM0137112	C10H18N2O5	246.1216	Organic acids	Amino acids and peptides	Dipeptides	7015683	CHEBI:68848	HMDB0011172			AQAKHZVPOOGUCK-XPUUQOCRSA-N	CC(C)[C@@H](C(=O)O)NC(=O)CC[C@@H](C(=O)O)N	gamma-Glutamylvaline					CHEBI:68848	CHEBI:68848	CHEBI:68848	CHEBI:68848									CHEBI:133642	CHEBI:68848,CHEBI:133642							CHEBI:68848,CHEBI:133642						CHEBI:46761	R-HSA-427975	1
deoxycholic acid 12-sulfate	RM0205117	C24H40O7S	472.2495	Sterol Lipids	Bile acids	C24 bile acids	156253313	CHEBI:233494				GMRIQHBJNVMHJA-LLQZFEROSA-N	C[C@H](CCC(=O)O)[C@H]1CC[C@H]2[C@@H]3CC[C@@H]4C[C@@H](CC[C@]4(C)[C@H]3C[C@@H]([C@]12C)OS(=O)(=O)O)O	Deoxycholic acid 12-sulfate					CHEBI:233494	CHEBI:233494	CHEBI:233494	CHEBI:233494										CHEBI:233494							CHEBI:233494						CHEBI:35341	R-HSA-196071	1
imidazole lactate	RM0136144	C6H8N2O3	156.0535	Alkaloids	Histidine alkaloids	Imidazole alkaloids	459122	CHEBI:70808	HMDB0002320		C05568	JTYMXXCJQKGGFG-UHFFFAOYSA-N	c1cn(CC(C(=O)O)O)cn1	Imidazolelactic acid			C05568	map01100,map00340	CHEBI:24773,CHEBI:27487	CHEBI:24773,CHEBI:27487	CHEBI:24773,CHEBI:27487	CHEBI:24773,CHEBI:27487,CHEBI:70808	C05568	C05568	C05568	C05568			C05568	map01100,map00340		CHEBI:24773,CHEBI:27487,CHEBI:70808	C05568			C05568	map01100,map00340	CHEBI:16373,CHEBI:57752	CHEBI:16373,CHEBI:24773,CHEBI:27487,CHEBI:57752,CHEBI:70808	C03817,C05568			C05568	map01100,map00340	CHEBI:25696,CHEBI:33575	R-HSA-382556,R-HSA-428643,R-HSA-5690338,R-HSA-6809371	4
isoursodeoxycholate	RM0135805	C24H40O4	392.2927	Sterol Lipids	Bile acids	C24 bile acids	127601	CHEBI:43419	HMDB0000686	LMST04010035	C17662	RUDATBOHQWOJDD-DNMBCGTGSA-N	C[C@H](CCC(=O)O)[C@H]1CC[C@H]2[C@H]3[C@H](CC[C@]12C)[C@@]1(C)CC[C@@H](C[C@H]1C[C@@H]3O)O	Isoursodeoxycholic acid			C17662	map00121	CHEBI:43419,CHEBI:43419,CHEBI:78602	CHEBI:43419,CHEBI:43419,CHEBI:78602	CHEBI:43419,CHEBI:43419,CHEBI:78602	CHEBI:43419,CHEBI:78602	C17662	C17662	C17662	C17662			C17662	map00121		CHEBI:43419,CHEBI:78602	C17662			C17662	map00121		CHEBI:43419,CHEBI:78602	C17662			C17662	map00121	CHEBI:25696,CHEBI:35341	R-HSA-196071,R-HSA-382556,R-HSA-428643,R-HSA-5690338	4
nervonoylcarnitine (C24:1)	RM0154068	C31H59NO4	509.4444	Fatty Acyls	Fatty esters	Acyl carnitines								CAR 24:1																																	0
deoxycholate	RM0126048	C24H40O4	392.2927	Sterol Lipids	Bile acids	C24 bile acids	222528	CHEBI:28834	HMDB0000626	LMST04010040	C04483	KXGVEGMKQFWNSR-LLQZFEROSA-N	C[C@H](CCC(=O)O)[C@H]1CC[C@H]2[C@@H]3CC[C@@H]4C[C@@H](CC[C@]4(C)[C@H]3C[C@@H]([C@]12C)O)O	Deoxycholic acid			C04483	map00121,map04976	CHEBI:28834,CHEBI:28834,CHEBI:23614	CHEBI:28834,CHEBI:28834,CHEBI:23614	CHEBI:28834,CHEBI:28834,CHEBI:23614	CHEBI:23614,CHEBI:28834	C04483	C04483	C04483	C04483	CHEBI:23614	R-HSA-159418,R-HSA-192105,R-HSA-193368,R-HSA-193807,R-HSA-1989781,R-HSA-211976,R-HSA-373076,R-HSA-418555	C04483	map00121,map04976		CHEBI:23614,CHEBI:28834	C04483	CHEBI:23614	R-HSA-159418,R-HSA-192105,R-HSA-193368,R-HSA-193807,R-HSA-1989781,R-HSA-211976,R-HSA-373076,R-HSA-418555	C04483	map00121,map04976	CHEBI:192782	CHEBI:23614,CHEBI:28834,CHEBI:192782	C04483	CHEBI:23614	R-HSA-159418,R-HSA-192105,R-HSA-193368,R-HSA-193807,R-HSA-1989781,R-HSA-211976,R-HSA-373076,R-HSA-418555	C04483	map00121,map04976			0
glycosyl ceramide (d18:2/24:1, d18:1/24:2)	RM0040060	C48H89NO8	807.6588	Sphingolipids	Glycosphingolipids	HexCer								HexCer 42:3;O2																																	0
4-methylhexanoylglutamine	-	-	-	-	-	-	-		-	-		-	-	-					CHEBI:233884	CHEBI:233884	CHEBI:233884	CHEBI:233884										CHEBI:233884							CHEBI:233884						CHEBI:33575	R-HSA-6809371	1
1-methylhistidine	RM0162041	C7H11N3O2	169.0851	Organic acids	Amino acids and peptides	Amino acids	92105	CHEBI:50599	HMDB0000001		C01152	BRMWTNUJHUMWMS-LURJTMIESA-N	Cn1cc(C[C@@H](C(=O)O)N)nc1	1-Methylhistidine			C01152	map01100,map00340	CHEBI:27596,CHEBI:50599,CHEBI:70958	CHEBI:27596,CHEBI:50599,CHEBI:70958	CHEBI:27596,CHEBI:50599,CHEBI:70958	CHEBI:27596,CHEBI:50599,CHEBI:70958	C01152	C01152	C01152	C01152			C01152	map01100,map00340	CHEBI:133608,CHEBI:143076,CHEBI:192560	CHEBI:27596,CHEBI:50599,CHEBI:70958,CHEBI:133608,CHEBI:143076,CHEBI:192560	C01152			C01152	map01100,map00340		CHEBI:27596,CHEBI:50599,CHEBI:70958,CHEBI:133608,CHEBI:143076,CHEBI:192560	C01152			C01152	map01100,map00340	CHEBI:33575	R-HSA-6809371	1
1-stearoyl-2-adrenoyl-GPC (18:0/22:4)	RM0001052	C48H88NO8P	837.6248	Glycerophospholipids	Glycerophosphocholines	PC								PC 18:0/22:4						CHEBI:136069,CHEBI:84565	CHEBI:136069,CHEBI:84565	CHEBI:84565,CHEBI:136069										CHEBI:84565,CHEBI:136069							CHEBI:84565,CHEBI:136069						CHEBI:57643	R-HSA-111995,R-HSA-1369062,R-HSA-1482788,R-HSA-1482798,R-HSA-1482839,R-HSA-1483101,R-HSA-1483148,R-HSA-1483166,R-HSA-1483191,R-HSA-1483196,R-HSA-1660661,R-HSA-2029485,R-HSA-2142753,R-HSA-382556,R-HSA-5678771,R-HSA-5683678,R-HSA-5683826,R-HSA-5688399,R-HSA-6811436,R-HSA-8964058,R-HSA-9680350	21
stearoyl sphingomyelin (d18:1/18:0)	RM0135541	C41H83N2O6P	730.5989	Sphingolipids	Phosphosphingolipids	SM	6453725	CHEBI:83358	HMDB0001348	LMSP03010001	C00550	LKQLRGMMMAHREN-YJFXYUILSA-N	CCCCCCCCCCCCCCCCCC(=O)N[C@@H](COP(=O)([O-])OCC[N+](C)(C)C)[C@@H](/C=C/CCCCCCCCCCCCC)O	SM 18:1;O2/18:0			C00550	map01100,map00600,map04071,map04217				CHEBI:83358	C00550	C00550	C00550	C00550			C00550	map01100,map00600,map04071,map04217		CHEBI:83358	C00550			C00550	map01100,map00600,map04071,map04217		CHEBI:83358	C00550			C00550	map01100,map00600,map04071,map04217	CHEBI:17636	R-HSA-1369062,R-HSA-193681,R-HSA-9840310	3
1-margaroyl-GPE (17:0)	RM0163376	C22H46NO7P	467.3012	Glycerophospholipids	Glycerophosphoethanolamines	LPE								LPE 17:0/0:0																																	0
sphingomyelin (d18:2/23:1)	RM0026317	C46H89N2O6P	796.6458	Sphingolipids	Phosphosphingolipids	SM								SM 18:2;O2/23:1						CHEBI:233153	CHEBI:233153	CHEBI:233153										CHEBI:233153							CHEBI:233153						CHEBI:64583	R-HSA-1660661	1
7-alpha-hydroxy-3-oxo-4-cholestenoate (7-Hoca)	RM0200541	C27H42O4	430.3083	Sterol Lipids	Bile acids	C27 bile acids	91746147			LMST04030242		SATGKQGFUDXGAX-SLTBQWEQSA-N	C[C@H](CCC[C@@H](C)C(=O)O)[C@H]1CC[C@H]2[C@H]3[C@H](CC[C@]12C)[C@@]1(C)CCC(=O)C=C1C[C@H]3O	7alpha-Hydroxy-3-oxo-4-cholestenoic acid					CHEBI:83036	CHEBI:83036	CHEBI:83036	CHEBI:83036									CHEBI:133803	CHEBI:83036,CHEBI:133803							CHEBI:83036,CHEBI:133803						CHEBI:33575,CHEBI:35341	R-HSA-196071,R-HSA-6809371	2
sphingomyelin (d18:2/24:1, d18:1/24:2)	RM0134109	C47H91N2O6P	810.6615	Sphingolipids	Phosphosphingolipids	SM								SM 42:3;O2																																	0
5-(galactosylhydroxy)-L-lysine	RM0132243	C12H24N2O8	324.1533	Organic acids	Amino acids and peptides	Amino acids	123986	CHEBI:37564	HMDB0242167			OWGKYELXGFKIHH-ODPZDSJBSA-N	C(C[C@@H](C(=O)O)N)C(CN)O[C@H]1[C@@H]([C@H]([C@H]([C@@H](CO)O1)O)O)O	5-(Galactosylhydroxy)-lysine								CHEBI:37564										CHEBI:37564							CHEBI:37564						CHEBI:33575	R-HSA-6809371	1
gamma-glutamylalanine	RM0136304	C8H14N2O5	218.0903	Organic acids	Amino acids and peptides	Dipeptides	440103	CHEBI:50619	HMDB0006248		C03740	WQXXXVRAFAKQJM-WHFBIAKZSA-N	C[C@@H](C(=O)O)NC(=O)CC[C@@H](C(=O)O)N	gamma-Glutamylalanine			C03740	map01100,map00480	CHEBI:133091,CHEBI:50619,CHEBI:50621	CHEBI:133091,CHEBI:50619,CHEBI:50621	CHEBI:133091,CHEBI:50619,CHEBI:50621	CHEBI:50619,CHEBI:50621,CHEBI:133091	C03740	C03740	C03740	C03740			C03740	map01100,map00480		CHEBI:50619,CHEBI:50621,CHEBI:133091	C03740			C03740	map01100,map00480	CHEBI:16834,CHEBI:57915	CHEBI:16834,CHEBI:50619,CHEBI:50621,CHEBI:57915,CHEBI:133091	C03738,C03740			C03740	map01100,map00480	CHEBI:25696,CHEBI:46761	R-HSA-382556,R-HSA-427975,R-HSA-428643,R-HSA-5690338	4
N-acetylaspartate (NAA)	RM0136005	C6H9NO5	175.0481	Organic acids	Amino acids and peptides	Amino acids	65065	CHEBI:21547	HMDB0000812		C01042	OTCCIMWXFLJLIA-BYPYZUCNSA-N	CC(=O)N[C@@H](CC(=O)O)C(=O)O	N-Acetylaspartic acid			C01042	map01100,map00250,map05215	CHEBI:21547	CHEBI:21547	CHEBI:21547	CHEBI:21547	C01042	C01042	C01042	C01042			C01042	map01100,map00250,map05215	CHEBI:16953,CHEBI:195274	CHEBI:16953,CHEBI:21547,CHEBI:195274	C01042	CHEBI:16953	R-HSA-8963693,R-HSA-8964539	C01042	map01100,map00250,map05215	CHEBI:176586	CHEBI:16953,CHEBI:21547,CHEBI:176586,CHEBI:195274	C01042	CHEBI:16953	R-HSA-8963693,R-HSA-8964539	C01042	map01100,map00250,map05215			0
ethyl alpha-glucopyranoside	RM0157203	C8H16O6	208.0947	Carbohydrates	Monosaccharides	Hexoses	9815668					WYUFTYLVLQZQNH-CBQIKETKSA-N	CCO[C@@H]1[C@@H]([C@H]([C@@H]([C@@H](CO)O1)O)O)O	Ethyl alpha-glucose					CHEBI:233902	CHEBI:233902	CHEBI:233902	CHEBI:233902										CHEBI:233902							CHEBI:233902								0
decadienedioic acid (C10:2-DC)	RM0188098	C10H14O4	198.0892	Fatty Acyls	Fatty acids	Dicarboxylic acids								Decadienedioic acid					CHEBI:232841	CHEBI:232841	CHEBI:232841	CHEBI:232841										CHEBI:232841							CHEBI:232841						CHEBI:18059,CHEBI:33575	R-HSA-1222556,R-HSA-1369062,R-HSA-5682294,R-HSA-6809371,R-HSA-804914,R-HSA-8941413	6
N2-acetyl,N6,N6-dimethyllysine	RM0132353	C10H20N2O3	216.1474	Organic acids	Amino acids and peptides	Amino acids	155342014					UNPVIYLDJYPILW-VIFPVBQESA-N	CC(=O)N[C@@H](CCCCN(C)C)C(=O)O	N2-Acetyl,N6,N6-dimethyllysine					CHEBI:232958	CHEBI:232958	CHEBI:232958	CHEBI:232958										CHEBI:232958							CHEBI:232958						CHEBI:33575	R-HSA-6809371	1
lactosyl-N-palmitoyl-sphingosine (d18:1/16:0)	RM0135609	C46H87NO13	861.6177	Sphingolipids	Glycosphingolipids	Hex2Cer	44260140	CHEBI:84758	HMDB0006750	LMSP0501AB03		HLIJNIKSBCIDGO-QKLMXXKVSA-N	CCCCCCCCCCCCC/C=C/[C@H]([C@H](CO[C@H]1[C@@H]([C@H]([C@@H]([C@@H](CO)O1)O[C@H]1[C@@H]([C@H]([C@H]([C@@H](CO)O1)O)O)O)O)O)NC(=O)CCCCCCCCCCCCCCC)O	LacCer 18:1;O2/16:0								CHEBI:84758										CHEBI:84758							CHEBI:84758						CHEBI:17950	R-HSA-9840309,R-HSA-9845576	2
N,N,N-trimethyl-5-aminovalerate	RM0187568	C8H17NO2	159.1259	Fatty Acyls	Fatty acids	Amino FA	14274897	CHEBI:145234	HMDB0240732			CDLVFVFTRQPQFU-UHFFFAOYSA-N	C[N+](C)(C)CCCCC(=O)[O-]	delta-Valerobetaine								CHEBI:145234										CHEBI:145234							CHEBI:145234						CHEBI:35366	R-HSA-1482883,R-HSA-167826,R-HSA-422085,R-HSA-426048,R-HSA-6809371,R-HSA-6811436,R-HSA-8963889,R-HSA-8964038	8
serine	RM0032433	C3H7NO3	105.0426	Organic acids	Amino acids and peptides	Amino acids	5951	CHEBI:17115	HMDB0000187		C00065	MTCFGRXMJLQNBG-REOHCLBHSA-N	C([C@@H](C(=O)O)N)O	Serine			C00065	map01100,map01110,map01120,map01200,map01230,map01240,map00630,map00680,map00920,map00564,map00600,map00260,map00270,map00460,map00470,map00670,map01054,map00261,map00975,map00998,map01060,map00970,map02010,map04071,map04974,map04978,map05230,map01502	CHEBI:17822,CHEBI:17822,CHEBI:17115,CHEBI:17115	CHEBI:17822,CHEBI:17822,CHEBI:17115,CHEBI:17115	CHEBI:17822,CHEBI:17822,CHEBI:17115,CHEBI:17115	CHEBI:17115,CHEBI:17822	C00065,C00716	C00065,C00716	C00065,C00716	C00065,C00716			C00065,C00716	map01100,map01110,map01120,map01200,map01230,map01240,map00630,map00680,map00920,map00564,map00600,map00260,map00270,map00460,map00470,map00670,map01054,map00261,map00975,map00998,map01060,map00970,map02010,map04071,map04974,map04978,map05230,map01502,map02030	CHEBI:16523,CHEBI:32836,CHEBI:32837,CHEBI:32840,CHEBI:32841,CHEBI:32845,CHEBI:32846,CHEBI:33384,CHEBI:35243,CHEBI:35247	CHEBI:16523,CHEBI:17115,CHEBI:17822,CHEBI:32836,CHEBI:32837,CHEBI:32840,CHEBI:32841,CHEBI:32845,CHEBI:32846,CHEBI:33384,CHEBI:35243,CHEBI:35247	C00065,C00716,C00740	CHEBI:33384,CHEBI:35247	R-HSA-1483101,R-HSA-1614603,R-HSA-1660661,R-HSA-196757,R-HSA-2408508,R-HSA-2408557,R-HSA-352230,R-HSA-379716,R-HSA-379726,R-HSA-442660,R-HSA-5619044,R-HSA-5619094,R-HSA-5659735,R-HSA-977347,R-HSA-352230,R-HSA-438066,R-HSA-438066,R-HSA-442982,R-HSA-5673001,R-HSA-9617324,R-HSA-9620244,R-HSA-977347	C00065,C00716,C00740	map01100,map01110,map01120,map01200,map01230,map01240,map00630,map00680,map00920,map00564,map00600,map00260,map00270,map00460,map00470,map00670,map01054,map00261,map00975,map00998,map01060,map00970,map02010,map04071,map04974,map04978,map05230,map01502,map02030,map01100,map00260,map00470,map04742,map01502		CHEBI:16523,CHEBI:17115,CHEBI:17822,CHEBI:32836,CHEBI:32837,CHEBI:32840,CHEBI:32841,CHEBI:32845,CHEBI:32846,CHEBI:33384,CHEBI:35243,CHEBI:35247	C00065,C00716,C00740	CHEBI:33384,CHEBI:35247	R-HSA-1483101,R-HSA-1614603,R-HSA-1660661,R-HSA-196757,R-HSA-2408508,R-HSA-2408557,R-HSA-352230,R-HSA-379716,R-HSA-379726,R-HSA-442660,R-HSA-5619044,R-HSA-5619094,R-HSA-5659735,R-HSA-977347,R-HSA-352230,R-HSA-438066,R-HSA-438066,R-HSA-442982,R-HSA-5673001,R-HSA-9617324,R-HSA-9620244,R-HSA-977347	C00065,C00716,C00740	map01100,map01110,map01120,map01200,map01230,map01240,map00630,map00680,map00920,map00564,map00600,map00260,map00270,map00460,map00470,map00670,map01054,map00261,map00975,map00998,map01060,map00970,map02010,map04071,map04974,map04978,map05230,map01502,map02030,map01100,map00260,map00470,map04742,map01502			0
5,6-dihydrothymine	RM0135880	C5H8N2O2	128.0586	Organoheterocyclic compounds	Cyclic ureas	Ureides	93556	CHEBI:27468	HMDB0304210		C00906	NBAKTGXDIBVZOO-UHFFFAOYSA-N	CC1CNC(=O)NC1=O	Dihydrothymine	CHEBI:27468	R-HSA-73621			CHEBI:27468	CHEBI:27468	CHEBI:27468	CHEBI:27468	C00906	C00906	C00906	C00906	CHEBI:27468	R-HSA-73621				CHEBI:27468	C00906	CHEBI:27468	R-HSA-73621				CHEBI:27468	C00906	CHEBI:27468	R-HSA-73621					0
4-imidazoleacetate	RM0009104	C5H6N2O2	126.0429	Alkaloids	Histidine alkaloids	Imidazole alkaloids	96215	CHEBI:16974	HMDB0002024		C02835	PRJKNHOMHKJCEJ-UHFFFAOYSA-N	C(c1c[nH]cn1)C(=O)O	Imidazoleacetic acid			C02835	map01100,map00340	CHEBI:16974,CHEBI:27850	CHEBI:16974,CHEBI:27850	CHEBI:16974,CHEBI:27850	CHEBI:16974,CHEBI:27850	C02835,C05133	C02835,C05133	C02835,C05133	C02835,C05133			C02835,C05133	map01100,map00340,map01100,map00340	CHEBI:43615,CHEBI:57969,CHEBI:70804	CHEBI:16974,CHEBI:27850,CHEBI:43615,CHEBI:57969,CHEBI:70804	C02835,C05133			C02835,C05133	map01100,map00340,map01100,map00340		CHEBI:16974,CHEBI:27850,CHEBI:43615,CHEBI:57969,CHEBI:70804	C02835,C05133			C02835,C05133	map01100,map00340,map01100,map00340	CHEBI:33575	R-HSA-6809371	1
salicylate	RM0136132	C7H6O3	138.0317	Benzenoids	Benzenes	Hydroxybenzoic acids	338	CHEBI:16914	HMDB0001895		C00805	YGSDEFSMJLZEOE-UHFFFAOYSA-N	c1ccc(c(c1)C(=O)O)O	Salicylic acid			C00805	map01100,map01110,map01120,map01220,map01053,map00996,map00621,map00626,map00624,map01061,map01070,map04075,map04976	CHEBI:16914,CHEBI:16914,CHEBI:30762,CHEBI:30762	CHEBI:16914,CHEBI:16914,CHEBI:30762,CHEBI:30762	CHEBI:16914,CHEBI:16914,CHEBI:30762	CHEBI:16914,CHEBI:30762	C00805	C00805	C00805	C00805	CHEBI:30762	R-HSA-156588,R-HSA-177128,R-HSA-2162123,R-HSA-433692,R-HSA-5619070,R-HSA-9749641	C00805	map01100,map01110,map01120,map01220,map01053,map00996,map00621,map00626,map00624,map01061,map01070,map04075,map04976		CHEBI:16914,CHEBI:30762	C00805	CHEBI:30762	R-HSA-156588,R-HSA-177128,R-HSA-2162123,R-HSA-433692,R-HSA-5619070,R-HSA-9749641	C00805	map01100,map01110,map01120,map01220,map01053,map00996,map00621,map00626,map00624,map01061,map01070,map04075,map04976		CHEBI:16914,CHEBI:30762	C00805	CHEBI:30762	R-HSA-156588,R-HSA-177128,R-HSA-2162123,R-HSA-433692,R-HSA-5619070,R-HSA-9749641	C00805	map01100,map01110,map01120,map01220,map01053,map00996,map00621,map00626,map00624,map01061,map01070,map04075,map04976			0
1-oleoyl-GPE (18:1)	RM0163371	C23H46NO7P	479.3012	Glycerophospholipids	Glycerophosphoethanolamines	LPE								LPE 18:1/0:0					CHEBI:136140	CHEBI:136140,CHEBI:136140,CHEBI:75168	CHEBI:136140,CHEBI:75168	CHEBI:75168,CHEBI:136140									CHEBI:74971	CHEBI:74971,CHEBI:75168,CHEBI:136140						CHEBI:145278	CHEBI:74971,CHEBI:75168,CHEBI:136140,CHEBI:145278						CHEBI:29017	R-HSA-1482798,R-HSA-1482839,R-HSA-1483152	3
4-chlorobenzoic acid	RM0002137	C7H5ClO2	155.9978	Benzenoids	Benzenes	Other benzenes	6318	CHEBI:30747	HMDB0246393			XRHGYUZYPHTUJZ-UHFFFAOYSA-N	c1cc(ccc1C(=O)O)Cl	4-Chlorobenzoic acid					CHEBI:30747,CHEBI:30747	CHEBI:30747,CHEBI:30747	CHEBI:30747,CHEBI:30747	CHEBI:30747	C02370	C02370	C02370	C02370			C02370	map01100,map01120,map01220,map00364,map00621	CHEBI:17861	CHEBI:17861,CHEBI:30747	C02370			C02370	map01100,map01120,map01220,map00364,map00621		CHEBI:17861,CHEBI:30747	C02370			C02370	map01100,map01120,map01220,map00364,map00621	CHEBI:33575	R-HSA-6809371	1
palmitoylcholine	RM0023153	C21H44NO2	342.3372	Organic nitrogen compounds	Cholines	Acyl cholines	151731	CHEBI:133677	HMDB0240592			ODYPFMHOOQOHEF-UHFFFAOYSA-N	CCCCCCCCCCCCCCCC(=O)OCC[N+](C)(C)C	Palmitoylcholine					CHEBI:133677	CHEBI:133677	CHEBI:133677	CHEBI:133677										CHEBI:133677							CHEBI:133677						CHEBI:36916	R-HSA-936837	1
aconitate [cis or trans]	RM0021619	C6H6O6	174.0164	Organic acids	TCA acids	TCA acids	643757	CHEBI:32805	HMDB0000072		C00417	GTZCVFVGUGFEME-IWQZZHSRSA-N	C(=C(\CC(=O)O)/C(=O)O)/C(=O)O	cis-Aconitic acid			C00417	map01100,map01110,map01120,map01210,map00020,map00630,map00660,map00720,map01060,map01061,map01062,map01063,map01064,map01065,map01066,map01070	CHEBI:32805,CHEBI:32805	CHEBI:32805,CHEBI:32805	CHEBI:32805,CHEBI:32805	CHEBI:32805	C00417	C00417	C00417	C00417			C00417	map01100,map01110,map01120,map01210,map00020,map00630,map00660,map00720,map01060,map01061,map01062,map01063,map01064,map01065,map01066,map01070	CHEBI:16383	CHEBI:16383,CHEBI:32805	C00417			C00417	map01100,map01110,map01120,map01210,map00020,map00630,map00660,map00720,map01060,map01061,map01062,map01063,map01064,map01065,map01066,map01070		CHEBI:16383,CHEBI:32805	C00417			C00417	map01100,map01110,map01120,map01210,map00020,map00630,map00660,map00720,map01060,map01061,map01062,map01063,map01064,map01065,map01066,map01070	CHEBI:33575	R-HSA-6809371	1
pregnanediol-3-glucuronide	RM0128209	C27H44O8	496.3036	Sterol Lipids	Steroids	C21 Steroids	123796	CHEBI:88765	HMDB0010318	LMST05010073		ZFFFJLDTCLJDHL-JQYCEVDMSA-N	C[C@@H]([C@H]1CC[C@H]2[C@@H]3CC[C@@H]4C[C@@H](CC[C@]4(C)[C@H]3CC[C@]12C)O[C@H]1[C@@H]([C@H]([C@@H]([C@@H](C(=O)O)O1)O)O)O)O	Pregnanediol-3-glucuronide					CHEBI:88765	CHEBI:88765	CHEBI:88765	CHEBI:88765										CHEBI:88765							CHEBI:88765						CHEBI:35341	R-HSA-196071	1
N-acetylkynurenine	RM0071760	C12H14N2O4	250.0954	Organic acids	Amino acids and peptides	Amino acids	54201144		HMDB0240342			PPIMFXHQDQRWGJ-JTQLQIEISA-N	CC(=O)N[C@@H](CC(=O)c1ccccc1N)C(=O)O	N-Acetylkynurenine					CHEBI:133592,CHEBI:232955	CHEBI:133592,CHEBI:232955	CHEBI:133592,CHEBI:232955	CHEBI:133592,CHEBI:232955										CHEBI:133592,CHEBI:232955							CHEBI:133592,CHEBI:232955						CHEBI:33575	R-HSA-6809371	1
palmitoleoyl-arachidonoyl-glycerol (16:1/20:4)	RM0035302	C39H66O5	614.4910	Glycerolipids	Diradylglycerols	DAG								DG 16:1_20:4																																	0
5alpha-pregnan-3beta,20beta-diol monosulfate	-	-	-	-	-	-	-		-	-		-	-	-					CHEBI:233434	CHEBI:233434	CHEBI:233434	CHEBI:233434										CHEBI:233434							CHEBI:233434						CHEBI:35341	R-HSA-196071	1
2-linoleoyl-GPE (18:2)	RM0163369	C23H44NO7P	477.2855	Glycerophospholipids	Glycerophosphoethanolamines	LPE								LPE 0:0/18:2						CHEBI:131745,CHEBI:76233	CHEBI:131745,CHEBI:76233	CHEBI:76233,CHEBI:131745									CHEBI:76090	CHEBI:76090,CHEBI:76233,CHEBI:131745							CHEBI:76090,CHEBI:76233,CHEBI:131745						CHEBI:28936	R-HSA-1482839,R-HSA-1483152	2
cholate	RM0135798	C24H40O5	408.2876	Sterol Lipids	Bile acids	C24 bile acids	221493	CHEBI:16359	HMDB0000619	LMST04010001	C00695	BHQCQFFYRZLCQQ-OELDTZBJSA-N	C[C@H](CCC(=O)O)[C@H]1CC[C@H]2[C@H]3[C@H](C[C@@H]([C@]12C)O)[C@@]1(C)CC[C@H](C[C@H]1C[C@H]3O)O	Cholic acid			C00695	map01100,map00120,map00121,map04976	CHEBI:16359,CHEBI:16359,CHEBI:16359,CHEBI:29747	CHEBI:16359,CHEBI:16359,CHEBI:16359,CHEBI:29747	CHEBI:16359,CHEBI:16359,CHEBI:16359,CHEBI:29747	CHEBI:16359,CHEBI:29747	C00695	C00695	C00695	C00695	CHEBI:29747	R-HSA-159418,R-HSA-192456,R-HSA-193368,R-HSA-373076,R-HSA-418555,R-HSA-446210,R-HSA-879518	C00695	map01100,map00120,map00121,map04976		CHEBI:16359,CHEBI:29747	C00695	CHEBI:29747	R-HSA-159418,R-HSA-192456,R-HSA-193368,R-HSA-373076,R-HSA-418555,R-HSA-446210,R-HSA-879518	C00695	map01100,map00120,map00121,map04976		CHEBI:16359,CHEBI:29747	C00695	CHEBI:29747	R-HSA-159418,R-HSA-192456,R-HSA-193368,R-HSA-373076,R-HSA-418555,R-HSA-446210,R-HSA-879518	C00695	map01100,map00120,map00121,map04976			0
1-palmitoyl-GPI (16:0)	RM0007322	C25H49O12P	572.2962	Glycerophospholipids	Glycerophosphoinositols	LPI								LPI 16:0/0:0					CHEBI:72833	CHEBI:72833	CHEBI:72833	CHEBI:72833									CHEBI:73218	CHEBI:72833,CHEBI:73218							CHEBI:72833,CHEBI:73218						CHEBI:62643	R-HSA-1461957,R-HSA-1462054,R-HSA-6803157	3
cortisol	RM0135767	C21H30O5	362.2093	Sterol Lipids	Steroids	C21 Steroids	5754	CHEBI:17650	HMDB0000063	LMST02030001	C00735	JYGXADMDTFJGBT-VWUMJDOOSA-N	C[C@]12CCC(=O)C=C1CC[C@H]1[C@@H]3CC[C@](C(=O)CO)([C@@]3(C)C[C@@H]([C@H]21)O)O	Cortisol	CHEBI:17650	R-HSA-194002,R-HSA-211976,R-HSA-3371497,R-HSA-4090294,R-HSA-8849473,R-HSA-8939902,R-HSA-9615017,R-HSA-9679191,R-HSA-9768777	C00735	map01100,map00140,map04080,map04927,map04976,map04960,map05200,map05215,map04934,map07225	CHEBI:17650,CHEBI:17650	CHEBI:17650,CHEBI:17650	CHEBI:17650,CHEBI:17650	CHEBI:17650	C00735	C00735	C00735	C00735	CHEBI:17650	R-HSA-194002,R-HSA-211976,R-HSA-3371497,R-HSA-4090294,R-HSA-8849473,R-HSA-8939902,R-HSA-9615017,R-HSA-9679191,R-HSA-9768777	C00735	map01100,map00140,map04080,map04927,map04976,map04960,map05200,map05215,map04934,map07225		CHEBI:17650	C00735	CHEBI:17650	R-HSA-194002,R-HSA-211976,R-HSA-3371497,R-HSA-4090294,R-HSA-8849473,R-HSA-8939902,R-HSA-9615017,R-HSA-9679191,R-HSA-9768777	C00735	map01100,map00140,map04080,map04927,map04976,map04960,map05200,map05215,map04934,map07225		CHEBI:17650	C00735	CHEBI:17650	R-HSA-194002,R-HSA-211976,R-HSA-3371497,R-HSA-4090294,R-HSA-8849473,R-HSA-8939902,R-HSA-9615017,R-HSA-9679191,R-HSA-9768777	C00735	map01100,map00140,map04080,map04927,map04976,map04960,map05200,map05215,map04934,map07225			0
caprate (10:0)	RM0153468	C10H20O2	172.1463	Fatty Acyls	Fatty acids	Saturated FA	2969	CHEBI:30813	HMDB0000511	LMFA01010010	C01571	GHVNFZFCNZKVNT-UHFFFAOYSA-N	CCCCCCCCCC(=O)O	Capric acid	CHEBI:30813	R-HSA-5210891,R-HSA-9679191	C01571	map01100,map00061	CHEBI:30813	CHEBI:30813	CHEBI:30813	CHEBI:30813	C01571	C01571	C01571	C01571	CHEBI:30813	R-HSA-5210891,R-HSA-9679191	C01571	map01100,map00061	CHEBI:27689	CHEBI:27689,CHEBI:30813	C01571	CHEBI:27689,CHEBI:30813	R-HSA-422085,R-HSA-5619108,R-HSA-75105,R-HSA-804914,R-HSA-5210891,R-HSA-9679191	C01571	map01100,map00061		CHEBI:27689,CHEBI:30813	C01571	CHEBI:27689,CHEBI:30813	R-HSA-422085,R-HSA-5619108,R-HSA-75105,R-HSA-804914,R-HSA-5210891,R-HSA-9679191	C01571	map01100,map00061			0
5alpha-androstan-3beta,17beta-diol monosulfate	-	-	-	-	-	-	-		-	-		-	-	-					CHEBI:233353	CHEBI:233353	CHEBI:233353	CHEBI:233353										CHEBI:233353							CHEBI:233353						CHEBI:35341	R-HSA-196071	1
ethylmalonate	RM0153926	C5H8O4	132.0423	Fatty Acyls	Fatty acids	Dicarboxylic acids	11756	CHEBI:741548	HMDB0000622	LMFA01170105		UKFXDFUAPNAMPJ-UHFFFAOYSA-N	CCC(C(=O)O)C(=O)O	Ethylmalonic acid					CHEBI:741548,CHEBI:132938	CHEBI:741548,CHEBI:132938	CHEBI:741548,CHEBI:132938	CHEBI:132938,CHEBI:741548									CHEBI:132939	CHEBI:132938,CHEBI:132939,CHEBI:741548							CHEBI:132938,CHEBI:132939,CHEBI:741548						CHEBI:25696,CHEBI:33575	R-HSA-382556,R-HSA-428643,R-HSA-5690338,R-HSA-6809371	4
1-palmitoyl-2-linoleoyl-GPI (16:0/18:2)	RM0015034	C43H79O13P	834.5258	Glycerophospholipids	Glycerophosphoinositols	PI								PI 16:0/18:2					CHEBI:72838	CHEBI:136493,CHEBI:72838,CHEBI:73212	CHEBI:136493,CHEBI:72838,CHEBI:73212	CHEBI:72838,CHEBI:73212,CHEBI:136493										CHEBI:72838,CHEBI:73212,CHEBI:136493							CHEBI:72838,CHEBI:73212,CHEBI:136493						CHEBI:28874,CHEBI:57880	R-HSA-1482922,R-HSA-1483196,R-HSA-1483226,R-HSA-1483248,R-HSA-162710,R-HSA-163125,R-HSA-1632852,R-HSA-1660499,R-HSA-1660514,R-HSA-1660516,R-HSA-1660517,R-HSA-198933,R-HSA-2046106,R-HSA-3000471,R-HSA-3000480,R-HSA-5668599,R-HSA-9636383,R-HSA-9793528	18
3-methylglutaconate	RM0139460	C6H8O4	144.0423	Fatty Acyls	Fatty acids	Dicarboxylic acids	1551553	CHEBI:37245	HMDB0000522	LMFA01170068		WKRBKYFIJPGYQC-DUXPYHPUSA-N	C/C(=C\C(=O)O)/CC(=O)O	3E-Methylglutaconic acid								CHEBI:37245										CHEBI:37245							CHEBI:37245						CHEBI:33575	R-HSA-6809371	1
maltose	RM0139031	C12H22O11	342.1162	Carbohydrates	Disaccharides	Disaccharides	439186	CHEBI:17306	HMDB0000163		C00208	GUBGYTABKSRVRQ-PICCSMPSSA-N	C([C@@H]1[C@H]([C@@H]([C@H]([C@H](O1)O[C@@H]1[C@@H](CO)OC([C@@H]([C@H]1O)O)O)O)O)O)O	Maltose	CHEBI:17306	R-HSA-189085,R-HSA-418594,R-HSA-420499,R-HSA-5659898,R-HSA-9717207,R-HSA-9717207	C00208	map01100,map01110,map00500,map02010,map02060,map02030,map04973,map04742	CHEBI:18167,CHEBI:17306,CHEBI:17306	CHEBI:18167,CHEBI:17306,CHEBI:17306	CHEBI:18167,CHEBI:17306,CHEBI:17306	CHEBI:17306,CHEBI:18167	C00208,C00897	C00208,C00897	C00208,C00897	C00208,C00897	CHEBI:17306	R-HSA-189085,R-HSA-418594,R-HSA-420499,R-HSA-5659898,R-HSA-9717207,R-HSA-9717207	C00208	map01100,map01110,map00500,map02010,map02060,map02030,map04973,map04742		CHEBI:17306,CHEBI:18167	C00208,C00897	CHEBI:17306	R-HSA-189085,R-HSA-418594,R-HSA-420499,R-HSA-5659898,R-HSA-9717207,R-HSA-9717207	C00208	map01100,map01110,map00500,map02010,map02060,map02030,map04973,map04742	CHEBI:18147	CHEBI:17306,CHEBI:18147,CHEBI:18167	C00208,C00897,C01971	CHEBI:17306	R-HSA-189085,R-HSA-418594,R-HSA-420499,R-HSA-5659898,R-HSA-9717207,R-HSA-9717207	C00208	map01100,map01110,map00500,map02010,map02060,map02030,map04973,map04742			0
phosphate	RM0032341	H3O4P	97.9769	Inorganic compounds	Phosphorus inorganic compounds	Phosphates	1004	CHEBI:26078	HMDB0001429		C00009	NBIIXXVUZAFLBC-UHFFFAOYSA-N	OP(=O)(O)O	Phosphoric acid			C00009	map00190,map00195,map02010,map02020,map04111,map02024,map04928,map04978,map05012,map05022	CHEBI:26078,CHEBI:26078,CHEBI:18367,CHEBI:18367,CHEBI:26020,CHEBI:35780,CHEBI:43474	CHEBI:26078,CHEBI:26078,CHEBI:18367,CHEBI:18367,CHEBI:26020,CHEBI:35780,CHEBI:43474	CHEBI:26078,CHEBI:26078,CHEBI:18367,CHEBI:26020,CHEBI:35780,CHEBI:43474	CHEBI:18367,CHEBI:26020,CHEBI:26078,CHEBI:35780,CHEBI:43474	C00009	C00009	C00009	C00009	CHEBI:18367,CHEBI:43474	R-HSA-5358346,R-HSA-5362768,R-HSA-9755088,R-HSA-111447,R-HSA-112043,R-HSA-112409,R-HSA-113501,R-HSA-114608,R-HSA-1236974,R-HSA-1237112,R-HSA-1268020,R-HSA-1295596,R-HSA-1369007,R-HSA-1369062,R-HSA-1442490,R-HSA-1445148,R-HSA-1483148,R-HSA-1483166,R-HSA-1483191,R-HSA-1483206,R-HSA-1483213,R-HSA-1483248,R-HSA-156581,R-HSA-156584,R-HSA-156902,R-HSA-159236,R-HSA-159418,R-HSA-1614635,R-HSA-163210,R-HSA-1632852,R-HSA-163560,R-HSA-163767,R-HSA-165054,R-HSA-1660499,R-HSA-1660499,R-HSA-1660514,R-HSA-1660516,R-HSA-1660517,R-HSA-1660661,R-HSA-167172,R-HSA-168333,R-HSA-170660,R-HSA-170670,R-HSA-171319,R-HSA-174403,R-HSA-174411,R-HSA-174414,R-HSA-177504,R-HSA-180024,R-HSA-180024,R-HSA-180292,R-HSA-181429,R-HSA-181430,R-HSA-182971,R-HSA-1855167,R-HSA-1855183,R-HSA-1855183,R-HSA-1855204,R-HSA-1855231,R-HSA-186797,R-HSA-189451,R-HSA-189483,R-HSA-193368,R-HSA-196757,R-HSA-196807,R-HSA-196819,R-HSA-196843,R-HSA-1971475,R-HSA-198753,R-HSA-199220,R-HSA-199418,R-HSA-200425,R-HSA-201556,R-HSA-202424,R-HSA-202427,R-HSA-202430,R-HSA-202670,R-HSA-2029482,R-HSA-2029485,R-HSA-203927,R-HSA-204005,R-HSA-204174,R-HSA-2046105,R-HSA-210455,R-HSA-212676,R-HSA-2132295,R-HSA-2142691,R-HSA-2161517,R-HSA-2173788,R-HSA-2173788,R-HSA-2173795,R-HSA-2393930,R-HSA-2408508,R-HSA-2408557,R-HSA-2408557,R-HSA-2453902,R-HSA-2453902,R-HSA-2500257,R-HSA-2514853,R-HSA-2514859,R-HSA-2565942,R-HSA-2672351,R-HSA-2871809,R-HSA-2995383,R-HSA-3229133,R-HSA-3299685,R-HSA-3322077,R-HSA-3371453,R-HSA-3371497,R-HSA-354192,R-HSA-375165,R-HSA-379716,R-HSA-379726,R-HSA-380972,R-HSA-382556,R-HSA-389513,R-HSA-389960,R-HSA-389977,R-HSA-390450,R-HSA-390522,R-HSA-3928662,R-HSA-399719,R-HSA-399955,R-HSA-4085001,R-HSA-4086398,R-HSA-416476,R-HSA-416550,R-HSA-416993,R-HSA-418555,R-HSA-418594,R-HSA-418594,R-HSA-418597,R-HSA-419408,R-HSA-427589,R-HSA-427652,R-HSA-428543,R-HSA-428643,R-HSA-429958,R-HSA-432720,R-HSA-432722,R-HSA-437239,R-HSA-4419969,R-HSA-445355,R-HSA-446199,R-HSA-499943,R-HSA-500753,R-HSA-5368286,R-HSA-5389840,R-HSA-5419276,R-HSA-5578775,R-HSA-5607763,R-HSA-5619040,R-HSA-5619045,R-HSA-5619097,R-HSA-5619111,R-HSA-5620916,R-HSA-5625740,R-HSA-5627117,R-HSA-5627123,R-HSA-5628897,R-HSA-5649702,R-HSA-5663220,R-HSA-5673000,R-HSA-5675221,R-HSA-5678895,R-HSA-5683826,R-HSA-5687128,R-HSA-5687583,R-HSA-5693554,R-HSA-5693565,R-HSA-5693568,R-HSA-5693607,R-HSA-5696395,R-HSA-6782135,R-HSA-6784531,R-HSA-6790901,R-HSA-6803544,R-HSA-6804757,R-HSA-6807004,R-HSA-6807505,R-HSA-6807878,R-HSA-6811434,R-HSA-6811555,R-HSA-6811558,R-HSA-6814122,R-HSA-68962,R-HSA-69202,R-HSA-69231,R-HSA-69273,R-HSA-69656,R-HSA-70171,R-HSA-70221,R-HSA-70221,R-HSA-70263,R-HSA-70268,R-HSA-70635,R-HSA-70895,R-HSA-70921,R-HSA-71032,R-HSA-71064,R-HSA-71288,R-HSA-71403,R-HSA-71737,R-HSA-72086,R-HSA-72163,R-HSA-72662,R-HSA-72702,R-HSA-72706,R-HSA-72764,R-HSA-73614,R-HSA-73621,R-HSA-73817,R-HSA-73843,R-HSA-74217,R-HSA-74259,R-HSA-74749,R-HSA-75105,R-HSA-75109,R-HSA-76042,R-HSA-77387,R-HSA-877312,R-HSA-877312,R-HSA-8847453,R-HSA-8849471,R-HSA-8849472,R-HSA-8850843,R-HSA-8854214,R-HSA-8856828,R-HSA-8863795,R-HSA-8934593,R-HSA-8935690,R-HSA-8939211,R-HSA-8955332,R-HSA-8955332,R-HSA-8963896,R-HSA-8964058,R-HSA-8964539,R-HSA-8980692,R-HSA-8985586,R-HSA-9013026,R-HSA-9013106,R-HSA-9013148,R-HSA-9013149,R-HSA-9013404,R-HSA-9013405,R-HSA-9013406,R-HSA-9013408,R-HSA-9013409,R-HSA-9013419,R-HSA-9013423,R-HSA-9013425,R-HSA-9018519,R-HSA-9034015,R-HSA-9035034,R-HSA-912694,R-HSA-917729,R-HSA-917937,R-HSA-917977,R-HSA-936837,R-HSA-9609523,R-HSA-9609736,R-HSA-9615933,R-HSA-9617324,R-HSA-9634600,R-HSA-9634600,R-HSA-9635465,R-HSA-9636383,R-HSA-9638334,R-HSA-9638482,R-HSA-9639288,R-HSA-9660826,R-HSA-9662360,R-HSA-9662361,R-HSA-9664422,R-HSA-9668328,R-HSA-9674555,R-HSA-9682706,R-HSA-9682708,R-HSA-9694686,R-HSA-9694786,R-HSA-9706019,R-HSA-9706369,R-HSA-9726842,R-HSA-9735763,R-HSA-9748787,R-HSA-9749641,R-HSA-9753281,R-HSA-9757110,R-HSA-9758881,R-HSA-9758890,R-HSA-9760173,R-HSA-9770562,R-HSA-977347,R-HSA-982772,R-HSA-982772,R-HSA-9828642,R-HSA-9828806,R-HSA-983170,R-HSA-9836573,R-HSA-9837999,R-HSA-9837999,R-HSA-9845614,R-HSA-9851151,R-HSA-9860927,R-HSA-9860927,R-HSA-9861718,R-HSA-9913143,R-HSA-9913635,R-HSA-9927020,R-HSA-9931269,R-HSA-9953170,R-HSA-9954714,R-HSA-9954716,R-HSA-9969896	C00009	map00190,map00195,map02010,map02020,map04111,map02024,map04928,map04978,map05012,map05022	CHEBI:39745	CHEBI:18367,CHEBI:26020,CHEBI:26078,CHEBI:35780,CHEBI:39745,CHEBI:43474	C00009	CHEBI:18367,CHEBI:43474	R-HSA-5358346,R-HSA-5362768,R-HSA-9755088,R-HSA-111447,R-HSA-112043,R-HSA-112409,R-HSA-113501,R-HSA-114608,R-HSA-1236974,R-HSA-1237112,R-HSA-1268020,R-HSA-1295596,R-HSA-1369007,R-HSA-1369062,R-HSA-1442490,R-HSA-1445148,R-HSA-1483148,R-HSA-1483166,R-HSA-1483191,R-HSA-1483206,R-HSA-1483213,R-HSA-1483248,R-HSA-156581,R-HSA-156584,R-HSA-156902,R-HSA-159236,R-HSA-159418,R-HSA-1614635,R-HSA-163210,R-HSA-1632852,R-HSA-163560,R-HSA-163767,R-HSA-165054,R-HSA-1660499,R-HSA-1660499,R-HSA-1660514,R-HSA-1660516,R-HSA-1660517,R-HSA-1660661,R-HSA-167172,R-HSA-168333,R-HSA-170660,R-HSA-170670,R-HSA-171319,R-HSA-174403,R-HSA-174411,R-HSA-174414,R-HSA-177504,R-HSA-180024,R-HSA-180024,R-HSA-180292,R-HSA-181429,R-HSA-181430,R-HSA-182971,R-HSA-1855167,R-HSA-1855183,R-HSA-1855183,R-HSA-1855204,R-HSA-1855231,R-HSA-186797,R-HSA-189451,R-HSA-189483,R-HSA-193368,R-HSA-196757,R-HSA-196807,R-HSA-196819,R-HSA-196843,R-HSA-1971475,R-HSA-198753,R-HSA-199220,R-HSA-199418,R-HSA-200425,R-HSA-201556,R-HSA-202424,R-HSA-202427,R-HSA-202430,R-HSA-202670,R-HSA-2029482,R-HSA-2029485,R-HSA-203927,R-HSA-204005,R-HSA-204174,R-HSA-2046105,R-HSA-210455,R-HSA-212676,R-HSA-2132295,R-HSA-2142691,R-HSA-2161517,R-HSA-2173788,R-HSA-2173788,R-HSA-2173795,R-HSA-2393930,R-HSA-2408508,R-HSA-2408557,R-HSA-2408557,R-HSA-2453902,R-HSA-2453902,R-HSA-2500257,R-HSA-2514853,R-HSA-2514859,R-HSA-2565942,R-HSA-2672351,R-HSA-2871809,R-HSA-2995383,R-HSA-3229133,R-HSA-3299685,R-HSA-3322077,R-HSA-3371453,R-HSA-3371497,R-HSA-354192,R-HSA-375165,R-HSA-379716,R-HSA-379726,R-HSA-380972,R-HSA-382556,R-HSA-389513,R-HSA-389960,R-HSA-389977,R-HSA-390450,R-HSA-390522,R-HSA-3928662,R-HSA-399719,R-HSA-399955,R-HSA-4085001,R-HSA-4086398,R-HSA-416476,R-HSA-416550,R-HSA-416993,R-HSA-418555,R-HSA-418594,R-HSA-418594,R-HSA-418597,R-HSA-419408,R-HSA-427589,R-HSA-427652,R-HSA-428543,R-HSA-428643,R-HSA-429958,R-HSA-432720,R-HSA-432722,R-HSA-437239,R-HSA-4419969,R-HSA-445355,R-HSA-446199,R-HSA-499943,R-HSA-500753,R-HSA-5368286,R-HSA-5389840,R-HSA-5419276,R-HSA-5578775,R-HSA-5607763,R-HSA-5619040,R-HSA-5619045,R-HSA-5619097,R-HSA-5619111,R-HSA-5620916,R-HSA-5625740,R-HSA-5627117,R-HSA-5627123,R-HSA-5628897,R-HSA-5649702,R-HSA-5663220,R-HSA-5673000,R-HSA-5675221,R-HSA-5678895,R-HSA-5683826,R-HSA-5687128,R-HSA-5687583,R-HSA-5693554,R-HSA-5693565,R-HSA-5693568,R-HSA-5693607,R-HSA-5696395,R-HSA-6782135,R-HSA-6784531,R-HSA-6790901,R-HSA-6803544,R-HSA-6804757,R-HSA-6807004,R-HSA-6807505,R-HSA-6807878,R-HSA-6811434,R-HSA-6811555,R-HSA-6811558,R-HSA-6814122,R-HSA-68962,R-HSA-69202,R-HSA-69231,R-HSA-69273,R-HSA-69656,R-HSA-70171,R-HSA-70221,R-HSA-70221,R-HSA-70263,R-HSA-70268,R-HSA-70635,R-HSA-70895,R-HSA-70921,R-HSA-71032,R-HSA-71064,R-HSA-71288,R-HSA-71403,R-HSA-71737,R-HSA-72086,R-HSA-72163,R-HSA-72662,R-HSA-72702,R-HSA-72706,R-HSA-72764,R-HSA-73614,R-HSA-73621,R-HSA-73817,R-HSA-73843,R-HSA-74217,R-HSA-74259,R-HSA-74749,R-HSA-75105,R-HSA-75109,R-HSA-76042,R-HSA-77387,R-HSA-877312,R-HSA-877312,R-HSA-8847453,R-HSA-8849471,R-HSA-8849472,R-HSA-8850843,R-HSA-8854214,R-HSA-8856828,R-HSA-8863795,R-HSA-8934593,R-HSA-8935690,R-HSA-8939211,R-HSA-8955332,R-HSA-8955332,R-HSA-8963896,R-HSA-8964058,R-HSA-8964539,R-HSA-8980692,R-HSA-8985586,R-HSA-9013026,R-HSA-9013106,R-HSA-9013148,R-HSA-9013149,R-HSA-9013404,R-HSA-9013405,R-HSA-9013406,R-HSA-9013408,R-HSA-9013409,R-HSA-9013419,R-HSA-9013423,R-HSA-9013425,R-HSA-9018519,R-HSA-9034015,R-HSA-9035034,R-HSA-912694,R-HSA-917729,R-HSA-917937,R-HSA-917977,R-HSA-936837,R-HSA-9609523,R-HSA-9609736,R-HSA-9615933,R-HSA-9617324,R-HSA-9634600,R-HSA-9634600,R-HSA-9635465,R-HSA-9636383,R-HSA-9638334,R-HSA-9638482,R-HSA-9639288,R-HSA-9660826,R-HSA-9662360,R-HSA-9662361,R-HSA-9664422,R-HSA-9668328,R-HSA-9674555,R-HSA-9682706,R-HSA-9682708,R-HSA-9694686,R-HSA-9694786,R-HSA-9706019,R-HSA-9706369,R-HSA-9726842,R-HSA-9735763,R-HSA-9748787,R-HSA-9749641,R-HSA-9753281,R-HSA-9757110,R-HSA-9758881,R-HSA-9758890,R-HSA-9760173,R-HSA-9770562,R-HSA-977347,R-HSA-982772,R-HSA-982772,R-HSA-9828642,R-HSA-9828806,R-HSA-983170,R-HSA-9836573,R-HSA-9837999,R-HSA-9837999,R-HSA-9845614,R-HSA-9851151,R-HSA-9860927,R-HSA-9860927,R-HSA-9861718,R-HSA-9913143,R-HSA-9913635,R-HSA-9927020,R-HSA-9931269,R-HSA-9953170,R-HSA-9954714,R-HSA-9954716,R-HSA-9969896	C00009	map00190,map00195,map02010,map02020,map04111,map02024,map04928,map04978,map05012,map05022	CHEBI:7794,CHEBI:16648,CHEBI:29925,CHEBI:29932,CHEBI:37558,CHEBI:59761,CHEBI:67140,CHEBI:138518,CHEBI:140854,CHEBI:148438,CHEBI:179298,CHEBI:340824	CHEBI:7794,CHEBI:16648,CHEBI:18367,CHEBI:26020,CHEBI:26078,CHEBI:29925,CHEBI:29932,CHEBI:35780,CHEBI:37558,CHEBI:39745,CHEBI:43474,CHEBI:59761,CHEBI:67140,CHEBI:138518,CHEBI:140854,CHEBI:148438,CHEBI:179298,CHEBI:340824	C00009,C01153,C03254	CHEBI:7794,CHEBI:18367,CHEBI:43474	R-HSA-1483166,R-HSA-8935690,R-HSA-5358346,R-HSA-5362768,R-HSA-9755088,R-HSA-111447,R-HSA-112043,R-HSA-112409,R-HSA-113501,R-HSA-114608,R-HSA-1236974,R-HSA-1237112,R-HSA-1268020,R-HSA-1295596,R-HSA-1369007,R-HSA-1369062,R-HSA-1442490,R-HSA-1445148,R-HSA-1483148,R-HSA-1483166,R-HSA-1483191,R-HSA-1483206,R-HSA-1483213,R-HSA-1483248,R-HSA-156581,R-HSA-156584,R-HSA-156902,R-HSA-159236,R-HSA-159418,R-HSA-1614635,R-HSA-163210,R-HSA-1632852,R-HSA-163560,R-HSA-163767,R-HSA-165054,R-HSA-1660499,R-HSA-1660499,R-HSA-1660514,R-HSA-1660516,R-HSA-1660517,R-HSA-1660661,R-HSA-167172,R-HSA-168333,R-HSA-170660,R-HSA-170670,R-HSA-171319,R-HSA-174403,R-HSA-174411,R-HSA-174414,R-HSA-177504,R-HSA-180024,R-HSA-180024,R-HSA-180292,R-HSA-181429,R-HSA-181430,R-HSA-182971,R-HSA-1855167,R-HSA-1855183,R-HSA-1855183,R-HSA-1855204,R-HSA-1855231,R-HSA-186797,R-HSA-189451,R-HSA-189483,R-HSA-193368,R-HSA-196757,R-HSA-196807,R-HSA-196819,R-HSA-196843,R-HSA-1971475,R-HSA-198753,R-HSA-199220,R-HSA-199418,R-HSA-200425,R-HSA-201556,R-HSA-202424,R-HSA-202427,R-HSA-202430,R-HSA-202670,R-HSA-2029482,R-HSA-2029485,R-HSA-203927,R-HSA-204005,R-HSA-204174,R-HSA-2046105,R-HSA-210455,R-HSA-212676,R-HSA-2132295,R-HSA-2142691,R-HSA-2161517,R-HSA-2173788,R-HSA-2173788,R-HSA-2173795,R-HSA-2393930,R-HSA-2408508,R-HSA-2408557,R-HSA-2408557,R-HSA-2453902,R-HSA-2453902,R-HSA-2500257,R-HSA-2514853,R-HSA-2514859,R-HSA-2565942,R-HSA-2672351,R-HSA-2871809,R-HSA-2995383,R-HSA-3229133,R-HSA-3299685,R-HSA-3322077,R-HSA-3371453,R-HSA-3371497,R-HSA-354192,R-HSA-375165,R-HSA-379716,R-HSA-379726,R-HSA-380972,R-HSA-382556,R-HSA-389513,R-HSA-389960,R-HSA-389977,R-HSA-390450,R-HSA-390522,R-HSA-3928662,R-HSA-399719,R-HSA-399955,R-HSA-4085001,R-HSA-4086398,R-HSA-416476,R-HSA-416550,R-HSA-416993,R-HSA-418555,R-HSA-418594,R-HSA-418594,R-HSA-418597,R-HSA-419408,R-HSA-427589,R-HSA-427652,R-HSA-428543,R-HSA-428643,R-HSA-429958,R-HSA-432720,R-HSA-432722,R-HSA-437239,R-HSA-4419969,R-HSA-445355,R-HSA-446199,R-HSA-499943,R-HSA-500753,R-HSA-5368286,R-HSA-5389840,R-HSA-5419276,R-HSA-5578775,R-HSA-5607763,R-HSA-5619040,R-HSA-5619045,R-HSA-5619097,R-HSA-5619111,R-HSA-5620916,R-HSA-5625740,R-HSA-5627117,R-HSA-5627123,R-HSA-5628897,R-HSA-5649702,R-HSA-5663220,R-HSA-5673000,R-HSA-5675221,R-HSA-5678895,R-HSA-5683826,R-HSA-5687128,R-HSA-5687583,R-HSA-5693554,R-HSA-5693565,R-HSA-5693568,R-HSA-5693607,R-HSA-5696395,R-HSA-6782135,R-HSA-6784531,R-HSA-6790901,R-HSA-6803544,R-HSA-6804757,R-HSA-6807004,R-HSA-6807505,R-HSA-6807878,R-HSA-6811434,R-HSA-6811555,R-HSA-6811558,R-HSA-6814122,R-HSA-68962,R-HSA-69202,R-HSA-69231,R-HSA-69273,R-HSA-69656,R-HSA-70171,R-HSA-70221,R-HSA-70221,R-HSA-70263,R-HSA-70268,R-HSA-70635,R-HSA-70895,R-HSA-70921,R-HSA-71032,R-HSA-71064,R-HSA-71288,R-HSA-71403,R-HSA-71737,R-HSA-72086,R-HSA-72163,R-HSA-72662,R-HSA-72702,R-HSA-72706,R-HSA-72764,R-HSA-73614,R-HSA-73621,R-HSA-73817,R-HSA-73843,R-HSA-74217,R-HSA-74259,R-HSA-74749,R-HSA-75105,R-HSA-75109,R-HSA-76042,R-HSA-77387,R-HSA-877312,R-HSA-877312,R-HSA-8847453,R-HSA-8849471,R-HSA-8849472,R-HSA-8850843,R-HSA-8854214,R-HSA-8856828,R-HSA-8863795,R-HSA-8934593,R-HSA-8935690,R-HSA-8939211,R-HSA-8955332,R-HSA-8955332,R-HSA-8963896,R-HSA-8964058,R-HSA-8964539,R-HSA-8980692,R-HSA-8985586,R-HSA-9013026,R-HSA-9013106,R-HSA-9013148,R-HSA-9013149,R-HSA-9013404,R-HSA-9013405,R-HSA-9013406,R-HSA-9013408,R-HSA-9013409,R-HSA-9013419,R-HSA-9013423,R-HSA-9013425,R-HSA-9018519,R-HSA-9034015,R-HSA-9035034,R-HSA-912694,R-HSA-917729,R-HSA-917937,R-HSA-917977,R-HSA-936837,R-HSA-9609523,R-HSA-9609736,R-HSA-9615933,R-HSA-9617324,R-HSA-9634600,R-HSA-9634600,R-HSA-9635465,R-HSA-9636383,R-HSA-9638334,R-HSA-9638482,R-HSA-9639288,R-HSA-9660826,R-HSA-9662360,R-HSA-9662361,R-HSA-9664422,R-HSA-9668328,R-HSA-9674555,R-HSA-9682706,R-HSA-9682708,R-HSA-9694686,R-HSA-9694786,R-HSA-9706019,R-HSA-9706369,R-HSA-9726842,R-HSA-9735763,R-HSA-9748787,R-HSA-9749641,R-HSA-9753281,R-HSA-9757110,R-HSA-9758881,R-HSA-9758890,R-HSA-9760173,R-HSA-9770562,R-HSA-977347,R-HSA-982772,R-HSA-982772,R-HSA-9828642,R-HSA-9828806,R-HSA-983170,R-HSA-9836573,R-HSA-9837999,R-HSA-9837999,R-HSA-9845614,R-HSA-9851151,R-HSA-9860927,R-HSA-9860927,R-HSA-9861718,R-HSA-9913143,R-HSA-9913635,R-HSA-9927020,R-HSA-9931269,R-HSA-9953170,R-HSA-9954714,R-HSA-9954716,R-HSA-9969896	C00009,C01153	map00190,map00195,map02010,map02020,map04111,map02024,map04928,map04978,map05012,map05022,map02010			0
3b-hydroxy-5-cholenoic acid	RM0126107	C24H38O3	374.2821	Sterol Lipids	Bile acids	C24 bile acids	92997	CHEBI:89234	HMDB0000308	LMST04010201		HIAJCGFYHIANNA-QIZZZRFXSA-N	C[C@H](CCC(=O)O)[C@H]1CC[C@H]2[C@@H]3CC=C4C[C@H](CC[C@]4(C)[C@H]3CC[C@]12C)O	3beta-Hydroxy-5-cholenoic acid					CHEBI:89234	CHEBI:89234	CHEBI:89234	CHEBI:89234										CHEBI:89234							CHEBI:89234						CHEBI:35341	R-HSA-196071	1
1-linolenoyl-GPE (18:3)	RM0133424	C23H42NO7P	475.2699	Glycerophospholipids	Glycerophosphoethanolamines	LPE								LPE 18:3/0:0					CHEBI:145279	CHEBI:145279,CHEBI:145279	CHEBI:145279	CHEBI:145279										CHEBI:145279						CHEBI:145280	CHEBI:145279,CHEBI:145280						CHEBI:36314	R-HSA-1482788	1
phosphatidylcholine (15:0/18:1, 17:0/16:1, 16:0/17:1)	-	-	-	-	-	-	-		-	-		-	-	-																																	0
phenylacetylglutamine	RM0056200	C13H16N2O4	264.1110	Organic acids	Amino acids and peptides	Amino acids	92258	CHEBI:17884	HMDB0006344		C04148	JFLIEFSWGNOPJJ-JTQLQIEISA-N	c1ccc(cc1)CC(=O)N[C@@H](CCC(=O)N)C(=O)O	alpha-N-Phenylacetylglutamine			C04148	map00360	CHEBI:17884,CHEBI:25982,CHEBI:8087	CHEBI:17884,CHEBI:25982,CHEBI:8087	CHEBI:17884,CHEBI:25982,CHEBI:8087	CHEBI:8087,CHEBI:17884,CHEBI:25982	C04148,C05597	C04148,C05597	C04148,C05597	C04148,C05597			C04148	map00360	CHEBI:58310	CHEBI:8087,CHEBI:17884,CHEBI:25982,CHEBI:58310	C04148,C05597	CHEBI:58310	R-HSA-177162	C04148	map00360		CHEBI:8087,CHEBI:17884,CHEBI:25982,CHEBI:58310	C04148,C05597	CHEBI:58310	R-HSA-177162	C04148	map00360			0
isoleucylalanine	RM0131693	C9H18N2O3	202.1317	Organic acids	Amino acids and peptides	Dipeptides	7009577	CHEBI:74062	HMDB0028900			RCFDOSNHHZGBOY-ACZMJKKPSA-N	CC[C@H](C)[C@@H](C(=O)N[C@@H](C)C(=O)O)N	Ile-Ala					CHEBI:74062	CHEBI:74062	CHEBI:74062	CHEBI:74062										CHEBI:74062							CHEBI:74062						CHEBI:46761	R-HSA-427975	1
valylglycine	RM0137573	C7H14N2O3	174.1004	Organic acids	Amino acids and peptides	Dipeptides	6993111	CHEBI:73699	HMDB0029127			IOUPEELXVYPCPG-LURJTMIESA-N	CC(C)[C@@H](C(=O)NCC(=O)O)N	Val-Gly					CHEBI:73699	CHEBI:73699	CHEBI:73699	CHEBI:73699									CHEBI:133616	CHEBI:73699,CHEBI:133616							CHEBI:73699,CHEBI:133616						CHEBI:46761	R-HSA-427975	1
sphingomyelin (d18:1/22:2, d18:2/22:1, d16:1/24:2)	RM0134106	C45H87N2O6P	782.6302	Sphingolipids	Phosphosphingolipids	SM								SM 40:3;O2																																	0
glycosyl-N-palmitoyl-sphingosine (d18:1/16:0)	RM0134064	C40H77NO8	699.5649	Sphingolipids	Glycosphingolipids	HexCer								HexCer 18:1;O2/16:0																																	0
carnitine	RM0008606	C7H15NO3	161.1052	Organic nitrogen compounds	Carnitines	Carnitines	10917	CHEBI:16347	HMDB0000062		C00487	PHIQHXFUZVPYII-ZCFIWIBFSA-N	C[N+](C)(C)C[C@@H](CC(=O)[O-])O	Carnitine	CHEBI:16347	R-HSA-200425,R-HSA-389887,R-HSA-549127,R-HSA-5619053,R-HSA-71262	C00487	map01100,map00310,map02010	CHEBI:16347,CHEBI:17126,CHEBI:3424,CHEBI:39547	CHEBI:16347,CHEBI:17126,CHEBI:3424,CHEBI:39547	CHEBI:16347,CHEBI:17126,CHEBI:3424,CHEBI:39547	CHEBI:3424,CHEBI:16347,CHEBI:17126,CHEBI:39547	C00318,C00487	C00318,C00487	C00318,C00487	C00318,C00487	CHEBI:16347	R-HSA-200425,R-HSA-389887,R-HSA-549127,R-HSA-5619053,R-HSA-71262	C00318,C00487	map04976,map04714,map05415,map01100,map00310,map02010	CHEBI:11060,CHEBI:51453	CHEBI:3424,CHEBI:11060,CHEBI:16347,CHEBI:17126,CHEBI:39547,CHEBI:51453	C00318,C00487,C15025	CHEBI:16347	R-HSA-200425,R-HSA-389887,R-HSA-549127,R-HSA-5619053,R-HSA-71262	C00318,C00487	map04976,map04714,map05415,map01100,map00310,map02010	CHEBI:191945	CHEBI:3424,CHEBI:11060,CHEBI:16347,CHEBI:17126,CHEBI:39547,CHEBI:51453,CHEBI:191945	C00318,C00487,C15025	CHEBI:16347	R-HSA-200425,R-HSA-389887,R-HSA-549127,R-HSA-5619053,R-HSA-71262	C00318,C00487	map04976,map04714,map05415,map01100,map00310,map02010			0
O-sulfo-L-tyrosine	RM0132220	C9H11NO6S	261.0307	Organic acids	Amino acids and peptides	Amino acids	514186	CHEBI:46215	HMDB0155722			CIQHWLTYGMYQQR-QMMMGPOBSA-N	c1cc(ccc1C[C@@H](C(=O)O)N)OS(=O)(=O)O	Sulfotyrosine					CHEBI:46215	CHEBI:46215	CHEBI:46215	CHEBI:46215									CHEBI:133573	CHEBI:46215,CHEBI:133573							CHEBI:46215,CHEBI:133573								0
phenylacetylglutamate	RM0131609	C13H15NO5	265.0950	Organic acids	Amino acids and peptides	Amino acids	11579826	CHEBI:89860	HMDB0059772			PTSRBZOZSRJCKX-JTQLQIEISA-N	c1ccc(cc1)CC(=O)N[C@@H](CCC(=O)O)C(=O)O	N-Phenylacetylglutamic acid					CHEBI:89860	CHEBI:89860	CHEBI:89860	CHEBI:89860										CHEBI:89860							CHEBI:89860						CHEBI:33575	R-HSA-6809371	1
succinimide	RM0023067	C4H5NO2	99.0320	Alkaloids	Ornithine alkaloids	Pyrrolidine alkaloids	11439	CHEBI:9307	HMDB0240653		C07273	KZNICNPSHKQLFF-UHFFFAOYSA-N	C1CC(=O)NC1=O	Succinimide					CHEBI:9307,CHEBI:9307	CHEBI:9307,CHEBI:9307	CHEBI:9307,CHEBI:9307	CHEBI:9307	C07273	C07273	C07273	C07273						CHEBI:9307	C07273						CHEBI:9307	C07273							0
2-hydroxyhippurate (salicylurate)	RM0136008	C9H9NO4	195.0532	Benzenoids	Benzenes	Hydroxybenzoic acids	10253	CHEBI:9008	HMDB0000840		C07588	ONJSZLXSECQROL-UHFFFAOYSA-N	c1ccc(c(c1)C(=O)NCC(=O)O)O	Salicyluric acid	CHEBI:9008	R-HSA-177128,R-HSA-9749641			CHEBI:9008,CHEBI:9008	CHEBI:9008,CHEBI:9008	CHEBI:9008,CHEBI:9008	CHEBI:9008	C07588	C07588	C07588	C07588	CHEBI:9008	R-HSA-177128,R-HSA-9749641			CHEBI:132923	CHEBI:9008,CHEBI:132923	C07588	CHEBI:9008	R-HSA-177128,R-HSA-9749641				CHEBI:9008,CHEBI:132923	C07588	CHEBI:9008	R-HSA-177128,R-HSA-9749641					0
adenosine 3',5'-cyclic monophosphate (cAMP)	RM0135874	C10H12N5O6P	329.0525	Nucleic acids	Purines	Purine rNMP	6076	CHEBI:17489	HMDB0000058		C00575	IVOMOUWHDPKRLL-KQYNXXCUSA-N	C1[C@@H]2[C@H]([C@H]([C@H](n3cnc4c(N)ncnc34)O2)O)OP(=O)(O)O1	3',5' cyclic AMP			C00575	map01100,map00230,map04010,map04014,map04015,map04340,map04371,map04020,map04072,map04024,map04022,map04082,map04081,map04111,map04113,map04114,map04540,map05111,map02025,map02026,map04611,map04670,map04062,map04911,map04910,map04922,map04923,map04912,map04913,map04915,map04914,map04921,map04926,map04935,map04918,map04919,map04928,map04916,map04924,map04925,map04927,map04261,map04270,map04970,map04971,map04972,map04976,map04962,map04960,map04961,map04724,map04727,map04725,map04728,map04726,map04720,map04723,map04740,map04742,map04750,map04361,map04211,map04213,map04710,map04713,map04714,map05200,map05207,map05166,map05165,map05110,map05133,map05146,map05142,map05012,map05020,map05030,map05031,map05032,map05034,map05414,map04934,map01522				CHEBI:17489	C00575	C00575	C00575	C00575			C00575	map01100,map00230,map04010,map04014,map04015,map04340,map04371,map04020,map04072,map04024,map04022,map04082,map04081,map04111,map04113,map04114,map04540,map05111,map02025,map02026,map04611,map04670,map04062,map04911,map04910,map04922,map04923,map04912,map04913,map04915,map04914,map04921,map04926,map04935,map04918,map04919,map04928,map04916,map04924,map04925,map04927,map04261,map04270,map04970,map04971,map04972,map04976,map04962,map04960,map04961,map04724,map04727,map04725,map04728,map04726,map04720,map04723,map04740,map04742,map04750,map04361,map04211,map04213,map04710,map04713,map04714,map05200,map05207,map05166,map05165,map05110,map05133,map05146,map05142,map05012,map05020,map05030,map05031,map05032,map05034,map05414,map04934,map01522	CHEBI:58165	CHEBI:17489,CHEBI:58165	C00575	CHEBI:58165	R-HSA-111957,R-HSA-1296061,R-HSA-163615,R-HSA-164378,R-HSA-165160,R-HSA-170660,R-HSA-180024,R-HSA-381676,R-HSA-381676,R-HSA-381753,R-HSA-392517,R-HSA-418555,R-HSA-418555,R-HSA-418594,R-HSA-418597,R-HSA-422356,R-HSA-432040,R-HSA-442720,R-HSA-442720,R-HSA-5210891,R-HSA-5610787,R-HSA-70171,R-HSA-70268,R-HSA-9634597,R-HSA-9634597,R-HSA-9660821,R-HSA-9660821,R-HSA-9664323,R-HSA-9856530,R-HSA-9860927	C00575	map01100,map00230,map04010,map04014,map04015,map04340,map04371,map04020,map04072,map04024,map04022,map04082,map04081,map04111,map04113,map04114,map04540,map05111,map02025,map02026,map04611,map04670,map04062,map04911,map04910,map04922,map04923,map04912,map04913,map04915,map04914,map04921,map04926,map04935,map04918,map04919,map04928,map04916,map04924,map04925,map04927,map04261,map04270,map04970,map04971,map04972,map04976,map04962,map04960,map04961,map04724,map04727,map04725,map04728,map04726,map04720,map04723,map04740,map04742,map04750,map04361,map04211,map04213,map04710,map04713,map04714,map05200,map05207,map05166,map05165,map05110,map05133,map05146,map05142,map05012,map05020,map05030,map05031,map05032,map05034,map05414,map04934,map01522		CHEBI:17489,CHEBI:58165	C00575	CHEBI:58165	R-HSA-111957,R-HSA-1296061,R-HSA-163615,R-HSA-164378,R-HSA-165160,R-HSA-170660,R-HSA-180024,R-HSA-381676,R-HSA-381676,R-HSA-381753,R-HSA-392517,R-HSA-418555,R-HSA-418555,R-HSA-418594,R-HSA-418597,R-HSA-422356,R-HSA-432040,R-HSA-442720,R-HSA-442720,R-HSA-5210891,R-HSA-5610787,R-HSA-70171,R-HSA-70268,R-HSA-9634597,R-HSA-9634597,R-HSA-9660821,R-HSA-9660821,R-HSA-9664323,R-HSA-9856530,R-HSA-9860927	C00575	map01100,map00230,map04010,map04014,map04015,map04340,map04371,map04020,map04072,map04024,map04022,map04082,map04081,map04111,map04113,map04114,map04540,map05111,map02025,map02026,map04611,map04670,map04062,map04911,map04910,map04922,map04923,map04912,map04913,map04915,map04914,map04921,map04926,map04935,map04918,map04919,map04928,map04916,map04924,map04925,map04927,map04261,map04270,map04970,map04971,map04972,map04976,map04962,map04960,map04961,map04724,map04727,map04725,map04728,map04726,map04720,map04723,map04740,map04742,map04750,map04361,map04211,map04213,map04710,map04713,map04714,map05200,map05207,map05166,map05165,map05110,map05133,map05146,map05142,map05012,map05020,map05030,map05031,map05032,map05034,map05414,map04934,map01522			0
xanthine	RM0135930	C5H4N4O2	152.0334	Nucleic acids	Purines	Xanthines	1188	CHEBI:17712	HMDB0000292		C00385	LRFVTYWOQMYALW-UHFFFAOYSA-N	c1nc2c([nH]1)[nH]c(=O)[nH]c2=O	Xanthine	CHEBI:17712	R-HSA-74259	C00385	map01100,map01110,map01120,map01232,map00230,map00232,map01060,map01065	CHEBI:15318,CHEBI:17712,CHEBI:17712,CHEBI:17712,CHEBI:48517	CHEBI:15318,CHEBI:17712,CHEBI:17712,CHEBI:17712,CHEBI:48517	CHEBI:15318,CHEBI:17712,CHEBI:17712,CHEBI:17712,CHEBI:48517	CHEBI:15318,CHEBI:17712,CHEBI:48517	C00385	C00385	C00385	C00385	CHEBI:17712	R-HSA-74259	C00385	map01100,map01110,map01120,map01232,map00230,map00232,map01060,map01065		CHEBI:15318,CHEBI:17712,CHEBI:48517	C00385	CHEBI:17712	R-HSA-74259	C00385	map01100,map01110,map01120,map01232,map00230,map00232,map01060,map01065		CHEBI:15318,CHEBI:17712,CHEBI:48517	C00385	CHEBI:17712	R-HSA-74259	C00385	map01100,map01110,map01120,map01232,map00230,map00232,map01060,map01065			0
cysteine	RM0129784	C3H7NO2S	121.0198	Organic acids	Amino acids and peptides	Amino acids	5862	CHEBI:35235	HMDB0000574		C00097	XUJNEKJLAYXESH-REOHCLBHSA-N	C([C@@H](C(=O)O)N)S	Cysteine	CHEBI:35235	R-HSA-1362409,R-HSA-1614558,R-HSA-1614558,R-HSA-1614603,R-HSA-174403,R-HSA-196783,R-HSA-352230,R-HSA-379716,R-HSA-379726,R-HSA-442660,R-HSA-5578999,R-HSA-5619044,R-HSA-5619094,R-HSA-5659735,R-HSA-5662702,R-HSA-6787450,R-HSA-947581,R-HSA-9753281	C00097	map01100,map01110,map01120,map01200,map01230,map01240,map01320,map00920,map00260,map00270,map00430,map00460,map00470,map00480,map00730,map00770,map00670,map00311,map01060,map00970,map04122,map04216,map04974,map05230	CHEBI:15356,CHEBI:15356,CHEBI:17561	CHEBI:15356,CHEBI:15356,CHEBI:17561	CHEBI:15356,CHEBI:15356,CHEBI:17561	CHEBI:15356,CHEBI:17561,CHEBI:35235	C00097,C00736	C00097,C00736	C00097,C00736	C00097,C00736	CHEBI:35235	R-HSA-1362409,R-HSA-1614558,R-HSA-1614558,R-HSA-1614603,R-HSA-174403,R-HSA-196783,R-HSA-352230,R-HSA-379716,R-HSA-379726,R-HSA-442660,R-HSA-5578999,R-HSA-5619044,R-HSA-5619094,R-HSA-5659735,R-HSA-5662702,R-HSA-6787450,R-HSA-947581,R-HSA-9753281	C00097	map01100,map01110,map01120,map01200,map01230,map01240,map01320,map00920,map00260,map00270,map00430,map00460,map00470,map00480,map00730,map00770,map00670,map00311,map01060,map00970,map04122,map04216,map04974,map05230	CHEBI:16375,CHEBI:32442,CHEBI:32443,CHEBI:32445,CHEBI:32449,CHEBI:32450,CHEBI:32451,CHEBI:32456,CHEBI:32457,CHEBI:32458,CHEBI:35236,CHEBI:35237	CHEBI:15356,CHEBI:16375,CHEBI:17561,CHEBI:32442,CHEBI:32443,CHEBI:32445,CHEBI:32449,CHEBI:32450,CHEBI:32451,CHEBI:32456,CHEBI:32457,CHEBI:32458,CHEBI:35235,CHEBI:35236,CHEBI:35237	C00097,C00736,C00793	CHEBI:35235	R-HSA-1362409,R-HSA-1614558,R-HSA-1614558,R-HSA-1614603,R-HSA-174403,R-HSA-196783,R-HSA-352230,R-HSA-379716,R-HSA-379726,R-HSA-442660,R-HSA-5578999,R-HSA-5619044,R-HSA-5619094,R-HSA-5659735,R-HSA-5662702,R-HSA-6787450,R-HSA-947581,R-HSA-9753281	C00097,C00793	map01100,map01110,map01120,map01200,map01230,map01240,map01320,map00920,map00260,map00270,map00430,map00460,map00470,map00480,map00730,map00770,map00670,map00311,map01060,map00970,map04122,map04216,map04974,map05230,map01100,map00270,map00470		CHEBI:15356,CHEBI:16375,CHEBI:17561,CHEBI:32442,CHEBI:32443,CHEBI:32445,CHEBI:32449,CHEBI:32450,CHEBI:32451,CHEBI:32456,CHEBI:32457,CHEBI:32458,CHEBI:35235,CHEBI:35236,CHEBI:35237	C00097,C00736,C00793	CHEBI:35235	R-HSA-1362409,R-HSA-1614558,R-HSA-1614558,R-HSA-1614603,R-HSA-174403,R-HSA-196783,R-HSA-352230,R-HSA-379716,R-HSA-379726,R-HSA-442660,R-HSA-5578999,R-HSA-5619044,R-HSA-5619094,R-HSA-5659735,R-HSA-5662702,R-HSA-6787450,R-HSA-947581,R-HSA-9753281	C00097,C00793	map01100,map01110,map01120,map01200,map01230,map01240,map01320,map00920,map00260,map00270,map00430,map00460,map00470,map00480,map00730,map00770,map00670,map00311,map01060,map00970,map04122,map04216,map04974,map05230,map01100,map00270,map00470			0
tiglylcarnitine (C5:1-DC)	RM0154128	C12H19NO6	273.1212	Fatty Acyls	Fatty esters	Acyl carnitines								CAR DC5:1																																	0
caffeine	RM0032992	C8H10N4O2	194.0804	Nucleic acids	Purines	Xanthines	2519	CHEBI:27732	HMDB0001847		C07481	RYYVLZVUVIJVGH-UHFFFAOYSA-N	Cn1cnc2c1c(=O)n(C)c(=O)n2C	Caffeine	CHEBI:27732	R-HSA-211957,R-HSA-418594,R-HSA-420499,R-HSA-9717207,R-HSA-9717207	C07481	map01100,map01110,map01120,map00232,map01060,map01065	CHEBI:27732,CHEBI:27732,CHEBI:27732	CHEBI:27732,CHEBI:27732,CHEBI:27732	CHEBI:27732,CHEBI:27732,CHEBI:27732	CHEBI:27732	C07481	C07481	C07481	C07481	CHEBI:27732	R-HSA-211957,R-HSA-418594,R-HSA-420499,R-HSA-9717207,R-HSA-9717207	C07481	map01100,map01110,map01120,map00232,map01060,map01065		CHEBI:27732	C07481	CHEBI:27732	R-HSA-211957,R-HSA-418594,R-HSA-420499,R-HSA-9717207,R-HSA-9717207	C07481	map01100,map01110,map01120,map00232,map01060,map01065		CHEBI:27732	C07481	CHEBI:27732	R-HSA-211957,R-HSA-418594,R-HSA-420499,R-HSA-9717207,R-HSA-9717207	C07481	map01100,map01110,map01120,map00232,map01060,map01065			0
N-acetylglycine	RM0135964	C4H7NO3	117.0426	Organic acids	Amino acids and peptides	Amino acids	10972	CHEBI:40410	HMDB0000532			OKJIRPAQVSHGFK-UHFFFAOYSA-N	CC(=O)NCC(=O)O	N-Acetylglycine					CHEBI:40410,CHEBI:61887	CHEBI:40410,CHEBI:61887	CHEBI:40410,CHEBI:61887	CHEBI:40410,CHEBI:61887										CHEBI:40410,CHEBI:61887							CHEBI:40410,CHEBI:61887						CHEBI:25696,CHEBI:33575	R-HSA-382556,R-HSA-428643,R-HSA-5690338,R-HSA-6809371	4
pantothenate	RM0136730	C9H17NO5	219.1107	Organic acids	Amino acids and peptides	Amino acids	6613	CHEBI:46905	HMDB0000210	LMFA08020419		GHOKWGTUZJEAQD-ZETCQYMHSA-N	CC(C)(CO)[C@H](C(=O)NCCC(=O)O)O	Pantothenic acid					CHEBI:46905,CHEBI:7916,CHEBI:7916,CHEBI:16454,CHEBI:29032	CHEBI:46905,CHEBI:7916,CHEBI:7916,CHEBI:16454,CHEBI:29032	CHEBI:46905,CHEBI:7916,CHEBI:7916,CHEBI:16454,CHEBI:29032	CHEBI:7916,CHEBI:16454,CHEBI:29032,CHEBI:46905	C00864	C00864	C00864	C00864	CHEBI:29032	R-HSA-196783,R-HSA-199220,R-HSA-425397	C00864	map01100,map01110,map01240,map00410,map00770,map04977		CHEBI:7916,CHEBI:16454,CHEBI:29032,CHEBI:46905	C00864	CHEBI:29032	R-HSA-196783,R-HSA-199220,R-HSA-425397	C00864	map01100,map01110,map01240,map00410,map00770,map04977		CHEBI:7916,CHEBI:16454,CHEBI:29032,CHEBI:46905	C00864	CHEBI:29032	R-HSA-196783,R-HSA-199220,R-HSA-425397	C00864	map01100,map01110,map01240,map00410,map00770,map04977			0
ceramide (d16:1/24:1, d18:1/22:1)	-	-	-	-	-	-	-		-	-		-	-	-																																	0
2-palmitoyl-GPE (16:0)	RM0163368	C21H44NO7P	453.2855	Glycerophospholipids	Glycerophosphoethanolamines	LPE								LPE 0:0/16:0					CHEBI:132926	CHEBI:131743,CHEBI:132926	CHEBI:131743,CHEBI:132926	CHEBI:131743,CHEBI:132926										CHEBI:131743,CHEBI:132926							CHEBI:131743,CHEBI:132926						CHEBI:28936	R-HSA-1482839,R-HSA-1483152	2
ethyl beta-glucopyranoside	RM0188039	C8H16O6	208.0947	Carbohydrates	Monosaccharides	Hexoses	121667	CHEBI:168338	HMDB0029968			WYUFTYLVLQZQNH-JAJWTYFOSA-N	CCO[C@H]1[C@@H]([C@H]([C@@H]([C@@H](CO)O1)O)O)O	Ethyl glucoside								CHEBI:168338										CHEBI:168338							CHEBI:168338								0
N-palmitoylserine	RM0154259	C19H37NO4	343.2723	Fatty Acyls	Fatty amides	N-acyl amines	6453686	CHEBI:165558	HMDB0242111	LMFA08020101		BFVRFWIQTACAPT-KRWDZBQOSA-N	CCCCCCCCCCCCCCCC(=O)N[C@@H](CO)C(=O)O	NA-Ser 16:0								CHEBI:165558										CHEBI:165558							CHEBI:165558						CHEBI:33575	R-HSA-6809371	1
3-hydroxybutyrate (BHBA)	RM0153056	C4H8O3	104.0473	Fatty Acyls	Fatty acids	Hydroxy FA	441	CHEBI:20067	HMDB0000357	LMFA01050005	C01089	WHBMMWSBFZVSSR-UHFFFAOYSA-N	CC(CC(=O)O)O	3-Hydroxybutyric acid	CHEBI:20067	R-HSA-3296197,R-HSA-373076,R-HSA-418594	C01089	map01100,map00650,map04024	CHEBI:20067	CHEBI:20067	CHEBI:20067	CHEBI:20067	C01089	C01089	C01089	C01089	CHEBI:20067	R-HSA-3296197,R-HSA-373076,R-HSA-418594	C01089	map01100,map00650,map04024	CHEBI:37054	CHEBI:20067,CHEBI:37054	C01089	CHEBI:20067,CHEBI:37054	R-HSA-3296197,R-HSA-373076,R-HSA-418594,R-HSA-433692,R-HSA-5619070,R-HSA-9749641	C01089	map01100,map00650,map04024	CHEBI:10983,CHEBI:11047,CHEBI:17066,CHEBI:17290	CHEBI:10983,CHEBI:11047,CHEBI:17066,CHEBI:17290,CHEBI:20067,CHEBI:37054	C01089,C03197	CHEBI:10983,CHEBI:17066,CHEBI:20067,CHEBI:37054	R-HSA-77111,R-HSA-77108,R-HSA-77111,R-HSA-3296197,R-HSA-373076,R-HSA-418594,R-HSA-433692,R-HSA-5619070,R-HSA-9749641	C01089	map01100,map00650,map04024			0
sphingomyelin (d18:0/18:0, d19:0/17:0)	RM0134098	C41H85N2O6P	732.6145	Sphingolipids	Phosphosphingolipids	SM								SM 36:0;O2																																	0
branched-chain fatty acid 18:0	-	-	-	-	-	-	-		-	-		-	-	-																																	0
trans-2-hexenoylglycine	RM0224260	C8H13NO3	171.0895	Fatty Acyls	Fatty amides	N-acyl amines	49797858					AAPHATPOQGNLOZ-SNAWJCMRSA-N	CCC/C=C/C(=O)NCC(=O)O	NA-Gly 6:1(2E)					CHEBI:233941	CHEBI:233941	CHEBI:233941	CHEBI:233941										CHEBI:233941							CHEBI:233941						CHEBI:33575	R-HSA-6809371	1
xanthurenate	RM0032268	C10H7NO4	205.0375	Alkaloids	Anthranilic acid alkaloids	Acridone alkaloids	5699	CHEBI:10072	HMDB0000881		C02470	FBZONXHGGPHHIY-UHFFFAOYSA-N	c1cc2c(cc(C(=O)O)nc2c(c1)O)O	Xanthurenic acid			C02470	map00380	CHEBI:10072,CHEBI:71201	CHEBI:10072,CHEBI:71201	CHEBI:10072,CHEBI:71201	CHEBI:10072,CHEBI:71201	C02470	C02470	C02470	C02470			C02470	map00380		CHEBI:10072,CHEBI:71201	C02470			C02470	map00380		CHEBI:10072,CHEBI:71201	C02470			C02470	map00380	CHEBI:25696,CHEBI:33575	R-HSA-382556,R-HSA-428643,R-HSA-5690338,R-HSA-6809371	4
sulfate	RM0071714	O4S	95.9517	Inorganic compounds	Sulfur inorganic compounds	Sulfates	1117	CHEBI:16189	HMDB0001448			QAOWNCQODCNURD-UHFFFAOYSA-L	O=S(=O)([O-])[O-]	Sulfate	CHEBI:16189	R-HSA-1614517,R-HSA-174362,R-HSA-196071,R-HSA-2022857,R-HSA-2024096,R-HSA-2024101,R-HSA-3560792,R-HSA-3560796,R-HSA-427601,R-HSA-428643,R-HSA-433137,R-HSA-9840310			CHEBI:16189,CHEBI:16189	CHEBI:16189,CHEBI:16189	CHEBI:16189,CHEBI:16189	CHEBI:16189	C00059	C00059	C00059	C00059	CHEBI:16189	R-HSA-1614517,R-HSA-174362,R-HSA-196071,R-HSA-2022857,R-HSA-2024096,R-HSA-2024101,R-HSA-3560792,R-HSA-3560796,R-HSA-427601,R-HSA-428643,R-HSA-433137,R-HSA-9840310	C00059	map01100,map01110,map01120,map01320,map00920,map00230,map00270,map00261,map02010,map02024	CHEBI:26836,CHEBI:45696	CHEBI:16189,CHEBI:26836,CHEBI:45696	C00059	CHEBI:16189	R-HSA-1614517,R-HSA-174362,R-HSA-196071,R-HSA-2022857,R-HSA-2024096,R-HSA-2024101,R-HSA-3560792,R-HSA-3560796,R-HSA-427601,R-HSA-428643,R-HSA-433137,R-HSA-9840310	C00059	map01100,map01110,map01120,map01320,map00920,map00230,map00270,map00261,map02010,map02024		CHEBI:16189,CHEBI:26836,CHEBI:45696	C00059	CHEBI:16189	R-HSA-1614517,R-HSA-174362,R-HSA-196071,R-HSA-2022857,R-HSA-2024096,R-HSA-2024101,R-HSA-3560792,R-HSA-3560796,R-HSA-427601,R-HSA-428643,R-HSA-433137,R-HSA-9840310	C00059	map01100,map01110,map01120,map01320,map00920,map00230,map00270,map00261,map02010,map02024			0
1-stearoyl-2-oleoyl-GPC (18:0/18:1)	RM0015040	C44H86NO8P	787.6091	Glycerophospholipids	Glycerophosphocholines	PC								PC 18:0/18:1					CHEBI:84818,CHEBI:75034	CHEBI:60653,CHEBI:84818,CHEBI:84818,CHEBI:86109,CHEBI:89679,CHEBI:89681,CHEBI:89973,CHEBI:75034	CHEBI:84818,CHEBI:60653,CHEBI:86109,CHEBI:89679,CHEBI:89681,CHEBI:89973,CHEBI:75034	CHEBI:60653,CHEBI:75034,CHEBI:84818,CHEBI:86109,CHEBI:89679,CHEBI:89681,CHEBI:89973										CHEBI:60653,CHEBI:75034,CHEBI:84818,CHEBI:86109,CHEBI:89679,CHEBI:89681,CHEBI:89973						CHEBI:86111	CHEBI:60653,CHEBI:75034,CHEBI:84818,CHEBI:86109,CHEBI:86111,CHEBI:89679,CHEBI:89681,CHEBI:89973						CHEBI:36313,CHEBI:36916,CHEBI:57643	R-HSA-111995,R-HSA-1369062,R-HSA-1482788,R-HSA-1482798,R-HSA-1482839,R-HSA-1483101,R-HSA-1483148,R-HSA-1483166,R-HSA-1483191,R-HSA-1483196,R-HSA-1660661,R-HSA-2029485,R-HSA-2142753,R-HSA-382556,R-HSA-5678771,R-HSA-5683678,R-HSA-5683826,R-HSA-5688399,R-HSA-6811436,R-HSA-8964058,R-HSA-936837,R-HSA-9680350	22
gamma-glutamylglutamate	RM0043083	C10H16N2O7	276.0958	Organic acids	Amino acids and peptides	Dipeptides	92865	CHEBI:73705	HMDB0011737		C05282	OWQDWQKWSLFFFR-WDSKDSINSA-N	C(CC(=O)N[C@@H](CCC(=O)O)C(=O)O)[C@@H](C(=O)O)N	gamma-Glu-Glu					CHEBI:73705	CHEBI:73705	CHEBI:73705	CHEBI:73705	C05282	C05282	C05282	C05282					CHEBI:133622	CHEBI:73705,CHEBI:133622	C05282						CHEBI:73705,CHEBI:133622	C05282					CHEBI:46761	R-HSA-427975	1
indoleacetylglutamine	RM0131903	C15H17N3O4	303.1219	Organic acids	Amino acids and peptides	Amino acids	25200879	CHEBI:70811	HMDB0013240			DVJIJAYHBZALOJ-UHFFFAOYSA-N	c1ccc2c(c1)c(CC(=O)NC(CCC(=O)N)C(=O)O)c[nH]2	Indoleacetyl glutamine					CHEBI:176458	CHEBI:176458	CHEBI:176458	CHEBI:70811,CHEBI:176458									CHEBI:133730	CHEBI:70811,CHEBI:133730,CHEBI:176458							CHEBI:70811,CHEBI:133730,CHEBI:176458						CHEBI:33575	R-HSA-6809371	1
N1-Methyl-2-pyridone-5-carboxamide	RM0030027	C7H8N2O2	152.0586	Alkaloids	Pyridine alkaloids	Nicotinic acid alkaloids	69698	CHEBI:27410	HMDB0004193		C05842	JLQSXXWTCJPCBC-UHFFFAOYSA-N	Cn1cc(ccc1=O)C(=O)N	N1-Methyl-2-pyridone-5-carboxamide			C05842	map01100,map00760				CHEBI:27410	C05842	C05842	C05842	C05842			C05842	map01100,map00760		CHEBI:27410	C05842			C05842	map01100,map00760	CHEBI:145118	CHEBI:27410,CHEBI:145118	C05842			C05842	map01100,map00760			0
methyl indole-3-acetate	RM0136624	C11H11NO2	189.0790	Alkaloids	Tryptophan alkaloids	Indoleacetic acids	74706	CHEBI:72782	HMDB0029738			KTHADMDGDNYQRX-UHFFFAOYSA-N	COC(=O)Cc1c[nH]c2ccccc12	Indole-3-methyl acetate								CHEBI:72782										CHEBI:72782							CHEBI:72782								0
maltotriose	RM0136091	C18H32O16	504.1690	Carbohydrates	Oligosaccharides	Oligosaccharides	439586	CHEBI:140999	HMDB0001262		C01835	FYGDTMLNYKFZSV-DZOUCCHMSA-N	C([C@@H]1[C@H]([C@@H]([C@H]([C@H](O1)O[C@@H]1[C@@H](CO)O[C@@H]([C@@H]([C@H]1O)O)O[C@@H]1[C@@H](CO)OC([C@@H]([C@H]1O)O)O)O)O)O)O	Maltotriose			C01835	map02010,map04973	CHEBI:140999,CHEBI:27931,CHEBI:27931,CHEBI:61993	CHEBI:140999,CHEBI:27931,CHEBI:27931,CHEBI:61993	CHEBI:140999,CHEBI:27931,CHEBI:27931,CHEBI:61993	CHEBI:27931,CHEBI:61993,CHEBI:140999	C01835	C01835	C01835	C01835	CHEBI:27931	R-HSA-189085,R-HSA-5659898	C01835	map02010,map04973		CHEBI:27931,CHEBI:61993,CHEBI:140999	C01835	CHEBI:27931	R-HSA-189085,R-HSA-5659898	C01835	map02010,map04973		CHEBI:27931,CHEBI:61993,CHEBI:140999	C01835	CHEBI:27931	R-HSA-189085,R-HSA-5659898	C01835	map02010,map04973			0
1-margaroyl-2-oleoyl-GPC (17:0/18:1)	RM0162037	C43H84NO8P	773.5935	Glycerophospholipids	Glycerophosphocholines	PC								PC 17:0/18:1						CHEBI:133624,CHEBI:134646	CHEBI:133624,CHEBI:134646	CHEBI:133624,CHEBI:134646										CHEBI:133624,CHEBI:134646							CHEBI:133624,CHEBI:134646						CHEBI:57643	R-HSA-111995,R-HSA-1369062,R-HSA-1482788,R-HSA-1482798,R-HSA-1482839,R-HSA-1483101,R-HSA-1483148,R-HSA-1483166,R-HSA-1483191,R-HSA-1483196,R-HSA-1660661,R-HSA-2029485,R-HSA-2142753,R-HSA-382556,R-HSA-5678771,R-HSA-5683678,R-HSA-5683826,R-HSA-5688399,R-HSA-6811436,R-HSA-8964058,R-HSA-9680350	21
glycerophosphoethanolamine	RM0157553	C5H14NO6P	215.0559	Organic acids	Organic phosphoric acids	Organic phosphoric acids	444183	CHEBI:143890	HMDB0000114		C01233	JZNWSCPGTDBMEW-RXMQYKEDSA-N	C(COP(=O)(O)OC[C@@H](CO)O)N	sn-Glycero-3-phosphoethanolamine			C01233	map01100,map00564,map00565	CHEBI:143890,CHEBI:16929,CHEBI:16929,CHEBI:36314	CHEBI:143890,CHEBI:16929,CHEBI:16929,CHEBI:36314	CHEBI:143890,CHEBI:16929,CHEBI:16929,CHEBI:36314	CHEBI:16929,CHEBI:36314,CHEBI:143890	C01233	C01233	C01233	C01233	CHEBI:16929,CHEBI:36314	R-HSA-1483152,R-HSA-1483152,R-HSA-1482788	C01233	map01100,map00564,map00565	CHEBI:57952	CHEBI:16929,CHEBI:36314,CHEBI:57952,CHEBI:143890	C01233	CHEBI:16929,CHEBI:36314	R-HSA-1483152,R-HSA-1483152,R-HSA-1482788	C01233	map01100,map00564,map00565	CHEBI:18244,CHEBI:64574,CHEBI:67274,CHEBI:68488,CHEBI:68520,CHEBI:76168,CHEBI:77611,CHEBI:138319,CHEBI:138320,CHEBI:145247,CHEBI:145255,CHEBI:145264,CHEBI:145293,CHEBI:156010,CHEBI:156011,CHEBI:156012,CHEBI:156013,CHEBI:156015,CHEBI:156017,CHEBI:156018,CHEBI:156019,CHEBI:156021,CHEBI:156022,CHEBI:156023,CHEBI:156024,CHEBI:156025,CHEBI:156027	CHEBI:16929,CHEBI:18244,CHEBI:36314,CHEBI:57952,CHEBI:64574,CHEBI:67274,CHEBI:68488,CHEBI:68520,CHEBI:76168,CHEBI:77611,CHEBI:138319,CHEBI:138320,CHEBI:143890,CHEBI:145247,CHEBI:145255,CHEBI:145264,CHEBI:145293,CHEBI:156010,CHEBI:156011,CHEBI:156012,CHEBI:156013,CHEBI:156015,CHEBI:156017,CHEBI:156018,CHEBI:156019,CHEBI:156021,CHEBI:156022,CHEBI:156023,CHEBI:156024,CHEBI:156025,CHEBI:156027	C01233,C04476	CHEBI:16929,CHEBI:36314	R-HSA-1483152,R-HSA-1483152,R-HSA-1482788	C01233	map01100,map00564,map00565			0
oleoylcholine	RM0059536	C23H46NO2	368.3529	Organic nitrogen compounds	Cholines	Acyl cholines	59040790	CHEBI:133693	HMDB0240596			PVXGXBXEHLTWOE-SEYXRHQNSA-N	CCCCCCCC/C=C\CCCCCCCC(=O)OCC[N+](C)(C)C	Oleoylcholine					CHEBI:133693	CHEBI:133693	CHEBI:133693	CHEBI:133693										CHEBI:133693							CHEBI:133693						CHEBI:36916	R-HSA-936837	1
gamma-glutamyltryptophan	RM0139153	C16H19N3O5	333.1325	Organic acids	Amino acids and peptides	Dipeptides	3989307	CHEBI:133028	HMDB0252908			CATMPQFFVNKDEY-UHFFFAOYSA-N	c1ccc2c(c1)c(CC(C(=O)O)NC(=O)CCC(C(=O)O)N)c[nH]2	gamma-Glutamyltryptophan					CHEBI:133028,CHEBI:133030	CHEBI:133028,CHEBI:133030	CHEBI:133028,CHEBI:133030	CHEBI:133028,CHEBI:133030										CHEBI:133028,CHEBI:133030							CHEBI:133028,CHEBI:133030						CHEBI:25696,CHEBI:46761	R-HSA-382556,R-HSA-427975,R-HSA-428643,R-HSA-5690338	4
2-oleoyl-GPE (18:1)	RM0048674	C23H46NO7P	479.3012	Glycerophospholipids	Glycerophosphoethanolamines	LPE								LPE 0:0/18:1					CHEBI:145252	CHEBI:145252,CHEBI:145252,CHEBI:76231	CHEBI:145252,CHEBI:76231	CHEBI:76231,CHEBI:145252									CHEBI:76088	CHEBI:76088,CHEBI:76231,CHEBI:145252						CHEBI:145254	CHEBI:76088,CHEBI:76231,CHEBI:145252,CHEBI:145254						CHEBI:28936,CHEBI:36314	R-HSA-1482788,R-HSA-1482839,R-HSA-1483152	3
1-palmitoyl-2-arachidonoyl-GPI (16:0/20:4)	RM0134511	C45H79O13P	858.5258	Glycerophospholipids	Glycerophosphoinositols	PI								PI 16:0/20:4					CHEBI:72834	CHEBI:88415,CHEBI:73209,CHEBI:90430,CHEBI:72834	CHEBI:88415,CHEBI:73209,CHEBI:90430,CHEBI:72834	CHEBI:72834,CHEBI:73209,CHEBI:88415,CHEBI:90430										CHEBI:72834,CHEBI:73209,CHEBI:88415,CHEBI:90430							CHEBI:72834,CHEBI:73209,CHEBI:88415,CHEBI:90430						CHEBI:28874,CHEBI:57880	R-HSA-1482922,R-HSA-1483196,R-HSA-1483226,R-HSA-1483248,R-HSA-162710,R-HSA-163125,R-HSA-1632852,R-HSA-1660499,R-HSA-1660514,R-HSA-1660516,R-HSA-1660517,R-HSA-198933,R-HSA-2046106,R-HSA-3000471,R-HSA-3000480,R-HSA-5668599,R-HSA-9636383,R-HSA-9793528	18
1-stearoyl-2-linoleoyl-GPI (18:0/18:2)	RM0015044	C45H83O13P	862.5571	Glycerophospholipids	Glycerophosphoinositols	PI								PI 18:0/18:2						CHEBI:77343,CHEBI:90431	CHEBI:77343,CHEBI:90431	CHEBI:77343,CHEBI:90431									CHEBI:77158	CHEBI:77158,CHEBI:77343,CHEBI:90431							CHEBI:77158,CHEBI:77343,CHEBI:90431						CHEBI:28874	R-HSA-198933	1
dodecanedioate (C12-DC)	RM0153694	C12H22O4	230.1518	Fatty Acyls	Fatty acids	Dicarboxylic acids	12736	CHEBI:4676	HMDB0000623	LMFA01170009	C02678	TVIDDXQYHWJXFK-UHFFFAOYSA-N	C(CCCCCC(=O)O)CCCCC(=O)O	Dodecanedioic acid					CHEBI:4676,CHEBI:4676	CHEBI:4676,CHEBI:4676	CHEBI:4676,CHEBI:4676	CHEBI:4676	C02678	C02678	C02678	C02678					CHEBI:76273	CHEBI:4676,CHEBI:76273	C02678						CHEBI:4676,CHEBI:76273	C02678					CHEBI:18059,CHEBI:33575	R-HSA-1222556,R-HSA-1369062,R-HSA-5682294,R-HSA-6809371,R-HSA-804914,R-HSA-8941413	6
vanillylmandelate (VMA)	RM0002833	C9H10O5	198.0528	Organic acids	Phenylpropanoids	Cinnamic acids	736172	CHEBI:27622	HMDB0000291		C05584	CGQCWMIAEPEHNQ-QMMMGPOBSA-N	COc1cc(ccc1O)[C@@H](C(=O)O)O	Vanillylmandelic acid			C05584	map01100,map00350	CHEBI:20106,CHEBI:20106	CHEBI:20106,CHEBI:20106	CHEBI:20106,CHEBI:20106	CHEBI:20106,CHEBI:27622	C05584	C05584	C05584	C05584			C05584	map01100,map00350		CHEBI:20106,CHEBI:27622	C05584			C05584	map01100,map00350		CHEBI:20106,CHEBI:27622	C05584			C05584	map01100,map00350	CHEBI:25696,CHEBI:33575	R-HSA-382556,R-HSA-428643,R-HSA-5690338,R-HSA-6809371	4
octadecadienedioate (C18:2-DC)	RM0153696	C18H34O4	314.2457	Fatty Acyls	Fatty acids	Dicarboxylic acids	70095	CHEBI:133086	HMDB0000782	LMFA01170029		BNJOQKFENDDGSC-UHFFFAOYSA-N	C(CCCCCCCCC(=O)O)CCCCCCCC(=O)O	Octadecanedioic acid					CHEBI:133086	CHEBI:133086	CHEBI:133086	CHEBI:133086									CHEBI:133087	CHEBI:133086,CHEBI:133087							CHEBI:133086,CHEBI:133087						CHEBI:33575	R-HSA-6809371	1
thyroxine	RM0135922	C15H11I4NO4	776.6867	Organic acids	Amino acids and peptides	Amino acids	5819	CHEBI:18332	HMDB0000248		C01829	XUIIKFGFIJCVMT-LBPRGKRZSA-N	c1c(cc(c(c1I)Oc1cc(c(c(c1)I)O)I)I)C[C@@H](C(=O)O)N	Thyroxine			C01829	map01100,map00350,map04080,map04081,map04918,map04919,map04976,map05320	CHEBI:305790,CHEBI:30660	CHEBI:305790,CHEBI:30660	CHEBI:305790,CHEBI:30660	CHEBI:18332,CHEBI:30660,CHEBI:305790	C01829	C01829	C01829	C01829			C01829	map01100,map00350,map04080,map04081,map04918,map04919,map04976,map05320	CHEBI:30659,CHEBI:58448,CHEBI:60302	CHEBI:18332,CHEBI:30659,CHEBI:30660,CHEBI:58448,CHEBI:60302,CHEBI:305790	C01829	CHEBI:58448	R-HSA-209968,R-HSA-350864,R-HSA-879518	C01829	map01100,map00350,map04080,map04081,map04918,map04919,map04976,map05320		CHEBI:18332,CHEBI:30659,CHEBI:30660,CHEBI:58448,CHEBI:60302,CHEBI:305790	C01829	CHEBI:58448	R-HSA-209968,R-HSA-350864,R-HSA-879518	C01829	map01100,map00350,map04080,map04081,map04918,map04919,map04976,map05320			0
arachidate (20:0)	RM0137828	C20H40O2	312.3028	Fatty Acyls	Fatty acids	Saturated FA	10467	CHEBI:28822	HMDB0002212	LMFA01010020	C06425	VKOBVWXKNCXXDE-UHFFFAOYSA-N	CCCCCCCCCCCCCCCCCCCC(=O)O	Arachidic acid	CHEBI:28822	R-HSA-5619108,R-HSA-804914	C06425	map01040	CHEBI:28822,CHEBI:28822	CHEBI:28822,CHEBI:28822	CHEBI:28822,CHEBI:28822	CHEBI:28822	C06425	C06425	C06425	C06425	CHEBI:28822	R-HSA-5619108,R-HSA-804914	C06425	map01040	CHEBI:32360	CHEBI:28822,CHEBI:32360	C06425	CHEBI:28822	R-HSA-5619108,R-HSA-804914	C06425	map01040		CHEBI:28822,CHEBI:32360	C06425	CHEBI:28822	R-HSA-5619108,R-HSA-804914	C06425	map01040			0
pregnenolone sulfate	RM0138917	C21H32O5S	396.1970	Sterol Lipids	Steroids	C21 Steroids	105074	CHEBI:35420	HMDB0060382	LMST05020014	C18044	DIJBBUIOWGGQOP-QGVNFLHTSA-N	CC(=O)[C@H]1CC[C@H]2[C@@H]3CC=C4C[C@H](CC[C@]4(C)[C@H]3CC[C@]12C)OS(=O)(=O)O	Pregnenolone sulfate	CHEBI:35420	R-HSA-156584	C18044	map01100,map00140	CHEBI:133000,CHEBI:35420,CHEBI:35420	CHEBI:133000,CHEBI:35420,CHEBI:35420	CHEBI:133000,CHEBI:35420,CHEBI:35420	CHEBI:35420,CHEBI:133000	C18044	C18044	C18044	C18044	CHEBI:35420	R-HSA-156584	C18044	map01100,map00140		CHEBI:35420,CHEBI:133000	C18044	CHEBI:35420	R-HSA-156584	C18044	map01100,map00140		CHEBI:35420,CHEBI:133000	C18044	CHEBI:35420	R-HSA-156584	C18044	map01100,map00140			0
2-stearoyl-GPE (18:0)	RM0163370	C23H48NO7P	481.3168	Glycerophospholipids	Glycerophosphoethanolamines	LPE								LPE 0:0/18:0					CHEBI:133144	CHEBI:133145,CHEBI:133144	CHEBI:133145,CHEBI:133144	CHEBI:133144,CHEBI:133145										CHEBI:133144,CHEBI:133145							CHEBI:133144,CHEBI:133145						CHEBI:28936	R-HSA-1482839,R-HSA-1483152	2
1-palmitoyl-2-oleoyl-GPI (16:0/18:1)	RM0134524	C43H81O13P	836.5415	Glycerophospholipids	Glycerophosphoinositols	PI								PI 16:0/18:1					CHEBI:72837	CHEBI:136241,CHEBI:88392,CHEBI:72837,CHEBI:73215	CHEBI:136241,CHEBI:88392,CHEBI:72837,CHEBI:73215	CHEBI:72837,CHEBI:73215,CHEBI:88392,CHEBI:136241	C13888	C13888	C13888	C13888						CHEBI:72837,CHEBI:73215,CHEBI:88392,CHEBI:136241	C13888						CHEBI:72837,CHEBI:73215,CHEBI:88392,CHEBI:136241	C13888					CHEBI:28874,CHEBI:57880	R-HSA-1482922,R-HSA-1483196,R-HSA-1483226,R-HSA-1483248,R-HSA-162710,R-HSA-163125,R-HSA-1632852,R-HSA-1660499,R-HSA-1660514,R-HSA-1660516,R-HSA-1660517,R-HSA-198933,R-HSA-2046106,R-HSA-3000471,R-HSA-3000480,R-HSA-5668599,R-HSA-9636383,R-HSA-9793528	18
2-piperidinone	RM0016041	C5H9NO	99.0684	Organoheterocyclic compounds	Piperidines	Piperidinones	12665	CHEBI:77761	HMDB0011749			XUWHAWMETYGRKB-UHFFFAOYSA-N	C1CCNC(=O)C1	2-Piperidinone								CHEBI:77761										CHEBI:77761							CHEBI:77761								0
1-(1-enyl-stearoyl)-2-docosapentaenoyl-GPE (P-18:0/22:5n3)	-	-	-	-	-	-	-		-	-		-	-	-					CHEBI:234155	CHEBI:234155	CHEBI:234155	CHEBI:234155										CHEBI:234155							CHEBI:234155								0
sphingomyelin (d18:1/20:2, d18:2/20:1, d16:1/22:2)	-	-	-	-	-	-	-		-	-		-	-	-																																	0
1-linoleoyl-GPI (18:2)	RM0007321	C27H49O12P	596.2962	Glycerophospholipids	Glycerophosphoinositols	LPI								LPI 18:2/0:0					CHEBI:133077,CHEBI:133080	CHEBI:133077,CHEBI:133080	CHEBI:133077,CHEBI:133080	CHEBI:133077,CHEBI:133080										CHEBI:133077,CHEBI:133080							CHEBI:133077,CHEBI:133080						CHEBI:28914,CHEBI:62643	R-HSA-1461957,R-HSA-1462054,R-HSA-1482922,R-HSA-6803157	4
5alpha-pregnan-3beta,20alpha-diol disulfate	RM0125928	C21H36O8S2	480.1852	Sterol Lipids	Steroids	C21 Steroids	118703093		HMDB0094650			LSQGWMYMIHQKSA-VMWJTCBOSA-N	C[C@H](C1CC[C@H]2[C@@H]3CC[C@H]4C[C@@H](CC[C@]4(C)[C@H]3CC[C@]12C)OS(=O)(=O)O)OS(=O)(=O)O	5alpha-Pregnan-3beta,20alpha-diol disulfate					CHEBI:133118	CHEBI:133118	CHEBI:133118	CHEBI:133118									CHEBI:133119,CHEBI:133121	CHEBI:133118,CHEBI:133119,CHEBI:133121							CHEBI:133118,CHEBI:133119,CHEBI:133121						CHEBI:59696	R-HSA-196071	1
3,5-dichloro-2,6-dihydroxybenzoic acid	RM0158901	C7H4Cl2O4	221.9487	Benzenoids	Benzenes	Dichlorobenzoic acids	24721632		HMDB0242164			KLXACYSQYFWVLM-UHFFFAOYSA-N	c1c(c(c(c(c1Cl)O)C(=O)O)O)Cl	3,5-Dichloro-2,6-dihydroxybenzoic acid					CHEBI:233880	CHEBI:233880	CHEBI:233880	CHEBI:233880										CHEBI:233880							CHEBI:233880						CHEBI:33575	R-HSA-6809371	1
glutarylcarnitine (C5-DC)	RM0153962	C12H21NO6	275.1369	Fatty Acyls	Fatty esters	Acyl carnitines	71317118	CHEBI:165628	HMDB0013130	LMFA07070066		NXJAXUYOQLTISD-SECBINFHSA-N	C[N+](C)(C)C[C@H](CC(=O)[O-])OC(=O)CCCC(=O)O	CAR DC5:0						CHEBI:165628	CHEBI:165628	CHEBI:165628										CHEBI:165628							CHEBI:165628								0
corticosterone	RM0126032	C21H30O4	346.2144	Sterol Lipids	Steroids	C21 Steroids	5753	CHEBI:16827	HMDB0001547	LMST02030186	C02140	OMFXVFTZEKFJBZ-HJTSIMOOSA-N	C[C@]12CCC(=O)C=C1CC[C@H]1[C@@H]3CC[C@H](C(=O)CO)[C@@]3(C)C[C@@H]([C@H]21)O	Corticosterone	CHEBI:16827	R-HSA-193993,R-HSA-211976,R-HSA-3371497,R-HSA-4090294,R-HSA-5579009,R-HSA-8849473,R-HSA-8939902,R-HSA-9615017,R-HSA-9768777	C02140	map01100,map00140,map04923,map04925,map05020	CHEBI:16827,CHEBI:16827,CHEBI:16827	CHEBI:16827,CHEBI:16827,CHEBI:16827	CHEBI:16827,CHEBI:16827,CHEBI:16827	CHEBI:16827	C02140	C02140	C02140	C02140	CHEBI:16827	R-HSA-193993,R-HSA-211976,R-HSA-3371497,R-HSA-4090294,R-HSA-5579009,R-HSA-8849473,R-HSA-8939902,R-HSA-9615017,R-HSA-9768777	C02140	map01100,map00140,map04923,map04925,map05020		CHEBI:16827	C02140	CHEBI:16827	R-HSA-193993,R-HSA-211976,R-HSA-3371497,R-HSA-4090294,R-HSA-5579009,R-HSA-8849473,R-HSA-8939902,R-HSA-9615017,R-HSA-9768777	C02140	map01100,map00140,map04923,map04925,map05020		CHEBI:16827	C02140	CHEBI:16827	R-HSA-193993,R-HSA-211976,R-HSA-3371497,R-HSA-4090294,R-HSA-5579009,R-HSA-8849473,R-HSA-8939902,R-HSA-9615017,R-HSA-9768777	C02140	map01100,map00140,map04923,map04925,map05020			0
2-aminobutyrate	RM0162502	C4H9NO2	103.0633	Organic acids	Amino acids and peptides	Amino acids								2-Aminobutyric acid					CHEBI:35621	CHEBI:35621	CHEBI:35621	CHEBI:35621									CHEBI:86508	CHEBI:35621,CHEBI:86508						CHEBI:28340,CHEBI:28797,CHEBI:35619,CHEBI:74359	CHEBI:28340,CHEBI:28797,CHEBI:35619,CHEBI:35621,CHEBI:74359,CHEBI:86508	C02261,C02356			C02356	map01100,map01210,map00270	CHEBI:33575	R-HSA-6809371	1
glycoursodeoxycholic acid sulfate	-	-	-	-	-	-	-		-	-		-	-	-																																	0
betaine	RM0135869	C5H11NO2	117.0790	Organic acids	Amino acids and peptides	Amino acids	247	CHEBI:17750	HMDB0000043			KWIUHFFTVRNATP-UHFFFAOYSA-N	C[N+](C)(C)CC(=O)[O-]	Betaine	CHEBI:17750	R-HSA-1614635,R-HSA-352230,R-HSA-6798163,R-HSA-888593			CHEBI:17750	CHEBI:17750	CHEBI:17750	CHEBI:17750	C00719	C00719	C00719	C00719	CHEBI:17750	R-HSA-1614635,R-HSA-352230,R-HSA-6798163,R-HSA-888593	C00719	map01100,map00260,map00670,map02010,map04981	CHEBI:41139	CHEBI:17750,CHEBI:41139	C00719	CHEBI:17750	R-HSA-1614635,R-HSA-352230,R-HSA-6798163,R-HSA-888593	C00719	map01100,map00260,map00670,map02010,map04981		CHEBI:17750,CHEBI:41139	C00719	CHEBI:17750	R-HSA-1614635,R-HSA-352230,R-HSA-6798163,R-HSA-888593	C00719	map01100,map00260,map00670,map02010,map04981			0
1-arachidonoyl-GPE (20:4n6)	RM0134450	C25H44NO7P	501.2855	Glycerophospholipids	Glycerophosphoethanolamines	LPE								LPE 20:4/0:0						CHEBI:136143,CHEBI:64395	CHEBI:136143,CHEBI:64395	CHEBI:64395,CHEBI:136143										CHEBI:64395,CHEBI:136143							CHEBI:64395,CHEBI:136143						CHEBI:29017	R-HSA-1482798,R-HSA-1482839,R-HSA-1483152	3
dodecenedioate (C12:1-DC)	RM0153328	C12H20O4	228.1362	Fatty Acyls	Fatty acids	Dicarboxylic acids	5283028	CHEBI:545687	HMDB0000933	LMFA01170002	C16308	MAZWDMBCPDUFDJ-VQHVLOKHSA-N	C(CCCCCC(=O)O)CC/C=C/C(=O)O	Traumatic acid			C16308	map01110,map00592	CHEBI:545687	CHEBI:545687	CHEBI:545687	CHEBI:545687	C16308	C16308	C16308	C16308			C16308	map01110,map00592		CHEBI:545687	C16308			C16308	map01110,map00592		CHEBI:545687	C16308			C16308	map01110,map00592	CHEBI:33575	R-HSA-6809371	1
docosadienoate (22:2n6)	RM0153918	C22H40O2	336.3028	Fatty Acyls	Fatty acids	Unsaturated FA	5312554	CHEBI:75117	HMDB0061714	LMFA01030405	C16533	HVGRZDASOHMCSK-HZJYTTRNSA-N	CCCCC/C=C\C/C=C\CCCCCCCCCCCC(=O)O	13Z,16Z-Docosadienoic acid			C16533	map01040	CHEBI:75117,CHEBI:145970	CHEBI:75117,CHEBI:145970	CHEBI:75117,CHEBI:145970	CHEBI:75117,CHEBI:145970	C16533	C16533	C16533	C16533			C16533	map01040	CHEBI:77806	CHEBI:75117,CHEBI:77806,CHEBI:145970	C16533			C16533	map01040		CHEBI:75117,CHEBI:77806,CHEBI:145970	C16533			C16533	map01040	CHEBI:15904,CHEBI:35366	R-HSA-1369062,R-HSA-1482883,R-HSA-167826,R-HSA-192456,R-HSA-3000471,R-HSA-390247,R-HSA-422085,R-HSA-426048,R-HSA-5684045,R-HSA-6809371,R-HSA-6811436,R-HSA-77289,R-HSA-8963889,R-HSA-8963901,R-HSA-8964038,R-HSA-8964058,R-HSA-975634	17
